Workbook
Name 급식국: 급식_국!$C$2:$C$38
Name 급식밥: 급식_밥!$C$2:$C$13
Name 김치: 급식_반찬!$C$27:$C$28
Name 반찬1: 온라인_반찬!$C$122:$C$279
Name 반찬2: 온라인_반찬!$C$280:$C$376
Name 반찬3: 온라인_반찬!$C$361:$C$409
Name 반찬4: 온라인_반찬!$C$328:$C$473
Name 온라인국: 온라인_반찬!$C$2:$C$87

Sheet 식단표 (알레르기표기) (2)
A2: 요일 | B2: 월 | D2: 화 | F2: 수 | H2: 목 | J2: 금
A3: 날짜 | P3: 레몬크림탕수육
A4: 주차 | B4: 메뉴 | C4: 알레르기표기 | D4: 메뉴 | E4: 알레르기표기 | F4: 메뉴 | G4: 알레르기표기 | H4: 메뉴 | I4: 알레르기표기 | J4: 메뉴 | K4: 알레르기표기 | L4: 메뉴 | M4: 알레르기표기 | P4: 칠리탕수육
A5: 1주 | C5: =IFERROR(INDEX(온라인_반찬!$C$2:$I$587,MATCH($B5,온라인_반찬!$C$2:$C$587,0),7),"") | E5: =IFERROR(INDEX(온라인_반찬!$C$2:$I$587,MATCH($D5,온라인_반찬!$C$2:$C$587,0),7),"") | G5: =IFERROR(INDEX(온라인_반찬!$C$2:$I$587,MATCH($F5,온라인_반찬!$C$2:$C$587,0),7),"") | I5: =IFERROR(INDEX(온라인_반찬!$C$2:$I$587,MATCH($H5,온라인_반찬!$C$2:$C$587,0),7),"") | K5: =IFERROR(INDEX(온라인_반찬!$C$2:$I$587,MATCH($J5,온라인_반찬!$C$2:$C$587,0),7),"") | P5: 돈사태양념찜
C6: =IFERROR(INDEX(온라인_반찬!$C$2:$I$587,MATCH($B6,온라인_반찬!$C$2:$C$587,0),7),"") | E6: =IFERROR(INDEX(온라인_반찬!$C$2:$I$587,MATCH($D6,온라인_반찬!$C$2:$C$587,0),7),"") | G6: =IFERROR(INDEX(온라인_반찬!$C$2:$I$587,MATCH($F6,온라인_반찬!$C$2:$C$587,0),7),"") | I6: =IFERROR(INDEX(온라인_반찬!$C$2:$I$587,MATCH($H6,온라인_반찬!$C$2:$C$587,0),7),"") | K6: =IFERROR(INDEX(온라인_반찬!$C$2:$I$587,MATCH($J6,온라인_반찬!$C$2:$C$587,0),7),"") | P6: 등갈비찜
C7: =IFERROR(INDEX(온라인_반찬!$C$2:$I$587,MATCH($B7,온라인_반찬!$C$2:$C$587,0),7),"") | E7: =IFERROR(INDEX(온라인_반찬!$C$2:$I$587,MATCH($D7,온라인_반찬!$C$2:$C$587,0),7),"") | G7: =IFERROR(INDEX(온라인_반찬!$C$2:$I$587,MATCH($F7,온라인_반찬!$C$2:$C$587,0),7),"") | I7: =IFERROR(INDEX(온라인_반찬!$C$2:$I$587,MATCH($H7,온라인_반찬!$C$2:$C$587,0),7),"") | K7: =IFERROR(INDEX(온라인_반찬!$C$2:$I$587,MATCH($J7,온라인_반찬!$C$2:$C$587,0),7),"") | P7: 로제순살치킨떡볶이
C8: =IFERROR(INDEX(온라인_반찬!$C$2:$I$587,MATCH($B8,온라인_반찬!$C$2:$C$587,0),7),"") | E8: =IFERROR(INDEX(온라인_반찬!$C$2:$I$587,MATCH($D8,온라인_반찬!$C$2:$C$587,0),7),"") | G8: =IFERROR(INDEX(온라인_반찬!$C$2:$I$587,MATCH($F8,온라인_반찬!$C$2:$C$587,0),7),"") | I8: =IFERROR(INDEX(온라인_반찬!$C$2:$I$587,MATCH($H8,온라인_반찬!$C$2:$C$587,0),7),"") | K8: =IFERROR(INDEX(온라인_반찬!$C$2:$I$587,MATCH($J8,온라인_반찬!$C$2:$C$587,0),7),"") | P8: 양념치킨
C9: =IFERROR(INDEX(온라인_반찬!$C$2:$I$587,MATCH($B9,온라인_반찬!$C$2:$C$587,0),7),"") | E9: =IFERROR(INDEX(온라인_반찬!$C$2:$I$587,MATCH($D9,온라인_반찬!$C$2:$C$587,0),7),"") | G9: =IFERROR(INDEX(온라인_반찬!$C$2:$I$587,MATCH($F9,온라인_반찬!$C$2:$C$587,0),7),"") | I9: =IFERROR(INDEX(온라인_반찬!$C$2:$I$587,MATCH($H9,온라인_반찬!$C$2:$C$587,0),7),"") | K9: =IFERROR(INDEX(온라인_반찬!$C$2:$I$587,MATCH($J9,온라인_반찬!$C$2:$C$587,0),7),"") | P9: 프리미엄떡갈비
C10: =IFERROR(INDEX(온라인_반찬!$C$2:$I$587,MATCH($B10,온라인_반찬!$C$2:$C$587,0),7),"") | E10: =IFERROR(INDEX(온라인_반찬!$C$2:$I$587,MATCH($D10,온라인_반찬!$C$2:$C$587,0),7),"") | G10: =IFERROR(INDEX(온라인_반찬!$C$2:$I$587,MATCH($F10,온라인_반찬!$C$2:$C$587,0),7),"") | I10: =IFERROR(INDEX(온라인_반찬!$C$2:$I$587,MATCH($H10,온라인_반찬!$C$2:$C$587,0),7),"") | K10: =IFERROR(INDEX(온라인_반찬!$C$2:$I$587,MATCH($J10,온라인_반찬!$C$2:$C$587,0),7),"") | P10: 부채살채소찜
C11: =IFERROR(INDEX(온라인_반찬!$C$2:$I$587,MATCH($B11,온라인_반찬!$C$2:$C$587,0),7),"") | E11: =IFERROR(INDEX(온라인_반찬!$C$2:$I$587,MATCH($D11,온라인_반찬!$C$2:$C$587,0),7),"") | G11: =IFERROR(INDEX(온라인_반찬!$C$2:$I$587,MATCH($F11,온라인_반찬!$C$2:$C$587,0),7),"") | I11: =IFERROR(INDEX(온라인_반찬!$C$2:$I$587,MATCH($H11,온라인_반찬!$C$2:$C$587,0),7),"") | K11: =IFERROR(INDEX(온라인_반찬!$C$2:$I$587,MATCH($J11,온라인_반찬!$C$2:$C$587,0),7),"") | P11: 크리스피쌀핫도그
C12: =IFERROR(INDEX(온라인_반찬!$C$2:$I$587,MATCH($B12,온라인_반찬!$C$2:$C$587,0),7),"") | D12: 과일 | G12: =IFERROR(INDEX(온라인_반찬!$C$2:$I$587,MATCH($F12,온라인_반찬!$C$2:$C$587,0),7),"") | H12: 과일 | J12: 뿌링클치킨 | K12: =IFERROR(INDEX(온라인_반찬!$C$2:$I$587,MATCH($J12,온라인_반찬!$C$2:$C$587,0),7),"") -> .1.2.5.6.15. | P12: 국물떡볶이
A13: 날짜 | P13: 전복버터구이
A14: 주차 | B14: 메뉴 | C14: 알레르기표기 | D14: 메뉴 | E14: 알레르기표기 | F14: 메뉴 | G14: 알레르기표기 | H14: 메뉴 | I14: 알레르기표기 | J14: 메뉴 | K14: 알레르기표기 | L14: 메뉴 | M14: 알레르기표기 | N14: 메뉴 | O14: 알레르기표기 | P14: 목살소금구이
A15: 2주 | C15: =IFERROR(INDEX(온라인_반찬!$C$2:$I$587,MATCH($B15,온라인_반찬!$C$2:$C$587,0),7),"") | E15: =IFERROR(INDEX(온라인_반찬!$C$2:$I$587,MATCH($D15,온라인_반찬!$C$2:$C$587,0),7),"") | G15: =IFERROR(INDEX(온라인_반찬!$C$2:$I$587,MATCH($F15,온라인_반찬!$C$2:$C$587,0),7),"") | I15: =IFERROR(INDEX(온라인_반찬!$C$2:$I$587,MATCH($H15,온라인_반찬!$C$2:$C$587,0),7),"") | K15: =IFERROR(INDEX(온라인_반찬!$C$2:$I$587,MATCH($J15,온라인_반찬!$C$2:$C$587,0),7),"") | P15: 왕새우튀김
C16: =IFERROR(INDEX(온라인_반찬!$C$2:$I$587,MATCH($B16,온라인_반찬!$C$2:$C$587,0),7),"") | E16: =IFERROR(INDEX(온라인_반찬!$C$2:$I$587,MATCH($D16,온라인_반찬!$C$2:$C$587,0),7),"") | G16: =IFERROR(INDEX(온라인_반찬!$C$2:$I$587,MATCH($F16,온라인_반찬!$C$2:$C$587,0),7),"") | I16: =IFERROR(INDEX(온라인_반찬!$C$2:$I$587,MATCH($H16,온라인_반찬!$C$2:$C$587,0),7),"") | K16: =IFERROR(INDEX(온라인_반찬!$C$2:$I$587,MATCH($J16,온라인_반찬!$C$2:$C$587,0),7),"") | P16: 불고기피자
C17: =IFERROR(INDEX(온라인_반찬!$C$2:$I$587,MATCH($B17,온라인_반찬!$C$2:$C$587,0),7),"") | E17: =IFERROR(INDEX(온라인_반찬!$C$2:$I$587,MATCH($D17,온라인_반찬!$C$2:$C$587,0),7),"") | G17: =IFERROR(INDEX(온라인_반찬!$C$2:$I$587,MATCH($F17,온라인_반찬!$C$2:$C$587,0),7),"") | I17: =IFERROR(INDEX(온라인_반찬!$C$2:$I$587,MATCH($H17,온라인_반찬!$C$2:$C$587,0),7),"") | K17: =IFERROR(INDEX(온라인_반찬!$C$2:$I$587,MATCH($J17,온라인_반찬!$C$2:$C$587,0),7),"") | P17: 닭날개오븐구이
C18: =IFERROR(INDEX(온라인_반찬!$C$2:$I$587,MATCH($B18,온라인_반찬!$C$2:$C$587,0),7),"") | E18: =IFERROR(INDEX(온라인_반찬!$C$2:$I$587,MATCH($D18,온라인_반찬!$C$2:$C$587,0),7),"") | G18: =IFERROR(INDEX(온라인_반찬!$C$2:$I$587,MATCH($F18,온라인_반찬!$C$2:$C$587,0),7),"") | I18: =IFERROR(INDEX(온라인_반찬!$C$2:$I$587,MATCH($H18,온라인_반찬!$C$2:$C$587,0),7),"") | K18: =IFERROR(INDEX(온라인_반찬!$C$2:$I$587,MATCH($J18,온라인_반찬!$C$2:$C$587,0),7),"") | P18: 족발부추무침
C19: =IFERROR(INDEX(온라인_반찬!$C$2:$I$587,MATCH($B19,온라인_반찬!$C$2:$C$587,0),7),"") | E19: =IFERROR(INDEX(온라인_반찬!$C$2:$I$587,MATCH($D19,온라인_반찬!$C$2:$C$587,0),7),"") | G19: =IFERROR(INDEX(온라인_반찬!$C$2:$I$587,MATCH($F19,온라인_반찬!$C$2:$C$587,0),7),"") | I19: =IFERROR(INDEX(온라인_반찬!$C$2:$I$587,MATCH($H19,온라인_반찬!$C$2:$C$587,0),7),"") | K19: =IFERROR(INDEX(온라인_반찬!$C$2:$I$587,MATCH($J19,온라인_반찬!$C$2:$C$587,0),7),"") | P19: 비프찹스테이크
C20: =IFERROR(INDEX(온라인_반찬!$C$2:$I$587,MATCH($B20,온라인_반찬!$C$2:$C$587,0),7),"") | E20: =IFERROR(INDEX(온라인_반찬!$C$2:$I$587,MATCH($D20,온라인_반찬!$C$2:$C$587,0),7),"") | G20: =IFERROR(INDEX(온라인_반찬!$C$2:$I$587,MATCH($F20,온라인_반찬!$C$2:$C$587,0),7),"") | I20: =IFERROR(INDEX(온라인_반찬!$C$2:$I$587,MATCH($H20,온라인_반찬!$C$2:$C$587,0),7),"") | K20: =IFERROR(INDEX(온라인_반찬!$C$2:$I$587,MATCH($J20,온라인_반찬!$C$2:$C$587,0),7),"") | P20: 훈제닭다리살
C21: =IFERROR(INDEX(온라인_반찬!$C$2:$I$587,MATCH($B21,온라인_반찬!$C$2:$C$587,0),7),"") | E21: =IFERROR(INDEX(온라인_반찬!$C$2:$I$587,MATCH($D21,온라인_반찬!$C$2:$C$587,0),7),"") | G21: =IFERROR(INDEX(온라인_반찬!$C$2:$I$587,MATCH($F21,온라인_반찬!$C$2:$C$587,0),7),"") | I21: =IFERROR(INDEX(온라인_반찬!$C$2:$I$587,MATCH($H21,온라인_반찬!$C$2:$C$587,0),7),"") | K21: =IFERROR(INDEX(온라인_반찬!$C$2:$I$587,MATCH($J21,온라인_반찬!$C$2:$C$587,0),7),"") | P21: 돈육강정
B22: 훈제오리볶음 | C22: =IFERROR(INDEX(온라인_반찬!$C$2:$I$587,MATCH($B22,온라인_반찬!$C$2:$C$587,0),7),"") -> .1.5.6.10.18.21. | D22: 과일 | G22: =IFERROR(INDEX(온라인_반찬!$C$2:$I$587,MATCH($F22,온라인_반찬!$C$2:$C$587,0),7),"") | H22: 과일 | J22: 등갈비김치찜 | K22: =IFERROR(INDEX(온라인_반찬!$C$2:$I$587,MATCH($J22,온라인_반찬!$C$2:$C$587,0),7),"") -> .5.10.19.21. | P22: 뿌링클치킨
A23: 날짜 | P23: 훈제오리볶음
A24: 주차 | B24: 메뉴 | C24: 알레르기표기 | D24: 메뉴 | E24: 알레르기표기 | F24: 메뉴 | G24: 알레르기표기 | H24: 메뉴 | I24: 알레르기표기 | J24: 메뉴 | K24: 알레르기표기 | P24: 레몬크림새우
A25: 3주 | C25: =IFERROR(INDEX(온라인_반찬!$C$2:$I$587,MATCH($B25,온라인_반찬!$C$2:$C$587,0),7),"") | E25: =IFERROR(INDEX(온라인_반찬!$C$2:$I$587,MATCH($D25,온라인_반찬!$C$2:$C$587,0),7),"") | G25: =IFERROR(INDEX(온라인_반찬!$C$2:$I$587,MATCH($F25,온라인_반찬!$C$2:$C$587,0),7),"") | I25: =IFERROR(INDEX(온라인_반찬!$C$2:$I$587,MATCH($H25,온라인_반찬!$C$2:$C$587,0),7),"") | K25: =IFERROR(INDEX(온라인_반찬!$C$2:$I$587,MATCH($J25,온라인_반찬!$C$2:$C$587,0),7),"") | P25: 등갈비김치찜
C26: =IFERROR(INDEX(온라인_반찬!$C$2:$I$587,MATCH($B26,온라인_반찬!$C$2:$C$587,0),7),"") | E26: =IFERROR(INDEX(온라인_반찬!$C$2:$I$587,MATCH($D26,온라인_반찬!$C$2:$C$587,0),7),"") | G26: =IFERROR(INDEX(온라인_반찬!$C$2:$I$587,MATCH($F26,온라인_반찬!$C$2:$C$587,0),7),"") | I26: =IFERROR(INDEX(온라인_반찬!$C$2:$I$587,MATCH($H26,온라인_반찬!$C$2:$C$587,0),7),"") | K26: =IFERROR(INDEX(온라인_반찬!$C$2:$I$587,MATCH($J26,온라인_반찬!$C$2:$C$587,0),7),"") | P26: 우삼겹떡볶이
C27: =IFERROR(INDEX(온라인_반찬!$C$2:$I$587,MATCH($B27,온라인_반찬!$C$2:$C$587,0),7),"") | E27: =IFERROR(INDEX(온라인_반찬!$C$2:$I$587,MATCH($D27,온라인_반찬!$C$2:$C$587,0),7),"") | G27: =IFERROR(INDEX(온라인_반찬!$C$2:$I$587,MATCH($F27,온라인_반찬!$C$2:$C$587,0),7),"") | I27: =IFERROR(INDEX(온라인_반찬!$C$2:$I$587,MATCH($H27,온라인_반찬!$C$2:$C$587,0),7),"") | K27: =IFERROR(INDEX(온라인_반찬!$C$2:$I$587,MATCH($J27,온라인_반찬!$C$2:$C$587,0),7),"") | P27: 모짜렐라치즈볼
C28: =IFERROR(INDEX(온라인_반찬!$C$2:$I$587,MATCH($B28,온라인_반찬!$C$2:$C$587,0),7),"") | E28: =IFERROR(INDEX(온라인_반찬!$C$2:$I$587,MATCH($D28,온라인_반찬!$C$2:$C$587,0),7),"") | G28: =IFERROR(INDEX(온라인_반찬!$C$2:$I$587,MATCH($F28,온라인_반찬!$C$2:$C$587,0),7),"") | I28: =IFERROR(INDEX(온라인_반찬!$C$2:$I$587,MATCH($H28,온라인_반찬!$C$2:$C$587,0),7),"") | K28: =IFERROR(INDEX(온라인_반찬!$C$2:$I$587,MATCH($J28,온라인_반찬!$C$2:$C$587,0),7),"") | P28: 크로와상샌드위치
C29: =IFERROR(INDEX(온라인_반찬!$C$2:$I$587,MATCH($B29,온라인_반찬!$C$2:$C$587,0),7),"") | E29: =IFERROR(INDEX(온라인_반찬!$C$2:$I$587,MATCH($D29,온라인_반찬!$C$2:$C$587,0),7),"") | G29: =IFERROR(INDEX(온라인_반찬!$C$2:$I$587,MATCH($F29,온라인_반찬!$C$2:$C$587,0),7),"") | I29: =IFERROR(INDEX(온라인_반찬!$C$2:$I$587,MATCH($H29,온라인_반찬!$C$2:$C$587,0),7),"") | K29: =IFERROR(INDEX(온라인_반찬!$C$2:$I$587,MATCH($J29,온라인_반찬!$C$2:$C$587,0),7),"") | P29: 닭다리오븐구이
C30: =IFERROR(INDEX(온라인_반찬!$C$2:$I$587,MATCH($B30,온라인_반찬!$C$2:$C$587,0),7),"") | E30: =IFERROR(INDEX(온라인_반찬!$C$2:$I$587,MATCH($D30,온라인_반찬!$C$2:$C$587,0),7),"") | G30: =IFERROR(INDEX(온라인_반찬!$C$2:$I$587,MATCH($F30,온라인_반찬!$C$2:$C$587,0),7),"") | I30: =IFERROR(INDEX(온라인_반찬!$C$2:$I$587,MATCH($H30,온라인_반찬!$C$2:$C$587,0),7),"") | K30: =IFERROR(INDEX(온라인_반찬!$C$2:$I$587,MATCH($J30,온라인_반찬!$C$2:$C$587,0),7),"") | M30: 0 | P30: 새우감바스&바게트
C31: =IFERROR(INDEX(온라인_반찬!$C$2:$I$587,MATCH($B31,온라인_반찬!$C$2:$C$587,0),7),"") | E31: =IFERROR(INDEX(온라인_반찬!$C$2:$I$587,MATCH($D31,온라인_반찬!$C$2:$C$587,0),7),"") | G31: =IFERROR(INDEX(온라인_반찬!$C$2:$I$587,MATCH($F31,온라인_반찬!$C$2:$C$587,0),7),"") | I31: =IFERROR(INDEX(온라인_반찬!$C$2:$I$587,MATCH($H31,온라인_반찬!$C$2:$C$587,0),7),"") | K31: =IFERROR(INDEX(온라인_반찬!$C$2:$I$587,MATCH($J31,온라인_반찬!$C$2:$C$587,0),7),"") | P31: 삼겹살소금구이
B32: 우삼겹떡볶이 | C32: =IFERROR(INDEX(온라인_반찬!$C$2:$I$587,MATCH($B32,온라인_반찬!$C$2:$C$587,0),7),"") -> .1.5.6.10.16. | D32: 과일 | G32: =IFERROR(INDEX(온라인_반찬!$C$2:$I$587,MATCH($F32,온라인_반찬!$C$2:$C$587,0),7),"") | H32: 과일 | K32: =IFERROR(INDEX(온라인_반찬!$C$2:$I$587,MATCH($J32,온라인_반찬!$C$2:$C$587,0),7),"") | P32: 보쌈수육
A33: 날짜 | P33: 오리엔탈파닭
A34: 주차 | B34: 메뉴 | C34: 알레르기표기 | D34: 메뉴 | E34: 알레르기표기 | F34: 메뉴 | G34: 알레르기표기 | H34: 메뉴 | I34: 알레르기표기 | J34: 메뉴 | K34: 알레르기표기 | P34: 차돌숙주볶음
A35: 4주 | C35: =IFERROR(INDEX(온라인_반찬!$C$2:$I$587,MATCH($B35,온라인_반찬!$C$2:$C$587,0),7),"") | E35: =IFERROR(INDEX(온라인_반찬!$C$2:$I$587,MATCH($D35,온라인_반찬!$C$2:$C$587,0),7),"") | G35: =IFERROR(INDEX(온라인_반찬!$C$2:$I$587,MATCH($F35,온라인_반찬!$C$2:$C$587,0),7),"") | I35: =IFERROR(INDEX(온라인_반찬!$C$2:$I$587,MATCH($H35,온라인_반찬!$C$2:$C$587,0),7),"") | K35: =IFERROR(INDEX(온라인_반찬!$C$2:$I$587,MATCH($J35,온라인_반찬!$C$2:$C$587,0),7),"")
C36: =IFERROR(INDEX(온라인_반찬!$C$2:$I$587,MATCH($B36,온라인_반찬!$C$2:$C$587,0),7),"") | E36: =IFERROR(INDEX(온라인_반찬!$C$2:$I$587,MATCH($D36,온라인_반찬!$C$2:$C$587,0),7),"") | G36: =IFERROR(INDEX(온라인_반찬!$C$2:$I$587,MATCH($F36,온라인_반찬!$C$2:$C$587,0),7),"") | I36: =IFERROR(INDEX(온라인_반찬!$C$2:$I$587,MATCH($H36,온라인_반찬!$C$2:$C$587,0),7),"") | K36: =IFERROR(INDEX(온라인_반찬!$C$2:$I$587,MATCH($J36,온라인_반찬!$C$2:$C$587,0),7),"")
C37: =IFERROR(INDEX(온라인_반찬!$C$2:$I$587,MATCH($B37,온라인_반찬!$C$2:$C$587,0),7),"") | E37: =IFERROR(INDEX(온라인_반찬!$C$2:$I$587,MATCH($D37,온라인_반찬!$C$2:$C$587,0),7),"") | G37: =IFERROR(INDEX(온라인_반찬!$C$2:$I$587,MATCH($F37,온라인_반찬!$C$2:$C$587,0),7),"") | I37: =IFERROR(INDEX(온라인_반찬!$C$2:$I$587,MATCH($H37,온라인_반찬!$C$2:$C$587,0),7),"") | K37: =IFERROR(INDEX(온라인_반찬!$C$2:$I$587,MATCH($J37,온라인_반찬!$C$2:$C$587,0),7),"")
C38: =IFERROR(INDEX(온라인_반찬!$C$2:$I$587,MATCH($B38,온라인_반찬!$C$2:$C$587,0),7),"") | E38: =IFERROR(INDEX(온라인_반찬!$C$2:$I$587,MATCH($D38,온라인_반찬!$C$2:$C$587,0),7),"") | G38: =IFERROR(INDEX(온라인_반찬!$C$2:$I$587,MATCH($F38,온라인_반찬!$C$2:$C$587,0),7),"") | I38: =IFERROR(INDEX(온라인_반찬!$C$2:$I$587,MATCH($H38,온라인_반찬!$C$2:$C$587,0),7),"") | K38: =IFERROR(INDEX(온라인_반찬!$C$2:$I$587,MATCH($J38,온라인_반찬!$C$2:$C$587,0),7),"")
C39: =IFERROR(INDEX(온라인_반찬!$C$2:$I$587,MATCH($B39,온라인_반찬!$C$2:$C$587,0),7),"") | E39: =IFERROR(INDEX(온라인_반찬!$C$2:$I$587,MATCH($D39,온라인_반찬!$C$2:$C$587,0),7),"") | G39: =IFERROR(INDEX(온라인_반찬!$C$2:$I$587,MATCH($F39,온라인_반찬!$C$2:$C$587,0),7),"") | I39: =IFERROR(INDEX(온라인_반찬!$C$2:$I$587,MATCH($H39,온라인_반찬!$C$2:$C$587,0),7),"") | K39: =IFERROR(INDEX(온라인_반찬!$C$2:$I$587,MATCH($J39,온라인_반찬!$C$2:$C$587,0),7),"")
C40: =IFERROR(INDEX(온라인_반찬!$C$2:$I$587,MATCH($B40,온라인_반찬!$C$2:$C$587,0),7),"") | E40: =IFERROR(INDEX(온라인_반찬!$C$2:$I$587,MATCH($D40,온라인_반찬!$C$2:$C$587,0),7),"") | G40: =IFERROR(INDEX(온라인_반찬!$C$2:$I$587,MATCH($F40,온라인_반찬!$C$2:$C$587,0),7),"") | I40: =IFERROR(INDEX(온라인_반찬!$C$2:$I$587,MATCH($H40,온라인_반찬!$C$2:$C$587,0),7),"") | K40: =IFERROR(INDEX(온라인_반찬!$C$2:$I$587,MATCH($J40,온라인_반찬!$C$2:$C$587,0),7),"")
C41: =IFERROR(INDEX(온라인_반찬!$C$2:$I$587,MATCH($B41,온라인_반찬!$C$2:$C$587,0),7),"") | E41: =IFERROR(INDEX(온라인_반찬!$C$2:$I$587,MATCH($D41,온라인_반찬!$C$2:$C$587,0),7),"") | G41: =IFERROR(INDEX(온라인_반찬!$C$2:$I$587,MATCH($F41,온라인_반찬!$C$2:$C$587,0),7),"") | I41: =IFERROR(INDEX(온라인_반찬!$C$2:$I$587,MATCH($H41,온라인_반찬!$C$2:$C$587,0),7),"") | K41: =IFERROR(INDEX(온라인_반찬!$C$2:$I$587,MATCH($J41,온라인_반찬!$C$2:$C$587,0),7),"")
C42: =IFERROR(INDEX(온라인_반찬!$C$2:$I$587,MATCH($B42,온라인_반찬!$C$2:$C$587,0),7),"") | D42: 과일 | G42: =IFERROR(INDEX(온라인_반찬!$C$2:$I$587,MATCH($F42,온라인_반찬!$C$2:$C$587,0),7),"") | H42: 과일 | K42: =IFERROR(INDEX(온라인_반찬!$C$2:$I$587,MATCH($J42,온라인_반찬!$C$2:$C$587,0),7),"")
A43: 날짜
A44: 주차 | B44: 메뉴 | C44: 알레르기표기 | D44: 메뉴 | E44: 알레르기표기 | F44: 메뉴 | G44: 알레르기표기 | H44: 메뉴 | I44: 알레르기표기 | J44: 메뉴 | K44: 알레르기표기
A45: 5주 | C45: =IFERROR(INDEX(온라인_반찬!$C$2:$I$587,MATCH($B45,온라인_반찬!$C$2:$C$587,0),7),"") | E45: =IFERROR(INDEX(온라인_반찬!$C$2:$I$587,MATCH($D45,온라인_반찬!$C$2:$C$587,0),7),"") | G45: =IFERROR(INDEX(온라인_반찬!$C$2:$I$587,MATCH($F45,온라인_반찬!$C$2:$C$587,0),7),"") | I45: =IFERROR(INDEX(온라인_반찬!$C$2:$I$587,MATCH($H45,온라인_반찬!$C$2:$C$587,0),7),"") | K45: =IFERROR(INDEX(온라인_반찬!$C$2:$I$587,MATCH($J45,온라인_반찬!$C$2:$C$587,0),7),"")
C46: =IFERROR(INDEX(온라인_반찬!$C$2:$I$587,MATCH($B46,온라인_반찬!$C$2:$C$587,0),7),"") | E46: =IFERROR(INDEX(온라인_반찬!$C$2:$I$587,MATCH($D46,온라인_반찬!$C$2:$C$587,0),7),"") | G46: =IFERROR(INDEX(온라인_반찬!$C$2:$I$587,MATCH($F46,온라인_반찬!$C$2:$C$587,0),7),"") | I46: =IFERROR(INDEX(온라인_반찬!$C$2:$I$587,MATCH($H46,온라인_반찬!$C$2:$C$587,0),7),"") | K46: =IFERROR(INDEX(온라인_반찬!$C$2:$I$587,MATCH($J46,온라인_반찬!$C$2:$C$587,0),7),"")
C47: =IFERROR(INDEX(온라인_반찬!$C$2:$I$587,MATCH($B47,온라인_반찬!$C$2:$C$587,0),7),"") | E47: =IFERROR(INDEX(온라인_반찬!$C$2:$I$587,MATCH($D47,온라인_반찬!$C$2:$C$587,0),7),"") | G47: =IFERROR(INDEX(온라인_반찬!$C$2:$I$587,MATCH($F47,온라인_반찬!$C$2:$C$587,0),7),"") | I47: =IFERROR(INDEX(온라인_반찬!$C$2:$I$587,MATCH($H47,온라인_반찬!$C$2:$C$587,0),7),"") | K47: =IFERROR(INDEX(온라인_반찬!$C$2:$I$587,MATCH($J47,온라인_반찬!$C$2:$C$587,0),7),"")
C48: =IFERROR(INDEX(온라인_반찬!$C$2:$I$587,MATCH($B48,온라인_반찬!$C$2:$C$587,0),7),"") | E48: =IFERROR(INDEX(온라인_반찬!$C$2:$I$587,MATCH($D48,온라인_반찬!$C$2:$C$587,0),7),"") | G48: =IFERROR(INDEX(온라인_반찬!$C$2:$I$587,MATCH($F48,온라인_반찬!$C$2:$C$587,0),7),"") | I48: =IFERROR(INDEX(온라인_반찬!$C$2:$I$587,MATCH($H48,온라인_반찬!$C$2:$C$587,0),7),"") | K48: =IFERROR(INDEX(온라인_반찬!$C$2:$I$587,MATCH($J48,온라인_반찬!$C$2:$C$587,0),7),"")
C49: =IFERROR(INDEX(온라인_반찬!$C$2:$I$587,MATCH($B49,온라인_반찬!$C$2:$C$587,0),7),"") | E49: =IFERROR(INDEX(온라인_반찬!$C$2:$I$587,MATCH($D49,온라인_반찬!$C$2:$C$587,0),7),"") | G49: =IFERROR(INDEX(온라인_반찬!$C$2:$I$587,MATCH($F49,온라인_반찬!$C$2:$C$587,0),7),"") | I49: =IFERROR(INDEX(온라인_반찬!$C$2:$I$587,MATCH($H49,온라인_반찬!$C$2:$C$587,0),7),"") | K49: =IFERROR(INDEX(온라인_반찬!$C$2:$I$587,MATCH($J49,온라인_반찬!$C$2:$C$587,0),7),"")
C50: =IFERROR(INDEX(온라인_반찬!$C$2:$I$587,MATCH($B50,온라인_반찬!$C$2:$C$587,0),7),"") | E50: =IFERROR(INDEX(온라인_반찬!$C$2:$I$587,MATCH($D50,온라인_반찬!$C$2:$C$587,0),7),"") | G50: =IFERROR(INDEX(온라인_반찬!$C$2:$I$587,MATCH($F50,온라인_반찬!$C$2:$C$587,0),7),"") | I50: =IFERROR(INDEX(온라인_반찬!$C$2:$I$587,MATCH($H50,온라인_반찬!$C$2:$C$587,0),7),"") | K50: =IFERROR(INDEX(온라인_반찬!$C$2:$I$587,MATCH($J50,온라인_반찬!$C$2:$C$587,0),7),"")
C51: =IFERROR(INDEX(온라인_반찬!$C$2:$I$587,MATCH($B51,온라인_반찬!$C$2:$C$587,0),7),"") | E51: =IFERROR(INDEX(온라인_반찬!$C$2:$I$587,MATCH($D51,온라인_반찬!$C$2:$C$587,0),7),"") | G51: =IFERROR(INDEX(온라인_반찬!$C$2:$I$587,MATCH($F51,온라인_반찬!$C$2:$C$587,0),7),"") | I51: =IFERROR(INDEX(온라인_반찬!$C$2:$I$587,MATCH($H51,온라인_반찬!$C$2:$C$587,0),7),"") | K51: =IFERROR(INDEX(온라인_반찬!$C$2:$I$587,MATCH($J51,온라인_반찬!$C$2:$C$587,0),7),"")
C52: =IFERROR(INDEX(온라인_반찬!$C$2:$I$587,MATCH($B52,온라인_반찬!$C$2:$C$587,0),7),"") | D52: 과일 | G52: =IFERROR(INDEX(온라인_반찬!$C$2:$I$587,MATCH($F52,온라인_반찬!$C$2:$C$587,0),7),"") | H52: 과일 | K52: =IFERROR(INDEX(온라인_반찬!$C$2:$I$587,MATCH($J52,온라인_반찬!$C$2:$C$587,0),7),"")
A53: 원산지 안내 쌀(국산),현미(국산. 친환경), 찰흑미(국산. 친환경), 찰보리(국산. 친환경), 소고기(호주산), 돈육(국산), 목살(폭찹스테이크:미국산), 닭고기(국산. 무항생제), 닭정육(닭다리살:국산, 브라질산), 훈제오리(무항생제.국산) 배추김치(국산 종가집.하선정), 깍두기(무,고추가루:국산), 오징어(국산,페루산,미국산, 칠레산), 낙지(베트남산), 새우젓(새우:국내산), 바지락살(중국산), 채소류(국산), 국용채소류(국산/단,기후변화 등 이슈로 국산 수급이 어려울경우:중국산) *위의 메뉴는 재료 수급 사정에 따라 변경 될 수 있습니다 *알레르기 정보 - 1.난류 2.우유 3.메밀 4.견과류(땅콩.아몬드.잣.코코넛등) 5.대두 6.밀 7.고등어 8.게 9.새우 10.돼지고기 11.복숭아 12.토마토 13.아황산류 14.호두 15.닭고기 16.쇠고기 17.오징어 18.조개류(굴.전복.홍합 포함) 19.파인애플 20.키위 21.참깨 영양사 : 천은혜

Sheet 식단표 (알레르기표기)
A1: 01월 식단표
A2: 요일 | B2: 월 | D2: 화 | F2: 수 | H2: 목 | J2: 금
A3: 날짜
A4: 주차 | B4: 메뉴 | C4: 알레르기표기 | D4: 메뉴 | E4: 알레르기표기 | F4: 메뉴 | G4: 알레르기표기 | H4: 메뉴 | I4: 알레르기표기 | J4: 메뉴 | K4: 알레르기표기 | L4: 메뉴 | M4: 알레르기표기
A5: 1주 | C5: =IFERROR(INDEX(온라인_반찬!$C$2:$I$587,MATCH($B5,온라인_반찬!$C$2:$C$587,0),7),"") | E5: =IFERROR(INDEX(온라인_반찬!$C$2:$I$587,MATCH($D5,온라인_반찬!$C$2:$C$587,0),7),"") | G5: =IFERROR(INDEX(온라인_반찬!$C$2:$I$587,MATCH($F5,온라인_반찬!$C$2:$C$587,0),7),"") | H5: ♣새해♣ | J5: 친환경찰보리쌀밥 | K5: =IFERROR(INDEX(온라인_반찬!$C$2:$I$587,MATCH($J5,온라인_반찬!$C$2:$C$587,0),7),"") -> 0
C6: =IFERROR(INDEX(온라인_반찬!$C$2:$I$587,MATCH($B6,온라인_반찬!$C$2:$C$587,0),7),"") | E6: =IFERROR(INDEX(온라인_반찬!$C$2:$I$587,MATCH($D6,온라인_반찬!$C$2:$C$587,0),7),"") | G6: =IFERROR(INDEX(온라인_반찬!$C$2:$I$587,MATCH($F6,온라인_반찬!$C$2:$C$587,0),7),"") | J6: 소고기계란덮밥소스 | K6: =IFERROR(INDEX(온라인_반찬!$C$2:$I$587,MATCH($J6,온라인_반찬!$C$2:$C$587,0),7),"") -> .1.2.5.6.16.
C7: =IFERROR(INDEX(온라인_반찬!$C$2:$I$587,MATCH($B7,온라인_반찬!$C$2:$C$587,0),7),"") | E7: =IFERROR(INDEX(온라인_반찬!$C$2:$I$587,MATCH($D7,온라인_반찬!$C$2:$C$587,0),7),"") | G7: =IFERROR(INDEX(온라인_반찬!$C$2:$I$587,MATCH($F7,온라인_반찬!$C$2:$C$587,0),7),"") | J7: 갈비만두찜 | K7: =IFERROR(INDEX(온라인_반찬!$C$2:$I$587,MATCH($J7,온라인_반찬!$C$2:$C$587,0),7),"") -> .2.5.6.10.16.21.
C8: =IFERROR(INDEX(온라인_반찬!$C$2:$I$587,MATCH($B8,온라인_반찬!$C$2:$C$587,0),7),"") | E8: =IFERROR(INDEX(온라인_반찬!$C$2:$I$587,MATCH($D8,온라인_반찬!$C$2:$C$587,0),7),"") | G8: =IFERROR(INDEX(온라인_반찬!$C$2:$I$587,MATCH($F8,온라인_반찬!$C$2:$C$587,0),7),"") | J8: 오이부추무침 | K8: =IFERROR(INDEX(온라인_반찬!$C$2:$I$587,MATCH($J8,온라인_반찬!$C$2:$C$587,0),7),"") -> .5.21.
C9: =IFERROR(INDEX(온라인_반찬!$C$2:$I$587,MATCH($B9,온라인_반찬!$C$2:$C$587,0),7),"") | E9: =IFERROR(INDEX(온라인_반찬!$C$2:$I$587,MATCH($D9,온라인_반찬!$C$2:$C$587,0),7),"") | G9: =IFERROR(INDEX(온라인_반찬!$C$2:$I$587,MATCH($F9,온라인_반찬!$C$2:$C$587,0),7),"") | J9: 배추김치 | K9: =IFERROR(INDEX(온라인_반찬!$C$2:$I$587,MATCH($J9,온라인_반찬!$C$2:$C$587,0),7),"") -> .9.12.
C10: =IFERROR(INDEX(온라인_반찬!$C$2:$I$587,MATCH($B10,온라인_반찬!$C$2:$C$587,0),7),"") | E10: =IFERROR(INDEX(온라인_반찬!$C$2:$I$587,MATCH($D10,온라인_반찬!$C$2:$C$587,0),7),"") | G10: =IFERROR(INDEX(온라인_반찬!$C$2:$I$587,MATCH($F10,온라인_반찬!$C$2:$C$587,0),7),"") | J10: 볼어묵국 | K10: =IFERROR(INDEX(온라인_반찬!$C$2:$I$587,MATCH($J10,온라인_반찬!$C$2:$C$587,0),7),"") -> .5.6.
C11: =IFERROR(INDEX(온라인_반찬!$C$2:$I$587,MATCH($B11,온라인_반찬!$C$2:$C$587,0),7),"") | E11: =IFERROR(INDEX(온라인_반찬!$C$2:$I$587,MATCH($D11,온라인_반찬!$C$2:$C$587,0),7),"") | G11: =IFERROR(INDEX(온라인_반찬!$C$2:$I$587,MATCH($F11,온라인_반찬!$C$2:$C$587,0),7),"") | K11: =IFERROR(INDEX(온라인_반찬!$C$2:$I$587,MATCH($J11,온라인_반찬!$C$2:$C$587,0),7),"")
C12: =IFERROR(INDEX(온라인_반찬!$C$2:$I$587,MATCH($B12,온라인_반찬!$C$2:$C$587,0),7),"") | G12: =IFERROR(INDEX(온라인_반찬!$C$2:$I$587,MATCH($F12,온라인_반찬!$C$2:$C$587,0),7),"") | K12: =IFERROR(INDEX(온라인_반찬!$C$2:$I$587,MATCH($J12,온라인_반찬!$C$2:$C$587,0),7),"")
A13: 날짜
A14: 주차 | B14: 메뉴 | C14: 알레르기표기 | D14: 메뉴 | E14: 알레르기표기 | F14: 메뉴 | G14: 알레르기표기 | H14: 메뉴 | I14: 알레르기표기 | J14: 메뉴 | K14: 알레르기표기 | L14: 메뉴 | M14: 알레르기표기 | N14: 메뉴 | O14: 알레르기표기
A15: 2주 | B15: 친환경현미쌀밥 | C15: =IFERROR(INDEX(온라인_반찬!$C$2:$I$587,MATCH($B15,온라인_반찬!$C$2:$C$587,0),7),"") -> 0 | D15: 친환경귀리쌀밥 | E15: =IFERROR(INDEX(온라인_반찬!$C$2:$I$587,MATCH($D15,온라인_반찬!$C$2:$C$587,0),7),"") -> 0 | F15: 친환경찰흑미쌀밥 | G15: =IFERROR(INDEX(온라인_반찬!$C$2:$I$587,MATCH($F15,온라인_반찬!$C$2:$C$587,0),7),"") -> 0 | H15: 흰쌀밥 | I15: =IFERROR(INDEX(온라인_반찬!$C$2:$I$587,MATCH($H15,온라인_반찬!$C$2:$C$587,0),7),"") -> 0 | J15: 친환경찰보리쌀밥 | K15: =IFERROR(INDEX(온라인_반찬!$C$2:$I$587,MATCH($J15,온라인_반찬!$C$2:$C$587,0),7),"") -> 0
B16: 생선까스 | C16: =IFERROR(INDEX(온라인_반찬!$C$2:$I$587,MATCH($B16,온라인_반찬!$C$2:$C$587,0),7),"") -> 1.5. | D16: 안동찜닭 | E16: =IFERROR(INDEX(온라인_반찬!$C$2:$I$587,MATCH($D16,온라인_반찬!$C$2:$C$587,0),7),"") -> .1.5.6.10.21. | F16: 황금팽이소불고기 | G16: =IFERROR(INDEX(온라인_반찬!$C$2:$I$587,MATCH($F16,온라인_반찬!$C$2:$C$587,0),7),"") -> .5.16.21. | H16: 로제닭볶음 | I16: =IFERROR(INDEX(온라인_반찬!$C$2:$I$587,MATCH($H16,온라인_반찬!$C$2:$C$587,0),7),"") -> .2.5.6.12.15. | J16: 제육쌈장두루치기 | K16: =IFERROR(INDEX(온라인_반찬!$C$2:$I$587,MATCH($J16,온라인_반찬!$C$2:$C$587,0),7),"") -> .5.10.21.
B17: & 타르타르소스 | C17: =IFERROR(INDEX(온라인_반찬!$C$2:$I$587,MATCH($B17,온라인_반찬!$C$2:$C$587,0),7),"") -> .1.5.19. | D17: 세멸치엿장조림 | E17: =IFERROR(INDEX(온라인_반찬!$C$2:$I$587,MATCH($D17,온라인_반찬!$C$2:$C$587,0),7),"") -> .5.21. | F17: 스크램블에그 | G17: =IFERROR(INDEX(온라인_반찬!$C$2:$I$587,MATCH($F17,온라인_반찬!$C$2:$C$587,0),7),"") -> .1.2.5. | H17: 미트볼조림 | I17: =IFERROR(INDEX(온라인_반찬!$C$2:$I$587,MATCH($H17,온라인_반찬!$C$2:$C$587,0),7),"") -> .1.2.5.6.10.16. | J17: 참치마요 | K17: =IFERROR(INDEX(온라인_반찬!$C$2:$I$587,MATCH($J17,온라인_반찬!$C$2:$C$587,0),7),"") -> .1.5.
B18: 라구숏파스타 | C18: =IFERROR(INDEX(온라인_반찬!$C$2:$I$587,MATCH($B18,온라인_반찬!$C$2:$C$587,0),7),"") -> .5.6.10.12.15.16. | D18: 삼색콩나물무침 | E18: =IFERROR(INDEX(온라인_반찬!$C$2:$I$587,MATCH($D18,온라인_반찬!$C$2:$C$587,0),7),"") -> .5.21. | F18: 미역무채무침 | G18: =IFERROR(INDEX(온라인_반찬!$C$2:$I$587,MATCH($F18,온라인_반찬!$C$2:$C$587,0),7),"") -> .5.21. | H18: 배추된장나물 | I18: =IFERROR(INDEX(온라인_반찬!$C$2:$I$587,MATCH($H18,온라인_반찬!$C$2:$C$587,0),7),"") -> .5.21. | J18: 도시락김 | K18: =IFERROR(INDEX(온라인_반찬!$C$2:$I$587,MATCH($J18,온라인_반찬!$C$2:$C$587,0),7),"") -> .21.
B19: 단호박샐러드 | C19: =IFERROR(INDEX(온라인_반찬!$C$2:$I$587,MATCH($B19,온라인_반찬!$C$2:$C$587,0),7),"") -> .1.5. | D19: 깍두기 | E19: =IFERROR(INDEX(온라인_반찬!$C$2:$I$587,MATCH($D19,온라인_반찬!$C$2:$C$587,0),7),"") -> .6.9. | F19: 백김치 | G19: =IFERROR(INDEX(온라인_반찬!$C$2:$I$587,MATCH($F19,온라인_반찬!$C$2:$C$587,0),7),"") -> 0 | H19: 깍두기 | I19: =IFERROR(INDEX(온라인_반찬!$C$2:$I$587,MATCH($H19,온라인_반찬!$C$2:$C$587,0),7),"") -> .6.9. | J19: 배추김치 | K19: =IFERROR(INDEX(온라인_반찬!$C$2:$I$587,MATCH($J19,온라인_반찬!$C$2:$C$587,0),7),"") -> .9.12.
B20: 배추김치 | C20: =IFERROR(INDEX(온라인_반찬!$C$2:$I$587,MATCH($B20,온라인_반찬!$C$2:$C$587,0),7),"") -> .9.12. | D20: 황태계란국 | E20: =IFERROR(INDEX(온라인_반찬!$C$2:$I$587,MATCH($D20,온라인_반찬!$C$2:$C$587,0),7),"") -> .1.5.21. | F20: 모둠채소된장국 | G20: =IFERROR(INDEX(온라인_반찬!$C$2:$I$587,MATCH($F20,온라인_반찬!$C$2:$C$587,0),7),"") -> .5.9. | H20: 올갱이미역국 | I20: =IFERROR(INDEX(온라인_반찬!$C$2:$I$587,MATCH($H20,온라인_반찬!$C$2:$C$587,0),7),"") -> .5.9. | J20: 순두부된장찌개 | K20: =IFERROR(INDEX(온라인_반찬!$C$2:$I$587,MATCH($J20,온라인_반찬!$C$2:$C$587,0),7),"") -> .5.
B21: 소고기무국 | C21: =IFERROR(INDEX(온라인_반찬!$C$2:$I$587,MATCH($B21,온라인_반찬!$C$2:$C$587,0),7),"") -> .5.16. | E21: =IFERROR(INDEX(온라인_반찬!$C$2:$I$587,MATCH($D21,온라인_반찬!$C$2:$C$587,0),7),"") | G21: =IFERROR(INDEX(온라인_반찬!$C$2:$I$587,MATCH($F21,온라인_반찬!$C$2:$C$587,0),7),"") | I21: =IFERROR(INDEX(온라인_반찬!$C$2:$I$587,MATCH($H21,온라인_반찬!$C$2:$C$587,0),7),"") | K21: =IFERROR(INDEX(온라인_반찬!$C$2:$I$587,MATCH($J21,온라인_반찬!$C$2:$C$587,0),7),"")
C22: =IFERROR(INDEX(온라인_반찬!$C$2:$I$587,MATCH($B22,온라인_반찬!$C$2:$C$587,0),7),"") | G22: =IFERROR(INDEX(온라인_반찬!$C$2:$I$587,MATCH($F22,온라인_반찬!$C$2:$C$587,0),7),"") | K22: =IFERROR(INDEX(온라인_반찬!$C$2:$I$587,MATCH($J22,온라인_반찬!$C$2:$C$587,0),7),"")
A23: 날짜
A24: 주차 | B24: 메뉴 | C24: 알레르기표기 | D24: 메뉴 | E24: 알레르기표기 | F24: 메뉴 | G24: 알레르기표기 | H24: 메뉴 | I24: 알레르기표기 | J24: 메뉴 | K24: 알레르기표기
A25: 3주 | B25: 친환경현미쌀밥 | C25: =IFERROR(INDEX(온라인_반찬!$C$2:$I$587,MATCH($B25,온라인_반찬!$C$2:$C$587,0),7),"") -> 0 | D25: 친환경귀리쌀밥 | E25: =IFERROR(INDEX(온라인_반찬!$C$2:$I$587,MATCH($D25,온라인_반찬!$C$2:$C$587,0),7),"") -> 0 | F25: 친환경찰흑미쌀밥 | G25: =IFERROR(INDEX(온라인_반찬!$C$2:$I$587,MATCH($F25,온라인_반찬!$C$2:$C$587,0),7),"") -> 0 | H25: 흰쌀밥 | I25: =IFERROR(INDEX(온라인_반찬!$C$2:$I$587,MATCH($H25,온라인_반찬!$C$2:$C$587,0),7),"") -> 0 | J25: 친환경찰보리쌀밥 | K25: =IFERROR(INDEX(온라인_반찬!$C$2:$I$587,MATCH($J25,온라인_반찬!$C$2:$C$587,0),7),"") -> 0
B26: 골든커리덮밥소스 | C26: =IFERROR(INDEX(온라인_반찬!$C$2:$I$587,MATCH($B26,온라인_반찬!$C$2:$C$587,0),7),"") -> .2.5.6.12.15.16.18. | D26: 춘장닭볶음 | E26: =IFERROR(INDEX(온라인_반찬!$C$2:$I$587,MATCH($D26,온라인_반찬!$C$2:$C$587,0),7),"") -> .5.15.21. | F26: 비프찹스테이크 | G26: =IFERROR(INDEX(온라인_반찬!$C$2:$I$587,MATCH($F26,온라인_반찬!$C$2:$C$587,0),7),"") -> .2.5.6.12.16.18.21. | H26: 돈채모닝글로리볶음 | I26: =IFERROR(INDEX(온라인_반찬!$C$2:$I$587,MATCH($H26,온라인_반찬!$C$2:$C$587,0),7),"") -> .5.6.10.21. | J26: 용가리치킨너겟 | K26: =IFERROR(INDEX(온라인_반찬!$C$2:$I$587,MATCH($J26,온라인_반찬!$C$2:$C$587,0),7),"") -> .1.2.5.6.15.16.
B27: 새우튀김 | C27: =IFERROR(INDEX(온라인_반찬!$C$2:$I$587,MATCH($B27,온라인_반찬!$C$2:$C$587,0),7),"") -> .1.5.6.9. | D27: 베이컨감자전 | E27: =IFERROR(INDEX(온라인_반찬!$C$2:$I$587,MATCH($D27,온라인_반찬!$C$2:$C$587,0),7),"") -> .5.6.10. | F27: 진미채 | G27: =IFERROR(INDEX(온라인_반찬!$C$2:$I$587,MATCH($F27,온라인_반찬!$C$2:$C$587,0),7),"") -> .1.5.21. | H27: 계란말이 | I27: =IFERROR(INDEX(온라인_반찬!$C$2:$I$587,MATCH($H27,온라인_반찬!$C$2:$C$587,0),7),"") -> .1.2.5.6.16.18. | J27: 문어모양소떡소떡 | K27: =IFERROR(INDEX(온라인_반찬!$C$2:$I$587,MATCH($J27,온라인_반찬!$C$2:$C$587,0),7),"") -> .5.6.10.12.15.16.21.
B28: 무나물 | C28: =IFERROR(INDEX(온라인_반찬!$C$2:$I$587,MATCH($B28,온라인_반찬!$C$2:$C$587,0),7),"") -> .5.21. | D28: 우엉조림 | E28: =IFERROR(INDEX(온라인_반찬!$C$2:$I$587,MATCH($D28,온라인_반찬!$C$2:$C$587,0),7),"") -> .5.21. | F28: 오이깨소스무침 | G28: =IFERROR(INDEX(온라인_반찬!$C$2:$I$587,MATCH($F28,온라인_반찬!$C$2:$C$587,0),7),"") -> .21. | H28: 김자반 | I28: =IFERROR(INDEX(온라인_반찬!$C$2:$I$587,MATCH($H28,온라인_반찬!$C$2:$C$587,0),7),"") -> .5.21.22. | J28: 카프레제SD | K28: =IFERROR(INDEX(온라인_반찬!$C$2:$I$587,MATCH($J28,온라인_반찬!$C$2:$C$587,0),7),"") -> .2.5.6.12.
B29: 배추김치 | C29: =IFERROR(INDEX(온라인_반찬!$C$2:$I$587,MATCH($B29,온라인_반찬!$C$2:$C$587,0),7),"") -> .9.12. | D29: 깍두기 | E29: =IFERROR(INDEX(온라인_반찬!$C$2:$I$587,MATCH($D29,온라인_반찬!$C$2:$C$587,0),7),"") -> .6.9. | F29: 백김치 | G29: =IFERROR(INDEX(온라인_반찬!$C$2:$I$587,MATCH($F29,온라인_반찬!$C$2:$C$587,0),7),"") -> 0 | H29: 깍두기 | I29: =IFERROR(INDEX(온라인_반찬!$C$2:$I$587,MATCH($H29,온라인_반찬!$C$2:$C$587,0),7),"") -> .6.9. | J29: 배추김치 | K29: =IFERROR(INDEX(온라인_반찬!$C$2:$I$587,MATCH($J29,온라인_반찬!$C$2:$C$587,0),7),"") -> .9.12.
B30: 콩나물된장국 | C30: =IFERROR(INDEX(온라인_반찬!$C$2:$I$587,MATCH($B30,온라인_반찬!$C$2:$C$587,0),7),"") -> .5. | D30: 모둠어묵국 | E30: =IFERROR(INDEX(온라인_반찬!$C$2:$I$587,MATCH($D30,온라인_반찬!$C$2:$C$587,0),7),"") -> .5.6. | F30: 시래기된장국 | G30: =IFERROR(INDEX(온라인_반찬!$C$2:$I$587,MATCH($F30,온라인_반찬!$C$2:$C$587,0),7),"") -> .5. | H30: 닭봉삼계탕 | I30: =IFERROR(INDEX(온라인_반찬!$C$2:$I$587,MATCH($H30,온라인_반찬!$C$2:$C$587,0),7),"") -> .5.16. | J30: 소고기미역국 | K30: =IFERROR(INDEX(온라인_반찬!$C$2:$I$587,MATCH($J30,온라인_반찬!$C$2:$C$587,0),7),"") -> .5.9.16. | M30: 0
C31: =IFERROR(INDEX(온라인_반찬!$C$2:$I$587,MATCH($B31,온라인_반찬!$C$2:$C$587,0),7),"") | E31: =IFERROR(INDEX(온라인_반찬!$C$2:$I$587,MATCH($D31,온라인_반찬!$C$2:$C$587,0),7),"") | G31: =IFERROR(INDEX(온라인_반찬!$C$2:$I$587,MATCH($F31,온라인_반찬!$C$2:$C$587,0),7),"") | I31: =IFERROR(INDEX(온라인_반찬!$C$2:$I$587,MATCH($H31,온라인_반찬!$C$2:$C$587,0),7),"") | K31: =IFERROR(INDEX(온라인_반찬!$C$2:$I$587,MATCH($J31,온라인_반찬!$C$2:$C$587,0),7),"")
C32: =IFERROR(INDEX(온라인_반찬!$C$2:$I$587,MATCH($B32,온라인_반찬!$C$2:$C$587,0),7),"") | G32: =IFERROR(INDEX(온라인_반찬!$C$2:$I$587,MATCH($F32,온라인_반찬!$C$2:$C$587,0),7),"") | K32: =IFERROR(INDEX(온라인_반찬!$C$2:$I$587,MATCH($J32,온라인_반찬!$C$2:$C$587,0),7),"")
A33: 날짜
A34: 주차 | B34: 메뉴 | C34: 알레르기표기 | D34: 메뉴 | E34: 알레르기표기 | F34: 메뉴 | G34: 알레르기표기 | H34: 메뉴 | I34: 알레르기표기 | J34: 메뉴 | K34: 알레르기표기
A35: 4주 | B35: 친환경현미쌀밥 | C35: =IFERROR(INDEX(온라인_반찬!$C$2:$I$587,MATCH($B35,온라인_반찬!$C$2:$C$587,0),7),"") -> 0 | D35: 친환경귀리쌀밥 | E35: =IFERROR(INDEX(온라인_반찬!$C$2:$I$587,MATCH($D35,온라인_반찬!$C$2:$C$587,0),7),"") -> 0 | F35: 친환경찰흑미쌀밥 | G35: =IFERROR(INDEX(온라인_반찬!$C$2:$I$587,MATCH($F35,온라인_반찬!$C$2:$C$587,0),7),"") -> 0 | H35: 흰쌀밥 | I35: =IFERROR(INDEX(온라인_반찬!$C$2:$I$587,MATCH($H35,온라인_반찬!$C$2:$C$587,0),7),"") -> 0 | J35: 친환경찰보리쌀밥 | K35: =IFERROR(INDEX(온라인_반찬!$C$2:$I$587,MATCH($J35,온라인_반찬!$C$2:$C$587,0),7),"") -> 0
B36: 목화솜탕수육 | C36: =IFERROR(INDEX(온라인_반찬!$C$2:$I$587,MATCH($B36,온라인_반찬!$C$2:$C$587,0),7),"") -> .1.5.6.10. | D36: 브로콜리닭볶음 | E36: =IFERROR(INDEX(온라인_반찬!$C$2:$I$587,MATCH($D36,온라인_반찬!$C$2:$C$587,0),7),"") -> .5.15.21. | F36: 광양식소불고기 | G36: =IFERROR(INDEX(온라인_반찬!$C$2:$I$587,MATCH($F36,온라인_반찬!$C$2:$C$587,0),7),"") -> .5.16.21. | H36: 돈사태찜 | I36: =IFERROR(INDEX(온라인_반찬!$C$2:$I$587,MATCH($H36,온라인_반찬!$C$2:$C$587,0),7),"") -> .5.6.10.18.19.21. | J36: 닭감자조림 | K36: =IFERROR(INDEX(온라인_반찬!$C$2:$I$587,MATCH($J36,온라인_반찬!$C$2:$C$587,0),7),"") -> .5.15.18.21.
B37: & 탕수소스 | C37: =IFERROR(INDEX(온라인_반찬!$C$2:$I$587,MATCH($B37,온라인_반찬!$C$2:$C$587,0),7),"") -> .5. | D37: 미니떡갈비 | E37: =IFERROR(INDEX(온라인_반찬!$C$2:$I$587,MATCH($D37,온라인_반찬!$C$2:$C$587,0),7),"") -> .5.6.10.16. | F37: 스팸케찹볶음 | G37: =IFERROR(INDEX(온라인_반찬!$C$2:$I$587,MATCH($F37,온라인_반찬!$C$2:$C$587,0),7),"") -> .5.10.12.21. | H37: 어묵채소볶음 | I37: =IFERROR(INDEX(온라인_반찬!$C$2:$I$587,MATCH($H37,온라인_반찬!$C$2:$C$587,0),7),"") -> .5.6.18.21. | J37: 저염표고강정 | K37: =IFERROR(INDEX(온라인_반찬!$C$2:$I$587,MATCH($J37,온라인_반찬!$C$2:$C$587,0),7),"") -> .1.5.6.18.21.
B38: 메추리알짜장볶이 | C38: =IFERROR(INDEX(온라인_반찬!$C$2:$I$587,MATCH($B38,온라인_반찬!$C$2:$C$587,0),7),"") -> .1.5.6.10.15.16. | D38: 덩근숙주나물 | E38: =IFERROR(INDEX(온라인_반찬!$C$2:$I$587,MATCH($D38,온라인_반찬!$C$2:$C$587,0),7),"") | F38: 연두부 | G38: =IFERROR(INDEX(온라인_반찬!$C$2:$I$587,MATCH($F38,온라인_반찬!$C$2:$C$587,0),7),"") -> .5. | H38: 크래미양배추SD | I38: =IFERROR(INDEX(온라인_반찬!$C$2:$I$587,MATCH($H38,온라인_반찬!$C$2:$C$587,0),7),"") -> .1.8.12. | J38: 소고기가지나물 | K38: =IFERROR(INDEX(온라인_반찬!$C$2:$I$587,MATCH($J38,온라인_반찬!$C$2:$C$587,0),7),"") -> .5.16.21.
B39: 감자채볶음 | C39: =IFERROR(INDEX(온라인_반찬!$C$2:$I$587,MATCH($B39,온라인_반찬!$C$2:$C$587,0),7),"") -> .5.21. | D39: 깍두기 | E39: =IFERROR(INDEX(온라인_반찬!$C$2:$I$587,MATCH($D39,온라인_반찬!$C$2:$C$587,0),7),"") -> .6.9. | F39: & 양념장 | G39: =IFERROR(INDEX(온라인_반찬!$C$2:$I$587,MATCH($F39,온라인_반찬!$C$2:$C$587,0),7),"") -> .5.21. | H39: 깍두기 | I39: =IFERROR(INDEX(온라인_반찬!$C$2:$I$587,MATCH($H39,온라인_반찬!$C$2:$C$587,0),7),"") -> .6.9. | J39: 배추김치 | K39: =IFERROR(INDEX(온라인_반찬!$C$2:$I$587,MATCH($J39,온라인_반찬!$C$2:$C$587,0),7),"") -> .9.12.
B40: 배추김치 | C40: =IFERROR(INDEX(온라인_반찬!$C$2:$I$587,MATCH($B40,온라인_반찬!$C$2:$C$587,0),7),"") -> .9.12. | D40: 소고기탕국 | E40: =IFERROR(INDEX(온라인_반찬!$C$2:$I$587,MATCH($D40,온라인_반찬!$C$2:$C$587,0),7),"") -> .5.16. | F40: 백김치 | G40: =IFERROR(INDEX(온라인_반찬!$C$2:$I$587,MATCH($F40,온라인_반찬!$C$2:$C$587,0),7),"") -> 0 | H40: 닭고기버섯국 | I40: =IFERROR(INDEX(온라인_반찬!$C$2:$I$587,MATCH($H40,온라인_반찬!$C$2:$C$587,0),7),"") -> .5.15. | J40: 전복소라미역국 | K40: =IFERROR(INDEX(온라인_반찬!$C$2:$I$587,MATCH($J40,온라인_반찬!$C$2:$C$587,0),7),"") -> .5.9.18.21.
B41: 오징어무국 | C41: =IFERROR(INDEX(온라인_반찬!$C$2:$I$587,MATCH($B41,온라인_반찬!$C$2:$C$587,0),7),"") -> .5.17. | E41: =IFERROR(INDEX(온라인_반찬!$C$2:$I$587,MATCH($D41,온라인_반찬!$C$2:$C$587,0),7),"") | F41: 대파계란탕 | G41: =IFERROR(INDEX(온라인_반찬!$C$2:$I$587,MATCH($F41,온라인_반찬!$C$2:$C$587,0),7),"") -> .1.5. | I41: =IFERROR(INDEX(온라인_반찬!$C$2:$I$587,MATCH($H41,온라인_반찬!$C$2:$C$587,0),7),"") | K41: =IFERROR(INDEX(온라인_반찬!$C$2:$I$587,MATCH($J41,온라인_반찬!$C$2:$C$587,0),7),"")
C42: =IFERROR(INDEX(온라인_반찬!$C$2:$I$587,MATCH($B42,온라인_반찬!$C$2:$C$587,0),7),"") | G42: =IFERROR(INDEX(온라인_반찬!$C$2:$I$587,MATCH($F42,온라인_반찬!$C$2:$C$587,0),7),"") | K42: =IFERROR(INDEX(온라인_반찬!$C$2:$I$587,MATCH($J42,온라인_반찬!$C$2:$C$587,0),7),"")
A43: 날짜
A44: 주차 | B44: 메뉴 | C44: 알레르기표기 | D44: 메뉴 | E44: 알레르기표기 | F44: 메뉴 | G44: 알레르기표기 | H44: 메뉴 | I44: 알레르기표기 | J44: 메뉴 | K44: 알레르기표기
A45: 5주 | B45: 친환경현미쌀밥 | C45: =IFERROR(INDEX(온라인_반찬!$C$2:$I$587,MATCH($B45,온라인_반찬!$C$2:$C$587,0),7),"") -> 0 | D45: 친환경귀리쌀밥 | E45: =IFERROR(INDEX(온라인_반찬!$C$2:$I$587,MATCH($D45,온라인_반찬!$C$2:$C$587,0),7),"") -> 0 | F45: 친환경찰흑미쌀밥 | G45: =IFERROR(INDEX(온라인_반찬!$C$2:$I$587,MATCH($F45,온라인_반찬!$C$2:$C$587,0),7),"") -> 0 | H45: 흰쌀밥 | I45: =IFERROR(INDEX(온라인_반찬!$C$2:$I$587,MATCH($H45,온라인_반찬!$C$2:$C$587,0),7),"") -> 0 | J45: 친환경찰보리쌀밥 | K45: =IFERROR(INDEX(온라인_반찬!$C$2:$I$587,MATCH($J45,온라인_반찬!$C$2:$C$587,0),7),"") -> 0
B46: 비프토마토스튜 | C46: =IFERROR(INDEX(온라인_반찬!$C$2:$I$587,MATCH($B46,온라인_반찬!$C$2:$C$587,0),7),"") -> .2.5.6.12.18. | D46: 닭안심채소구이 | E46: =IFERROR(INDEX(온라인_반찬!$C$2:$I$587,MATCH($D46,온라인_반찬!$C$2:$C$587,0),7),"") -> .5.15.18.21. | F46: 소고기고사리볶음 | G46: =IFERROR(INDEX(온라인_반찬!$C$2:$I$587,MATCH($F46,온라인_반찬!$C$2:$C$587,0),7),"") -> .5.16.21.22. | H46: 몽골리안포크 | I46: =IFERROR(INDEX(온라인_반찬!$C$2:$I$587,MATCH($H46,온라인_반찬!$C$2:$C$587,0),7),"") -> .5.6.10.21. | J46: 훈제오리어묵잡채 | K46: =IFERROR(INDEX(온라인_반찬!$C$2:$I$587,MATCH($J46,온라인_반찬!$C$2:$C$587,0),7),"") -> .5.6.21.
B47: 웨지컷감자구이 | C47: =IFERROR(INDEX(온라인_반찬!$C$2:$I$587,MATCH($B47,온라인_반찬!$C$2:$C$587,0),7),"") -> 0 | D47: 건맛살채볶음 | E47: =IFERROR(INDEX(온라인_반찬!$C$2:$I$587,MATCH($D47,온라인_반찬!$C$2:$C$587,0),7),"") -> .1.5.8.21. | F47: 동그랑땡 | G47: =IFERROR(INDEX(온라인_반찬!$C$2:$I$587,MATCH($F47,온라인_반찬!$C$2:$C$587,0),7),"") -> .1.2.5.6.10.12.16. | H47: 궁중떡볶이 | I47: =IFERROR(INDEX(온라인_반찬!$C$2:$I$587,MATCH($H47,온라인_반찬!$C$2:$C$587,0),7),"") -> .5.16.21. | J47: 메추리알장조림 | K47: =IFERROR(INDEX(온라인_반찬!$C$2:$I$587,MATCH($J47,온라인_반찬!$C$2:$C$587,0),7),"") -> .1.5.21.
B48: 청포묵무침 | C48: =IFERROR(INDEX(온라인_반찬!$C$2:$I$587,MATCH($B48,온라인_반찬!$C$2:$C$587,0),7),"") -> .1.5.21. | D48: 검은콩해바라기씨조림 | E48: =IFERROR(INDEX(온라인_반찬!$C$2:$I$587,MATCH($D48,온라인_반찬!$C$2:$C$587,0),7),"") -> .5.21. | F48: 미역줄기볶음 | G48: =IFERROR(INDEX(온라인_반찬!$C$2:$I$587,MATCH($F48,온라인_반찬!$C$2:$C$587,0),7),"") -> .5.21. | H48: 콩나물무침 | I48: =IFERROR(INDEX(온라인_반찬!$C$2:$I$587,MATCH($H48,온라인_반찬!$C$2:$C$587,0),7),"") -> .5.21. | J48: 도시락김 | K48: =IFERROR(INDEX(온라인_반찬!$C$2:$I$587,MATCH($J48,온라인_반찬!$C$2:$C$587,0),7),"") -> .21.
B49: 배추김치 | C49: =IFERROR(INDEX(온라인_반찬!$C$2:$I$587,MATCH($B49,온라인_반찬!$C$2:$C$587,0),7),"") -> .9.12. | D49: 깍두기 | E49: =IFERROR(INDEX(온라인_반찬!$C$2:$I$587,MATCH($D49,온라인_반찬!$C$2:$C$587,0),7),"") -> .6.9. | F49: 백김치 | G49: =IFERROR(INDEX(온라인_반찬!$C$2:$I$587,MATCH($F49,온라인_반찬!$C$2:$C$587,0),7),"") -> 0 | H49: 깍두기 | I49: =IFERROR(INDEX(온라인_반찬!$C$2:$I$587,MATCH($H49,온라인_반찬!$C$2:$C$587,0),7),"") -> .6.9. | J49: 배추김치 | K49: =IFERROR(INDEX(온라인_반찬!$C$2:$I$587,MATCH($J49,온라인_반찬!$C$2:$C$587,0),7),"") -> .9.12.
B50: 굴림만두국 | C50: =IFERROR(INDEX(온라인_반찬!$C$2:$I$587,MATCH($B50,온라인_반찬!$C$2:$C$587,0),7),"") -> .1.2.5.6.10.16.21. | D50: 소고기샤브국 | E50: =IFERROR(INDEX(온라인_반찬!$C$2:$I$587,MATCH($D50,온라인_반찬!$C$2:$C$587,0),7),"") -> .5.16. | F50: 북어국 | G50: =IFERROR(INDEX(온라인_반찬!$C$2:$I$587,MATCH($F50,온라인_반찬!$C$2:$C$587,0),7),"") -> .5.21. | H50: 열무된장국 | I50: =IFERROR(INDEX(온라인_반찬!$C$2:$I$587,MATCH($H50,온라인_반찬!$C$2:$C$587,0),7),"") -> .5. | J50: 조랭이떡국 | K50: =IFERROR(INDEX(온라인_반찬!$C$2:$I$587,MATCH($J50,온라인_반찬!$C$2:$C$587,0),7),"") -> .1.5.16.
C51: =IFERROR(INDEX(온라인_반찬!$C$2:$I$587,MATCH($B51,온라인_반찬!$C$2:$C$587,0),7),"") | E51: =IFERROR(INDEX(온라인_반찬!$C$2:$I$587,MATCH($D51,온라인_반찬!$C$2:$C$587,0),7),"") | G51: =IFERROR(INDEX(온라인_반찬!$C$2:$I$587,MATCH($F51,온라인_반찬!$C$2:$C$587,0),7),"") | I51: =IFERROR(INDEX(온라인_반찬!$C$2:$I$587,MATCH($H51,온라인_반찬!$C$2:$C$587,0),7),"") | K51: =IFERROR(INDEX(온라인_반찬!$C$2:$I$587,MATCH($J51,온라인_반찬!$C$2:$C$587,0),7),"")
C52: =IFERROR(INDEX(온라인_반찬!$C$2:$I$587,MATCH($B52,온라인_반찬!$C$2:$C$587,0),7),"") | G52: =IFERROR(INDEX(온라인_반찬!$C$2:$I$587,MATCH($F52,온라인_반찬!$C$2:$C$587,0),7),"") | K52: =IFERROR(INDEX(온라인_반찬!$C$2:$I$587,MATCH($J52,온라인_반찬!$C$2:$C$587,0),7),"")
A53: 원산지 안내 쌀(국산),현미(국산. 친환경), 찰흑미(국산. 친환경), 찰보리(국산. 친환경), 소고기(호주산), 돈육(국산), 목살(폭찹스테이크:미국산), 닭고기(국산. 무항생제), 닭정육(닭다리살:국산, 브라질산), 훈제오리(무항생제.국산) 배추김치(국산 종가집.하선정), 깍두기(무,고추가루:국산), 오징어(국산,페루산,미국산, 칠레산), 낙지(베트남산), 새우젓(새우:국내산), 바지락살(중국산), 채소류(국산), 국용채소류(국산/단,기후변화 등 이슈로 국산 수급이 어려울경우:중국산) *위의 메뉴는 재료 수급 사정에 따라 변경 될 수 있습니다 *알레르기 정보 - 1.난류 2.우유 3.메밀 4.견과류(땅콩.아몬드.잣.코코넛등) 5.대두 6.밀 7.고등어 8.게 9.새우 10.돼지고기 11.복숭아 12.토마토 13.아황산류 14.호두 15.닭고기 16.쇠고기 17.오징어 18.조개류(굴.전복.홍합 포함) 19.파인애플 20.키위 21.참깨 영양사 : 천은혜

Sheet 온라인_반찬
A1: No. | B1: 품목 | C1: 품명 | D1: 온라인(g) | E1: 급식(g) | F1: 온라인 중/대(EA) | G1: 급식(EA) | H1: 자재사용내역 | I1: 알러지표기 | K1: 상품코드 | L1: 출고량 (g 또는 수량) | M1: 로스율 (5%) | N1: 총생산량 (g 또는 수량) | O1: 급식 (g) | P1: 중 (g) | Q1: 대 (g) | R1: 단위 | S1: 급식 (EA) | T1: 중 (EA) | U1: 대 (EA) | V1: 단위 | W1: 상품코드 | X1: 상품명 M10 | Y1: 구매단위 (g) | Z1: 구매단위 (EA) | AA1: 발주 1인량 | AB1: (중) 1인량 | AC1: (대) 1인량 | AD1: 자재 Mix% | AE1: 상품코드 | AF1: 상품명 S10 | AG1: 발주 1인량 | AH1: (중) 1인량 | AI1: (대) 1인량 | AJ1: 자재 Mix% | AK1: 상품코드 | AL1: 상품명 S20 | AM1: 발주 1인량 | AN1: (중) 1인량 | AO1: (대) 1인량 | AP1: 자재 Mix%
A2: 1 | C2: 유부다시국 | H2: 유부[(대두:캐나다, 호주, 미국등), 대두유(대두:미국,프바질, 파라과이등)]21%, 건더기스프{볶음참께(인도산), 정제염(국산), 김조각(국산), 가쓰오브시(필리핀산)등]5%, 정제수, 마늘, 가스오우동소스, 소금 | I2: .5.21. | J2: 가스오우동소스(면사랑), 유부(이츠웰 슬라이스유부)
A3: 2 | C3: 올갱이미역국 | H3: 불린미역(국산)21%, 다슬기(국내산)2%, 마늘, 정제수, 국간장, 참치액, 소금 | I3: .5.9. | J3: 25g/30g
A4: 3 | C4: 북어콩나물국 | H4: 콩나물(콩:외국산)16% , 북어채(러시아산)5%, 두부(콩:미국,호주,캐나다등), 대파, 마늘, 참기름, 정제수, 소금 | I4: .5. | L4: 23450 | M4: 1172.5 | N4: 24622.5 | O4: =E4 -> 0 | P4: =D4 -> 0 | Q4: =D4 -> 0 | R4: g | S4: =E4 -> 0 | T4: =D4 -> 0 | U4: =D4 -> 0 | W4: 192872 | X4: =IFERROR(INDEX([1]Sheet1!$A$2:$X$1948,MATCH($W$2:$W$258,[1]Sheet1!$G$2:$G$1948,0),8),"") -> 소이원 콩나물(곱슬이_단채 4Kg/BOX) | Y4: 4000 | AA4: 25 | AB4: =T4*AD4 -> #DIV/0! | AC4: =U4*AD4 -> #DIV/0! | AD4: =AA4/E4 -> #DIV/0! | AE4: 313570 | AF4: =IFERROR(INDEX([1]Sheet1!$A$2:$X$1948,MATCH($AE$2:$AE$258,[1]Sheet1!$G$2:$G$1948,0),8),"") -> 프레시웨이 북어채(1Kg/EA) | AG4: 5 | AH4: =P4*AJ4 -> #DIV/0! | AI4: =Q4*AJ4 -> #DIV/0! | AJ4: =AG4/$E4 -> #DIV/0! | AL4: =IFERROR(INDEX([1]Sheet1!$A$2:$X$1948,MATCH($AK$2:$AK$258,[1]Sheet1!$G$2:$G$1948,0),8),"") -> 0 | AM4: 5 | AN4: =P4*AP4 -> #DIV/0! | AO4: =Q4*AP4 -> #DIV/0! | AP4: =AM4/$E4 -> #DIV/0!
A5: 4 | C5: 모둠어묵국 | H5: 무(국산)15%, 모둠어묵(어육:수입산)10%, 파, 마늘, 국간장, 멸치육수농축액, 정제수, 소금 | I5: .5.6. | J5: 종합어묵(사조대림)
A6: 5 | C6: 근대된장국 | H6: 근대(국산)22.8%, 양파(국산), 정제수, 된장, 대파, 마늘, 멸치육수농축액, 소금 | I6: .5. | J6: 40g / 55g | L6: 21960 | M6: 1098 | N6: 23058 | O6: =E6 -> 0 | P6: =D6 -> 0 | Q6: =D6 -> 0 | R6: g | S6: =E6 -> 0 | T6: =D6 -> 0 | U6: =D6 -> 0 | W6: 223306 | X6: =IFERROR(INDEX([1]Sheet1!$A$2:$X$1948,MATCH($W$2:$W$258,[1]Sheet1!$G$2:$G$1948,0),8),"") -> 냉동근대(IQF 1Kg/EA) | Y6: 1000 | AA6: 35 | AB6: =T6*AD6 -> #DIV/0! | AC6: =U6*AD6 -> #DIV/0! | AD6: =AA6/E6 -> #DIV/0! | AE6: 138570 | AF6: =IFERROR(INDEX([1]Sheet1!$A$2:$X$1948,MATCH($AE$2:$AE$258,[1]Sheet1!$G$2:$G$1948,0),8),"") -> 면사랑 멸치육수(1.8L_보급형 1.8Kg/EA) | AH6: =P6*AJ6 -> #DIV/0! | AI6: =Q6*AJ6 -> #DIV/0! | AJ6: =AG6/$E6 -> #DIV/0! | AL6: =IFERROR(INDEX([1]Sheet1!$A$2:$X$1948,MATCH($AK$2:$AK$258,[1]Sheet1!$G$2:$G$1948,0),8),"") -> 0
A7: 6 | C7: 오징어무국 | H7: 무(국산)20%, 오징어(미국산, 국산)5%, 양파, 대파, 마늘, 정제수, 멸치육수농축액, 국간장, 소금 | I7: .5.17.
A8: 7 | C8: 얼큰오징어무국 | H8: 무(국산)20%, 오징어(미국산, 국산)5%, 양파, 대파, 마늘, 정제수, 멸치육수농축액, 국간장, 고춧가루, 소금 | I8: .5.17.
A9: 8 | C9: 소고기샤브국 | H9: 소고기(호주산)12%, 알배추(국산)7%, 느타리(국산), 청경채(국산), 대파, 마늘, 간장, 정제수, 소금 | I9: .5.16.
A10: 9 | C10: 우삼겹된장찌개 | H10: 모둠채소(호박, 양파, 새송이:국산)20%, 두부(콩:미국,호주,캐나다등)8%, 우삼겹(미국산)3%, 파, 마늘, 된장, 멸치육수농축액, 정제수, 소금 | I10: .5.16. | O10: =E10 -> 0 | P10: =D10 -> 0 | Q10: =D10 -> 0 | R10: g | S10: =E10 -> 0 | T10: =D10 -> 0 | U10: =D10 -> 0 | W10: 204623 | X10: =IFERROR(INDEX([1]Sheet1!$A$2:$X$1948,MATCH($W$2:$W$258,[1]Sheet1!$G$2:$G$1948,0),8),"") -> 애호박(특품 인큐베이터 KG) | Y10: 1000 | AA10: 30 | AB10: =T10*AD10 -> #DIV/0! | AC10: =U10*AD10 -> #DIV/0! | AD10: =AA10/E10 -> #DIV/0! | AE10: 168257 | AF10: =IFERROR(INDEX([1]Sheet1!$A$2:$X$1948,MATCH($AE$2:$AE$258,[1]Sheet1!$G$2:$G$1948,0),8),"") -> 명품 판두부(찌개용 3Kg/EA) | AG10: 15 | AH10: =P10*AJ10 -> #DIV/0! | AI10: =Q10*AJ10 -> #DIV/0! | AJ10: =AG10/$E10 -> #DIV/0! | AL10: =IFERROR(INDEX([1]Sheet1!$A$2:$X$1948,MATCH($AK$2:$AK$258,[1]Sheet1!$G$2:$G$1948,0),8),"") -> 0
A11: 10 | C11: 부추계란국 | H11: 계란(국산)13%, 채소[양파, 당근, 부추:국산]10%, 정제수, 멸치육수농축액, 대파, 마늘, 소금 | I11: .1.5. | L11: 600 | M11: 30 | N11: 630 | O11: =E11 -> 0 | P11: =D11 -> 0 | Q11: =D11 -> 0 | R11: g | S11: =E11 -> 0 | T11: =D11 -> 0 | U11: =D11 -> 0 | W11: 193090 | X11: =IFERROR(INDEX([1]Sheet1!$A$2:$X$1948,MATCH($W$2:$W$258,[1]Sheet1!$G$2:$G$1948,0),8),"") -> 냉동감자(절단_3~4cm 1Kg/EA) | Y11: 1000 | AA11: 22 | AB11: =T11*AD11 -> #DIV/0! | AC11: =U11*AD11 -> #DIV/0! | AD11: =AA11/E11 -> #DIV/0! | AE11: 204623 | AF11: =IFERROR(INDEX([1]Sheet1!$A$2:$X$1948,MATCH($AE$2:$AE$258,[1]Sheet1!$G$2:$G$1948,0),8),"") -> 애호박(특품 인큐베이터 KG) | AH11: =P11*AJ11 -> #DIV/0! | AI11: =Q11*AJ11 -> #DIV/0! | AJ11: =AG11/$E11 -> #DIV/0! | AK11: 420010 | AL11: =IFERROR(INDEX([1]Sheet1!$A$2:$X$1948,MATCH($AK$2:$AK$258,[1]Sheet1!$G$2:$G$1948,0),8),"") -> 알로팜 계란(왕란_무항생제_68g*30입 2.04Kg/EA)
A12: 11 | C12: 순살동태국 | H12: 순살동태(러시아산)7.2%, 무(국산)13%,콩나물, 쑥갓, 양파, 대파, 마늘, 멸치육수농축액, 국간장, 소금 | I12: .5.9.10. | J12: 40g/50g
A13: 12 | C13: 소고기미역국 | H13: 불린미역(미역:국산)18.3%, 소고기(호주산)5%, 마늘, 정제수, 밥새우, 멸치육수농축액, 소금, 국간장 | I13: .5.9.16. | J13: 40g/50g 멸치육수농축액(면사랑)
A14: 13 | C14: 소고기무국 | H14: 무(국산)18.3%, 소고기(호주산)10.7%, 양파, 대파, 마늘, 정제수, 소금, 멸치육수농축액, 국간장, 후추 | I14: .5.16. | L14: 16590 | M14: 829.5 | N14: 17419.5 | O14: =E14 -> 0 | P14: =D14 -> 0 | Q14: =D14 -> 0 | R14: g | S14: =E14 -> 0 | T14: =D14 -> 0 | U14: =D14 -> 0 | W14: 145349 | X14: =IFERROR(INDEX([1]Sheet1!$A$2:$X$1948,MATCH($W$2:$W$258,[1]Sheet1!$G$2:$G$1948,0),8),"") -> 이츠웰 사골엑기스(1Kg/EA) | Y14: 1000 | AB14: =T14*AD14 -> #DIV/0! | AC14: =U14*AD14 -> #DIV/0! | AD14: =AA14/E14 -> #DIV/0! | AE14: 424285 | AF14: =IFERROR(INDEX([1]Sheet1!$A$2:$X$1948,MATCH($AE$2:$AE$258,[1]Sheet1!$G$2:$G$1948,0),8),"") -> 소양지(3*2*0.3cm_저지방 키즈용_국거리용 KG) | AH14: =P14*AJ14 -> #DIV/0! | AI14: =Q14*AJ14 -> #DIV/0! | AJ14: =AG14/$E14 -> #DIV/0! | AK14: 204418 | AL14: =IFERROR(INDEX([1]Sheet1!$A$2:$X$1948,MATCH($AK$2:$AK$258,[1]Sheet1!$G$2:$G$1948,0),8),"") -> 무우(특품 9~12개입 18Kg/BOX)
A15: 14 | C15: 얼큰소고기무국 | H15: 무(국산)18.3%, 소고기(호주산)10.7%, 양파, 대파, 마늘, 정제수, 소금, 고춧가루, 멸치육수농축액, 국간장, 후추 | I15: .5.16.
A16: 15 | C16: 맑은순두부국 | H16: 순두부(대두:수입산)15%, 호박, 파, 마늘, 새우젓(새우,소금:국산), 멸치육수농축액, 정제수, 소금 | I16: .5.9.
A17: 16 | C17: 소고기장국 | H17: 열갈이(국산)10%, 소고기(호주산)7%, 무(국산)5%, 콩나물(원료수입산)5%, 정제수, 된장, 대파, 마늘, 국간장, 멸치육수농축액, 소금 | I17: .5.16. | J17: 멸치육수농축액(면사랑)
A18: 17 | C18: 두부탕국 | H18: 두부(원료수입산)18%, 무(국산)10%,, 파, 마늘, 정제수, 멸치육수농축액, 국간장, 소금 | I18: .5. | J18: 멸치육수농축액(면사랑), 판두부(이츠웰)
A19: 18 | C19: 맑은미역국 | H19: 불린미역(국산)23%, 정제수, 참기름, 국간장, 밥새우, 멸치육수농축액, 마늘, 소금 | I19: .5.9. | L19: 2565 | M19: 128.25 | N19: 2693.25 | O19: =E19 -> 0 | P19: =D19 -> 0 | Q19: =D19 -> 0 | R19: g | S19: =E19 -> 0 | T19: =D19 -> 0 | U19: =D19 -> 0 | W19: 206631 | X19: =IFERROR(INDEX([1]Sheet1!$A$2:$X$1948,MATCH($W$2:$W$258,[1]Sheet1!$G$2:$G$1948,0),8),"") -> 냉동아욱(상품 1Kg/PAC) | Y19: 1000 | AA19: 32 | AB19: =T19*AD19 -> #DIV/0! | AC19: =U19*AD19 -> #DIV/0! | AD19: =AA19/E19 -> #DIV/0! | AE19: 313633 | AF19: =IFERROR(INDEX([1]Sheet1!$A$2:$X$1948,MATCH($AE$2:$AE$258,[1]Sheet1!$G$2:$G$1948,0),8),"") -> 현대푸드 두절건새우(중 1Kg/EA) | AH19: =P19*AJ19 -> #DIV/0! | AI19: =Q19*AJ19 -> #DIV/0! | AJ19: =AG19/$E19 -> #DIV/0! | AL19: =IFERROR(INDEX([1]Sheet1!$A$2:$X$1948,MATCH($AK$2:$AK$258,[1]Sheet1!$G$2:$G$1948,0),8),"") -> 0
A20: 19 | C20: 미소장국 | H20: 두부(콩:미국,호주,캐나다등)18%, 팽이버섯(국산)5%, 실파(국산), 정제수, 미소된장(국산), 멸치육수농축액, 소금 | I20: .5. | J20: 멸치육수농축액(면사랑)
A21: 20 | C21: 맑은콩나물국 | H21: 콩나물(콩:외국산)25%, 정제수, 국간장, 마늘, 대파, 멸치육수농축액, 소금 | I21: .5. | J21: 25g/35g
A22: 21 | C22: 하얀짬뽕국 | H22: 숙주(원료수입산)12%, 해산물(대왕오징어:페루산, 홍합.바지락.새우살:중국산)7%, 양파, 청경채, 파, 마늘, 정제수, 치킨스톡, 소금 | I22: .5.9.15.17.18. | L22: 1200 | M22: 60 | N22: 1260 | O22: =E22 -> 0 | P22: =D22 -> 0 | Q22: =D22 -> 0 | R22: g | S22: =E22 -> 0 | T22: =D22 -> 0 | U22: =D22 -> 0 | W22: 192872 | X22: =IFERROR(INDEX([1]Sheet1!$A$2:$X$1948,MATCH($W$2:$W$258,[1]Sheet1!$G$2:$G$1948,0),8),"") -> 소이원 콩나물(곱슬이_단채 4Kg/BOX) | AB22: =T22*AD22 -> #DIV/0! | AC22: =U22*AD22 -> #DIV/0! | AD22: =AA22/E22 -> #DIV/0! | AE22: 168257 | AF22: =IFERROR(INDEX([1]Sheet1!$A$2:$X$1948,MATCH($AE$2:$AE$258,[1]Sheet1!$G$2:$G$1948,0),8),"") -> 명품 판두부(찌개용 3Kg/EA) | AH22: =P22*AJ22 -> #DIV/0! | AI22: =Q22*AJ22 -> #DIV/0! | AJ22: =AG22/$E22 -> #DIV/0! | AL22: =IFERROR(INDEX([1]Sheet1!$A$2:$X$1948,MATCH($AK$2:$AK$258,[1]Sheet1!$G$2:$G$1948,0),8),"") -> 0
A23: 22 | C23: 짬뽕국 | H23: 숙주(원료수입산)12%, 해산물(대왕오징어:페루산, 홍합.바지락.새우살:중국산)7%, 양파, 청경채, 파, 마늘, 정제수, 고춧가루, 고추기름, 치킨스톡, 소금 | I23: .5.9.15.17.18.
A24: 23 | C24: 감자된장국 | H24: 감자(국산)20%, 양파, 파, 마늘, 멸치육수농축액, 된장, 정제수, 소금 | I24: .5.6.9.
A25: 24 | C25: 설렁탕 | H25: 소고기(호주산)14.3%, 사골육수 [잡뼈(한우), 사골(한우), 사골액기스 {정제수, 사골농축액17% (사골:호주산) 천일염}, 정제수], 생대파(국산), 후추, 소금 | I25: .5.16. | O25: =E25 -> 0 | P25: =D25 -> 0 | Q25: =D25 -> 0 | R25: g | S25: =E25 -> 0 | T25: =D25 -> 0 | U25: =D25 -> 0 | W25: 223307 | X25: =IFERROR(INDEX([1]Sheet1!$A$2:$X$1948,MATCH($W$2:$W$258,[1]Sheet1!$G$2:$G$1948,0),8),"") -> 냉동얼갈이(IQF 1Kg/EA) | Y25: 1000 | AA25: 42 | AB25: =T25*AD25 -> #DIV/0! | AC25: =U25*AD25 -> #DIV/0! | AD25: =AA25/E25 -> #DIV/0! | AE25: 145349 | AF25: =IFERROR(INDEX([1]Sheet1!$A$2:$X$1948,MATCH($AE$2:$AE$258,[1]Sheet1!$G$2:$G$1948,0),8),"") -> 이츠웰 사골엑기스(1Kg/EA) | AH25: =P25*AJ25 -> #DIV/0! | AI25: =Q25*AJ25 -> #DIV/0! | AJ25: =AG25/$E25 -> #DIV/0! | AL25: =IFERROR(INDEX([1]Sheet1!$A$2:$X$1948,MATCH($AK$2:$AK$258,[1]Sheet1!$G$2:$G$1948,0),8),"") -> 0
A26: 25 | C26: 유부미소국 | H26: 유부(원료수입산)10%, 팽이버섯(국산)2%, 미소된장(국내산), 정제수, 멸치육수농축액, 실파, 마늘, 소금 | I26: .5.
A27: 26 | C27: 전복소라미역국 | H27: 불린미역(국산)20%, 전복소라다이스[피뿔고동살(불가리아,터키,루마니아등)50%, 논우렁살(베트남산)30%, 전복살(말레이시아,인도네시아,중국 등)20%]5%, 정제수, 밥새우, 멸치육수농축액, 국간장, 참기름, 마늘, 소금 | I27: .5.9.18.21.
A28: 27 | C28: 조랭이떡국 | H28: 조랭이떡(쌀:수입산)25%, 소고기(호주산)3.5%, 계란지단(국산)1%, 양파, 대파, 마늘, 국간장, 정제수, 소금 | I28: .1.5.16. | O28: =E28 -> 0 | P28: =D28 -> 0 | Q28: =D28 -> 0 | R28: g | S28: =E28 -> 0 | T28: =D28 -> 0 | U28: =D28 -> 0 | W28: 192918 | X28: =IFERROR(INDEX([1]Sheet1!$A$2:$X$1948,MATCH($W$2:$W$258,[1]Sheet1!$G$2:$G$1948,0),8),"") -> 양배추(겉잎제거 KG) | Y28: 1000 | AA28: 35 | AB28: =T28*AD28 -> #DIV/0! | AC28: =U28*AD28 -> #DIV/0! | AD28: =AA28/E28 -> #DIV/0! | AE28: 424285 | AF28: =IFERROR(INDEX([1]Sheet1!$A$2:$X$1948,MATCH($AE$2:$AE$258,[1]Sheet1!$G$2:$G$1948,0),8),"") -> 소양지(3*2*0.3cm_저지방 키즈용_국거리용 KG) | AG28: 16 | AH28: =P28*AJ28 -> #DIV/0! | AI28: =Q28*AJ28 -> #DIV/0! | AJ28: =AG28/$E28 -> #DIV/0! | AL28: =IFERROR(INDEX([1]Sheet1!$A$2:$X$1948,MATCH($AK$2:$AK$258,[1]Sheet1!$G$2:$G$1948,0),8),"") -> 0
A29: 28 | C29: 소고기탕국 | H29: 무(국산)15%, 소고기(호주산)8%, 두부(원료수입산)5%, 양파, 대파, 마늘, 정제수, 멸치육수농축액, 국간장, 소금 | I29: .5.16. | J29: 40g/60g
A30: 29 | C30: 북어국 | H30: 북어채(러시아산)5%, 두부(원료수입산)12%, 무8%, 양파, 정제수, 대파, 마늘, 참기름, 국간장, 소금 | I30: .5.21. | L30: 2535 | M30: 126.75 | N30: 2661.75 | O30: =E30 -> 0 | P30: =D30 -> 0 | Q30: =D30 -> 0 | R30: g | S30: =E30 -> 0 | T30: =D30 -> 0 | U30: =D30 -> 0 | W30: 211037 | X30: =IFERROR(INDEX([1]Sheet1!$A$2:$X$1948,MATCH($W$2:$W$258,[1]Sheet1!$G$2:$G$1948,0),8),"") -> 느타리버섯(실속 균상 2Kg/EA) | Y30: 2000 | AA30: 23 | AB30: =T30*AD30 -> #DIV/0! | AC30: =U30*AD30 -> #DIV/0! | AD30: =AA30/E30 -> #DIV/0! | AE30: 205745 | AF30: =IFERROR(INDEX([1]Sheet1!$A$2:$X$1948,MATCH($AE$2:$AE$258,[1]Sheet1!$G$2:$G$1948,0),8),"") -> 총알새송이버섯(실속 2Kg/BOX) | AG30: 11 | AH30: =P30*AJ30 -> #DIV/0! | AI30: =Q30*AJ30 -> #DIV/0! | AJ30: =AG30/$E30 -> #DIV/0! | AL30: =IFERROR(INDEX([1]Sheet1!$A$2:$X$1948,MATCH($AK$2:$AK$258,[1]Sheet1!$G$2:$G$1948,0),8),"") -> 0
A31: 30 | C31: 순두부된장국 | H31: 순두부(콩:미국,캐나다,호주등)25%, 된장(국산), 파, 마늘, 정제수, 멸치육수농축액, 소금 | I31: .5. | O31: =E31 -> 0 | P31: =D31 -> 0 | Q31: =D31 -> 0 | R31: g | S31: =E31 -> 0 | T31: =D31 -> 0 | U31: =D31 -> 0 | W31: 193090 | X31: =IFERROR(INDEX([1]Sheet1!$A$2:$X$1948,MATCH($W$2:$W$258,[1]Sheet1!$G$2:$G$1948,0),8),"") -> 냉동감자(절단_3~4cm 1Kg/EA) | Y31: 1000 | AA31: 30 | AB31: =T31*AD31 -> #DIV/0! | AC31: =U31*AD31 -> #DIV/0! | AD31: =AA31/E31 -> #DIV/0! | AE31: 204964 | AF31: =IFERROR(INDEX([1]Sheet1!$A$2:$X$1948,MATCH($AE$2:$AE$258,[1]Sheet1!$G$2:$G$1948,0),8),"") -> 냉동표고버섯(슬라이스 1Kg/PAC) | AG31: 13 | AH31: =P31*AJ31 -> #DIV/0! | AI31: =Q31*AJ31 -> #DIV/0! | AJ31: =AG31/$E31 -> #DIV/0! | AL31: =IFERROR(INDEX([1]Sheet1!$A$2:$X$1948,MATCH($AK$2:$AK$258,[1]Sheet1!$G$2:$G$1948,0),8),"") -> 0 | AN31: =P31*AP31 -> #DIV/0! | AO31: =Q31*AP31 -> #DIV/0! | AP31: =AM31/$E31 -> #DIV/0!
A32: 31 | C32: 맑은닭곰탕 | H32: 닭고기(국산)12%, 무(국산)10%, 정제수, 파, 마늘, 소금 | I32: .5.16. | J32: 40g / 50g
A33: 32 | C33: 우거지된장국 | H33: 우거지(국산)17%, 두부(원료수입산)10.7%, 양파, 대파, 마늘, 된장, 정제수, 멸치육수농축액, 소금 | I33: .5.
A34: 33 | C34: 대파계란탕 | H34: 계란(국산)20%, 대파(국산)2%, 마늘, 멸치육수농축액, 정제수, 소금 | I34: .1.5. | J34: 멸치육수농축액(면사랑)
A35: 34 | C35: 게살계란탕 | H35: 계란(국산)18.7%, 게살(국산)3.5%, 팽이버섯, 파, 마늘, 멸치육수농축액, 정제수, 녹말가루, 소금, 참기름 | I35: .1.8.
A36: 35 | C36: 논우렁살된장찌개 | H36: 논우렁살(우렁:베트남산), 모둠채소(호박, 양파, 감자:국산)25%, 두부(콩:미국,호주,캐나다등)8%, 파, 마늘, 된장, 멸치육수농축액, 정제수, 소금 | I36: .5.
A37: 36 | C37: 순두부된장찌개 | H37: 모둠채소(호박, 양파, 감자:국산)20%, 순두부(콩:미국,호주,캐나다등)12%, 파, 마늘, 된장, 멸치육수농축액, 정제수, 소금 | I37: .5.
A38: 37 | C38: 호박잎된장찌개 | H38: 호박잎(국내산)5%, 모둠채소(호박, 양파, 감자:국산)20%, 두부(콩:미국,호주,캐나다등)8%, 파, 마늘, 된장, 멸치육수농축액, 정제수, 소금 | I38: .5.
C39: 꽃게된장찌개 | H39: 꽃게(중국산)18%, 모듬채소(호박,양파,감자:국산)12%, 두부(대두:외국산), 마늘, 된장, 멸치육수농축액, 정제수, 국간장, 소금 | I39: .5.8.
A40: 38 | C40: 콩나물된장국 | H40: 콩나물(콩:수입산)20%, 두부(콩:수입산)8%, 양파, 파, 마늘, 정제수, 된장, 소금 | I40: .5. | O40: =E40 -> 0 | P40: 120 | R40: g | S40: 2 | T40: 6 | U40: 10 | V40: 개 | W40: 127359 | X40: =IFERROR(INDEX([1]Sheet1!$A$2:$X$1948,MATCH($W$2:$W$258,[1]Sheet1!$G$2:$G$1948,0),8),"") -> 사조대림 사각잡채군만두(32±1개입 800g/EA) | Y40: 800 | Z40: 32 | AA40: 2 | AB40: =T40 -> 6 | AC40: =U40 -> 10 | AF40: =IFERROR(INDEX([1]Sheet1!$A$2:$X$1948,MATCH($AE$2:$AE$258,[1]Sheet1!$G$2:$G$1948,0),8),"") -> 0 | AH40: =P40*AJ40 -> #DIV/0! | AI40: =Q40*AJ40 -> #DIV/0! | AJ40: =AG40/$E40 -> #DIV/0! | AL40: =IFERROR(INDEX([1]Sheet1!$A$2:$X$1948,MATCH($AK$2:$AK$258,[1]Sheet1!$G$2:$G$1948,0),8),"") -> 0 | AN40: =P40*AP40 -> #DIV/0! | AO40: =Q40*AP40 -> #DIV/0! | AP40: =AM40/$E40 -> #DIV/0!
A41: 39 | C41: 소고기양배추국 | H41: 양배추(국산)19.6%, 소고기(호주산)5.4%, 정제수, 대파, 마늘, 소금,멸치육수농축액, 국간장 | I41: .5.16. | O41: =E41 -> 0 | P41: =D41 -> 0 | Q41: =D41 -> 0 | R41: g | S41: =E41 -> 0 | T41: =D41 -> 0 | U41: =D41 -> 0 | W41: 211037 | X41: =IFERROR(INDEX([1]Sheet1!$A$2:$X$1948,MATCH($W$2:$W$258,[1]Sheet1!$G$2:$G$1948,0),8),"") -> 느타리버섯(실속 균상 2Kg/EA) | Y41: 2000 | AA41: 15 | AB41: =T41*AD41 -> #DIV/0! | AC41: =U41*AD41 -> #DIV/0! | AD41: =AA41/E41 -> #DIV/0! | AE41: 204964 | AF41: =IFERROR(INDEX([1]Sheet1!$A$2:$X$1948,MATCH($AE$2:$AE$258,[1]Sheet1!$G$2:$G$1948,0),8),"") -> 냉동표고버섯(슬라이스 1Kg/PAC) | AG41: 15 | AH41: =P41*AJ41 -> #DIV/0! | AI41: =Q41*AJ41 -> #DIV/0! | AJ41: =AG41/$E41 -> #DIV/0! | AK41: 226247 | AL41: =IFERROR(INDEX([1]Sheet1!$A$2:$X$1948,MATCH($AK$2:$AK$258,[1]Sheet1!$G$2:$G$1948,0),8),"") -> 냉동표고버섯(1.5*1.5cm다이스 1Kg/EA)
A42: 40 | C42: 열무된장국 | H42: 열무(국산)18%, 두부(대두:수입산), 양파, 파, 마늘, 된장, 멸치육수농축액, 국간장, 정제수, 소금 | I42: .5. | J42: 40g / 50g
A43: 41 | C43: 닭봉삼계탕 | H43: 닭봉(국산)36%, 무(국산)7%, 약재(황기, 대추, 당귀, 허개나무, 엄나무, 오가피 : 국산)3%, 정제수, 파, 마늘, 후추가루, 소금 | I43: .5.16.
A44: 42 | C44: 황태미역국 | H44: 미역(국산)18%, 황태(러시아산)5%, 정제수, 밥새우, 멸치육수농축액, 국간장, 참기름, 마늘, 소금 | I44: .5.9.21. | L44: 320 | M44: 16 | N44: 336 | O44: =E44 -> 0 | P44: =D44 -> 0 | Q44: =D44 -> 0 | R44: g | S44: =E44 -> 0 | T44: =D44 -> 0 | U44: =D44 -> 0 | W44: 318643 | X44: =IFERROR(INDEX([1]Sheet1!$A$2:$X$1948,MATCH($W$2:$W$258,[1]Sheet1!$G$2:$G$1948,0),8),"") -> 아이누리 자른건미역(상품 200g/EA) | Y44: 200 | AA44: 3 | AB44: =T44*AD44 -> #DIV/0! | AC44: =U44*AD44 -> #DIV/0! | AD44: =AA44/E44 -> #DIV/0! | AE44: 193090 | AF44: =IFERROR(INDEX([1]Sheet1!$A$2:$X$1948,MATCH($AE$2:$AE$258,[1]Sheet1!$G$2:$G$1948,0),8),"") -> 냉동감자(절단_3~4cm 1Kg/EA) | AG44: 17 | AH44: =P44*AJ44 -> #DIV/0! | AI44: =Q44*AJ44 -> #DIV/0! | AJ44: =AG44/$E44 -> #DIV/0! | AL44: =IFERROR(INDEX([1]Sheet1!$A$2:$X$1948,MATCH($AK$2:$AK$258,[1]Sheet1!$G$2:$G$1948,0),8),"") -> 0
A45: 43 | C45: 소고기숙주국 | H45: 숙주(원료수입산)20%, 소고기(호주산)8%, 정제수, 대파, 마늘, 멸치육수농축액, 국간장, 소금 | I45: .5.6.16. | J45: 멸치육수농축액(면사랑)
A46: 44 | C46: 순살아귀탕 | H46: 아귀(국산)8%, 미나리(국산)1.5%, 콩나물(콩:수입산), 무(국산), 파, 마늘, 정제수, 국간장, 소금 | I46: .5. | J46: 40g / 50g
A47: 45 | C47: 시금치된장국 | H47: 시금치(중국산)23%, 양파, 대파, 마늘, 정제수, 된장, 국간장, 멸치육수농축액, 소금 | I47: .5. | J47: 멸치육수농축액(면사랑)
A48: 46 | C48: 들깨무채국 | H48: 무(국산)20%, 두부(콩:미국,호주,캐나다등), 거피들깨(중국산), 대파, 마늘, 멸치육수농축액, 정제수, 소금 | I48: .5.22.
A49: 47 | C49: 건새우무채국 | H49: 무(국산)25%, 건새우(국산)3%, 대파, 마늘, 멸치육수농축액, 정제수, 소금 | I49: .5.9.
A50: 48 | C50: 모둠채소된장국 | H50: 모둠채소[(호박.감자.양파.느타리버섯:국산),.표고버섯(중국산)]20%, 두부(원료수입산)5%, 정제수, 된장, 대파, 마늘, 소금 | I50: .5.9. | J50: 50g/60g
A51: 49 | C51: 볼어묵양배추국 | H51: 양배추(국산)15%, 볼어묵{연육53.29%(어육:중국산, 베트남산), 밀가루(밀:호주산, 미국산), 정제소금(국산), 대두유}10.5%, 정제수, 대파, 마늘, 소금, 국간장, 멸치육수농축액 | I51: .1.5.6. | J51: 볼어묵(이츠웰) | L51: 12870 | M51: 643.5 | N51: 13513.5 | O51: =E51 -> 0 | P51: 200 | Q51: 300 | R51: g | W51: 193090 | X51: =IFERROR(INDEX([1]Sheet1!$A$2:$X$1948,MATCH($W$2:$W$258,[1]Sheet1!$G$2:$G$1948,0),8),"") -> 냉동감자(절단_3~4cm 1Kg/EA) | Y51: 1000 | AA51: 23 | AB51: =P51*AD51 -> #DIV/0! | AC51: =Q51*AD51 -> #DIV/0! | AD51: =AA51/E51 -> #DIV/0! | AE51: 410401 | AF51: =IFERROR(INDEX([1]Sheet1!$A$2:$X$1948,MATCH($AE$2:$AE$258,[1]Sheet1!$G$2:$G$1948,0),8),"") -> 체리부로 닭다리살(무항생_100±10g/덩어리_껍질있음 KG) | AG51: 9 | AH51: =P51*AJ51 -> #DIV/0! | AI51: =Q51*AJ51 -> #DIV/0! | AJ51: =AG51/$E51 -> #DIV/0! | AL51: =IFERROR(INDEX([1]Sheet1!$A$2:$X$1948,MATCH($AK$2:$AK$258,[1]Sheet1!$G$2:$G$1948,0),8),"") -> 0 | AN51: =P51*AP51 -> #DIV/0! | AO51: =Q51*AP51 -> #DIV/0! | AP51: =AM51/$E51 -> #DIV/0!
A52: 50 | C52: 시래기된장국 | H52: 시래기(무청시래기:국산)25%, 양파, 대파, 마늘, 정제수, 된장, 멸치육수농축액, 소금 | I52: .5. | J52: 30g/40g | O52: =E52 -> 0 | R52: g | W52: 223307 | X52: =IFERROR(INDEX([1]Sheet1!$A$2:$X$1948,MATCH($W$2:$W$258,[1]Sheet1!$G$2:$G$1948,0),8),"") -> 냉동얼갈이(IQF 1Kg/EA) | Y52: 1000 | AA52: 26 | AB52: =P52*AD52 -> #DIV/0! | AC52: =Q52*AD52 -> #DIV/0! | AD52: =AA52/E52 -> #DIV/0! | AF52: =IFERROR(INDEX([1]Sheet1!$A$2:$X$1948,MATCH($AE$2:$AE$258,[1]Sheet1!$G$2:$G$1948,0),8),"") -> 0 | AH52: =P52*AJ52 -> #DIV/0! | AI52: =Q52*AJ52 -> #DIV/0! | AJ52: =AG52/$E52 -> #DIV/0! | AL52: =IFERROR(INDEX([1]Sheet1!$A$2:$X$1948,MATCH($AK$2:$AK$258,[1]Sheet1!$G$2:$G$1948,0),8),"") -> 0 | AN52: =P52*AP52 -> #DIV/0! | AO52: =Q52*AP52 -> #DIV/0! | AP52: =AM52/$E52 -> #DIV/0!
A53: 51 | C53: 소고기콩나물국 | H53: 콩나물(원료수입산)20%, 소고기(호주산)10.5%, 정제수, 대파, 마늘, 소금,멸치육수농축액, 국간장 | I53: .5.16. | J53: 33g/45g
A54: 52 | C54: 올갱이된장국 | H54: 얼갈이(국산) 20%, 다슬기(국산)3%, 된장(콩:원료수입산), 파, 마늘, 양파, 정제수, 국간장, 소금, | I54: .5. | J54: 30g/40g
A55: 53 | C55: 표고계란탕 | H55: 계란(국산)20%, 표고(국산)3%, 파, 마늘, 멸치육수농축액, 정제수, 소금 | I55: .1.5.
A56: 54 | C56: 건홍합미역국 | H56: 불린미역(국산)18%, 건홍합(국내산)5%, 정제수, 밥새우, 멸치육수농축액, 국간장, 참기름, 마늘, 소금 | I56: 5.9.21.
A57: 55 | C57: 한방닭곰탕 | H57: 닭고기(국산)12%, 무(국산)10%, 곰탕육수(정제수, 황기, 대추, 당귀, 헛개나무, 엄나무, 오가피:국산), 파, 마늘, 소금 | I57: .5.16. | J57: 40g / 50g
A58: 56 | C58: 몽글순두부탕 | H58: 몽글순두부(대두:미국,태나다.중국 등)70%, 정제수, 멸치육수농축액, 국간장 | I58: .5. | J58: 몽글순두부(풀무원)
A59: 57 | C59: 모둠햄찌개 | H59: 모둠{미트햄[돼지고기(지방일부사용,국산)61.28%, 정제수), 찌개용어슷후랑크[닭고기(국산)38.2%], 선진카나디안햄[돼지고기(지방일부사용,국산)]}18%, 돼지고기(국산)5%, 사골액기스,김치,양파, 파, 마늘, 정제수, 국간장, 소금, 후추 | I59: .1.2.5.6.10.12.15.16.18. | J59: 사골엑기스(이츠웰), 모둠햄(선진) | L59: 42080 | M59: 2104 | N59: 44184 | O59: =E59 -> 0 | P59: =D59 -> 0 | Q59: =D59 -> 0 | R59: g | S59: =E59 -> 0 | T59: =D59 -> 0 | U59: =D59 -> 0 | W59: 204418 | X59: =IFERROR(INDEX([1]Sheet1!$A$2:$X$1948,MATCH($W$2:$W$258,[1]Sheet1!$G$2:$G$1948,0),8),"") -> 무우(특품 9~12개입 18Kg/BOX) | Y59: 18000 | AA59: 32 | AB59: =T59*AD59 -> #DIV/0! | AC59: =U59*AD59 -> #DIV/0! | AD59: =AA59/E59 -> #DIV/0! | AE59: 313064 | AF59: =IFERROR(INDEX([1]Sheet1!$A$2:$X$1948,MATCH($AE$2:$AE$258,[1]Sheet1!$G$2:$G$1948,0),8),"") -> 아이누리 오징어몸채(500g/EA) | AG59: 20 | AH59: =P59*AJ59 -> #DIV/0! | AI59: =Q59*AJ59 -> #DIV/0! | AJ59: =AG59/$E59 -> #DIV/0! | AL59: =IFERROR(INDEX([1]Sheet1!$A$2:$X$1948,MATCH($AK$2:$AK$258,[1]Sheet1!$G$2:$G$1948,0),8),"") -> 0
A60: 58 | C60: 부대햄볶음 | H60: 모둠{미트햄[돼지고기(지방일부사용,국산)61.28%, 정제수), 찌개용어슷후랑크[닭고기(국산)38.2%], 선진카나디안햄[돼지고기(지방일부사용,국산)]}18%, 베이크드빈(원료수입산)3%, 양배추, 양파, 파, 마늘, 대두유, 케첩, 간장, 설탕, 고춧가루, 치킨스톡, 물엿, 후추 | I60: .1.2.5.6.10.12.15.16.18. | J60: 사골엑기스(이츠웰), 모둠햄(선진)
A61: 59 | C61: 황태감자국 | H61: 감자(국산)17%, 황태(러시아산)3%, 양파, 파, 마늘, 멸치육수농축액, 정제수, 소금 | I61: .5.
A62: 60 | C62: 두부된장국 | H62: 두부(콩:미국,캐나다,호주등)13%, 모둠버섯[새송이(국산), 표고(중국산),]10%, 양파, 파, 마늘, 된장, 멸치육수농축액, 정제수, 소금 | I62: .5. | J62: 판두부(이츠웰)
A63: 61 | C63: 팽이미소국 | H63: 미역(국산)10%, 팽이버섯(국산)8%, 미소된장(국산), 멸치육수농축액, 정제수, 소금 | I63: .5. | O63: =E63 -> 0 | P63: =D63 -> 0 | Q63: =D63 -> 0 | R63: g | S63: =E63 -> 0 | T63: =D63 -> 0 | U63: =D63 -> 0 | W63: 105902 | X63: =IFERROR(INDEX([1]Sheet1!$A$2:$X$1948,MATCH($W$2:$W$258,[1]Sheet1!$G$2:$G$1948,0),8),"") -> 아와세 아까미소(일식용 1Kg/EA) | Y63: 1000 | AA63: 15 | AB63: =T63*AD63 -> #DIV/0! | AC63: =U63*AD63 -> #DIV/0! | AD63: =AA63/E63 -> #DIV/0! | AE63: 318643 | AF63: =IFERROR(INDEX([1]Sheet1!$A$2:$X$1948,MATCH($AE$2:$AE$258,[1]Sheet1!$G$2:$G$1948,0),8),"") -> 아이누리 자른건미역(상품 200g/EA) | AG63: 3 | AH63: =P63*AJ63 -> #DIV/0! | AI63: =Q63*AJ63 -> #DIV/0! | AJ63: =AG63/$E63 -> #DIV/0! | AK63: 266412 | AL63: =IFERROR(INDEX([1]Sheet1!$A$2:$X$1948,MATCH($AK$2:$AK$258,[1]Sheet1!$G$2:$G$1948,0),8),"") -> 한미식품 유부(슬라이스 1Kg/EA)
A64: 62 | C64: 오징어콩나물국 | H64: 콩나물(원료수입산)13%, 무(국산)10%, 오징어(미국산,국산)5%, 대파, 마늘, 정제수, 멸치육수농축액, 국간장, 소금 | I64: .5.17.
A65: 63 | C65: 얼갈이된장국 | H65: 얼갈이(국산) 23%, 된장(콩:원료수입산), 파, 마늘, 양파, 정제수, 멸치육수농축액, 국간장, 소금, | I65: .5. | O65: =E65 -> 0 | P65: =D65 -> 0 | Q65: =D65 -> 0 | R65: g | S65: =E65 -> 0 | T65: =D65 -> 0 | U65: =D65 -> 0 | W65: 219387 | X65: =IFERROR(INDEX([1]Sheet1!$A$2:$X$1948,MATCH($W$2:$W$258,[1]Sheet1!$G$2:$G$1948,0),8),"") -> 냉동배추우거지(1Kg/EA) | Y65: 1000 | AA65: 26 | AB65: =T65*AD65 -> #DIV/0! | AC65: =U65*AD65 -> #DIV/0! | AD65: =AA65/E65 -> #DIV/0! | AE65: 168257 | AF65: =IFERROR(INDEX([1]Sheet1!$A$2:$X$1948,MATCH($AE$2:$AE$258,[1]Sheet1!$G$2:$G$1948,0),8),"") -> 명품 판두부(찌개용 3Kg/EA) | AG65: 17 | AH65: =P65*AJ65 -> #DIV/0! | AI65: =Q65*AJ65 -> #DIV/0! | AJ65: =AG65/$E65 -> #DIV/0! | AL65: =IFERROR(INDEX([1]Sheet1!$A$2:$X$1948,MATCH($AK$2:$AK$258,[1]Sheet1!$G$2:$G$1948,0),8),"") -> 0
A66: 64 | C66: 소고기버섯국 | H66: 버섯 [느타리,새송이:국산)]18%, 소고기(호주산)10%, 양파, 정제수, 마늘, 대파, 국간장, 소금 | I66: .5.16. | O66: =E66 -> 0 | P66: =D66 -> 0 | Q66: =D66 -> 0 | R66: g | S66: =E66 -> 0 | T66: =D66 -> 0 | U66: =D66 -> 0 | W66: 318643 | X66: =IFERROR(INDEX([1]Sheet1!$A$2:$X$1948,MATCH($W$2:$W$258,[1]Sheet1!$G$2:$G$1948,0),8),"") -> 아이누리 자른건미역(상품 200g/EA) | Y66: 200 | AA66: 3 | AB66: =T66*AD66 -> #DIV/0! | AC66: =U66*AD66 -> #DIV/0! | AD66: =AA66/E66 -> #DIV/0! | AE66: 424285 | AF66: =IFERROR(INDEX([1]Sheet1!$A$2:$X$1948,MATCH($AE$2:$AE$258,[1]Sheet1!$G$2:$G$1948,0),8),"") -> 소양지(3*2*0.3cm_저지방 키즈용_국거리용 KG) | AG66: 10 | AH66: =P66*AJ66 -> #DIV/0! | AI66: =Q66*AJ66 -> #DIV/0! | AJ66: =AG66/$E66 -> #DIV/0! | AL66: =IFERROR(INDEX([1]Sheet1!$A$2:$X$1948,MATCH($AK$2:$AK$258,[1]Sheet1!$G$2:$G$1948,0),8),"") -> 0
C67: 닭고기버섯국 | H67: 닭고기(국내산)7%, 버섯 [느타리,새송이:국산)]5%, 무(국산), 양파, 정제수, 마늘, 대파, 치킨스톡, 국간장, 소금 | I67: .5.15. | J67: 40g / 50g
A68: 65 | C68: 소고기감자국 | H68: 감자(국내산)18%, 소고기(호주산,미국산)7%, 양파, 정제수, 마늘, 대파, 국간장, 소금 | I68: .5.16.
A69: 66 | C69: 바지락냉이된장국 | H69: 냉이(국산)7.8%, 모둠채소[느타리버섯(국산)), 무(국산), 양파(국산) ]13%, 바지락(중국산)3.5%, 파, 마늘, 된장, 정제수, 멸치육수농축액, 소금 | I69: .5.18.
A70: 67 | C70: 황태콩나물국 | H70: 콩나물(콩:외국산)16% , 황태채(러시아산)5%, 대파, 마늘, 참기름, 정제수, 소금 | I70: .5.21.
A71: 68 | C71: 황태계란국 | H71: 계란(국산)10%, 황태채(러시아산)5%, 양파, 파, 마늘, 정제수, 참기름, 국간장, 소금 | I71: .1.5.21. | O71: =E71 -> 0 | P71: =D71 -> 0 | Q71: =D71 -> 0 | R71: g | S71: =E71 -> 0 | T71: =D71 -> 0 | U71: =D71 -> 0 | W71: 143422 | X71: =IFERROR(INDEX([1]Sheet1!$A$2:$X$1948,MATCH($W$2:$W$258,[1]Sheet1!$G$2:$G$1948,0),8),"") -> 이츠웰 순두부(1Kg/EA) | Y71: 1000 | AA71: 43 | AB71: =T71*AD71 -> #DIV/0! | AC71: =U71*AD71 -> #DIV/0! | AD71: =AA71/E71 -> #DIV/0! | AE71: 138570 | AF71: =IFERROR(INDEX([1]Sheet1!$A$2:$X$1948,MATCH($AE$2:$AE$258,[1]Sheet1!$G$2:$G$1948,0),8),"") -> 면사랑 멸치육수(1.8L_보급형 1.8Kg/EA) | AH71: =P71*AJ71 -> #DIV/0! | AI71: =Q71*AJ71 -> #DIV/0! | AJ71: =AG71/$E71 -> #DIV/0! | AL71: =IFERROR(INDEX([1]Sheet1!$A$2:$X$1948,MATCH($AK$2:$AK$258,[1]Sheet1!$G$2:$G$1948,0),8),"") -> 0
A72: 69 | C72: 모둠채소맑은국 | H72: 모둠채소[호박,감자,무,양파:국내산]25%, 파, 마늘, 정제수, 멸치육수농축액, 국간장, 소금 | I72: .5. | L72: 540 | M72: 27 | N72: 567 | O72: =E72 -> 0 | P72: =D72 -> 0 | Q72: =D72 -> 0 | R72: g | S72: =E72 -> 0 | T72: =D72 -> 0 | U72: =D72 -> 0 | W72: 318643 | X72: =IFERROR(INDEX([1]Sheet1!$A$2:$X$1948,MATCH($W$2:$W$258,[1]Sheet1!$G$2:$G$1948,0),8),"") -> 아이누리 자른건미역(상품 200g/EA) | Y72: 200 | AA72: 3 | AB72: =T72*AD72 -> #DIV/0! | AC72: =U72*AD72 -> #DIV/0! | AD72: =AA72/E72 -> #DIV/0! | AF72: =IFERROR(INDEX([1]Sheet1!$A$2:$X$1948,MATCH($AE$2:$AE$258,[1]Sheet1!$G$2:$G$1948,0),8),"") -> 0 | AH72: =P72*AJ72 -> #DIV/0! | AI72: =Q72*AJ72 -> #DIV/0! | AJ72: =AG72/$E72 -> #DIV/0! | AL72: =IFERROR(INDEX([1]Sheet1!$A$2:$X$1948,MATCH($AK$2:$AK$258,[1]Sheet1!$G$2:$G$1948,0),8),"") -> 0
A73: 70 | C73: 들깨미역국 | H73: 불린미역(국산)23%, 정제수, 거피들깨(중국산), 참기름, 국간장, 밥새우, 멸치육수농축액, 마늘, 소금 | I73: .5.9.21.22. | L73: 16590 | M73: 829.5 | N73: 17419.5 | O73: =E73 -> 0 | P73: =D73 -> 0 | Q73: =D73 -> 0 | R73: g | S73: =E73 -> 0 | T73: =D73 -> 0 | U73: =D73 -> 0 | W73: 204418 | X73: =IFERROR(INDEX([1]Sheet1!$A$2:$X$1948,MATCH($W$2:$W$258,[1]Sheet1!$G$2:$G$1948,0),8),"") -> 무우(특품 9~12개입 18Kg/BOX) | Y73: 18000 | AA73: 28 | AB73: =T73*AD73 -> #DIV/0! | AC73: =U73*AD73 -> #DIV/0! | AD73: =AA73/E73 -> #DIV/0! | AE73: 424285 | AF73: =IFERROR(INDEX([1]Sheet1!$A$2:$X$1948,MATCH($AE$2:$AE$258,[1]Sheet1!$G$2:$G$1948,0),8),"") -> 소양지(3*2*0.3cm_저지방 키즈용_국거리용 KG) | AG73: 17 | AH73: =P73*AJ73 -> #DIV/0! | AI73: =Q73*AJ73 -> #DIV/0! | AJ73: =AG73/$E73 -> #DIV/0! | AL73: =IFERROR(INDEX([1]Sheet1!$A$2:$X$1948,MATCH($AK$2:$AK$258,[1]Sheet1!$G$2:$G$1948,0),8),"") -> 0
C74: 건새우미역국 | H74: 불린미역(국산)23%, 건새우(국내산),3%, 정제수, 참기름, 국간장, 밥새우, 멸치육수농축액, 마늘, 소금 | I74: .5.9.21.
A75: 71 | C75: 조랭이떡미역국 | H75: 미역(국산)18.6%, 조랭이떡(쌀:수입산)12%, 정제수, 밥새우, 멸치육수농축액, 국간장, 참기름, 소금 | I75: .5.9.21.
A76: 72 | C76: 바지락살무국 | H76: 무(국산)20%, 바지락살(중국산)5%, 두부(콩:미국.호주.캐나다등), 대파, 마늘, 국간장, 정제수, 소금
A77: 73 | C77: 유부무국 | H77: 무(국산_)18.3%, 유부(원료수입산)7%, 정제수, 국간장, 파, 마늘, 소금 | I77: .5. | O77: =E77 -> 0 | P77: =D77 -> 0 | Q77: =D77 -> 0 | R77: g | S77: =E77 -> 0 | T77: =D77 -> 0 | U77: =D77 -> 0 | W77: 193090 | X77: =IFERROR(INDEX([1]Sheet1!$A$2:$X$1948,MATCH($W$2:$W$258,[1]Sheet1!$G$2:$G$1948,0),8),"") -> 냉동감자(절단_3~4cm 1Kg/EA) | Y77: 1000 | AA77: 28 | AB77: =T77*AD77 -> #DIV/0! | AC77: =U77*AD77 -> #DIV/0! | AD77: =AA77/E77 -> #DIV/0! | AE77: 226247 | AF77: =IFERROR(INDEX([1]Sheet1!$A$2:$X$1948,MATCH($AE$2:$AE$258,[1]Sheet1!$G$2:$G$1948,0),8),"") -> 냉동표고버섯(1.5*1.5cm다이스 1Kg/EA) | AH77: =P77*AJ77 -> #DIV/0! | AI77: =Q77*AJ77 -> #DIV/0! | AJ77: =AG77/$E77 -> #DIV/0! | AK77: 420010 | AL77: =IFERROR(INDEX([1]Sheet1!$A$2:$X$1948,MATCH($AK$2:$AK$258,[1]Sheet1!$G$2:$G$1948,0),8),"") -> 알로팜 계란(왕란_무항생제_68g*30입 2.04Kg/EA)
A78: 74 | C78: 감자계란국 | H78: 감자(국산)15%, 계란(국산)3.5%, 양파, 파, 마늘, 멸치육수농축액, 정제수, 소금 | I78: .1.5.
A79: 75 | C79: 육개장 | H79: 소고기(호주산)8.3%, 무(국산)10%, 고사리(중국산), 숙주(원료수입산), 느타리버섯, 파, 마늘, 정제수, 국간장, 고춧가루, 소금, 후추 | I79: .5.16.
A80: 76 | C80: 두부계란국 | H80: 두부(대두:수입산)18%, 계란(국내산)3.5%, 파, 마늘, 멸치육수농축액, 정제수, 소금 | I80: .1.5.
A81: 77 | C81: 어묵양배추국 | H81: 어묵(원료수입산)15%, 양배추(국산)10%, 양파, 대파, 마늘, 정제수, 국간장, 소금 | I81: .5.
A82: 78 | C82: 호박잎된장국 | H82: 채소[호박잎, 호박, 감자]25%, 정제수, 파, 마늘, 된장, 멸치육수농축액, 국간장, 소금 | I82: .5.
A83: 79 | C83: 얼큰어묵탕 | H83: 볼어묵[연육(:중국산, 베트남산)53.29%, 설탕, 밀가루(밀:미국산, 호주산), 정제소금(국산)]18%, 무(국산)10%, 양파, 대파, 고춧가루, 멸치육수농축액, 마늘, 정제수, 국간장, 소금 | I83: .5.6. | J83: 볼어묵(이츠웰)
A84: 80 | C84: 볼어묵국 | H84: 볼어묵[연육(:중국산, 베트남산)53.29%, 설탕, 밀가루(밀:미국산, 호주산), 정제소금(국산)]18%, 무(국산)7%, 양파, 대파, 마늘, 정제수, 국간장, 소금 | I84: .5.6. | J84: 볼어묵(이츠웰) | L84: 480 | M84: 24 | N84: 504 | O84: =E84 -> 0 | P84: =D84 -> 0 | Q84: =D84 -> 0 | R84: g | S84: =E84 -> 0 | T84: =D84 -> 0 | U84: =D84 -> 0 | W84: 221871 | X84: =IFERROR(INDEX([1]Sheet1!$A$2:$X$1948,MATCH($W$2:$W$258,[1]Sheet1!$G$2:$G$1948,0),8),"") -> 냉동시금치(IQF 1Kg/EA) | Y84: 1000 | AA84: 21 | AB84: =T84*AD84 -> #DIV/0! | AC84: =U84*AD84 -> #DIV/0! | AD84: =AA84/E84 -> #DIV/0! | AE84: 168384 | AF84: =IFERROR(INDEX([1]Sheet1!$A$2:$X$1948,MATCH($AE$2:$AE$258,[1]Sheet1!$G$2:$G$1948,0),8),"") -> 사조대림 사각어묵(알뜰 1Kg/EA) | AG84: 17 | AH84: =P84*AJ84 -> #DIV/0! | AI84: =Q84*AJ84 -> #DIV/0! | AJ84: =AG84/$E84 -> #DIV/0! | AL84: =IFERROR(INDEX([1]Sheet1!$A$2:$X$1948,MATCH($AK$2:$AK$258,[1]Sheet1!$G$2:$G$1948,0),8),"") -> 0
A85: 81 | C85: 배추된장국 | H85: 데친배추(배추:국산)18%, 두부(대두:수입산), 양파, 대파, 마늘, 된장, 정제수, 멸치육수농축액, 국간장 | I85: .5. | J85: 멸치육수농축액(면사랑) | L85: 25650 | M85: 1282.5 | N85: 26932.5 | O85: =E85 -> 0 | P85: =D85 -> 0 | Q85: =D85 -> 0 | R85: g | S85: =E85 -> 0 | T85: =D85 -> 0 | U85: =D85 -> 0 | W85: 211696 | X85: =IFERROR(INDEX([1]Sheet1!$A$2:$X$1948,MATCH($W$2:$W$258,[1]Sheet1!$G$2:$G$1948,0),8),"") -> 건시래기(데친것 KG) | Y85: 1000 | AA85: 24 | AB85: =T85*AD85 -> #DIV/0! | AC85: =U85*AD85 -> #DIV/0! | AD85: =AA85/E85 -> #DIV/0! | AE85: 313570 | AF85: =IFERROR(INDEX([1]Sheet1!$A$2:$X$1948,MATCH($AE$2:$AE$258,[1]Sheet1!$G$2:$G$1948,0),8),"") -> 프레시웨이 북어채(1Kg/EA) | AG85: 8 | AH85: =P85*AJ85 -> #DIV/0! | AI85: =Q85*AJ85 -> #DIV/0! | AJ85: =AG85/$E85 -> #DIV/0! | AL85: =IFERROR(INDEX([1]Sheet1!$A$2:$X$1948,MATCH($AK$2:$AK$258,[1]Sheet1!$G$2:$G$1948,0),8),"") -> 0
A86: 82 | C86: 봄동바지락된장국 | H86: 봄동(국산)18.8%, 바지락(중국산)5%, 정제수, 양파, 마늘, 파, 된장, 멸치육수농축액, 국간장, 소금 | I86: .5.18. | O86: =E86 -> 0 | P86: =D86 -> 0 | Q86: =D86 -> 0 | R86: g | S86: =E86 -> 0 | T86: =D86 -> 0 | U86: =D86 -> 0 | W86: 221871 | X86: =IFERROR(INDEX([1]Sheet1!$A$2:$X$1948,MATCH($W$2:$W$258,[1]Sheet1!$G$2:$G$1948,0),8),"") -> 냉동시금치(IQF 1Kg/EA) | Y86: 1000 | AA86: 42 | AB86: =T86*AD86 -> #DIV/0! | AC86: =U86*AD86 -> #DIV/0! | AD86: =AA86/E86 -> #DIV/0! | AE86: 105943 | AF86: =IFERROR(INDEX([1]Sheet1!$A$2:$X$1948,MATCH($AE$2:$AE$258,[1]Sheet1!$G$2:$G$1948,0),8),"") -> 대상 재래된장(지함_재래식숙성 14Kg/EA) | AH86: =P86*AJ86 -> #DIV/0! | AI86: =Q86*AJ86 -> #DIV/0! | AJ86: =AG86/$E86 -> #DIV/0! | AL86: =IFERROR(INDEX([1]Sheet1!$A$2:$X$1948,MATCH($AK$2:$AK$258,[1]Sheet1!$G$2:$G$1948,0),8),"") -> 0
A87: 83 | C87: 감자버섯된장국 | H87: 감자(국내산)10%, 모둠버섯(표고:중국산, 새송이, 느타리:국산)7%, 두부(대두:수입산), 양파, 정제수, 된장(콩:수입산), 멸치육수농축액, 마늘, 파, 소금 | I87: .5. | J87: 겨울시즌 : 냉이 추가
A88: 84 | C88: 바지락콩나물국 | H88: 콩나물(원료수입산)16%, 바지락(중국산)7%, 바지락육수, 대파, 마늘, 고추가루, 정제수, 국간장, 소금 | I88: .5.
A89: 85 | C89: 콩나물어묵국 | H89: 콩나물(콩:수입산)15%, 어묵(원료수입산)10%, 양파, 파, 마늘, 정제수, 국간장, 소금 | I89: .5.6. | L89: 350 | M89: 17.5 | N89: 367.5 | O89: =E89 -> 0 | P89: =D89 -> 0 | Q89: =D89 -> 0 | R89: g | S89: =E89 -> 0 | T89: =D89 -> 0 | U89: =D89 -> 0 | W89: 197120 | X89: =IFERROR(INDEX([1]Sheet1!$A$2:$X$1948,MATCH($W$2:$W$258,[1]Sheet1!$G$2:$G$1948,0),8),"") -> 종가집 포기김치(숙성 10Kg/BOX) | Y89: 10000 | AA89: 21 | AB89: =T89*AD89 -> #DIV/0! | AC89: =U89*AD89 -> #DIV/0! | AD89: =AA89/E89 -> #DIV/0! | AE89: 192872 | AF89: =IFERROR(INDEX([1]Sheet1!$A$2:$X$1948,MATCH($AE$2:$AE$258,[1]Sheet1!$G$2:$G$1948,0),8),"") -> 소이원 콩나물(곱슬이_단채 4Kg/BOX) | AG89: 15 | AH89: =P89*AJ89 -> #DIV/0! | AI89: =Q89*AJ89 -> #DIV/0! | AJ89: =AG89/$E89 -> #DIV/0! | AL89: =IFERROR(INDEX([1]Sheet1!$A$2:$X$1948,MATCH($AK$2:$AK$258,[1]Sheet1!$G$2:$G$1948,0),8),"") -> 0
A90: 86 | C90: 백순두부찌개 | H90: 순두부(원료수입산)42.9%, 바지락살(중국산)3%, 양파, 파, 마늘, 정제수, 국간장, 참치액, 소금 | I90: .5.18.
A91: 87 | C91: 바지락순두부찌개 | H91: 순두부(원료수입산)42.9%, 바지락살(중국산)3%, 양파, 파, 마늘, 정제수, 고춧가루, 고추기름, 국간장, 참치액, 소금 | I91: .5.9.18.
A92: 88 | C92: 해물순두부찌개 | H92: 순두부(대두:수입산)42.9%, 해물[바지락살(중국산), 칵테일새우(베트남산), 오징어(미국산)]7%, 양파, 파, 마늘, 정제수, 멸치육수농축액, 고춧가루, 국간장,소금 | I92: .5.9.17.18.
A93: 89 | C93: 굴림만두국 | H93: 굴림만두(돼지고기:국산), 두부, 양배추, 양파, 부추, 대파, 난백, 밀가루, 참기름)35%, 계란(국산), 정제수, 멸치육수농축액, 마늘, 파, 소금 | I93: .1.2.5.6.10.16.21.
A94: 90 | C94: 통다리삼계탕 | H94: 닭다리(장각:국산)60%, 삼계탕육수(정제수, 황기,대추,당귀,헛개나무, 엄나무,오가피:국산)38%, 소금, 대파, 마늘, 후추 | I94: .15.
A95: 91 | C95: 무채콩나물국 | H95: 콩나물(원료수입산)16%, 무(국산)10%, 대파, 마늘, 정제수, 멸치육수농축액, 국간장, 소금 | I95: .5.
A96: 92 | C96: 꼬치어묵국 | H96: 어묵[연육:베트남산, 밀가루(밀:호주산, 미국산)]21.3%, 무(국산)5%, 양파, 파, 마늘, 정제수, 멸치육수농축액, 소금 | I96: .5.6. | J96: 꼬치어묵(삼호)
A97: 93 | C97: 돈육고추장찌개 | H97: 감자(국산)12%, 돈육(국산)8%, 두부(원료수입산)7%, 양파, 파, 마늘, 고추장, 고추가루, 국간장, 소금 | I97: .5.6.10. | J97: 70g
A98: 94 | C98: 맑은순두부국 | H98: 순두부(콩:미국,캐나다,호주등)30%, 양파, 파, 마늘, 정제수, 국간장, 소금
A99: 95 | C99: 깍두기돈육찌개 | H99: 깍두기(고추가루, 배추:국산)18%, 돼지고기(국산)7%, 두부(원료수입산), 양파, 대파, 마늘, 정제수, 멸치육수농축액, 소금 | I99: .5.9.10. | J99: 50g/70g
A100: 96 | C100: 돈육김치찌개 | H100: 김치(고추가루, 배추:국산)18%, 돼지고기(목살:국산)25%, 두부(원료수입산), 양파, 대파, 마늘, 정제수, 국간장, 소금 | I100: .5.10.
...

Sheet 01-02
B1: 2026-01-02(금) | M1: *한입해쉬브라운 : 9g(개당) | P1: *양송이떡갈비 : 1.5ea, 1.75, 2 | S1: *양배추당근라페 : 20g / 30g
B2: 출고일 | C2: 구분 | D2: 품명 | E2: 중량(g) | F2: 수량(장) | G2: 자재사용내역 | H2: 알러지 표기 | I2: 배송시점 | J2: 제공인원 | K2: 총생산량(Kg) | L2: 메 모 | M2: *샐러드 채소 : 15g, 20g ,25g | P2: *야채고기말이 : 1.1, 1.5, 1.5 | S2: *고구마튀김35g / 45g
B3: 중식 | C3: 밥 | D3: 친환경찰보리쌀밥 | E3: 140 | G3: =IFERROR(INDEX(온라인_반찬!$C$2:$H$594,MATCH($D3,온라인_반찬!$C$2:$C$594,0),6),"") -> 쌀(국산)90%, 찰보리(국산.친환경)5%, 정제수 | H3: =IFERROR(INDEX(온라인_반찬!$D$2:$J$587,MATCH($D3,온라인_반찬!$C$2:$C$587,0),6),"") -> 0 | I3: 2026-01-02 09:30~ | J3: 917 | K3: 132620 | L3: =IFERROR(INDEX(온라인_반찬!$C$2:$J$587,MATCH($D3,온라인_반찬!$C$2:$C$587,0),8),"") -> 0 | M3: *웨지감자 : 25g / 30g | O3: *어묵채구이:12g / 15g | S3: 한입새우튀김 : 30g / 35g / 45g (소스15g)
C4: 국 | D4: 볼어묵국 | E4: 150 | G4: =IFERROR(INDEX(온라인_반찬!$C$2:$H$594,MATCH($D4,온라인_반찬!$C$2:$C$594,0),6),"") -> 볼어묵[연육(:중국산, 베트남산)53.29%, 설탕, 밀가루(밀:미국산, 호주산), 정제소금(국산)]18%, 무(국산)7%, 양파, 대파, 마늘, 정제수, 국간장, 소금 | H4: =IFERROR(INDEX(온라인_반찬!$D$2:$J$587,MATCH($D4,온라인_반찬!$C$2:$C$587,0),6),"") -> .5.6. | I4: 2026-01-02 09:30~ | J4: 917 | K4: 133270 | L4: =IFERROR(INDEX(온라인_반찬!$C$2:$J$587,MATCH($D4,온라인_반찬!$C$2:$C$587,0),8),"") -> 볼어묵(이츠웰) | M4: *꼬마돈까스: 25g, 중구청 35g | P4: *족발:45g / 55g | S4: *갈비만두 : 성분표기 인당1개 / 식수 인당1.5개
C5: 메인 | D5: 소고기계란덮밥소스 | E5: 110 | G5: =IFERROR(INDEX(온라인_반찬!$C$2:$H$594,MATCH($D5,온라인_반찬!$C$2:$C$594,0),6),"") -> 소고기(미국산.호주산)45%, 계란(국내산)10%, 표고버섯(중국산)5%, 양파, 돈부리소스, 쯔유, 정제수, 소금, 전분 | H5: =IFERROR(INDEX(온라인_반찬!$D$2:$J$587,MATCH($D5,온라인_반찬!$C$2:$C$587,0),6),"") -> .1.2.5.6.16. | I5: 2026-01-02 09:30~ | J5: 917 | K5: 111030 | L5: =IFERROR(INDEX(온라인_반찬!$C$2:$J$587,MATCH($D5,온라인_반찬!$C$2:$C$587,0),8),"") -> 돈부리소스(가토코), 쯔유(이엔푸드) | M5: *오징어볼탕수 : 35g / 45g/ 70g 소스 : 20g | S5: *생선통살탕수 : 40g / 50g / 교사 70g, 소스 25g 개당 12g
C6: 반찬1 | D6: 갈비만두찜 | F6: 1 | G6: =IFERROR(INDEX(온라인_반찬!$C$2:$H$594,MATCH($D6,온라인_반찬!$C$2:$C$594,0),6),"") -> 돼지고기(국산)36.53%, 밀가루(밀:미국산.호주산), 양파(국산), 건무, 부추, 곤약, 돼지갈비살(국산)2.09%, 설탕, 갅방, 물엿, 마늘, 생강, 참기름, 후추, 대파 등 | H6: =IFERROR(INDEX(온라인_반찬!$D$2:$J$587,MATCH($D6,온라인_반찬!$C$2:$C$587,0),6),"") -> .2.5.6.10.16.21. | I6: 2026-01-02 09:30~ | J6: 917 | K6: 1363.8 | L6: =IFERROR(INDEX(온라인_반찬!$C$2:$J$587,MATCH($D6,온라인_반찬!$C$2:$C$587,0),8),"") -> 달콤한갈비만두(한만두) 개당25g | M6: *표고강정 : 30g(35g) | P6: *훈제오리 : 40g / 50g | S6: *해물전:1000680205(삼성웰스토리)
C7: 반찬2 | D7: 오이부추무침 | E7: 25 | G7: =IFERROR(INDEX(온라인_반찬!$C$2:$H$594,MATCH($D7,온라인_반찬!$C$2:$C$594,0),6),"") -> 오이(국산)87%, 부추(국산)3%, 파, 마늘, 고추가루, 소금, 설탕, 식초, 참깨 | H7: =IFERROR(INDEX(온라인_반찬!$D$2:$J$587,MATCH($D7,온라인_반찬!$C$2:$C$587,0),6),"") -> .5.21. | I7: 2026-01-02 09:30~ | J7: 917 | K7: 26195 | L7: =IFERROR(INDEX(온라인_반찬!$C$2:$J$587,MATCH($D7,온라인_반찬!$C$2:$C$587,0),8),"") -> 0 | M7: *탕수육40g(중구청50g) ,소스25g | P7: *마카로니.콘샐러드 : 30g | S7: *통등심돈까스:50g / 소스 25g
C8: 반찬3 | D8: 배추김치 | E8: 25 | G8: =IFERROR(INDEX(온라인_반찬!$C$2:$H$594,MATCH($D8,온라인_반찬!$C$2:$C$594,0),6),"") -> 절임배추64.0%[배추(국산),무(국산),종가김치전용풀(쌀:국산)], 토마토페이스트(토마토:미국산)2.7%,[멸치액젓, 양파,다시마농축액,고춧가루,마늘,대파,새우액젓,김치유산균발효액,생강양념,호화쌀혼합분말]국산 | H8: =IFERROR(INDEX(온라인_반찬!$D$2:$J$587,MATCH($D8,온라인_반찬!$C$2:$C$587,0),6),"") -> .9.12. | I8: 2026-01-02 09:30~ | J8: 917 | K8: 23132.5 | L8: =IFERROR(INDEX(온라인_반찬!$C$2:$J$587,MATCH($D8,온라인_반찬!$C$2:$C$587,0),8),"") -> 토마토김치(종가집) | M8: *건두부무침 : 25g / 35g | P8: *파르펠레냉파스타:30g | S8: *족발부추무침 : 45g, 55g
C9: 보존식 | G9: 서빙고초 병설 : 도시락김 ( 6명 / 6봉) 포도클럽 : 백김치 ( 62명 / 1,813g ) | J9: 1 | K9: 0.25 | M9: 132620 | N9: 133270 | O9: 111030 | P9: 1363.8 | Q9: 26195 | R9: 23132.5 | S9: 23132.5
B10: 강서폴리 소풍 | C10: 밥 | D10: 조미밥 | E10: 140 | G10: =IFERROR(INDEX(온라인_반찬!$C$2:$H$594,MATCH($D10,온라인_반찬!$C$2:$C$594,0),6),"") -> 밥(쌀:국산)95%, 후리카케[볶은참깨(참깨:인도산), 밀소맥볼(밀:미국,호주산),조각김(김:국산), 양조간장], 맛소금, 참기름 | H10: =IFERROR(INDEX(온라인_반찬!$D$2:$J$587,MATCH($D10,온라인_반찬!$C$2:$C$587,0),6),"") -> .5.21. | I10: 2026-01-02 09:30~ | J10: 99 | K10: 15620 | L10: =IFERROR(INDEX(온라인_반찬!$C$2:$J$587,MATCH($D10,온라인_반찬!$C$2:$C$587,0),8),"") -> 0
C11: 반찬1 | D11: 순살치킨 | E11: 60 | G11: =IFERROR(INDEX(온라인_반찬!$C$2:$H$594,MATCH($D11,온라인_반찬!$C$2:$C$594,0),6),"") -> 순살치킨[닭고기(닭다리살:브라질산)64.76%,밀가루(밀:호주산,미국산),옥수수전분(옥수수:외국산), 대두유] | H11: =IFERROR(INDEX(온라인_반찬!$D$2:$J$587,MATCH($D11,온라인_반찬!$C$2:$C$587,0),6),"") -> .1.2.5.6.15.16. | I11: 2026-01-02 09:30~ | J11: 99 | K11: 7305 | L11: =IFERROR(INDEX(온라인_반찬!$C$2:$J$587,MATCH($D11,온라인_반찬!$C$2:$C$587,0),8),"") -> 순살치킨가라아게(하림)
C12: 반찬2 | D12: 새우관자딤섬 | F12: 1 | G12: =IFERROR(INDEX(온라인_반찬!$C$2:$H$594,MATCH($D12,온라인_반찬!$C$2:$C$594,0),6),"") -> 딤섬[(새우살36.62%, 정제수, 밀전분 11.47%, 타피오카전분 7.94%, 관자 5.64%, 대두유)원산지: 베트남산] | H12: =IFERROR(INDEX(온라인_반찬!$D$2:$J$587,MATCH($D12,온라인_반찬!$C$2:$C$587,0),6),"") -> .5.6.9.18. | I12: 2026-01-02 09:30~ | J12: 111 | K12: 108 | L12: =IFERROR(INDEX(온라인_반찬!$C$2:$J$587,MATCH($D12,온라인_반찬!$C$2:$C$587,0),8),"") -> 관자쇼마이(세미원푸드)
C13: 반찬3 | D13: 미니츄러스 | F13: 2 | G13: 츄러스용믹스[밀가루(밀:호주산.미국산.캐나다산), 소맥전분(외국산), 콩기름(콩(외국산), 찹쌀가루 | H13: .1.5.6. | I13: 2026-01-02 09:30~ | J13: 99 | K13: 226 | L13: =IFERROR(INDEX(온라인_반찬!$C$2:$J$587,MATCH($D13,온라인_반찬!$C$2:$C$587,0),8),"")
C14: 반찬4 | D14: 과일 | E14: 30 | G14: 샤인머스켓(국내산) | H14: =IFERROR(INDEX(온라인_반찬!$D$2:$J$587,MATCH($D14,온라인_반찬!$C$2:$C$587,0),6),"") | I14: 2026-01-02 09:30~ | J14: 99 | K14: 3415 | L14: =IFERROR(INDEX(온라인_반찬!$C$2:$J$587,MATCH($D14,온라인_반찬!$C$2:$C$587,0),8),"")
C15: 보존식 | F15: 1 | J15: 1 | K15: 0.25
B16: 중구돌봄 석식 | C16: 밥 | D16: 친환경찰보리쌀밥 | E16: 150 | G16: =IFERROR(INDEX(온라인_반찬!$C$2:$H$594,MATCH($D16,온라인_반찬!$C$2:$C$594,0),6),"") -> 쌀(국산)90%, 찰보리(국산.친환경)5%, 정제수 | H16: =IFERROR(INDEX(온라인_반찬!$D$2:$J$587,MATCH($D16,온라인_반찬!$C$2:$C$587,0),6),"") -> 0 | I16: 2026-01-02 14:30~ | J16: 49 | K16: 7800 | L16: =IFERROR(INDEX(온라인_반찬!$C$2:$J$587,MATCH($D16,온라인_반찬!$C$2:$C$587,0),8),"") -> 0 | M16: *영양찜닭:85g / 95g | P16: *소고기가지볶음 : 30g | S16: *춘장닭불고기 : 70g / 80g
C17: 국 | D17: 볼어묵국 | E17: 160 | G17: =IFERROR(INDEX(온라인_반찬!$C$2:$H$594,MATCH($D17,온라인_반찬!$C$2:$C$594,0),6),"") -> 볼어묵[연육(:중국산, 베트남산)53.29%, 설탕, 밀가루(밀:미국산, 호주산), 정제소금(국산)]18%, 무(국산)7%, 양파, 대파, 마늘, 정제수, 국간장, 소금 | H17: =IFERROR(INDEX(온라인_반찬!$D$2:$J$587,MATCH($D17,온라인_반찬!$C$2:$C$587,0),6),"") -> .5.6. | I17: 2026-01-02 14:30~ | J17: 49 | K17: 8160 | L17: =IFERROR(INDEX(온라인_반찬!$C$2:$J$587,MATCH($D17,온라인_반찬!$C$2:$C$587,0),8),"") -> 볼어묵(이츠웰) | M17: *미트볼 : 개당10g | P17: *삼색소고기소보로 : 50g / 70g | S17: *훈제오리잡채 : 55g / 70g
C18: 메인 | D18: 소고기계란덮밥소스 | E18: 120 | G18: =IFERROR(INDEX(온라인_반찬!$C$2:$H$594,MATCH($D18,온라인_반찬!$C$2:$C$594,0),6),"") -> 소고기(미국산.호주산)45%, 계란(국내산)10%, 표고버섯(중국산)5%, 양파, 돈부리소스, 쯔유, 정제수, 소금, 전분 | H18: =IFERROR(INDEX(온라인_반찬!$D$2:$J$587,MATCH($D18,온라인_반찬!$C$2:$C$587,0),6),"") -> .1.2.5.6.16. | I18: 2026-01-02 14:30~ | J18: 49 | K18: 6370 | L18: =IFERROR(INDEX(온라인_반찬!$C$2:$J$587,MATCH($D18,온라인_반찬!$C$2:$C$587,0),8),"") -> 돈부리소스(가토코), 쯔유(이엔푸드)
C19: 반찬1 | D19: 갈비만두찜 | F19: 2 | G19: =IFERROR(INDEX(온라인_반찬!$C$2:$H$594,MATCH($D19,온라인_반찬!$C$2:$C$594,0),6),"") -> 돼지고기(국산)36.53%, 밀가루(밀:미국산.호주산), 양파(국산), 건무, 부추, 곤약, 돼지갈비살(국산)2.09%, 설탕, 갅방, 물엿, 마늘, 생강, 참기름, 후추, 대파 등 | H19: =IFERROR(INDEX(온라인_반찬!$D$2:$J$587,MATCH($D19,온라인_반찬!$C$2:$C$587,0),6),"") -> .2.5.6.10.16.21. | I19: 2026-01-02 14:30~ | J19: 49 | K19: 107.8 | L19: =IFERROR(INDEX(온라인_반찬!$C$2:$J$587,MATCH($D19,온라인_반찬!$C$2:$C$587,0),8),"") -> 달콤한갈비만두(한만두) 개당25g
C20: 반찬2 | D20: 오이부추무침 | E20: 35 | G20: =IFERROR(INDEX(온라인_반찬!$C$2:$H$594,MATCH($D20,온라인_반찬!$C$2:$C$594,0),6),"") -> 오이(국산)87%, 부추(국산)3%, 파, 마늘, 고추가루, 소금, 설탕, 식초, 참깨 | H20: =IFERROR(INDEX(온라인_반찬!$D$2:$J$587,MATCH($D20,온라인_반찬!$C$2:$C$587,0),6),"") -> .5.21. | I20: 2026-01-02 14:30~ | J20: 49 | K20: 1715 | L20: =IFERROR(INDEX(온라인_반찬!$C$2:$J$587,MATCH($D20,온라인_반찬!$C$2:$C$587,0),8),"") -> 0
C21: 반찬3 | D21: 배추김치 | E21: 35 | G21: =IFERROR(INDEX(온라인_반찬!$C$2:$H$594,MATCH($D21,온라인_반찬!$C$2:$C$594,0),6),"") -> 절임배추64.0%[배추(국산),무(국산),종가김치전용풀(쌀:국산)], 토마토페이스트(토마토:미국산)2.7%,[멸치액젓, 양파,다시마농축액,고춧가루,마늘,대파,새우액젓,김치유산균발효액,생강양념,호화쌀혼합분말]국산 | H21: =IFERROR(INDEX(온라인_반찬!$D$2:$J$587,MATCH($D21,온라인_반찬!$C$2:$C$587,0),6),"") -> .9.12. | I21: 2026-01-02 14:30~ | J21: 49 | K21: 1715 | L21: =IFERROR(INDEX(온라인_반찬!$C$2:$J$587,MATCH($D21,온라인_반찬!$C$2:$C$587,0),8),"") -> 토마토김치(종가집)
C22: 신당꿈 특식 | D22: 뿌링클치킨 | E22: 80 | G22: =IFERROR(INDEX(온라인_반찬!$C$2:$H$594,MATCH($D22,온라인_반찬!$C$2:$C$594,0),6),"") -> 순살치킨[닭고기(닭다리살:브라질산)64.76%,밀가루(밀:호주산,미국산),옥수수전분(옥수수:외국산), 대두유]95%, 치즈시즈닝[(치즈혼합분말:미국산,호주산)15.58%,(스트롱체다치즈분말:덴마크산)0.5%]5% | H22: =IFERROR(INDEX(온라인_반찬!$D$2:$J$587,MATCH($D22,온라인_반찬!$C$2:$C$587,0),6),"") -> .1.2.5.6.15. | I22: 2026-01-02 14:30~ | J22: 28 | K22: 2580 | L22: =IFERROR(INDEX(온라인_반찬!$C$2:$J$587,MATCH($D22,온라인_반찬!$C$2:$C$587,0),8),"") -> 치즈시즈닝(상상푸드)
C23: 보존식 | J23: 1 | K23: 0.25

Sheet 01-05
B1: 2026-01-05(월) | M1: *한입해쉬브라운 : 9g(개당) | P1: *양송이떡갈비 : 1.5ea, 1.75, 2 | S1: *양배추당근라페 : 20g / 30g
B2: 출고일 | C2: 구분 | D2: 품명 | E2: 중량(g) | F2: 수량(장) | G2: 자재사용내역 | H2: 알러지 표기 | I2: 배송시점 | J2: 제공인원 | K2: 총생산량(Kg) | L2: 메 모 | M2: *샐러드 채소 : 15g, 20g ,25g | P2: *야채고기말이 : 1.1, 1.5, 1.5 | S2: *고구마튀김35g / 45g
B3: 중식 | C3: 밥 | D3: 친환경현미쌀밥 | E3: 140 | G3: =IFERROR(INDEX(온라인_반찬!$C$2:$H$594,MATCH($D3,온라인_반찬!$C$2:$C$594,0),6),"") -> 쌀(국산)90%, 현미(국산.친환경)5%, 정제수 | H3: =IFERROR(INDEX(온라인_반찬!$D$2:$J$587,MATCH($D3,온라인_반찬!$C$2:$C$587,0),6),"") -> 0 | I3: 2026-01-05 09:30~ | J3: 2361 | K3: 354085 | L3: =IFERROR(INDEX(온라인_반찬!$C$2:$J$587,MATCH($D3,온라인_반찬!$C$2:$C$587,0),8),"") -> 0 | M3: *웨지감자 : 25g / 30g | O3: *어묵채구이:12g / 15g | S3: 한입새우튀김 : 30g / 35g / 45g (소스15g)
C4: 국 | D4: 소고기무국 | E4: 150 | G4: =IFERROR(INDEX(온라인_반찬!$C$2:$H$594,MATCH($D4,온라인_반찬!$C$2:$C$594,0),6),"") -> 무(국산)18.3%, 소고기(호주산)10.7%, 양파, 대파, 마늘, 정제수, 소금, 멸치육수농축액, 국간장, 후추 | H4: =IFERROR(INDEX(온라인_반찬!$D$2:$J$587,MATCH($D4,온라인_반찬!$C$2:$C$587,0),6),"") -> .5.16. | I4: 2026-01-05 09:30~ | J4: 2361 | K4: 361195 | L4: =IFERROR(INDEX(온라인_반찬!$C$2:$J$587,MATCH($D4,온라인_반찬!$C$2:$C$587,0),8),"") -> 0 | M4: *꼬마돈까스: 25g, 중구청 35g | P4: *족발:45g / 55g | S4: *갈비만두 : 성분표기 인당1개 / 식수 인당1.5개
C5: 메인 | D5: 생선까스 | F5: 1 | G5: =IFERROR(INDEX(온라인_반찬!$C$2:$H$594,MATCH($D5,온라인_반찬!$C$2:$C$594,0),6),"") -> 생선통살까스 [민대구(한국산)50%, 빵가루, 정제수 ,쇼트닝, 소금]95%, 대두유 | H5: =IFERROR(INDEX(온라인_반찬!$D$2:$J$587,MATCH($D5,온라인_반찬!$C$2:$C$587,0),6),"") -> 1.5. | I5: 2026-01-05 09:30~ | J5: 2361 | K5: 2696.6 | L5: =IFERROR(INDEX(온라인_반찬!$C$2:$J$587,MATCH($D5,온라인_반찬!$C$2:$C$587,0),8),"") -> 이츠웰 흰살생선까스 | M5: *오징어볼탕수 : 35g / 45g/ 70g 소스 : 20g | S5: *생선통살탕수 : 40g / 50g / 교사 70g, 소스 25g 개당 12g
D6: & 타르타르소스 | E6: 10 | G6: =IFERROR(INDEX(온라인_반찬!$C$2:$H$594,MATCH($D6,온라인_반찬!$C$2:$C$594,0),6),"") -> 타르타르소스(시판용)85%, 마요네즈10%, 파인애플(청크)5% | H6: =IFERROR(INDEX(온라인_반찬!$D$2:$J$587,MATCH($D6,온라인_반찬!$C$2:$C$587,0),6),"") -> .1.5.19. | I6: 2026-01-05 09:30~ | J6: 2361 | K6: 25260 | L6: =IFERROR(INDEX(온라인_반찬!$C$2:$J$587,MATCH($D6,온라인_반찬!$C$2:$C$587,0),8),"") -> 타르타르드레싱(쉐프솔루션), 파인애플 청크(이츠웰)
C7: 반찬1 | D7: 라구숏파스타 | E7: 35 | G7: =IFERROR(INDEX(온라인_반찬!$C$2:$H$594,MATCH($D7,온라인_반찬!$C$2:$C$594,0),6),"") -> 푸실리(듀럼밀:터키산)60%, 양파, 피망, 양송이, 라구소스{토마토페이스트(토마토:미국산), 소고기(호주산),돼지고기(국산)], 올리브유, 파슬리가루 | H7: =IFERROR(INDEX(온라인_반찬!$D$2:$J$587,MATCH($D7,온라인_반찬!$C$2:$C$587,0),6),"") -> .5.6.10.12.15.16. | I7: 2026-01-05 09:30~ | J7: 2361 | K7: 92377.5 | L7: =IFERROR(INDEX(온라인_반찬!$C$2:$J$587,MATCH($D7,온라인_반찬!$C$2:$C$587,0),8),"") -> 미트소스(이츠웰) | M7: *표고강정 : 30g(35g) | P7: *훈제오리 : 40g / 50g | S7: *해물전:1000680205(삼성웰스토리)
C8: 반찬2 | D8: 단호박샐러드 | E8: 40 | G8: =IFERROR(INDEX(온라인_반찬!$C$2:$H$594,MATCH($D8,온라인_반찬!$C$2:$C$594,0),6),"") -> 단호박(중국산)66.6%, 샐러드베이스13.8%[난황(국내산), 대두유(대두:외국산), 양조식초 등], 당근(중국산), 물엿, 정제수, 가쓰오브시엑기스, 설탕 등 | H8: =IFERROR(INDEX(온라인_반찬!$D$2:$J$587,MATCH($D8,온라인_반찬!$C$2:$C$587,0),6),"") -> .1.5. | I8: 2026-01-05 09:30~ | J8: 2361 | K8: 92212.5 | L8: =IFERROR(INDEX(온라인_반찬!$C$2:$J$587,MATCH($D8,온라인_반찬!$C$2:$C$587,0),8),"") -> 단호박샐러드(이츠웰) | M8: *탕수육40g(중구청50g) ,소스25g | P8: *마카로니.콘샐러드 : 30g | S8: *통등심돈까스:50g / 소스 25g
C9: 반찬3 | D9: 배추김치 | E9: 25 | G9: =IFERROR(INDEX(온라인_반찬!$C$2:$H$594,MATCH($D9,온라인_반찬!$C$2:$C$594,0),6),"") -> 절임배추64.0%[배추(국산),무(국산),종가김치전용풀(쌀:국산)], 토마토페이스트(토마토:미국산)2.7%,[멸치액젓, 양파,다시마농축액,고춧가루,마늘,대파,새우액젓,김치유산균발효액,생강양념,호화쌀혼합분말]국산 | H9: =IFERROR(INDEX(온라인_반찬!$D$2:$J$587,MATCH($D9,온라인_반찬!$C$2:$C$587,0),6),"") -> .9.12. | I9: 2026-01-05 09:30~ | J9: 2361 | K9: 63120 | L9: =IFERROR(INDEX(온라인_반찬!$C$2:$J$587,MATCH($D9,온라인_반찬!$C$2:$C$587,0),8),"") -> 토마토김치(종가집) | M9: *건두부무침 : 25g / 35g | P9: *파르펠레냉파스타:30g | S9: *족발부추무침 : 45g, 55g
C10: 보존식 | G10: 포도클럽 : 백김치 ( 67명 / 1,963g ) 서빙고초 병설 : 도시락김 ( 6명 / 6봉 ) | J10: 1 | K10: 0.25
B11: 글로벌 리더스 . 석식 | C11: 밥 | D11: 친환경현미쌀밥 | E11: 150 | G11: =IFERROR(INDEX(온라인_반찬!$C$2:$H$594,MATCH($D11,온라인_반찬!$C$2:$C$594,0),6),"") -> 쌀(국산)90%, 현미(국산.친환경)5%, 정제수 | H11: =IFERROR(INDEX(온라인_반찬!$D$2:$J$587,MATCH($D11,온라인_반찬!$C$2:$C$587,0),6),"") -> 0 | I11: 2026-01-05 14:30~ | J11: 72 | K11: 7800 | L11: =IFERROR(INDEX(온라인_반찬!$C$2:$J$587,MATCH($D11,온라인_반찬!$C$2:$C$587,0),8),"") -> 0 | M11: *영양찜닭:85g / 95g | P11: *소고기가지볶음 : 30g | S11: *춘장닭불고기 : 70g / 80g
C12: 국 | D12: 얼큰소고기무국 | E12: 160 | G12: =IFERROR(INDEX(온라인_반찬!$C$2:$H$594,MATCH($D12,온라인_반찬!$C$2:$C$594,0),6),"") -> 무(국산)18.3%, 소고기(호주산)10.7%, 양파, 대파, 마늘, 정제수, 소금, 고춧가루, 멸치육수농축액, 국간장, 후추 | H12: =IFERROR(INDEX(온라인_반찬!$D$2:$J$587,MATCH($D12,온라인_반찬!$C$2:$C$587,0),6),"") -> .5.16. | I12: 2026-01-05 14:30~ | J12: 72 | K12: 8160 | L12: =IFERROR(INDEX(온라인_반찬!$C$2:$J$587,MATCH($D12,온라인_반찬!$C$2:$C$587,0),8),"") -> 0 | M12: *미트볼 : 개당10g | P12: *삼색소고기소보로 : 50g / 70g | S12: *훈제오리잡채 : 55g / 70g
C13: 메인 | D13: 순살치킨 | E13: 80 | G13: =IFERROR(INDEX(온라인_반찬!$C$2:$H$594,MATCH($D13,온라인_반찬!$C$2:$C$594,0),6),"") -> 순살치킨[닭고기(닭다리살:브라질산)64.76%,밀가루(밀:호주산,미국산),옥수수전분(옥수수:외국산), 대두유] | H13: =IFERROR(INDEX(온라인_반찬!$D$2:$J$587,MATCH($D13,온라인_반찬!$C$2:$C$587,0),6),"") -> .1.2.5.6.15.16. | I13: 2026-01-05 14:30~ | J13: 72 | K13: 6504 | L13: =IFERROR(INDEX(온라인_반찬!$C$2:$J$587,MATCH($D13,온라인_반찬!$C$2:$C$587,0),8),"") -> 순살치킨가라아게(하림)
C14: 반찬1 | D14: 라구숏파스타 | E14: 40 | G14: =IFERROR(INDEX(온라인_반찬!$C$2:$H$594,MATCH($D14,온라인_반찬!$C$2:$C$594,0),6),"") -> 푸실리(듀럼밀:터키산)60%, 양파, 피망, 양송이, 라구소스{토마토페이스트(토마토:미국산), 소고기(호주산),돼지고기(국산)], 올리브유, 파슬리가루 | H14: =IFERROR(INDEX(온라인_반찬!$D$2:$J$587,MATCH($D14,온라인_반찬!$C$2:$C$587,0),6),"") -> .5.6.10.12.15.16. | I14: 2026-01-05 14:30~ | J14: 72 | K14: 2960 | L14: =IFERROR(INDEX(온라인_반찬!$C$2:$J$587,MATCH($D14,온라인_반찬!$C$2:$C$587,0),8),"") -> 미트소스(이츠웰)
C15: 반찬2 | D15: 단호박샐러드 | E15: 40 | G15: =IFERROR(INDEX(온라인_반찬!$C$2:$H$594,MATCH($D15,온라인_반찬!$C$2:$C$594,0),6),"") -> 단호박(중국산)66.6%, 샐러드베이스13.8%[난황(국내산), 대두유(대두:외국산), 양조식초 등], 당근(중국산), 물엿, 정제수, 가쓰오브시엑기스, 설탕 등 | H15: =IFERROR(INDEX(온라인_반찬!$D$2:$J$587,MATCH($D15,온라인_반찬!$C$2:$C$587,0),6),"") -> .1.5. | I15: 2026-01-05 14:30~ | J15: 72 | K15: 2960 | L15: =IFERROR(INDEX(온라인_반찬!$C$2:$J$587,MATCH($D15,온라인_반찬!$C$2:$C$587,0),8),"") -> 단호박샐러드(이츠웰)
C16: 반찬3 | D16: 배추김치 | E16: 35 | G16: =IFERROR(INDEX(온라인_반찬!$C$2:$H$594,MATCH($D16,온라인_반찬!$C$2:$C$594,0),6),"") -> 절임배추64.0%[배추(국산),무(국산),종가김치전용풀(쌀:국산)], 토마토페이스트(토마토:미국산)2.7%,[멸치액젓, 양파,다시마농축액,고춧가루,마늘,대파,새우액젓,김치유산균발효액,생강양념,호화쌀혼합분말]국산 | H16: =IFERROR(INDEX(온라인_반찬!$D$2:$J$587,MATCH($D16,온라인_반찬!$C$2:$C$587,0),6),"") -> .9.12. | I16: 2026-01-05 14:30~ | J16: 72 | K16: 2220 | L16: =IFERROR(INDEX(온라인_반찬!$C$2:$J$587,MATCH($D16,온라인_반찬!$C$2:$C$587,0),8),"") -> 토마토김치(종가집)
C17: 신당꿈 특식 | D17: 훈제오리볶음 | E17: 80 | G17: =IFERROR(INDEX(온라인_반찬!$C$2:$H$594,MATCH($D17,온라인_반찬!$C$2:$C$594,0),6),"") -> 훈제오리{(오리육97.26%, 자일리톨, 소금, 대두단백, 양파분, 마늘분, 생강분, 로즈마리분말, 참기름, 후추)중국산)70%, 새송이버섯(국산), 양파, 당근, 파, 마늘, 굴소스, 소금, 참기름, 참깨 | H17: =IFERROR(INDEX(온라인_반찬!$D$2:$J$587,MATCH($D17,온라인_반찬!$C$2:$C$587,0),6),"") -> .1.5.6.10.18.21. | I17: 2026-01-05 14:30~ | J17: 28 | K17: 2580 | L17: =IFERROR(INDEX(온라인_반찬!$C$2:$J$587,MATCH($D17,온라인_반찬!$C$2:$C$587,0),8),"") -> 훈제오리(에스에프)
C18: 보존식 | J18: 1 | K18: 0.25
B19: 강서폴리 소풍 | C19: 밥 | G19: =IFERROR(INDEX(온라인_반찬!$C$2:$H$594,MATCH($D19,온라인_반찬!$C$2:$C$594,0),6),"") | H19: =IFERROR(INDEX(온라인_반찬!$D$2:$J$587,MATCH($D19,온라인_반찬!$C$2:$C$587,0),6),"") | I19: 2026-01-05 09:30~ | L19: =IFERROR(INDEX(온라인_반찬!$C$2:$J$587,MATCH($D19,온라인_반찬!$C$2:$C$587,0),8),"")
C20: 반찬1 | G20: =IFERROR(INDEX(온라인_반찬!$C$2:$H$594,MATCH($D20,온라인_반찬!$C$2:$C$594,0),6),"") | H20: =IFERROR(INDEX(온라인_반찬!$D$2:$J$587,MATCH($D20,온라인_반찬!$C$2:$C$587,0),6),"") | I20: 2026-01-05 09:30~ | L20: =IFERROR(INDEX(온라인_반찬!$C$2:$J$587,MATCH($D20,온라인_반찬!$C$2:$C$587,0),8),"")
G21: =IFERROR(INDEX(온라인_반찬!$C$2:$H$594,MATCH($D21,온라인_반찬!$C$2:$C$594,0),6),"") | H21: =IFERROR(INDEX(온라인_반찬!$D$2:$J$587,MATCH($D21,온라인_반찬!$C$2:$C$587,0),6),"") | I21: 2026-01-05 09:30~ | L21: =IFERROR(INDEX(온라인_반찬!$C$2:$J$587,MATCH($D21,온라인_반찬!$C$2:$C$587,0),8),"")
C22: 반찬2 | G22: =IFERROR(INDEX(온라인_반찬!$C$2:$H$594,MATCH($D22,온라인_반찬!$C$2:$C$594,0),6),"") | H22: =IFERROR(INDEX(온라인_반찬!$D$2:$J$587,MATCH($D22,온라인_반찬!$C$2:$C$587,0),6),"") | I22: 2026-01-05 09:30~ | L22: =IFERROR(INDEX(온라인_반찬!$C$2:$J$587,MATCH($D22,온라인_반찬!$C$2:$C$587,0),8),"")
C23: 반찬3 | G23: =IFERROR(INDEX(온라인_반찬!$C$2:$H$594,MATCH($D23,온라인_반찬!$C$2:$C$594,0),6),"") | H23: =IFERROR(INDEX(온라인_반찬!$D$2:$J$587,MATCH($D23,온라인_반찬!$C$2:$C$587,0),6),"") | I23: 2026-01-05 09:30~ | L23: =IFERROR(INDEX(온라인_반찬!$C$2:$J$587,MATCH($D23,온라인_반찬!$C$2:$C$587,0),8),"")
C24: 반찬4 | G24: =IFERROR(INDEX(온라인_반찬!$C$2:$H$594,MATCH($D24,온라인_반찬!$C$2:$C$594,0),6),"") | H24: =IFERROR(INDEX(온라인_반찬!$D$2:$J$587,MATCH($D24,온라인_반찬!$C$2:$C$587,0),6),"") | I24: 2026-01-05 09:30~ | L24: =IFERROR(INDEX(온라인_반찬!$C$2:$J$587,MATCH($D24,온라인_반찬!$C$2:$C$587,0),8),"")
C25: 보존식 | F25: 1 | J25: 1 | K25: 0.25

Sheet 01-06
B1: 2026-01-06(화) | M1: *한입해쉬브라운 : 9g(개당) | P1: *양송이떡갈비 : 1.5ea, 1.75, 2 | S1: *양배추당근라페 : 20g / 30g
B2: 출고일 | C2: 구분 | D2: 품명 | E2: 중량(g) | F2: 수량(장) | G2: 자재사용내역 | H2: 알러지 표기 | I2: 배송시점 | J2: 제공인원 | K2: 총생산량(Kg) | L2: 메 모 | M2: *샐러드 채소 : 15g, 20g ,25g | P2: *야채고기말이 : 1.1, 1.5, 1.5 | S2: *고구마튀김35g / 45g
B3: 중식 | C3: 밥 | D3: 친환경귀리쌀밥 | E3: 140 | G3: =IFERROR(INDEX(온라인_반찬!$C$2:$H$594,MATCH($D3,온라인_반찬!$C$2:$C$594,0),6),"") -> 쌀(국산)90%, 귀리(국산.친환경)5%, 정제수 | H3: =IFERROR(INDEX(온라인_반찬!$D$2:$J$587,MATCH($D3,온라인_반찬!$C$2:$C$587,0),6),"") -> 0 | I3: 2026-01-06 09:30~ | J3: 2488 | K3: 376305 | L3: =IFERROR(INDEX(온라인_반찬!$C$2:$J$587,MATCH($D3,온라인_반찬!$C$2:$C$587,0),8),"") -> 0 | M3: *웨지감자 : 25g / 30g | O3: *어묵채구이:12g / 15g | S3: 한입새우튀김 : 30g / 35g / 45g (소스15g)
C4: 국 | D4: 황태계란국 | E4: 150 | G4: =IFERROR(INDEX(온라인_반찬!$C$2:$H$594,MATCH($D4,온라인_반찬!$C$2:$C$594,0),6),"") -> 계란(국산)10%, 황태채(러시아산)5%, 양파, 파, 마늘, 정제수, 참기름, 국간장, 소금 | H4: =IFERROR(INDEX(온라인_반찬!$D$2:$J$587,MATCH($D4,온라인_반찬!$C$2:$C$587,0),6),"") -> .1.5.21. | I4: 2026-01-06 09:30~ | J4: 2488 | K4: 384645 | L4: =IFERROR(INDEX(온라인_반찬!$C$2:$J$587,MATCH($D4,온라인_반찬!$C$2:$C$587,0),8),"") -> 0 | M4: *꼬마돈까스: 25g, 중구청 35g | P4: *족발:45g / 55g | S4: *갈비만두 : 성분표기 인당1개 / 식수 인당1.5개
C5: 메인 | D5: 안동찜닭 | E5: 75 | G5: =IFERROR(INDEX(온라인_반찬!$C$2:$H$594,MATCH($D5,온라인_반찬!$C$2:$C$594,0),6),"") -> 닭정육(닭가슴살,닭다리살:국산)53%, 밀떡(밀:수입산), 당근, 양파, 감자, 대파, 마늘, 춘장, 간장, 물엿, 참기름, 후추 | H5: =IFERROR(INDEX(온라인_반찬!$D$2:$J$587,MATCH($D5,온라인_반찬!$C$2:$C$587,0),6),"") -> .1.5.6.10.21. | I5: 2026-01-06 09:30~ | J5: 2488 | K5: 218575 | L5: =IFERROR(INDEX(온라인_반찬!$C$2:$J$587,MATCH($D5,온라인_반찬!$C$2:$C$587,0),8),"") -> 밀떡볶이떡(토담) | M5: *오징어볼탕수 : 35g / 45g/ 70g 소스 : 20g | S5: *생선통살탕수 : 40g / 50g / 교사 70g, 소스 25g 개당 12g
C6: 반찬1 | D6: 세멸치엿장조림 | E6: 12 | G6: =IFERROR(INDEX(온라인_반찬!$C$2:$H$594,MATCH($D6,온라인_반찬!$C$2:$C$594,0),6),"") -> 멸치(국산)79.9%, 대두유, 간장, 맛술, 물엿, 참기름, 참깨 | H6: =IFERROR(INDEX(온라인_반찬!$D$2:$J$587,MATCH($D6,온라인_반찬!$C$2:$C$587,0),6),"") -> .5.21. | I6: 2026-01-06 09:30~ | J6: 2488 | K6: 34672 | L6: =IFERROR(INDEX(온라인_반찬!$C$2:$J$587,MATCH($D6,온라인_반찬!$C$2:$C$587,0),8),"") -> 0 | M6: *표고강정 : 30g(35g) | P6: *훈제오리 : 40g / 50g | S6: *해물전:1000680205(삼성웰스토리)
C7: 반찬2 | D7: 삼색콩나물무침 | E7: 25 | G7: =IFERROR(INDEX(온라인_반찬!$C$2:$H$594,MATCH($D7,온라인_반찬!$C$2:$C$594,0),6),"") -> 콩나물(원료수입산)90%, 당근, 부추, 마늘, 대파, 참치액, 소금, 참기름, 참깨 | H7: =IFERROR(INDEX(온라인_반찬!$D$2:$J$587,MATCH($D7,온라인_반찬!$C$2:$C$587,0),6),"") -> .5.21. | I7: 2026-01-06 09:30~ | J7: 2488 | K7: 74675 | L7: =IFERROR(INDEX(온라인_반찬!$C$2:$J$587,MATCH($D7,온라인_반찬!$C$2:$C$587,0),8),"") -> 0 | M7: *탕수육40g(중구청50g) ,소스25g | P7: *마카로니.콘샐러드 : 30g | S7: *통등심돈까스:50g / 소스 25g
C8: 반찬3 | D8: 깍두기 | E8: 25 | G8: =IFERROR(INDEX(온라인_반찬!$C$2:$H$594,MATCH($D8,온라인_반찬!$C$2:$C$594,0),6),"") -> 무(국산)85.2%, 고추가루(국산), 밀가루풀(국산), 파, 마늘, 새우젓 등 양념(국산) | H8: =IFERROR(INDEX(온라인_반찬!$D$2:$J$587,MATCH($D8,온라인_반찬!$C$2:$C$587,0),6),"") -> .6.9. | I8: 2026-01-06 09:30~ | J8: 2488 | K8: 69375 | L8: =IFERROR(INDEX(온라인_반찬!$C$2:$J$587,MATCH($D8,온라인_반찬!$C$2:$C$587,0),8),"") -> 0 | M8: *건두부무침 : 25g / 35g | P8: *파르펠레냉파스타:30g | S8: *족발부추무침 : 45g, 55g
C9: 보존식 | J9: 1 | K9: 0.25
B10: 글로벌 리더스 . 석식 | C10: 밥 | D10: 친환경귀리쌀밥 | E10: 150 | G10: =IFERROR(INDEX(온라인_반찬!$C$2:$H$594,MATCH($D10,온라인_반찬!$C$2:$C$594,0),6),"") -> 쌀(국산)90%, 귀리(국산.친환경)5%, 정제수 | H10: =IFERROR(INDEX(온라인_반찬!$D$2:$J$587,MATCH($D10,온라인_반찬!$C$2:$C$587,0),6),"") -> 0 | I10: 2026-01-06 14:30~ | J10: 72 | K10: 7800 | L10: =IFERROR(INDEX(온라인_반찬!$C$2:$J$587,MATCH($D10,온라인_반찬!$C$2:$C$587,0),8),"") -> 0 | M10: *영양찜닭:85g / 95g | P10: *소고기가지볶음 : 30g | S10: *춘장닭불고기 : 70g / 80g
C11: 국 | D11: 황태계란국 | E11: 160 | G11: =IFERROR(INDEX(온라인_반찬!$C$2:$H$594,MATCH($D11,온라인_반찬!$C$2:$C$594,0),6),"") -> 계란(국산)10%, 황태채(러시아산)5%, 양파, 파, 마늘, 정제수, 참기름, 국간장, 소금 | H11: =IFERROR(INDEX(온라인_반찬!$D$2:$J$587,MATCH($D11,온라인_반찬!$C$2:$C$587,0),6),"") -> .1.5.21. | I11: 2026-01-06 14:30~ | J11: 72 | K11: 8160 | L11: =IFERROR(INDEX(온라인_반찬!$C$2:$J$587,MATCH($D11,온라인_반찬!$C$2:$C$587,0),8),"") -> 0 | M11: *미트볼 : 개당10g | P11: *삼색소고기소보로 : 50g / 70g | S11: *훈제오리잡채 : 55g / 70g
C12: 메인 | D12: 매콤안동찜닭 | E12: 95 | G12: 닭정육(닭가슴살,닭다리살:국산)53%, 밀떡(밀:수입산), 당근, 양파, 감자, 대파, 마늘, 고춧가루(국내산), 간장, 물엿, 참기름, 후추 | H12: .1.5.6.10.21. | I12: 2026-01-06 14:30~ | J12: 72 | K12: 7317 | L12: =IFERROR(INDEX(온라인_반찬!$C$2:$J$587,MATCH($D12,온라인_반찬!$C$2:$C$587,0),8),"")
C13: 반찬1 | D13: 세멸치엿장조림 | E13: 15 | G13: =IFERROR(INDEX(온라인_반찬!$C$2:$H$594,MATCH($D13,온라인_반찬!$C$2:$C$594,0),6),"") -> 멸치(국산)79.9%, 대두유, 간장, 맛술, 물엿, 참기름, 참깨 | H13: =IFERROR(INDEX(온라인_반찬!$D$2:$J$587,MATCH($D13,온라인_반찬!$C$2:$C$587,0),6),"") -> .5.21. | I13: 2026-01-06 14:30~ | J13: 72 | K13: 1110 | L13: =IFERROR(INDEX(온라인_반찬!$C$2:$J$587,MATCH($D13,온라인_반찬!$C$2:$C$587,0),8),"") -> 0
C14: 반찬2 | D14: 삼색콩나물무침 | E14: 40 | G14: =IFERROR(INDEX(온라인_반찬!$C$2:$H$594,MATCH($D14,온라인_반찬!$C$2:$C$594,0),6),"") -> 콩나물(원료수입산)90%, 당근, 부추, 마늘, 대파, 참치액, 소금, 참기름, 참깨 | H14: =IFERROR(INDEX(온라인_반찬!$D$2:$J$587,MATCH($D14,온라인_반찬!$C$2:$C$587,0),6),"") -> .5.21. | I14: 2026-01-06 14:30~ | J14: 72 | K14: 2960 | L14: =IFERROR(INDEX(온라인_반찬!$C$2:$J$587,MATCH($D14,온라인_반찬!$C$2:$C$587,0),8),"") -> 0
C15: 반찬3 | D15: 깍두기 | E15: 35 | G15: =IFERROR(INDEX(온라인_반찬!$C$2:$H$594,MATCH($D15,온라인_반찬!$C$2:$C$594,0),6),"") -> 무(국산)85.2%, 고추가루(국산), 밀가루풀(국산), 파, 마늘, 새우젓 등 양념(국산) | H15: =IFERROR(INDEX(온라인_반찬!$D$2:$J$587,MATCH($D15,온라인_반찬!$C$2:$C$587,0),6),"") -> .6.9. | I15: 2026-01-06 14:30~ | J15: 72 | K15: 2590 | L15: =IFERROR(INDEX(온라인_반찬!$C$2:$J$587,MATCH($D15,온라인_반찬!$C$2:$C$587,0),8),"") -> 0
C16: 신당꿈 특식 | D16: 과일 | F16: 1 | G16: 바나나(필리핀산) | H16: =IFERROR(INDEX(온라인_반찬!$D$2:$J$587,MATCH($D16,온라인_반찬!$C$2:$C$587,0),6),"") | I16: 2026-01-06 14:30~ | J16: 28 | K16: 30 | L16: =IFERROR(INDEX(온라인_반찬!$C$2:$J$587,MATCH($D16,온라인_반찬!$C$2:$C$587,0),8),"")
C17: 보존식 | J17: 1 | K17: 0.25
B18: 강서폴리 소풍 | C18: 밥 | G18: =IFERROR(INDEX(온라인_반찬!$C$2:$H$594,MATCH($D18,온라인_반찬!$C$2:$C$594,0),6),"") | H18: =IFERROR(INDEX(온라인_반찬!$D$2:$J$587,MATCH($D18,온라인_반찬!$C$2:$C$587,0),6),"") | I18: 2026-01-06 09:30~ | L18: =IFERROR(INDEX(온라인_반찬!$C$2:$J$587,MATCH($D18,온라인_반찬!$C$2:$C$587,0),8),"")
C19: 반찬1 | G19: =IFERROR(INDEX(온라인_반찬!$C$2:$H$594,MATCH($D19,온라인_반찬!$C$2:$C$594,0),6),"") | H19: =IFERROR(INDEX(온라인_반찬!$D$2:$J$587,MATCH($D19,온라인_반찬!$C$2:$C$587,0),6),"") | I19: 2026-01-06 09:30~ | L19: =IFERROR(INDEX(온라인_반찬!$C$2:$J$587,MATCH($D19,온라인_반찬!$C$2:$C$587,0),8),"")
G20: =IFERROR(INDEX(온라인_반찬!$C$2:$H$594,MATCH($D20,온라인_반찬!$C$2:$C$594,0),6),"") | H20: =IFERROR(INDEX(온라인_반찬!$D$2:$J$587,MATCH($D20,온라인_반찬!$C$2:$C$587,0),6),"") | I20: 2026-01-06 09:30~ | L20: =IFERROR(INDEX(온라인_반찬!$C$2:$J$587,MATCH($D20,온라인_반찬!$C$2:$C$587,0),8),"")
C21: 반찬2 | G21: =IFERROR(INDEX(온라인_반찬!$C$2:$H$594,MATCH($D21,온라인_반찬!$C$2:$C$594,0),6),"") | H21: =IFERROR(INDEX(온라인_반찬!$D$2:$J$587,MATCH($D21,온라인_반찬!$C$2:$C$587,0),6),"") | I21: 2026-01-06 09:30~ | L21: =IFERROR(INDEX(온라인_반찬!$C$2:$J$587,MATCH($D21,온라인_반찬!$C$2:$C$587,0),8),"")
C22: 반찬3 | G22: =IFERROR(INDEX(온라인_반찬!$C$2:$H$594,MATCH($D22,온라인_반찬!$C$2:$C$594,0),6),"") | H22: =IFERROR(INDEX(온라인_반찬!$D$2:$J$587,MATCH($D22,온라인_반찬!$C$2:$C$587,0),6),"") | I22: 2026-01-06 09:30~ | L22: =IFERROR(INDEX(온라인_반찬!$C$2:$J$587,MATCH($D22,온라인_반찬!$C$2:$C$587,0),8),"")
C23: 반찬4 | G23: =IFERROR(INDEX(온라인_반찬!$C$2:$H$594,MATCH($D23,온라인_반찬!$C$2:$C$594,0),6),"") | H23: =IFERROR(INDEX(온라인_반찬!$D$2:$J$587,MATCH($D23,온라인_반찬!$C$2:$C$587,0),6),"") | I23: 2026-01-06 09:30~ | L23: =IFERROR(INDEX(온라인_반찬!$C$2:$J$587,MATCH($D23,온라인_반찬!$C$2:$C$587,0),8),"")
C24: 보존식 | F24: 1 | J24: 1 | K24: 0.25

Sheet 01-07
B1: 2026-01-07(수) | M1: *한입해쉬브라운 : 9g(개당) | P1: *양송이떡갈비 : 1.5ea, 1.75, 2 | S1: *양배추당근라페 : 20g / 30g
B2: 출고일 | C2: 구분 | D2: 품명 | E2: 중량(g) | F2: 수량(장) | G2: 자재사용내역 | H2: 알러지 표기 | I2: 배송시점 | J2: 제공인원 | K2: 총생산량(Kg) | L2: 메 모 | M2: *샐러드 채소 : 15g, 20g ,25g | P2: *야채고기말이 : 1.1, 1.5, 1.5 | S2: *고구마튀김35g / 45g
B3: 중식 | C3: 밥 | D3: 친환경찰흑미쌀밥 | E3: 140 | G3: =IFERROR(INDEX(온라인_반찬!$C$2:$H$594,MATCH($D3,온라인_반찬!$C$2:$C$594,0),6),"") -> 쌀(국산)90%, 찰흑미(국산.친환경)5%, 정제수 | H3: =IFERROR(INDEX(온라인_반찬!$D$2:$J$587,MATCH($D3,온라인_반찬!$C$2:$C$587,0),6),"") -> 0 | I3: 2026-01-07 09:30~ | J3: 2600 | K3: 393875 | L3: =IFERROR(INDEX(온라인_반찬!$C$2:$J$587,MATCH($D3,온라인_반찬!$C$2:$C$587,0),8),"") -> 0 | M3: *웨지감자 : 25g / 30g | O3: *어묵채구이:12g / 15g | S3: 한입새우튀김 : 30g / 35g / 45g (소스15g)
C4: 국 | D4: 모둠채소된장국 | E4: 150 | G4: =IFERROR(INDEX(온라인_반찬!$C$2:$H$594,MATCH($D4,온라인_반찬!$C$2:$C$594,0),6),"") -> 모둠채소[(호박.감자.양파.느타리버섯:국산),.표고버섯(중국산)]20%, 두부(원료수입산)5%, 정제수, 된장, 대파, 마늘, 소금 | H4: =IFERROR(INDEX(온라인_반찬!$D$2:$J$587,MATCH($D4,온라인_반찬!$C$2:$C$587,0),6),"") -> .5.9. | I4: 2026-01-07 09:30~ | J4: 2600 | K4: 400865 | L4: =IFERROR(INDEX(온라인_반찬!$C$2:$J$587,MATCH($D4,온라인_반찬!$C$2:$C$587,0),8),"") -> 50g/60g | M4: *꼬마돈까스: 25g, 중구청 35g | P4: *족발:45g / 55g | S4: *갈비만두 : 성분표기 인당1개 / 식수 인당1.5개
C5: 메인 | D5: 황금팽이소불고기 | E5: 60 | G5: =IFERROR(INDEX(온라인_반찬!$C$2:$H$594,MATCH($D5,온라인_반찬!$C$2:$C$594,0),6),"") -> 소고기(호주산)75%, 새송이버섯(국산)10%, 황금팽이버섯(국산)2%, 당근, 대파, 마늘, 간장, 맛술, 참기름, 후추, 참깨 | H5: =IFERROR(INDEX(온라인_반찬!$D$2:$J$587,MATCH($D5,온라인_반찬!$C$2:$C$587,0),6),"") -> .5.16.21. | I5: 2026-01-07 09:30~ | J5: 2600 | K5: 186310 | L5: =IFERROR(INDEX(온라인_반찬!$C$2:$J$587,MATCH($D5,온라인_반찬!$C$2:$C$587,0),8),"") -> 0 | M5: *오징어볼탕수 : 35g / 45g/ 70g 소스 : 20g | S5: *생선통살탕수 : 40g / 50g / 교사 70g, 소스 25g 개당 12g
C6: 반찬1 | D6: 스크램블에그 | E6: 35 | G6: =IFERROR(INDEX(온라인_반찬!$C$2:$H$594,MATCH($D6,온라인_반찬!$C$2:$C$594,0),6),"") -> 계란(국산)90%, 브로콜리(국내산)6%, 대두유, 우유, 소금, 백후추 | H6: =IFERROR(INDEX(온라인_반찬!$D$2:$J$587,MATCH($D6,온라인_반찬!$C$2:$C$587,0),6),"") -> .1.2.5. | I6: 2026-01-07 09:30~ | J6: 2600 | K6: 102817.5 | L6: =IFERROR(INDEX(온라인_반찬!$C$2:$J$587,MATCH($D6,온라인_반찬!$C$2:$C$587,0),8),"") -> 0 | M6: *표고강정 : 30g(35g) | P6: *훈제오리 : 40g / 50g | S6: *해물전:1000680205(삼성웰스토리)
C7: 반찬2 | D7: 미역무채무침 | E7: 25 | G7: =IFERROR(INDEX(온라인_반찬!$C$2:$H$594,MATCH($D7,온라인_반찬!$C$2:$C$594,0),6),"") -> 무(국내산)70%, 미역(국산)15%, (국내산)]10%, 설탕, 식초, 레몬즙, 소금, 참깨 | H7: =IFERROR(INDEX(온라인_반찬!$D$2:$J$587,MATCH($D7,온라인_반찬!$C$2:$C$587,0),6),"") -> .5.21. | I7: 2026-01-07 09:30~ | J7: 2600 | K7: 77855 | L7: =IFERROR(INDEX(온라인_반찬!$C$2:$J$587,MATCH($D7,온라인_반찬!$C$2:$C$587,0),8),"") -> 0 | M7: *탕수육40g(중구청50g) ,소스25g | P7: *마카로니.콘샐러드 : 30g | S7: *통등심돈까스:50g / 소스 25g
C8: 반찬3 | D8: 백김치 | E8: 25 | G8: =IFERROR(INDEX(온라인_반찬!$C$2:$H$594,MATCH($D8,온라인_반찬!$C$2:$C$594,0),6),"") -> 배추(국내산)64%, 무채(무:국내산)8%, 양파, 정제수, 생강, 마늘, 생강, 배, 쪽파, 정제염 | H8: =IFERROR(INDEX(온라인_반찬!$D$2:$J$587,MATCH($D8,온라인_반찬!$C$2:$C$587,0),6),"") -> 0 | I8: 2026-01-07 09:30~ | J8: 2600 | K8: 72560 | L8: =IFERROR(INDEX(온라인_반찬!$C$2:$J$587,MATCH($D8,온라인_반찬!$C$2:$C$587,0),8),"") -> 백김치(정우식품) | M8: *건두부무침 : 25g / 35g | P8: *파르펠레냉파스타:30g | S8: *족발부추무침 : 45g, 55g
C9: 반찬3 | D9: 치킨너겟 | F9: 5 | G9: =IFERROR(INDEX(온라인_반찬!$C$2:$H$594,MATCH($D9,온라인_반찬!$C$2:$C$594,0),6),"") -> 치킨너겟[닭고기(닭:국산100%)74.65%, 브레더[밀가루(밀:호주산, 미극산),전분(옥수수:외국산)], 대두단백, 정제소금, 백설탕 등 | H9: =IFERROR(INDEX(온라인_반찬!$D$2:$J$587,MATCH($D9,온라인_반찬!$C$2:$C$587,0),6),"") -> .1.2.5.6.15.16. | I9: 2026-01-07 09:30~ | J9: 6 | K9: 35 | L9: =IFERROR(INDEX(온라인_반찬!$C$2:$J$587,MATCH($D9,온라인_반찬!$C$2:$C$587,0),8),"") -> 치킨너겟(하림)
C10: 보존식 | G10: 서빙고초 병설 : 치킨너겟 | J10: 1 | K10: 0.25
B11: 글로벌 리더스 . 석식 | C11: 밥 | D11: 친환경찰흑미쌀밥 | E11: 150 | G11: =IFERROR(INDEX(온라인_반찬!$C$2:$H$594,MATCH($D11,온라인_반찬!$C$2:$C$594,0),6),"") -> 쌀(국산)90%, 찰흑미(국산.친환경)5%, 정제수 | H11: =IFERROR(INDEX(온라인_반찬!$D$2:$J$587,MATCH($D11,온라인_반찬!$C$2:$C$587,0),6),"") -> 0 | I11: 2026-01-07 14:30~ | J11: 44 | K11: 3150 | L11: =IFERROR(INDEX(온라인_반찬!$C$2:$J$587,MATCH($D11,온라인_반찬!$C$2:$C$587,0),8),"") -> 0 | M11: *영양찜닭:85g / 95g | P11: *소고기가지볶음 : 30g | S11: *춘장닭불고기 : 70g / 80g
C12: 국 | D12: 모둠채소된장국 | E12: 160 | G12: =IFERROR(INDEX(온라인_반찬!$C$2:$H$594,MATCH($D12,온라인_반찬!$C$2:$C$594,0),6),"") -> 모둠채소[(호박.감자.양파.느타리버섯:국산),.표고버섯(중국산)]20%, 두부(원료수입산)5%, 정제수, 된장, 대파, 마늘, 소금 | H12: =IFERROR(INDEX(온라인_반찬!$D$2:$J$587,MATCH($D12,온라인_반찬!$C$2:$C$587,0),6),"") -> .5.9. | I12: 2026-01-07 14:30~ | J12: 44 | K12: 3360 | L12: =IFERROR(INDEX(온라인_반찬!$C$2:$J$587,MATCH($D12,온라인_반찬!$C$2:$C$587,0),8),"") -> 50g/60g | M12: *미트볼 : 개당10g | P12: *삼색소고기소보로 : 50g / 70g | S12: *훈제오리잡채 : 55g / 70g
C13: 메인 | D13: 황금팽이소불고기 | E13: 80 | G13: =IFERROR(INDEX(온라인_반찬!$C$2:$H$594,MATCH($D13,온라인_반찬!$C$2:$C$594,0),6),"") -> 소고기(호주산)75%, 새송이버섯(국산)10%, 황금팽이버섯(국산)2%, 당근, 대파, 마늘, 간장, 맛술, 참기름, 후추, 참깨 | H13: =IFERROR(INDEX(온라인_반찬!$D$2:$J$587,MATCH($D13,온라인_반찬!$C$2:$C$587,0),6),"") -> .5.16.21. | I13: 2026-01-07 14:30~ | J13: 44 | K13: 4040 | L13: =IFERROR(INDEX(온라인_반찬!$C$2:$J$587,MATCH($D13,온라인_반찬!$C$2:$C$587,0),8),"") -> 0
C14: 반찬1 | D14: 스크램블에그 | E14: 40 | G14: =IFERROR(INDEX(온라인_반찬!$C$2:$H$594,MATCH($D14,온라인_반찬!$C$2:$C$594,0),6),"") -> 계란(국산)90%, 브로콜리(국내산)6%, 대두유, 우유, 소금, 백후추 | H14: =IFERROR(INDEX(온라인_반찬!$D$2:$J$587,MATCH($D14,온라인_반찬!$C$2:$C$587,0),6),"") -> .1.2.5. | I14: 2026-01-07 14:30~ | J14: 44 | K14: 1840 | L14: =IFERROR(INDEX(온라인_반찬!$C$2:$J$587,MATCH($D14,온라인_반찬!$C$2:$C$587,0),8),"") -> 0
C15: 반찬2 | D15: 미역무채무침 | E15: 35 | G15: =IFERROR(INDEX(온라인_반찬!$C$2:$H$594,MATCH($D15,온라인_반찬!$C$2:$C$594,0),6),"") -> 무(국내산)70%, 미역(국산)15%, (국내산)]10%, 설탕, 식초, 레몬즙, 소금, 참깨 | H15: =IFERROR(INDEX(온라인_반찬!$D$2:$J$587,MATCH($D15,온라인_반찬!$C$2:$C$587,0),6),"") -> .5.21. | I15: 2026-01-07 14:30~ | J15: 44 | K15: 1610 | L15: =IFERROR(INDEX(온라인_반찬!$C$2:$J$587,MATCH($D15,온라인_반찬!$C$2:$C$587,0),8),"") -> 0
C16: 반찬3 | D16: 열무김치 | E16: 35 | G16: =IFERROR(INDEX(온라인_반찬!$C$2:$H$594,MATCH($D16,온라인_반찬!$C$2:$C$594,0),6),"") -> 절임열무51%(열무,식염:고추구루, 양파, 대파, 전용풀. 마늘, 다시마농축액.새우액젓.생강:국산) | H16: =IFERROR(INDEX(온라인_반찬!$D$2:$J$587,MATCH($D16,온라인_반찬!$C$2:$C$587,0),6),"") -> .9. | I16: 2026-01-07 14:30~ | J16: 44 | K16: 1610 | L16: =IFERROR(INDEX(온라인_반찬!$C$2:$J$587,MATCH($D16,온라인_반찬!$C$2:$C$587,0),8),"") -> 열무김치(종가김치)
C17: 신당꿈 특식 | D17: 등갈비김치찜 | F17: 2 | G17: =IFERROR(INDEX(온라인_반찬!$C$2:$H$594,MATCH($D17,온라인_반찬!$C$2:$C$594,0),6),"") -> 등갈비(돼지고기:스페인산)60%, 배추김치(배추, 고추가루:국산)15%, 파인애플(전처리용), 파, 마늘, 생강가루, 월계수잎, 정제수, 간장, 설탕, 맛술, 물엿, 참기름, 후추 | H17: =IFERROR(INDEX(온라인_반찬!$D$2:$J$587,MATCH($D17,온라인_반찬!$C$2:$C$587,0),6),"") -> .5.10.19.21. | I17: 2026-01-07 14:30~ | J17: 28 | K17: 60 | L17: =IFERROR(INDEX(온라인_반찬!$C$2:$J$587,MATCH($D17,온라인_반찬!$C$2:$C$587,0),8),"") -> 0
C18: 보존식 | J18: 1 | K18: 0.25
B19: 강서폴리 소풍 | C19: 밥 | G19: =IFERROR(INDEX(온라인_반찬!$C$2:$H$594,MATCH($D19,온라인_반찬!$C$2:$C$594,0),6),"") | H19: =IFERROR(INDEX(온라인_반찬!$D$2:$J$587,MATCH($D19,온라인_반찬!$C$2:$C$587,0),6),"") | I19: 2026-01-07 09:30~ | L19: =IFERROR(INDEX(온라인_반찬!$C$2:$J$587,MATCH($D19,온라인_반찬!$C$2:$C$587,0),8),"")
C20: 반찬1 | G20: =IFERROR(INDEX(온라인_반찬!$C$2:$H$594,MATCH($D20,온라인_반찬!$C$2:$C$594,0),6),"") | H20: =IFERROR(INDEX(온라인_반찬!$D$2:$J$587,MATCH($D20,온라인_반찬!$C$2:$C$587,0),6),"") | I20: 2026-01-07 09:30~ | L20: =IFERROR(INDEX(온라인_반찬!$C$2:$J$587,MATCH($D20,온라인_반찬!$C$2:$C$587,0),8),"")
G21: =IFERROR(INDEX(온라인_반찬!$C$2:$H$594,MATCH($D21,온라인_반찬!$C$2:$C$594,0),6),"") | H21: =IFERROR(INDEX(온라인_반찬!$D$2:$J$587,MATCH($D21,온라인_반찬!$C$2:$C$587,0),6),"") | I21: 2026-01-07 09:30~ | L21: =IFERROR(INDEX(온라인_반찬!$C$2:$J$587,MATCH($D21,온라인_반찬!$C$2:$C$587,0),8),"")
C22: 반찬2 | G22: =IFERROR(INDEX(온라인_반찬!$C$2:$H$594,MATCH($D22,온라인_반찬!$C$2:$C$594,0),6),"") | H22: =IFERROR(INDEX(온라인_반찬!$D$2:$J$587,MATCH($D22,온라인_반찬!$C$2:$C$587,0),6),"") | I22: 2026-01-07 09:30~ | L22: =IFERROR(INDEX(온라인_반찬!$C$2:$J$587,MATCH($D22,온라인_반찬!$C$2:$C$587,0),8),"")
C23: 반찬3 | G23: =IFERROR(INDEX(온라인_반찬!$C$2:$H$594,MATCH($D23,온라인_반찬!$C$2:$C$594,0),6),"") | H23: =IFERROR(INDEX(온라인_반찬!$D$2:$J$587,MATCH($D23,온라인_반찬!$C$2:$C$587,0),6),"") | I23: 2026-01-07 09:30~ | L23: =IFERROR(INDEX(온라인_반찬!$C$2:$J$587,MATCH($D23,온라인_반찬!$C$2:$C$587,0),8),"")
C24: 반찬4 | G24: =IFERROR(INDEX(온라인_반찬!$C$2:$H$594,MATCH($D24,온라인_반찬!$C$2:$C$594,0),6),"") | H24: =IFERROR(INDEX(온라인_반찬!$D$2:$J$587,MATCH($D24,온라인_반찬!$C$2:$C$587,0),6),"") | I24: 2026-01-07 09:30~ | L24: =IFERROR(INDEX(온라인_반찬!$C$2:$J$587,MATCH($D24,온라인_반찬!$C$2:$C$587,0),8),"")
C25: 보존식 | F25: 1 | J25: 1 | K25: 0.25

Sheet 01-08
B1: 2026-01-08(목) | M1: *한입해쉬브라운 : 9g(개당) | P1: *양송이떡갈비 : 1.5ea, 1.75, 2 | S1: *양배추당근라페 : 20g / 30g
B2: 출고일 | C2: 구분 | D2: 품명 | E2: 중량(g) | F2: 수량(장) | G2: 자재사용내역 | H2: 알러지 표기 | I2: 배송시점 | J2: 제공인원 | K2: 총생산량(Kg) | L2: 메 모 | M2: *샐러드 채소 : 15g, 20g ,25g | P2: *야채고기말이 : 1.1, 1.5, 1.5 | S2: *고구마튀김35g / 45g
B3: 중식 | C3: 밥 | D3: 흰쌀밥 | E3: 140 | G3: =IFERROR(INDEX(온라인_반찬!$C$2:$H$594,MATCH($D3,온라인_반찬!$C$2:$C$594,0),6),"") -> 쌀(국산)95%, 정제수 | H3: =IFERROR(INDEX(온라인_반찬!$D$2:$J$587,MATCH($D3,온라인_반찬!$C$2:$C$587,0),6),"") -> 0 | I3: 2026-01-08 09:30~ | J3: 2650 | K3: 401595 | L3: =IFERROR(INDEX(온라인_반찬!$C$2:$J$587,MATCH($D3,온라인_반찬!$C$2:$C$587,0),8),"") -> 0 | M3: *웨지감자 : 25g / 30g | O3: *어묵채구이:12g / 15g | S3: 한입새우튀김 : 30g / 35g / 45g (소스15g)
C4: 국 | D4: 올갱이미역국 | E4: 150 | G4: =IFERROR(INDEX(온라인_반찬!$C$2:$H$594,MATCH($D4,온라인_반찬!$C$2:$C$594,0),6),"") -> 불린미역(국산)21%, 다슬기(국내산)2%, 마늘, 정제수, 국간장, 참치액, 소금 | H4: =IFERROR(INDEX(온라인_반찬!$D$2:$J$587,MATCH($D4,온라인_반찬!$C$2:$C$587,0),6),"") -> .5.9. | I4: 2026-01-08 09:30~ | J4: 2650 | K4: 408485 | L4: =IFERROR(INDEX(온라인_반찬!$C$2:$J$587,MATCH($D4,온라인_반찬!$C$2:$C$587,0),8),"") -> 25g/30g | M4: *꼬마돈까스: 25g, 중구청 35g | P4: *족발:45g / 55g | S4: *갈비만두 : 성분표기 인당1개 / 식수 인당1.5개
C5: 메인 | D5: 로제닭볶음 | E5: 75 | G5: =IFERROR(INDEX(온라인_반찬!$C$2:$H$594,MATCH($D5,온라인_반찬!$C$2:$C$594,0),6),"") -> 닭정육(국산)78%, 총알새송이(국산), 마늘, 정제수, 우유, 생크림, 토마토소스, 크림베이스소스, 소금, 파슬리가루 | H5: =IFERROR(INDEX(온라인_반찬!$D$2:$J$587,MATCH($D5,온라인_반찬!$C$2:$C$587,0),6),"") -> .2.5.6.12.15. | I5: 2026-01-08 09:30~ | J5: 2650 | K5: 232857.5 | L5: =IFERROR(INDEX(온라인_반찬!$C$2:$J$587,MATCH($D5,온라인_반찬!$C$2:$C$587,0),8),"") -> 토마토소스(오쉐프), 크림벵이스소스(면사랑) | M5: *오징어볼탕수 : 35g / 45g/ 70g 소스 : 20g | S5: *생선통살탕수 : 40g / 50g / 교사 70g, 소스 25g 개당 12g
C6: 반찬1 | D6: 미트볼조림 | E6: 40 | G6: =IFERROR(INDEX(온라인_반찬!$C$2:$H$594,MATCH($D6,온라인_반찬!$C$2:$C$594,0),6),"") -> 미트볼[돼지고기(국내산)45.45%,소고기(호주산,뉴질랜드산)20.61%]80%, 양파, 피망, 간장, 맛술, 후추, 파슬리가루 | H6: =IFERROR(INDEX(온라인_반찬!$D$2:$J$587,MATCH($D6,온라인_반찬!$C$2:$C$587,0),6),"") -> .1.2.5.6.10.16. | I6: 2026-01-08 09:30~ | J6: 2650 | K6: 120145 | L6: =IFERROR(INDEX(온라인_반찬!$C$2:$J$587,MATCH($D6,온라인_반찬!$C$2:$C$587,0),8),"") -> 미트볼골드(선진) | M6: *표고강정 : 30g(35g) | P6: *훈제오리 : 40g / 50g | S6: *해물전:1000680205(삼성웰스토리)
C7: 반찬2 | D7: 배추된장나물 | E7: 25 | G7: =IFERROR(INDEX(온라인_반찬!$C$2:$H$594,MATCH($D7,온라인_반찬!$C$2:$C$594,0),6),"") -> 배추(국산)86.4%, 마늘, 대파, 된장, 참치액, 소금, 참기름, 참깨 | H7: =IFERROR(INDEX(온라인_반찬!$D$2:$J$587,MATCH($D7,온라인_반찬!$C$2:$C$587,0),6),"") -> .5.21. | I7: 2026-01-08 09:30~ | J7: 2650 | K7: 79327.5 | L7: =IFERROR(INDEX(온라인_반찬!$C$2:$J$587,MATCH($D7,온라인_반찬!$C$2:$C$587,0),8),"") -> 0 | M7: *탕수육40g(중구청50g) ,소스25g | P7: *마카로니.콘샐러드 : 30g | S7: *통등심돈까스:50g / 소스 25g
C8: 반찬3 | D8: 깍두기 | E8: 25 | G8: =IFERROR(INDEX(온라인_반찬!$C$2:$H$594,MATCH($D8,온라인_반찬!$C$2:$C$594,0),6),"") -> 무(국산)85.2%, 고추가루(국산), 밀가루풀(국산), 파, 마늘, 새우젓 등 양념(국산) | H8: =IFERROR(INDEX(온라인_반찬!$D$2:$J$587,MATCH($D8,온라인_반찬!$C$2:$C$587,0),6),"") -> .6.9. | I8: 2026-01-08 09:30~ | J8: 2650 | K8: 74045 | L8: =IFERROR(INDEX(온라인_반찬!$C$2:$J$587,MATCH($D8,온라인_반찬!$C$2:$C$587,0),8),"") -> 0 | M8: *건두부무침 : 25g / 35g | P8: *파르펠레냉파스타:30g | S8: *족발부추무침 : 45g, 55g
C9: 보존식 | J9: 1 | K9: 0.25 | S9: 74045
B10: 글로벌 리더스 . 석식 | C10: 밥 | D10: 흰쌀밥 | E10: 150 | G10: =IFERROR(INDEX(온라인_반찬!$C$2:$H$594,MATCH($D10,온라인_반찬!$C$2:$C$594,0),6),"") -> 쌀(국산)95%, 정제수 | H10: =IFERROR(INDEX(온라인_반찬!$D$2:$J$587,MATCH($D10,온라인_반찬!$C$2:$C$587,0),6),"") -> 0 | I10: 2026-01-08 14:30~ | J10: 72 | K10: 3150 | L10: =IFERROR(INDEX(온라인_반찬!$C$2:$J$587,MATCH($D10,온라인_반찬!$C$2:$C$587,0),8),"") -> 0 | M10: *영양찜닭:85g / 95g | P10: *소고기가지볶음 : 30g | S10: *춘장닭불고기 : 70g / 80g
C11: 국 | D11: 올갱이미역국 | E11: 160 | G11: =IFERROR(INDEX(온라인_반찬!$C$2:$H$594,MATCH($D11,온라인_반찬!$C$2:$C$594,0),6),"") -> 불린미역(국산)21%, 다슬기(국내산)2%, 마늘, 정제수, 국간장, 참치액, 소금 | H11: =IFERROR(INDEX(온라인_반찬!$D$2:$J$587,MATCH($D11,온라인_반찬!$C$2:$C$587,0),6),"") -> .5.9. | I11: 2026-01-08 14:30~ | J11: 72 | K11: 3360 | L11: =IFERROR(INDEX(온라인_반찬!$C$2:$J$587,MATCH($D11,온라인_반찬!$C$2:$C$587,0),8),"") -> 25g/30g | M11: *미트볼 : 개당10g | P11: *삼색소고기소보로 : 50g / 70g | S11: *훈제오리잡채 : 55g / 70g
C12: 메인 | D12: 로제닭볶음 | E12: 90 | G12: =IFERROR(INDEX(온라인_반찬!$C$2:$H$594,MATCH($D12,온라인_반찬!$C$2:$C$594,0),6),"") -> 닭정육(국산)78%, 총알새송이(국산), 마늘, 정제수, 우유, 생크림, 토마토소스, 크림베이스소스, 소금, 파슬리가루 | H12: =IFERROR(INDEX(온라인_반찬!$D$2:$J$587,MATCH($D12,온라인_반찬!$C$2:$C$587,0),6),"") -> .2.5.6.12.15. | I12: 2026-01-08 14:30~ | J12: 72 | K12: 4545 | L12: =IFERROR(INDEX(온라인_반찬!$C$2:$J$587,MATCH($D12,온라인_반찬!$C$2:$C$587,0),8),"") -> 토마토소스(오쉐프), 크림벵이스소스(면사랑)
C13: 반찬1 | D13: 미트볼조림 | E13: 45 | G13: =IFERROR(INDEX(온라인_반찬!$C$2:$H$594,MATCH($D13,온라인_반찬!$C$2:$C$594,0),6),"") -> 미트볼[돼지고기(국내산)45.45%,소고기(호주산,뉴질랜드산)20.61%]80%, 양파, 피망, 간장, 맛술, 후추, 파슬리가루 | H13: =IFERROR(INDEX(온라인_반찬!$D$2:$J$587,MATCH($D13,온라인_반찬!$C$2:$C$587,0),6),"") -> .1.2.5.6.10.16. | I13: 2026-01-08 14:30~ | J13: 72 | K13: 2070 | L13: =IFERROR(INDEX(온라인_반찬!$C$2:$J$587,MATCH($D13,온라인_반찬!$C$2:$C$587,0),8),"") -> 미트볼골드(선진) | S13: 1610
C14: 반찬2 | D14: 배추된장나물 | E14: 35 | G14: =IFERROR(INDEX(온라인_반찬!$C$2:$H$594,MATCH($D14,온라인_반찬!$C$2:$C$594,0),6),"") -> 배추(국산)86.4%, 마늘, 대파, 된장, 참치액, 소금, 참기름, 참깨 | H14: =IFERROR(INDEX(온라인_반찬!$D$2:$J$587,MATCH($D14,온라인_반찬!$C$2:$C$587,0),6),"") -> .5.21. | I14: 2026-01-08 14:30~ | J14: 72 | K14: 1610 | L14: =IFERROR(INDEX(온라인_반찬!$C$2:$J$587,MATCH($D14,온라인_반찬!$C$2:$C$587,0),8),"") -> 0
C15: 반찬3 | D15: 깍두기 | E15: 35 | G15: =IFERROR(INDEX(온라인_반찬!$C$2:$H$594,MATCH($D15,온라인_반찬!$C$2:$C$594,0),6),"") -> 무(국산)85.2%, 고추가루(국산), 밀가루풀(국산), 파, 마늘, 새우젓 등 양념(국산) | H15: =IFERROR(INDEX(온라인_반찬!$D$2:$J$587,MATCH($D15,온라인_반찬!$C$2:$C$587,0),6),"") -> .6.9. | I15: 2026-01-08 14:30~ | J15: 72 | K15: 1610 | L15: =IFERROR(INDEX(온라인_반찬!$C$2:$J$587,MATCH($D15,온라인_반찬!$C$2:$C$587,0),8),"") -> 0
C16: 신당꿈 특식 | D16: 과일 | F16: 100 | G16: 체리(칠레산) | H16: =IFERROR(INDEX(온라인_반찬!$D$2:$J$587,MATCH($D16,온라인_반찬!$C$2:$C$587,0),6),"") | I16: 2026-01-08 14:30~ | J16: 28 | K16: 3200 | L16: =IFERROR(INDEX(온라인_반찬!$C$2:$J$587,MATCH($D16,온라인_반찬!$C$2:$C$587,0),8),"")
C17: 보존식 | J17: 1 | K17: 0.25
B18: 강서폴리 소풍 | C18: 밥 | G18: =IFERROR(INDEX(온라인_반찬!$C$2:$H$594,MATCH($D18,온라인_반찬!$C$2:$C$594,0),6),"") | H18: =IFERROR(INDEX(온라인_반찬!$D$2:$J$587,MATCH($D18,온라인_반찬!$C$2:$C$587,0),6),"") | I18: 2026-01-08 09:30~ | L18: =IFERROR(INDEX(온라인_반찬!$C$2:$J$587,MATCH($D18,온라인_반찬!$C$2:$C$587,0),8),"")
C19: 반찬1 | G19: =IFERROR(INDEX(온라인_반찬!$C$2:$H$594,MATCH($D19,온라인_반찬!$C$2:$C$594,0),6),"") | H19: =IFERROR(INDEX(온라인_반찬!$D$2:$J$587,MATCH($D19,온라인_반찬!$C$2:$C$587,0),6),"") | I19: 2026-01-08 09:30~ | L19: =IFERROR(INDEX(온라인_반찬!$C$2:$J$587,MATCH($D19,온라인_반찬!$C$2:$C$587,0),8),"")
G20: =IFERROR(INDEX(온라인_반찬!$C$2:$H$594,MATCH($D20,온라인_반찬!$C$2:$C$594,0),6),"") | H20: =IFERROR(INDEX(온라인_반찬!$D$2:$J$587,MATCH($D20,온라인_반찬!$C$2:$C$587,0),6),"") | I20: 2026-01-08 09:30~ | L20: =IFERROR(INDEX(온라인_반찬!$C$2:$J$587,MATCH($D20,온라인_반찬!$C$2:$C$587,0),8),"")
C21: 반찬2 | G21: =IFERROR(INDEX(온라인_반찬!$C$2:$H$594,MATCH($D21,온라인_반찬!$C$2:$C$594,0),6),"") | H21: =IFERROR(INDEX(온라인_반찬!$D$2:$J$587,MATCH($D21,온라인_반찬!$C$2:$C$587,0),6),"") | I21: 2026-01-08 09:30~ | L21: =IFERROR(INDEX(온라인_반찬!$C$2:$J$587,MATCH($D21,온라인_반찬!$C$2:$C$587,0),8),"")
C22: 반찬3 | G22: =IFERROR(INDEX(온라인_반찬!$C$2:$H$594,MATCH($D22,온라인_반찬!$C$2:$C$594,0),6),"") | H22: =IFERROR(INDEX(온라인_반찬!$D$2:$J$587,MATCH($D22,온라인_반찬!$C$2:$C$587,0),6),"") | I22: 2026-01-08 09:30~ | L22: =IFERROR(INDEX(온라인_반찬!$C$2:$J$587,MATCH($D22,온라인_반찬!$C$2:$C$587,0),8),"")
C23: 반찬4 | G23: =IFERROR(INDEX(온라인_반찬!$C$2:$H$594,MATCH($D23,온라인_반찬!$C$2:$C$594,0),6),"") | H23: =IFERROR(INDEX(온라인_반찬!$D$2:$J$587,MATCH($D23,온라인_반찬!$C$2:$C$587,0),6),"") | I23: 2026-01-08 09:30~ | L23: =IFERROR(INDEX(온라인_반찬!$C$2:$J$587,MATCH($D23,온라인_반찬!$C$2:$C$587,0),8),"")
C24: 보존식 | F24: 1 | J24: 1 | K24: 0.25

Sheet 01-09
B1: 2026-01-09(금) | M1: *한입해쉬브라운 : 9g(개당) | P1: *양송이떡갈비 : 1.5ea, 1.75, 2 | S1: *양배추당근라페 : 20g / 30g
B2: 출고일 | C2: 구분 | D2: 품명 | E2: 중량(g) | F2: 수량(장) | G2: 자재사용내역 | H2: 알러지 표기 | I2: 배송시점 | J2: 제공인원 | K2: 총생산량(Kg) | L2: 메 모 | M2: *샐러드 채소 : 15g, 20g ,25g | P2: *야채고기말이 : 1.1, 1.5, 1.5 | S2: *고구마튀김35g / 45g
B3: 중식 | C3: 밥 | D3: 친환경찰보리쌀밥 | E3: 140 | G3: =IFERROR(INDEX(온라인_반찬!$C$2:$H$594,MATCH($D3,온라인_반찬!$C$2:$C$594,0),6),"") -> 쌀(국산)90%, 찰보리(국산.친환경)5%, 정제수 | H3: =IFERROR(INDEX(온라인_반찬!$D$2:$J$587,MATCH($D3,온라인_반찬!$C$2:$C$587,0),6),"") -> 0 | I3: 2026-01-09 09:30~ | J3: 2808 | K3: 424265 | L3: =IFERROR(INDEX(온라인_반찬!$C$2:$J$587,MATCH($D3,온라인_반찬!$C$2:$C$587,0),8),"") -> 0 | M3: *웨지감자 : 25g / 30g | O3: *어묵채구이:12g / 15g | S3: 한입새우튀김 : 30g / 35g / 45g (소스15g)
C4: 국 | D4: 순두부된장찌개 | E4: 150 | G4: =IFERROR(INDEX(온라인_반찬!$C$2:$H$594,MATCH($D4,온라인_반찬!$C$2:$C$594,0),6),"") -> 모둠채소(호박, 양파, 감자:국산)20%, 순두부(콩:미국,호주,캐나다등)12%, 파, 마늘, 된장, 멸치육수농축액, 정제수, 소금 | H4: =IFERROR(INDEX(온라인_반찬!$D$2:$J$587,MATCH($D4,온라인_반찬!$C$2:$C$587,0),6),"") -> .5. | I4: 2026-01-09 09:30~ | J4: 2808 | K4: 431715 | L4: =IFERROR(INDEX(온라인_반찬!$C$2:$J$587,MATCH($D4,온라인_반찬!$C$2:$C$587,0),8),"") -> 0 | M4: *꼬마돈까스: 25g, 중구청 35g | P4: *족발:45g / 55g | S4: *갈비만두 : 성분표기 인당1개 / 식수 인당1.5개
C5: 메인 | D5: 제육쌈장두루치기 | E5: 60 | G5: =IFERROR(INDEX(온라인_반찬!$C$2:$H$594,MATCH($D5,온라인_반찬!$C$2:$C$594,0),6),"") -> 돼지고기(국산)80%, 양배추(국산)5%, 정제수,, 당근, 대파, 마늘, 쌈장, 간장, 맛술, 참기름, 후추 | H5: =IFERROR(INDEX(온라인_반찬!$D$2:$J$587,MATCH($D5,온라인_반찬!$C$2:$C$587,0),6),"") -> .5.10.21. | I5: 2026-01-09 09:30~ | J5: 2808 | K5: 200750 | L5: =IFERROR(INDEX(온라인_반찬!$C$2:$J$587,MATCH($D5,온라인_반찬!$C$2:$C$587,0),8),"") -> 0 | M5: *오징어볼탕수 : 35g / 45g/ 70g 소스 : 20g | S5: *생선통살탕수 : 40g / 50g / 교사 70g, 소스 25g 개당 12g
C6: 반찬1 | D6: 참치마요 | E6: 35 | G6: =IFERROR(INDEX(온라인_반찬!$C$2:$H$594,MATCH($D6,온라인_반찬!$C$2:$C$594,0),6),"") -> 참치 [가다랑어 (원양산:태평양) 74.47%]70%, 모둠채소[당근, 양파, 완두콩]12%, 소금, 설탕, 마요네즈, 레몬즙 | H6: =IFERROR(INDEX(온라인_반찬!$D$2:$J$587,MATCH($D6,온라인_반찬!$C$2:$C$587,0),6),"") -> .1.5. | I6: 2026-01-09 09:30~ | J6: 2808 | K6: 111202.5 | L6: =IFERROR(INDEX(온라인_반찬!$C$2:$J$587,MATCH($D6,온라인_반찬!$C$2:$C$587,0),8),"") -> 0 | M6: *표고강정 : 30g(35g) | P6: *훈제오리 : 40g / 50g | S6: *해물전:1000680205(삼성웰스토리)
C7: 반찬2 | D7: 도시락김 | F7: 1 | G7: =IFERROR(INDEX(온라인_반찬!$C$2:$H$594,MATCH($D7,온라인_반찬!$C$2:$C$594,0),6),"") -> 김(국산), 카놀라유(원료:외국산), 참기름, 정제소금 | H7: =IFERROR(INDEX(온라인_반찬!$D$2:$J$587,MATCH($D7,온라인_반찬!$C$2:$C$587,0),6),"") -> .21. | I7: 2026-01-09 09:30~ | J7: 2808 | K7: 2739.7 | L7: =IFERROR(INDEX(온라인_반찬!$C$2:$J$587,MATCH($D7,온라인_반찬!$C$2:$C$587,0),8),"") -> 양반김(동원) | M7: *탕수육40g(중구청50g) ,소스25g | P7: *마카로니.콘샐러드 : 30g | S7: *통등심돈까스:50g / 소스 25g
C8: 반찬3 | D8: 배추김치 | E8: 25 | G8: =IFERROR(INDEX(온라인_반찬!$C$2:$H$594,MATCH($D8,온라인_반찬!$C$2:$C$594,0),6),"") -> 절임배추64.0%[배추(국산),무(국산),종가김치전용풀(쌀:국산)], 토마토페이스트(토마토:미국산)2.7%,[멸치액젓, 양파,다시마농축액,고춧가루,마늘,대파,새우액젓,김치유산균발효액,생강양념,호화쌀혼합분말]국산 | H8: =IFERROR(INDEX(온라인_반찬!$D$2:$J$587,MATCH($D8,온라인_반찬!$C$2:$C$587,0),6),"") -> .9.12. | I8: 2026-01-09 09:30~ | J8: 2808 | K8: 76742.5 | L8: =IFERROR(INDEX(온라인_반찬!$C$2:$J$587,MATCH($D8,온라인_반찬!$C$2:$C$587,0),8),"") -> 토마토김치(종가집) | M8: *건두부무침 : 25g / 35g | P8: *파르펠레냉파스타:30g | S8: *족발부추무침 : 45g, 55g
C9: 보존식 | G9: 포도클럽 : 백김치 ( 67명 / 2,013 ) 서빙고초 병설 : 치킨너겟 ( 6명 / 30ea ) | J9: 1 | K9: 0.25
B10: 글로벌 리더스 . 석식 | C10: 밥 | D10: 친환경찰보리쌀밥 | E10: 150 | G10: =IFERROR(INDEX(온라인_반찬!$C$2:$H$594,MATCH($D10,온라인_반찬!$C$2:$C$594,0),6),"") -> 쌀(국산)90%, 찰보리(국산.친환경)5%, 정제수 | H10: =IFERROR(INDEX(온라인_반찬!$D$2:$J$587,MATCH($D10,온라인_반찬!$C$2:$C$587,0),6),"") -> 0 | I10: 2026-01-09 14:30~ | J10: 72 | K10: 7800 | L10: =IFERROR(INDEX(온라인_반찬!$C$2:$J$587,MATCH($D10,온라인_반찬!$C$2:$C$587,0),8),"") -> 0 | M10: *영양찜닭:85g / 95g | P10: *소고기가지볶음 : 30g | S10: *춘장닭불고기 : 70g / 80g
C11: 국 | D11: 해물순두부찌개 | E11: 160 | G11: =IFERROR(INDEX(온라인_반찬!$C$2:$H$594,MATCH($D11,온라인_반찬!$C$2:$C$594,0),6),"") -> 순두부(대두:수입산)42.9%, 해물[바지락살(중국산), 칵테일새우(베트남산), 오징어(미국산)]7%, 양파, 파, 마늘, 정제수, 멸치육수농축액, 고춧가루, 국간장,소금 | H11: =IFERROR(INDEX(온라인_반찬!$D$2:$J$587,MATCH($D11,온라인_반찬!$C$2:$C$587,0),6),"") -> .5.9.17.18. | I11: 2026-01-09 14:30~ | J11: 72 | K11: 8160 | L11: =IFERROR(INDEX(온라인_반찬!$C$2:$J$587,MATCH($D11,온라인_반찬!$C$2:$C$587,0),8),"") -> 0 | M11: *미트볼 : 개당10g | P11: *삼색소고기소보로 : 50g / 70g | S11: *훈제오리잡채 : 55g / 70g
C12: 메인 | D12: 고추장제육 | E12: 80 | G12: =IFERROR(INDEX(온라인_반찬!$C$2:$H$594,MATCH($D12,온라인_반찬!$C$2:$C$594,0),6),"") -> 돼지고기(국산)65%, 양파(국산)10%, 당근, 대파, 마늘, 고추장, 간장, , 맛술, 후추, 설탕, 참기름, 참깨 | H12: =IFERROR(INDEX(온라인_반찬!$D$2:$J$587,MATCH($D12,온라인_반찬!$C$2:$C$587,0),6),"") -> .5.6.10.21. | I12: 2026-01-09 14:30~ | J12: 72 | K12: 6504 | L12: =IFERROR(INDEX(온라인_반찬!$C$2:$J$587,MATCH($D12,온라인_반찬!$C$2:$C$587,0),8),"") -> 0
C13: 반찬1 | D13: 참치마요 | E13: 40 | G13: =IFERROR(INDEX(온라인_반찬!$C$2:$H$594,MATCH($D13,온라인_반찬!$C$2:$C$594,0),6),"") -> 참치 [가다랑어 (원양산:태평양) 74.47%]70%, 모둠채소[당근, 양파, 완두콩]12%, 소금, 설탕, 마요네즈, 레몬즙 | H13: =IFERROR(INDEX(온라인_반찬!$D$2:$J$587,MATCH($D13,온라인_반찬!$C$2:$C$587,0),6),"") -> .1.5. | I13: 2026-01-09 14:30~ | J13: 72 | K13: 2960 | L13: =IFERROR(INDEX(온라인_반찬!$C$2:$J$587,MATCH($D13,온라인_반찬!$C$2:$C$587,0),8),"") -> 0
C14: 반찬2 | D14: 도시락김 | F14: 1 | G14: =IFERROR(INDEX(온라인_반찬!$C$2:$H$594,MATCH($D14,온라인_반찬!$C$2:$C$594,0),6),"") -> 김(국산), 카놀라유(원료:외국산), 참기름, 정제소금 | H14: =IFERROR(INDEX(온라인_반찬!$D$2:$J$587,MATCH($D14,온라인_반찬!$C$2:$C$587,0),6),"") -> .21. | I14: 2026-01-09 14:30~ | J14: 72 | K14: 79.2 | L14: =IFERROR(INDEX(온라인_반찬!$C$2:$J$587,MATCH($D14,온라인_반찬!$C$2:$C$587,0),8),"") -> 양반김(동원)
C15: 반찬3 | D15: 배추김치 | E15: 35 | G15: =IFERROR(INDEX(온라인_반찬!$C$2:$H$594,MATCH($D15,온라인_반찬!$C$2:$C$594,0),6),"") -> 절임배추64.0%[배추(국산),무(국산),종가김치전용풀(쌀:국산)], 토마토페이스트(토마토:미국산)2.7%,[멸치액젓, 양파,다시마농축액,고춧가루,마늘,대파,새우액젓,김치유산균발효액,생강양념,호화쌀혼합분말]국산 | H15: =IFERROR(INDEX(온라인_반찬!$D$2:$J$587,MATCH($D15,온라인_반찬!$C$2:$C$587,0),6),"") -> .9.12. | I15: 2026-01-09 14:30~ | J15: 72 | K15: 2590 | L15: =IFERROR(INDEX(온라인_반찬!$C$2:$J$587,MATCH($D15,온라인_반찬!$C$2:$C$587,0),8),"") -> 토마토김치(종가집)
C16: 신당꿈 특식 | D16: 한입새우튀김 | E16: 60 | G16: =IFERROR(INDEX(온라인_반찬!$C$2:$H$594,MATCH($D16,온라인_반찬!$C$2:$C$594,0),6),"") -> 새우[새우(베트남산) 37.33%, 밀(미국산)28.32%, 대두유]100% | H16: =IFERROR(INDEX(온라인_반찬!$D$2:$J$587,MATCH($D16,온라인_반찬!$C$2:$C$587,0),6),"") -> .5.6.9. | I16: 2026-01-09 14:30~ | J16: 28 | K16: 1960 | L16: =IFERROR(INDEX(온라인_반찬!$C$2:$J$587,MATCH($D16,온라인_반찬!$C$2:$C$587,0),8),"") -> 한입깐쇼새우(이츠웰)
D17: & 레몬크림소스 | E17: 20 | G17: =IFERROR(INDEX(온라인_반찬!$C$2:$H$594,MATCH($D17,온라인_반찬!$C$2:$C$594,0),6),"") -> 청피망(국내산), 양파, 당근, 마늘, 레몬즙, 생크림, 마요네즈 | H17: =IFERROR(INDEX(온라인_반찬!$D$2:$J$587,MATCH($D17,온라인_반찬!$C$2:$C$587,0),6),"") -> .1.2.5.6.9. | I17: 2026-01-09 14:30~ | J17: 28 | K17: 670 | L17: =IFERROR(INDEX(온라인_반찬!$C$2:$J$587,MATCH($D17,온라인_반찬!$C$2:$C$587,0),8),"") -> 한입깐쇼새우(이츠웰)
C18: 보존식 | J18: 1 | K18: 0.25
B19: 강서폴리 소풍 | C19: 밥 | G19: =IFERROR(INDEX(온라인_반찬!$C$2:$H$594,MATCH($D19,온라인_반찬!$C$2:$C$594,0),6),"") | H19: =IFERROR(INDEX(온라인_반찬!$D$2:$J$587,MATCH($D19,온라인_반찬!$C$2:$C$587,0),6),"") | I19: 2026-01-09 09:30~ | L19: =IFERROR(INDEX(온라인_반찬!$C$2:$J$587,MATCH($D19,온라인_반찬!$C$2:$C$587,0),8),"")
C20: 반찬1 | G20: =IFERROR(INDEX(온라인_반찬!$C$2:$H$594,MATCH($D20,온라인_반찬!$C$2:$C$594,0),6),"") | H20: =IFERROR(INDEX(온라인_반찬!$D$2:$J$587,MATCH($D20,온라인_반찬!$C$2:$C$587,0),6),"") | I20: 2026-01-09 09:30~ | L20: =IFERROR(INDEX(온라인_반찬!$C$2:$J$587,MATCH($D20,온라인_반찬!$C$2:$C$587,0),8),"")
G21: =IFERROR(INDEX(온라인_반찬!$C$2:$H$594,MATCH($D21,온라인_반찬!$C$2:$C$594,0),6),"") | H21: =IFERROR(INDEX(온라인_반찬!$D$2:$J$587,MATCH($D21,온라인_반찬!$C$2:$C$587,0),6),"") | I21: 2026-01-09 09:30~ | L21: =IFERROR(INDEX(온라인_반찬!$C$2:$J$587,MATCH($D21,온라인_반찬!$C$2:$C$587,0),8),"")
C22: 반찬2 | G22: =IFERROR(INDEX(온라인_반찬!$C$2:$H$594,MATCH($D22,온라인_반찬!$C$2:$C$594,0),6),"") | H22: =IFERROR(INDEX(온라인_반찬!$D$2:$J$587,MATCH($D22,온라인_반찬!$C$2:$C$587,0),6),"") | I22: 2026-01-09 09:30~ | L22: =IFERROR(INDEX(온라인_반찬!$C$2:$J$587,MATCH($D22,온라인_반찬!$C$2:$C$587,0),8),"")
C23: 반찬3 | G23: =IFERROR(INDEX(온라인_반찬!$C$2:$H$594,MATCH($D23,온라인_반찬!$C$2:$C$594,0),6),"") | H23: =IFERROR(INDEX(온라인_반찬!$D$2:$J$587,MATCH($D23,온라인_반찬!$C$2:$C$587,0),6),"") | I23: 2026-01-09 09:30~ | L23: =IFERROR(INDEX(온라인_반찬!$C$2:$J$587,MATCH($D23,온라인_반찬!$C$2:$C$587,0),8),"")
C24: 반찬4 | G24: =IFERROR(INDEX(온라인_반찬!$C$2:$H$594,MATCH($D24,온라인_반찬!$C$2:$C$594,0),6),"") | H24: =IFERROR(INDEX(온라인_반찬!$D$2:$J$587,MATCH($D24,온라인_반찬!$C$2:$C$587,0),6),"") | I24: 2026-01-09 09:30~ | L24: =IFERROR(INDEX(온라인_반찬!$C$2:$J$587,MATCH($D24,온라인_반찬!$C$2:$C$587,0),8),"")
C25: 보존식 | F25: 1 | J25: 1 | K25: 0.25

Sheet 01-12
B1: 2026-01-12(월) | M1: *한입해쉬브라운 : 9g(개당) | P1: *양송이떡갈비 : 1.5ea, 1.75, 2 | S1: *양배추당근라페 : 20g / 30g
B2: 출고일 | C2: 구분 | D2: 품명 | E2: 중량(g) | F2: 수량(장) | G2: 자재사용내역 | H2: 알러지 표기 | I2: 배송시점 | J2: 제공인원 | K2: 총생산량(Kg) | L2: 메 모 | M2: *샐러드 채소 : 15g, 20g ,25g | P2: *야채고기말이 : 1.1, 1.5, 1.5 | S2: *고구마튀김35g / 45g
B3: 중식 | C3: 밥 | D3: 친환경현미쌀밥 | E3: 140 | G3: =IFERROR(INDEX(온라인_반찬!$C$2:$H$594,MATCH($D3,온라인_반찬!$C$2:$C$594,0),6),"") -> 쌀(국산)90%, 현미(국산.친환경)5%, 정제수 | H3: =IFERROR(INDEX(온라인_반찬!$D$2:$J$587,MATCH($D3,온라인_반찬!$C$2:$C$587,0),6),"") -> 0 | I3: 2026-01-12 09:30~ | J3: 2893 | K3: 438565 | L3: =IFERROR(INDEX(온라인_반찬!$C$2:$J$587,MATCH($D3,온라인_반찬!$C$2:$C$587,0),8),"") -> 0 | M3: *웨지감자 : 25g / 30g | O3: *어묵채구이:12g / 15g | S3: 한입새우튀김 : 30g / 35g / 45g (소스15g)
C4: 국 | D4: 콩나물된장국 | E4: 150 | G4: =IFERROR(INDEX(온라인_반찬!$C$2:$H$594,MATCH($D4,온라인_반찬!$C$2:$C$594,0),6),"") -> 콩나물(콩:수입산)20%, 두부(콩:수입산)8%, 양파, 파, 마늘, 정제수, 된장, 소금 | H4: =IFERROR(INDEX(온라인_반찬!$D$2:$J$587,MATCH($D4,온라인_반찬!$C$2:$C$587,0),6),"") -> .5. | I4: 2026-01-12 09:30~ | J4: 2893 | K4: 446215 | L4: =IFERROR(INDEX(온라인_반찬!$C$2:$J$587,MATCH($D4,온라인_반찬!$C$2:$C$587,0),8),"") -> 0 | M4: *꼬마돈까스: 25g, 중구청 35g | P4: *족발:45g / 55g | S4: *갈비만두 : 성분표기 인당1개 / 식수 인당1.5개
C5: 메인 | D5: 골든커리덮밥소스 | E5: 110 | G5: =IFERROR(INDEX(온라인_반찬!$C$2:$H$594,MATCH($D5,온라인_반찬!$C$2:$C$594,0),6),"") -> 닭고기(국산)15%, 채소[당근, 양파, 감자]25%, 대두유, 카레분말[강황(인도산)]11.1%, 고형카레(일본산)1.5%, 정제수 | H5: =IFERROR(INDEX(온라인_반찬!$D$2:$J$587,MATCH($D5,온라인_반찬!$C$2:$C$587,0),6),"") -> .2.5.6.12.15.16.18. | I5: 2026-01-12 09:30~ | J5: 2893 | K5: 368390 | L5: =IFERROR(INDEX(온라인_반찬!$C$2:$J$587,MATCH($D5,온라인_반찬!$C$2:$C$587,0),8),"") -> 카레분말(오뚜기), 고형카레(S&B골든카레) | M5: *오징어볼탕수 : 35g / 45g/ 70g 소스 : 20g | S5: *생선통살탕수 : 40g / 50g / 교사 70g, 소스 25g 개당 12g
C6: 반찬1 | D6: 새우튀김 | F6: 2 | G6: =IFERROR(INDEX(온라인_반찬!$C$2:$H$594,MATCH($D6,온라인_반찬!$C$2:$C$594,0),6),"") -> 새우튀김[흰다리새우30%, 빵가루(밀가루.쇼트닝.설탕.효모.옥수수전분.정제소금 등)베트남산 | H6: =IFERROR(INDEX(온라인_반찬!$D$2:$J$587,MATCH($D6,온라인_반찬!$C$2:$C$587,0),6),"") -> .1.5.6.9. | I6: 2026-01-12 09:30~ | J6: 2893 | K6: 6781.7 | L6: =IFERROR(INDEX(온라인_반찬!$C$2:$J$587,MATCH($D6,온라인_반찬!$C$2:$C$587,0),8),"") -> 새우튀김(이츠웰)/개당20g | M6: *표고강정 : 30g(35g) | P6: *훈제오리 : 40g / 50g | S6: *해물전:1000680205(삼성웰스토리)
C7: 반찬2 | D7: 무나물 | E7: 25 | G7: =IFERROR(INDEX(온라인_반찬!$C$2:$H$594,MATCH($D7,온라인_반찬!$C$2:$C$594,0),6),"") -> 무(국산)92%, 대파, 마늘, 대두유, 소금, 참기름, 참깨 | H7: =IFERROR(INDEX(온라인_반찬!$D$2:$J$587,MATCH($D7,온라인_반찬!$C$2:$C$587,0),6),"") -> .5.21. | I7: 2026-01-12 09:30~ | J7: 2893 | K7: 86842.5 | L7: =IFERROR(INDEX(온라인_반찬!$C$2:$J$587,MATCH($D7,온라인_반찬!$C$2:$C$587,0),8),"") -> 0 | M7: *탕수육40g(중구청50g) ,소스25g | P7: *마카로니.콘샐러드 : 30g | S7: *통등심돈까스:50g / 소스 25g
C8: 반찬3 | D8: 배추김치 | E8: 25 | G8: =IFERROR(INDEX(온라인_반찬!$C$2:$H$594,MATCH($D8,온라인_반찬!$C$2:$C$594,0),6),"") -> 절임배추64.0%[배추(국산),무(국산),종가김치전용풀(쌀:국산)], 토마토페이스트(토마토:미국산)2.7%,[멸치액젓, 양파,다시마농축액,고춧가루,마늘,대파,새우액젓,김치유산균발효액,생강양념,호화쌀혼합분말]국산 | H8: =IFERROR(INDEX(온라인_반찬!$D$2:$J$587,MATCH($D8,온라인_반찬!$C$2:$C$587,0),6),"") -> .9.12. | I8: 2026-01-12 09:30~ | J8: 2893 | K8: 79285 | L8: =IFERROR(INDEX(온라인_반찬!$C$2:$J$587,MATCH($D8,온라인_반찬!$C$2:$C$587,0),8),"") -> 토마토김치(종가집) | M8: *건두부무침 : 25g / 35g | P8: *파르펠레냉파스타:30g | S8: *족발부추무침 : 45g, 55g
C9: 보존식 | G9: 포도클럽 : 백김치 ( 69명 / 2,030g ) | J9: 1 | K9: 0.25
B10: 글로벌 리더스 . 석식 | C10: 밥 | D10: 친환경현미쌀밥 | E10: 150 | G10: =IFERROR(INDEX(온라인_반찬!$C$2:$H$594,MATCH($D10,온라인_반찬!$C$2:$C$594,0),6),"") -> 쌀(국산)90%, 현미(국산.친환경)5%, 정제수 | H10: =IFERROR(INDEX(온라인_반찬!$D$2:$J$587,MATCH($D10,온라인_반찬!$C$2:$C$587,0),6),"") -> 0 | I10: 2026-01-12 14:30~ | J10: 72 | K10: 7800 | L10: =IFERROR(INDEX(온라인_반찬!$C$2:$J$587,MATCH($D10,온라인_반찬!$C$2:$C$587,0),8),"") -> 0 | M10: *영양찜닭:85g / 95g | P10: *소고기가지볶음 : 30g | S10: *춘장닭불고기 : 70g / 80g
C11: 국 | D11: 콩나물된장국 | E11: 160 | G11: =IFERROR(INDEX(온라인_반찬!$C$2:$H$594,MATCH($D11,온라인_반찬!$C$2:$C$594,0),6),"") -> 콩나물(콩:수입산)20%, 두부(콩:수입산)8%, 양파, 파, 마늘, 정제수, 된장, 소금 | H11: =IFERROR(INDEX(온라인_반찬!$D$2:$J$587,MATCH($D11,온라인_반찬!$C$2:$C$587,0),6),"") -> .5. | I11: 2026-01-12 14:30~ | J11: 72 | K11: 8160 | L11: =IFERROR(INDEX(온라인_반찬!$C$2:$J$587,MATCH($D11,온라인_반찬!$C$2:$C$587,0),8),"") -> 0 | M11: *미트볼 : 개당10g | P11: *삼색소고기소보로 : 50g / 70g | S11: *훈제오리잡채 : 55g / 70g
C12: 메인 | D12: 골든커리덮밥소스 | E12: 120 | G12: =IFERROR(INDEX(온라인_반찬!$C$2:$H$594,MATCH($D12,온라인_반찬!$C$2:$C$594,0),6),"") -> 닭고기(국산)15%, 채소[당근, 양파, 감자]25%, 대두유, 카레분말[강황(인도산)]11.1%, 고형카레(일본산)1.5%, 정제수 | H12: =IFERROR(INDEX(온라인_반찬!$D$2:$J$587,MATCH($D12,온라인_반찬!$C$2:$C$587,0),6),"") -> .2.5.6.12.15.16.18. | I12: 2026-01-12 14:30~ | J12: 72 | K12: 9756 | L12: =IFERROR(INDEX(온라인_반찬!$C$2:$J$587,MATCH($D12,온라인_반찬!$C$2:$C$587,0),8),"") -> 카레분말(오뚜기), 고형카레(S&B골든카레)
C13: 반찬1 | D13: 새우튀김 | F13: 3 | G13: =IFERROR(INDEX(온라인_반찬!$C$2:$H$594,MATCH($D13,온라인_반찬!$C$2:$C$594,0),6),"") -> 새우튀김[흰다리새우30%, 빵가루(밀가루.쇼트닝.설탕.효모.옥수수전분.정제소금 등)베트남산 | H13: =IFERROR(INDEX(온라인_반찬!$D$2:$J$587,MATCH($D13,온라인_반찬!$C$2:$C$587,0),6),"") -> .1.5.6.9. | I13: 2026-01-12 14:30~ | J13: 72 | K13: 180 | L13: =IFERROR(INDEX(온라인_반찬!$C$2:$J$587,MATCH($D13,온라인_반찬!$C$2:$C$587,0),8),"") -> 새우튀김(이츠웰)/개당20g
C14: 반찬2 | D14: 무나물 | E14: 35 | G14: =IFERROR(INDEX(온라인_반찬!$C$2:$H$594,MATCH($D14,온라인_반찬!$C$2:$C$594,0),6),"") -> 무(국산)92%, 대파, 마늘, 대두유, 소금, 참기름, 참깨 | H14: =IFERROR(INDEX(온라인_반찬!$D$2:$J$587,MATCH($D14,온라인_반찬!$C$2:$C$587,0),6),"") -> .5.21. | I14: 2026-01-12 14:30~ | J14: 72 | K14: 2590 | L14: =IFERROR(INDEX(온라인_반찬!$C$2:$J$587,MATCH($D14,온라인_반찬!$C$2:$C$587,0),8),"") -> 0
C15: 반찬3 | D15: 배추김치 | E15: 35 | G15: =IFERROR(INDEX(온라인_반찬!$C$2:$H$594,MATCH($D15,온라인_반찬!$C$2:$C$594,0),6),"") -> 절임배추64.0%[배추(국산),무(국산),종가김치전용풀(쌀:국산)], 토마토페이스트(토마토:미국산)2.7%,[멸치액젓, 양파,다시마농축액,고춧가루,마늘,대파,새우액젓,김치유산균발효액,생강양념,호화쌀혼합분말]국산 | H15: =IFERROR(INDEX(온라인_반찬!$D$2:$J$587,MATCH($D15,온라인_반찬!$C$2:$C$587,0),6),"") -> .9.12. | I15: 2026-01-12 14:30~ | J15: 72 | K15: 2590 | L15: =IFERROR(INDEX(온라인_반찬!$C$2:$J$587,MATCH($D15,온라인_반찬!$C$2:$C$587,0),8),"") -> 토마토김치(종가집)
C16: 신당꿈 특식 | D16: 우삼겹떡볶이 | E16: 100 | G16: =IFERROR(INDEX(온라인_반찬!$C$2:$H$594,MATCH($D16,온라인_반찬!$C$2:$C$594,0),6),"") -> 우삼겹(미국산)5%, 밀떡(밀:외국산)50%, 어묵(연육:외국산), 메추리알(국산), 양파, 양배추, 파, 마늘, 정제수, 간장, 고추장, 설탕 | H16: =IFERROR(INDEX(온라인_반찬!$D$2:$J$587,MATCH($D16,온라인_반찬!$C$2:$C$587,0),6),"") -> .1.5.6.10.16. | I16: 2026-01-12 14:30~ | J16: 28 | K16: 3200 | L16: =IFERROR(INDEX(온라인_반찬!$C$2:$J$587,MATCH($D16,온라인_반찬!$C$2:$C$587,0),8),"") -> 0
C17: 보존식 | J17: 1 | K17: 0.25
B18: 강서폴리 소풍 | C18: 밥 | G18: =IFERROR(INDEX(온라인_반찬!$C$2:$H$594,MATCH($D18,온라인_반찬!$C$2:$C$594,0),6),"") | H18: =IFERROR(INDEX(온라인_반찬!$D$2:$J$587,MATCH($D18,온라인_반찬!$C$2:$C$587,0),6),"") | I18: 2026-01-12 09:30~ | L18: =IFERROR(INDEX(온라인_반찬!$C$2:$J$587,MATCH($D18,온라인_반찬!$C$2:$C$587,0),8),"")
C19: 반찬1 | G19: =IFERROR(INDEX(온라인_반찬!$C$2:$H$594,MATCH($D19,온라인_반찬!$C$2:$C$594,0),6),"") | H19: =IFERROR(INDEX(온라인_반찬!$D$2:$J$587,MATCH($D19,온라인_반찬!$C$2:$C$587,0),6),"") | I19: 2026-01-12 09:30~ | L19: =IFERROR(INDEX(온라인_반찬!$C$2:$J$587,MATCH($D19,온라인_반찬!$C$2:$C$587,0),8),"")
G20: =IFERROR(INDEX(온라인_반찬!$C$2:$H$594,MATCH($D20,온라인_반찬!$C$2:$C$594,0),6),"") | H20: =IFERROR(INDEX(온라인_반찬!$D$2:$J$587,MATCH($D20,온라인_반찬!$C$2:$C$587,0),6),"") | I20: 2026-01-12 09:30~ | L20: =IFERROR(INDEX(온라인_반찬!$C$2:$J$587,MATCH($D20,온라인_반찬!$C$2:$C$587,0),8),"")
C21: 반찬2 | G21: =IFERROR(INDEX(온라인_반찬!$C$2:$H$594,MATCH($D21,온라인_반찬!$C$2:$C$594,0),6),"") | H21: =IFERROR(INDEX(온라인_반찬!$D$2:$J$587,MATCH($D21,온라인_반찬!$C$2:$C$587,0),6),"") | I21: 2026-01-12 09:30~ | L21: =IFERROR(INDEX(온라인_반찬!$C$2:$J$587,MATCH($D21,온라인_반찬!$C$2:$C$587,0),8),"")
C22: 반찬3 | G22: =IFERROR(INDEX(온라인_반찬!$C$2:$H$594,MATCH($D22,온라인_반찬!$C$2:$C$594,0),6),"") | H22: =IFERROR(INDEX(온라인_반찬!$D$2:$J$587,MATCH($D22,온라인_반찬!$C$2:$C$587,0),6),"") | I22: 2026-01-12 09:30~ | L22: =IFERROR(INDEX(온라인_반찬!$C$2:$J$587,MATCH($D22,온라인_반찬!$C$2:$C$587,0),8),"")
C23: 반찬4 | G23: =IFERROR(INDEX(온라인_반찬!$C$2:$H$594,MATCH($D23,온라인_반찬!$C$2:$C$594,0),6),"") | H23: =IFERROR(INDEX(온라인_반찬!$D$2:$J$587,MATCH($D23,온라인_반찬!$C$2:$C$587,0),6),"") | I23: 2026-01-12 09:30~ | L23: =IFERROR(INDEX(온라인_반찬!$C$2:$J$587,MATCH($D23,온라인_반찬!$C$2:$C$587,0),8),"")
C24: 보존식 | F24: 1 | J24: 1 | K24: 0.25

Sheet 01-13
B1: 2026-01-13(화) | M1: *한입해쉬브라운 : 9g(개당) | P1: *양송이떡갈비 : 1.5ea, 1.75, 2 | S1: *양배추당근라페 : 20g / 30g
B2: 출고일 | C2: 구분 | D2: 품명 | E2: 중량(g) | F2: 수량(장) | G2: 자재사용내역 | H2: 알러지 표기 | I2: 배송시점 | J2: 제공인원 | K2: 총생산량(Kg) | L2: 메 모 | M2: *샐러드 채소 : 15g, 20g ,25g | P2: *야채고기말이 : 1.1, 1.5, 1.5 | S2: *고구마튀김35g / 45g
B3: 중식 | C3: 밥 | D3: 친환경귀리쌀밥 | E3: 140 | G3: =IFERROR(INDEX(온라인_반찬!$C$2:$H$594,MATCH($D3,온라인_반찬!$C$2:$C$594,0),6),"") -> 쌀(국산)90%, 귀리(국산.친환경)5%, 정제수 | H3: =IFERROR(INDEX(온라인_반찬!$D$2:$J$587,MATCH($D3,온라인_반찬!$C$2:$C$587,0),6),"") -> 0 | I3: 2026-01-13 09:30~ | J3: 2913 | K3: 441945 | L3: =IFERROR(INDEX(온라인_반찬!$C$2:$J$587,MATCH($D3,온라인_반찬!$C$2:$C$587,0),8),"") -> 0 | M3: *웨지감자 : 25g / 30g | O3: *어묵채구이:12g / 15g | S3: 한입새우튀김 : 30g / 35g / 45g (소스15g)
C4: 국 | D4: 모둠어묵국 | E4: 150 | G4: =IFERROR(INDEX(온라인_반찬!$C$2:$H$594,MATCH($D4,온라인_반찬!$C$2:$C$594,0),6),"") -> 무(국산)15%, 모둠어묵(어육:수입산)10%, 파, 마늘, 국간장, 멸치육수농축액, 정제수, 소금 | H4: =IFERROR(INDEX(온라인_반찬!$D$2:$J$587,MATCH($D4,온라인_반찬!$C$2:$C$587,0),6),"") -> .5.6. | I4: 2026-01-13 09:30~ | J4: 2913 | K4: 449335 | L4: =IFERROR(INDEX(온라인_반찬!$C$2:$J$587,MATCH($D4,온라인_반찬!$C$2:$C$587,0),8),"") -> 종합어묵(사조대림) | M4: *꼬마돈까스: 25g, 중구청 35g | P4: *족발:45g / 55g | S4: *갈비만두 : 성분표기 인당1개 / 식수 인당1.5개
C5: 메인 | D5: 춘장닭볶음 | E5: 70 | G5: =IFERROR(INDEX(온라인_반찬!$C$2:$H$594,MATCH($D5,온라인_반찬!$C$2:$C$594,0),6),"") -> 닭정육(닭가슴살.닭다리살:국산)75%, 양배추, 양파, 당근, 부추, 대두유, 맛술, 후추, 춘장, 소금, 설탕, 파, 마늘, 참기름, 참깨 | H5: =IFERROR(INDEX(온라인_반찬!$D$2:$J$587,MATCH($D5,온라인_반찬!$C$2:$C$587,0),6),"") -> .5.15.21. | I5: 2026-01-13 09:30~ | J5: 2913 | K5: 241555 | L5: =IFERROR(INDEX(온라인_반찬!$C$2:$J$587,MATCH($D5,온라인_반찬!$C$2:$C$587,0),8),"") -> 0 | M5: *오징어볼탕수 : 35g / 45g/ 70g 소스 : 20g | S5: *생선통살탕수 : 40g / 50g / 교사 70g, 소스 25g 개당 12g
C6: 반찬1 | D6: 베이컨감자전 | F6: 1 | G6: =IFERROR(INDEX(온라인_반찬!$C$2:$H$594,MATCH($D6,온라인_반찬!$C$2:$C$594,0),6),"") -> 수미감자(국산),밀가루(밀:외국산),베이컨(돼지고기:외국산),감자전분(외국산),후추, 대두유 | H6: =IFERROR(INDEX(온라인_반찬!$D$2:$J$587,MATCH($D6,온라인_반찬!$C$2:$C$587,0),6),"") -> .5.6.10. | I6: 2026-01-13 09:30~ | J6: 2913 | K6: 3744.9 | L6: =IFERROR(INDEX(온라인_반찬!$C$2:$J$587,MATCH($D6,온라인_반찬!$C$2:$C$587,0),8),"") -> 더제대로만든베이컨감자전(사옹원) | M6: *표고강정 : 30g(35g) | P6: *훈제오리 : 40g / 50g | S6: *해물전:1000680205(삼성웰스토리)
C7: 반찬2 | D7: 우엉조림 | E7: 20 | G7: =IFERROR(INDEX(온라인_반찬!$C$2:$H$594,MATCH($D7,온라인_반찬!$C$2:$C$594,0),6),"") -> 우엉채(중국산)72%, 대두유, 맛술, 정제수, 간장, 설탕, 물엿, 참기름, 참깨 | H7: =IFERROR(INDEX(온라인_반찬!$D$2:$J$587,MATCH($D7,온라인_반찬!$C$2:$C$587,0),6),"") -> .5.21. | I7: 2026-01-13 09:30~ | J7: 2913 | K7: 68675 | L7: =IFERROR(INDEX(온라인_반찬!$C$2:$J$587,MATCH($D7,온라인_반찬!$C$2:$C$587,0),8),"") -> 0 | M7: *탕수육40g(중구청50g) ,소스25g | P7: *마카로니.콘샐러드 : 30g | S7: *통등심돈까스:50g / 소스 25g
C8: 반찬3 | D8: 깍두기 | E8: 25 | G8: =IFERROR(INDEX(온라인_반찬!$C$2:$H$594,MATCH($D8,온라인_반찬!$C$2:$C$594,0),6),"") -> 무(국산)85.2%, 고추가루(국산), 밀가루풀(국산), 파, 마늘, 새우젓 등 양념(국산) | H8: =IFERROR(INDEX(온라인_반찬!$D$2:$J$587,MATCH($D8,온라인_반찬!$C$2:$C$587,0),6),"") -> .6.9. | I8: 2026-01-13 09:30~ | J8: 2913 | K8: 81802.5 | L8: =IFERROR(INDEX(온라인_반찬!$C$2:$J$587,MATCH($D8,온라인_반찬!$C$2:$C$587,0),8),"") -> 0 | M8: *건두부무침 : 25g / 35g | P8: *파르펠레냉파스타:30g | S8: *족발부추무침 : 45g, 55g
C9: 반찬1 | D9: 미니해물부추전 | F9: 2 | G9: =IFERROR(INDEX(온라인_반찬!$C$2:$H$594,MATCH($D9,온라인_반찬!$C$2:$C$594,0),6),"") -> 부추(중국산)36.5%, 부침가루[밀가루(밀:호주산,미국산), 정제소금(국산), 찹쌀가루, 정제소금], 정제수, 양파(국산)11.3%, 오징어, 대두유, 정제소금 | H9: =IFERROR(INDEX(온라인_반찬!$D$2:$J$587,MATCH($D9,온라인_반찬!$C$2:$C$587,0),6),"") -> .5.6.17. | I9: 2026-01-13 09:30~ | J9: 6 | K9: 12 | L9: =IFERROR(INDEX(온라인_반찬!$C$2:$J$587,MATCH($D9,온라인_반찬!$C$2:$C$587,0),8),"") -> 오징어부추전(영풍)
C10: 보존식 | G10: 서빙고초 병설 : 미니해물부추전 | J10: 1 | K10: 0.25
B11: 글로벌 리더스 . 석식 | C11: 밥 | D11: 친환경귀리쌀밥 | E11: 150 | G11: =IFERROR(INDEX(온라인_반찬!$C$2:$H$594,MATCH($D11,온라인_반찬!$C$2:$C$594,0),6),"") -> 쌀(국산)90%, 귀리(국산.친환경)5%, 정제수 | H11: =IFERROR(INDEX(온라인_반찬!$D$2:$J$587,MATCH($D11,온라인_반찬!$C$2:$C$587,0),6),"") -> 0 | I11: 2026-01-13 14:30~ | J11: 72 | K11: 7800 | L11: =IFERROR(INDEX(온라인_반찬!$C$2:$J$587,MATCH($D11,온라인_반찬!$C$2:$C$587,0),8),"") -> 0 | M11: *영양찜닭:85g / 95g | P11: *소고기가지볶음 : 30g | S11: *춘장닭불고기 : 70g / 80g
C12: 국 | D12: 모둠어묵국 | E12: 160 | G12: =IFERROR(INDEX(온라인_반찬!$C$2:$H$594,MATCH($D12,온라인_반찬!$C$2:$C$594,0),6),"") -> 무(국산)15%, 모둠어묵(어육:수입산)10%, 파, 마늘, 국간장, 멸치육수농축액, 정제수, 소금 | H12: =IFERROR(INDEX(온라인_반찬!$D$2:$J$587,MATCH($D12,온라인_반찬!$C$2:$C$587,0),6),"") -> .5.6. | I12: 2026-01-13 14:30~ | J12: 72 | K12: 8160 | L12: =IFERROR(INDEX(온라인_반찬!$C$2:$J$587,MATCH($D12,온라인_반찬!$C$2:$C$587,0),8),"") -> 종합어묵(사조대림) | M12: *미트볼 : 개당10g | P12: *삼색소고기소보로 : 50g / 70g | S12: *훈제오리잡채 : 55g / 70g
C13: 메인 | D13: 춘장닭볶음 | E13: 90 | G13: =IFERROR(INDEX(온라인_반찬!$C$2:$H$594,MATCH($D13,온라인_반찬!$C$2:$C$594,0),6),"") -> 닭정육(닭가슴살.닭다리살:국산)75%, 양배추, 양파, 당근, 부추, 대두유, 맛술, 후추, 춘장, 소금, 설탕, 파, 마늘, 참기름, 참깨 | H13: =IFERROR(INDEX(온라인_반찬!$D$2:$J$587,MATCH($D13,온라인_반찬!$C$2:$C$587,0),6),"") -> .5.15.21. | I13: 2026-01-13 14:30~ | J13: 72 | K13: 7317 | L13: =IFERROR(INDEX(온라인_반찬!$C$2:$J$587,MATCH($D13,온라인_반찬!$C$2:$C$587,0),8),"") -> 0
C14: 반찬1 | D14: 베이컨감자전 | F14: 1 | G14: =IFERROR(INDEX(온라인_반찬!$C$2:$H$594,MATCH($D14,온라인_반찬!$C$2:$C$594,0),6),"") -> 수미감자(국산),밀가루(밀:외국산),베이컨(돼지고기:외국산),감자전분(외국산),후추, 대두유 | H14: =IFERROR(INDEX(온라인_반찬!$D$2:$J$587,MATCH($D14,온라인_반찬!$C$2:$C$587,0),6),"") -> .5.6.10. | I14: 2026-01-13 14:30~ | J14: 72 | K14: 93.6 | L14: =IFERROR(INDEX(온라인_반찬!$C$2:$J$587,MATCH($D14,온라인_반찬!$C$2:$C$587,0),8),"") -> 더제대로만든베이컨감자전(사옹원)
C15: 반찬2 | D15: 우엉조림 | E15: 23 | G15: =IFERROR(INDEX(온라인_반찬!$C$2:$H$594,MATCH($D15,온라인_반찬!$C$2:$C$594,0),6),"") -> 우엉채(중국산)72%, 대두유, 맛술, 정제수, 간장, 설탕, 물엿, 참기름, 참깨 | H15: =IFERROR(INDEX(온라인_반찬!$D$2:$J$587,MATCH($D15,온라인_반찬!$C$2:$C$587,0),6),"") -> .5.21. | I15: 2026-01-13 14:30~ | J15: 72 | K15: 1702 | L15: =IFERROR(INDEX(온라인_반찬!$C$2:$J$587,MATCH($D15,온라인_반찬!$C$2:$C$587,0),8),"") -> 0
C16: 반찬3 | D16: 깍두기 | E16: 35 | G16: =IFERROR(INDEX(온라인_반찬!$C$2:$H$594,MATCH($D16,온라인_반찬!$C$2:$C$594,0),6),"") -> 무(국산)85.2%, 고추가루(국산), 밀가루풀(국산), 파, 마늘, 새우젓 등 양념(국산) | H16: =IFERROR(INDEX(온라인_반찬!$D$2:$J$587,MATCH($D16,온라인_반찬!$C$2:$C$587,0),6),"") -> .6.9. | I16: 2026-01-13 14:30~ | J16: 72 | K16: 2590 | L16: =IFERROR(INDEX(온라인_반찬!$C$2:$J$587,MATCH($D16,온라인_반찬!$C$2:$C$587,0),8),"") -> 0
C17: 신당꿈 특식 | D17: 과일 | F17: 1 | G17: 황금향(국내산) | H17: =IFERROR(INDEX(온라인_반찬!$D$2:$J$587,MATCH($D17,온라인_반찬!$C$2:$C$587,0),6),"") | I17: 2026-01-13 14:30~ | J17: 28 | K17: 30 | L17: =IFERROR(INDEX(온라인_반찬!$C$2:$J$587,MATCH($D17,온라인_반찬!$C$2:$C$587,0),8),"")
C18: 보존식 | J18: 1 | K18: 0.25
B19: 강서폴리 소풍 | C19: 밥 | G19: =IFERROR(INDEX(온라인_반찬!$C$2:$H$594,MATCH($D19,온라인_반찬!$C$2:$C$594,0),6),"") | H19: =IFERROR(INDEX(온라인_반찬!$D$2:$J$587,MATCH($D19,온라인_반찬!$C$2:$C$587,0),6),"") | I19: 2026-01-13 09:30~ | L19: =IFERROR(INDEX(온라인_반찬!$C$2:$J$587,MATCH($D19,온라인_반찬!$C$2:$C$587,0),8),"")
C20: 반찬1 | G20: =IFERROR(INDEX(온라인_반찬!$C$2:$H$594,MATCH($D20,온라인_반찬!$C$2:$C$594,0),6),"") | H20: =IFERROR(INDEX(온라인_반찬!$D$2:$J$587,MATCH($D20,온라인_반찬!$C$2:$C$587,0),6),"") | I20: 2026-01-13 09:30~ | L20: =IFERROR(INDEX(온라인_반찬!$C$2:$J$587,MATCH($D20,온라인_반찬!$C$2:$C$587,0),8),"")
G21: =IFERROR(INDEX(온라인_반찬!$C$2:$H$594,MATCH($D21,온라인_반찬!$C$2:$C$594,0),6),"") | H21: =IFERROR(INDEX(온라인_반찬!$D$2:$J$587,MATCH($D21,온라인_반찬!$C$2:$C$587,0),6),"") | I21: 2026-01-13 09:30~ | L21: =IFERROR(INDEX(온라인_반찬!$C$2:$J$587,MATCH($D21,온라인_반찬!$C$2:$C$587,0),8),"")
C22: 반찬2 | G22: =IFERROR(INDEX(온라인_반찬!$C$2:$H$594,MATCH($D22,온라인_반찬!$C$2:$C$594,0),6),"") | H22: =IFERROR(INDEX(온라인_반찬!$D$2:$J$587,MATCH($D22,온라인_반찬!$C$2:$C$587,0),6),"") | I22: 2026-01-13 09:30~ | L22: =IFERROR(INDEX(온라인_반찬!$C$2:$J$587,MATCH($D22,온라인_반찬!$C$2:$C$587,0),8),"")
C23: 반찬3 | G23: =IFERROR(INDEX(온라인_반찬!$C$2:$H$594,MATCH($D23,온라인_반찬!$C$2:$C$594,0),6),"") | H23: =IFERROR(INDEX(온라인_반찬!$D$2:$J$587,MATCH($D23,온라인_반찬!$C$2:$C$587,0),6),"") | I23: 2026-01-13 09:30~ | L23: =IFERROR(INDEX(온라인_반찬!$C$2:$J$587,MATCH($D23,온라인_반찬!$C$2:$C$587,0),8),"")
C24: 반찬4 | G24: =IFERROR(INDEX(온라인_반찬!$C$2:$H$594,MATCH($D24,온라인_반찬!$C$2:$C$594,0),6),"") | H24: =IFERROR(INDEX(온라인_반찬!$D$2:$J$587,MATCH($D24,온라인_반찬!$C$2:$C$587,0),6),"") | I24: 2026-01-13 09:30~ | L24: =IFERROR(INDEX(온라인_반찬!$C$2:$J$587,MATCH($D24,온라인_반찬!$C$2:$C$587,0),8),"")
C25: 보존식 | F25: 1 | J25: 1 | K25: 0.25

Sheet 01-14
B1: 2026-01-14(수) | M1: *한입해쉬브라운 : 9g(개당) | P1: *양송이떡갈비 : 1.5ea, 1.75, 2 | S1: *양배추당근라페 : 20g / 30g
B2: 출고일 | C2: 구분 | D2: 품명 | E2: 중량(g) | F2: 수량(장) | G2: 자재사용내역 | H2: 알러지 표기 | I2: 배송시점 | J2: 제공인원 | K2: 총생산량(Kg) | L2: 메 모 | M2: *샐러드 채소 : 15g, 20g ,25g | P2: *야채고기말이 : 1.1, 1.5, 1.5 | S2: *고구마튀김35g / 45g
B3: 중식 | C3: 밥 | D3: 친환경찰흑미쌀밥 | E3: 140 | G3: =IFERROR(INDEX(온라인_반찬!$C$2:$H$594,MATCH($D3,온라인_반찬!$C$2:$C$594,0),6),"") -> 쌀(국산)90%, 찰흑미(국산.친환경)5%, 정제수 | H3: =IFERROR(INDEX(온라인_반찬!$D$2:$J$587,MATCH($D3,온라인_반찬!$C$2:$C$587,0),6),"") -> 0 | I3: 2026-01-14 09:30~ | J3: 3019 | K3: 456365 | L3: =IFERROR(INDEX(온라인_반찬!$C$2:$J$587,MATCH($D3,온라인_반찬!$C$2:$C$587,0),8),"") -> 0 | M3: *웨지감자 : 25g / 30g | O3: *어묵채구이:12g / 15g | S3: 한입새우튀김 : 30g / 35g / 45g (소스15g)
C4: 국 | D4: 시래기된장국 | E4: 150 | G4: =IFERROR(INDEX(온라인_반찬!$C$2:$H$594,MATCH($D4,온라인_반찬!$C$2:$C$594,0),6),"") -> 시래기(무청시래기:국산)25%, 양파, 대파, 마늘, 정제수, 된장, 멸치육수농축액, 소금 | H4: =IFERROR(INDEX(온라인_반찬!$D$2:$J$587,MATCH($D4,온라인_반찬!$C$2:$C$587,0),6),"") -> .5. | I4: 2026-01-14 09:30~ | J4: 3019 | K4: 463695 | L4: =IFERROR(INDEX(온라인_반찬!$C$2:$J$587,MATCH($D4,온라인_반찬!$C$2:$C$587,0),8),"") -> 30g/40g | M4: *꼬마돈까스: 25g, 중구청 35g | P4: *족발:45g / 55g | S4: *갈비만두 : 성분표기 인당1개 / 식수 인당1.5개
C5: 메인 | D5: 비프찹스테이크 | E5: 60 | G5: =IFERROR(INDEX(온라인_반찬!$C$2:$H$594,MATCH($D5,온라인_반찬!$C$2:$C$594,0),6),"") -> 소고기(호주산)70%, 양파(국산)7%, 아스파라거스(중국산), 파프리카, 피망, 마늘, 스테이크소스, 데미그라스소스, 생크림, 우유, 간장, 설탕, 소금, 후추, 참깨 | H5: =IFERROR(INDEX(온라인_반찬!$D$2:$J$587,MATCH($D5,온라인_반찬!$C$2:$C$587,0),6),"") -> .2.5.6.12.16.18.21. | I5: 2026-01-14 09:30~ | J5: 3019 | K5: 216790 | L5: =IFERROR(INDEX(온라인_반찬!$C$2:$J$587,MATCH($D5,온라인_반찬!$C$2:$C$587,0),8),"") -> 스테이크소스(오뚜기), 데미그라스소스(오뚜기) | M5: *오징어볼탕수 : 35g / 45g/ 70g 소스 : 20g | S5: *생선통살탕수 : 40g / 50g / 교사 70g, 소스 25g 개당 12g
C6: 반찬1 | D6: 진미채 | E6: 15 | G6: =IFERROR(INDEX(온라인_반찬!$C$2:$H$594,MATCH($D6,온라인_반찬!$C$2:$C$594,0),6),"") -> 진미채(페루산)85%, 간장, 물엿, 참기름, 마요네즈, 참깨 | H6: =IFERROR(INDEX(온라인_반찬!$D$2:$J$587,MATCH($D6,온라인_반찬!$C$2:$C$587,0),6),"") -> .1.5.21. | I6: 2026-01-14 09:30~ | J6: 3019 | K6: 53965.5 | L6: =IFERROR(INDEX(온라인_반찬!$C$2:$J$587,MATCH($D6,온라인_반찬!$C$2:$C$587,0),8),"") -> 0 | M6: *표고강정 : 30g(35g) | P6: *훈제오리 : 40g / 50g | S6: *해물전:1000680205(삼성웰스토리)
C7: 반찬2 | D7: 오이깨소스무침 | E7: 25 | G7: =IFERROR(INDEX(온라인_반찬!$C$2:$H$594,MATCH($D7,온라인_반찬!$C$2:$C$594,0),6),"") -> 오이(국산)80%, 홍파프리카(국산), 깨소스(깨소금(참깨:외국산), 소금, 참기름, 설탕) | H7: =IFERROR(INDEX(온라인_반찬!$D$2:$J$587,MATCH($D7,온라인_반찬!$C$2:$C$587,0),6),"") -> .21. | I7: 2026-01-14 09:30~ | J7: 3019 | K7: 90642.5 | L7: =IFERROR(INDEX(온라인_반찬!$C$2:$J$587,MATCH($D7,온라인_반찬!$C$2:$C$587,0),8),"") -> 0 | M7: *탕수육40g(중구청50g) ,소스25g | P7: *마카로니.콘샐러드 : 30g | S7: *통등심돈까스:50g / 소스 25g
C8: 반찬3 | D8: 백김치 | E8: 25 | G8: =IFERROR(INDEX(온라인_반찬!$C$2:$H$594,MATCH($D8,온라인_반찬!$C$2:$C$594,0),6),"") -> 배추(국내산)64%, 무채(무:국내산)8%, 양파, 정제수, 생강, 마늘, 생강, 배, 쪽파, 정제염 | H8: =IFERROR(INDEX(온라인_반찬!$D$2:$J$587,MATCH($D8,온라인_반찬!$C$2:$C$587,0),6),"") -> 0 | I8: 2026-01-14 09:30~ | J8: 3019 | K8: 84757.5 | L8: =IFERROR(INDEX(온라인_반찬!$C$2:$J$587,MATCH($D8,온라인_반찬!$C$2:$C$587,0),8),"") -> 백김치(정우식품) | M8: *건두부무침 : 25g / 35g | P8: *파르펠레냉파스타:30g | S8: *족발부추무침 : 45g, 55g
C9: 보존식 | J9: 1 | K9: 0.25 | M9: 456365 | N9: 463695 | O9: 216790 | P9: 53965.5 | Q9: 90642.5 | R9: 84757.5 | S9: 84757.5
B10: 글로벌 리더스 . 석식 | C10: 밥 | D10: 친환경찰흑미쌀밥 | E10: 150 | G10: =IFERROR(INDEX(온라인_반찬!$C$2:$H$594,MATCH($D10,온라인_반찬!$C$2:$C$594,0),6),"") -> 쌀(국산)90%, 찰흑미(국산.친환경)5%, 정제수 | H10: =IFERROR(INDEX(온라인_반찬!$D$2:$J$587,MATCH($D10,온라인_반찬!$C$2:$C$587,0),6),"") -> 0 | I10: 2026-01-14 14:30~ | J10: 44 | K10: 7800 | L10: =IFERROR(INDEX(온라인_반찬!$C$2:$J$587,MATCH($D10,온라인_반찬!$C$2:$C$587,0),8),"") -> 0 | M10: *영양찜닭:85g / 95g | P10: *소고기가지볶음 : 30g | S10: *춘장닭불고기 : 70g / 80g
C11: 국 | D11: 시래기된장국 | E11: 160 | G11: =IFERROR(INDEX(온라인_반찬!$C$2:$H$594,MATCH($D11,온라인_반찬!$C$2:$C$594,0),6),"") -> 시래기(무청시래기:국산)25%, 양파, 대파, 마늘, 정제수, 된장, 멸치육수농축액, 소금 | H11: =IFERROR(INDEX(온라인_반찬!$D$2:$J$587,MATCH($D11,온라인_반찬!$C$2:$C$587,0),6),"") -> .5. | I11: 2026-01-14 14:30~ | J11: 44 | K11: 8160 | L11: =IFERROR(INDEX(온라인_반찬!$C$2:$J$587,MATCH($D11,온라인_반찬!$C$2:$C$587,0),8),"") -> 30g/40g | M11: *미트볼 : 개당10g | P11: *삼색소고기소보로 : 50g / 70g | S11: *훈제오리잡채 : 55g / 70g
C12: 메인 | D12: 비프찹스테이크 | E12: 80 | G12: =IFERROR(INDEX(온라인_반찬!$C$2:$H$594,MATCH($D12,온라인_반찬!$C$2:$C$594,0),6),"") -> 소고기(호주산)70%, 양파(국산)7%, 아스파라거스(중국산), 파프리카, 피망, 마늘, 스테이크소스, 데미그라스소스, 생크림, 우유, 간장, 설탕, 소금, 후추, 참깨 | H12: =IFERROR(INDEX(온라인_반찬!$D$2:$J$587,MATCH($D12,온라인_반찬!$C$2:$C$587,0),6),"") -> .2.5.6.12.16.18.21. | I12: 2026-01-14 14:30~ | J12: 44 | K12: 7317 | L12: =IFERROR(INDEX(온라인_반찬!$C$2:$J$587,MATCH($D12,온라인_반찬!$C$2:$C$587,0),8),"") -> 스테이크소스(오뚜기), 데미그라스소스(오뚜기)
C13: 반찬1 | D13: 양념진미채 | E13: 20 | G13: =IFERROR(INDEX(온라인_반찬!$C$2:$H$594,MATCH($D13,온라인_반찬!$C$2:$C$594,0),6),"") -> 진미채(페루산)85%, 고추장, 마요네즈, 대두유, 간장, 물엿, 참기름, 참깨 | H13: =IFERROR(INDEX(온라인_반찬!$D$2:$J$587,MATCH($D13,온라인_반찬!$C$2:$C$587,0),6),"") -> .1.5.6.21. | I13: 2026-01-14 14:30~ | J13: 44 | K13: 93.6 | L13: =IFERROR(INDEX(온라인_반찬!$C$2:$J$587,MATCH($D13,온라인_반찬!$C$2:$C$587,0),8),"") -> .1.5.6.21.
C14: 반찬2 | D14: 오이깨소스무침 | E14: 35 | G14: =IFERROR(INDEX(온라인_반찬!$C$2:$H$594,MATCH($D14,온라인_반찬!$C$2:$C$594,0),6),"") -> 오이(국산)80%, 홍파프리카(국산), 깨소스(깨소금(참깨:외국산), 소금, 참기름, 설탕) | H14: =IFERROR(INDEX(온라인_반찬!$D$2:$J$587,MATCH($D14,온라인_반찬!$C$2:$C$587,0),6),"") -> .21. | I14: 2026-01-14 14:30~ | J14: 44 | K14: 1702 | L14: =IFERROR(INDEX(온라인_반찬!$C$2:$J$587,MATCH($D14,온라인_반찬!$C$2:$C$587,0),8),"") -> 0
C15: 반찬3 | D15: 열무김치 | E15: 35 | G15: =IFERROR(INDEX(온라인_반찬!$C$2:$H$594,MATCH($D15,온라인_반찬!$C$2:$C$594,0),6),"") -> 절임열무51%(열무,식염:고추구루, 양파, 대파, 전용풀. 마늘, 다시마농축액.새우액젓.생강:국산) | H15: =IFERROR(INDEX(온라인_반찬!$D$2:$J$587,MATCH($D15,온라인_반찬!$C$2:$C$587,0),6),"") -> .9. | I15: 2026-01-14 14:30~ | J15: 44 | K15: 2590 | L15: =IFERROR(INDEX(온라인_반찬!$C$2:$J$587,MATCH($D15,온라인_반찬!$C$2:$C$587,0),8),"") -> 열무김치(종가김치)
C16: 신당꿈 특식 | D16: 모짜렐라치즈볼 | F16: 3 | G16: =IFERROR(INDEX(온라인_반찬!$C$2:$H$594,MATCH($D16,온라인_반찬!$C$2:$C$594,0),6),"") -> 치즈볼믹스[밀가루(밀:미국,태나다,호주산), 설탕, 재종유(캐나다산)], 정제수, 자연치즈(모짜렐라치즈:외국산), 곡류가공품[밀가루(밀:미국산,캐나다산,호주산), 쇼트닝(말레이시아산), 정제소금, 효모, 대두유], 설탕 | H16: =IFERROR(INDEX(온라인_반찬!$D$2:$J$587,MATCH($D16,온라인_반찬!$C$2:$C$587,0),6),"") -> .2.5.6. | I16: 2026-01-14 14:30~ | J16: 0 | K16: 0 | L16: =IFERROR(INDEX(온라인_반찬!$C$2:$J$587,MATCH($D16,온라인_반찬!$C$2:$C$587,0),8),"") -> 모짜렐라치즈볼(맘스터치)
C17: 보존식 | J17: 1 | K17: 0.25
B18: 강서폴리 소풍 | C18: 밥 | G18: =IFERROR(INDEX(온라인_반찬!$C$2:$H$594,MATCH($D18,온라인_반찬!$C$2:$C$594,0),6),"") | H18: =IFERROR(INDEX(온라인_반찬!$D$2:$J$587,MATCH($D18,온라인_반찬!$C$2:$C$587,0),6),"") | I18: 2026-01-14 09:30~ | L18: =IFERROR(INDEX(온라인_반찬!$C$2:$J$587,MATCH($D18,온라인_반찬!$C$2:$C$587,0),8),"")
C19: 반찬1 | G19: =IFERROR(INDEX(온라인_반찬!$C$2:$H$594,MATCH($D19,온라인_반찬!$C$2:$C$594,0),6),"") | H19: =IFERROR(INDEX(온라인_반찬!$D$2:$J$587,MATCH($D19,온라인_반찬!$C$2:$C$587,0),6),"") | I19: 2026-01-14 09:30~ | L19: =IFERROR(INDEX(온라인_반찬!$C$2:$J$587,MATCH($D19,온라인_반찬!$C$2:$C$587,0),8),"")
G20: =IFERROR(INDEX(온라인_반찬!$C$2:$H$594,MATCH($D20,온라인_반찬!$C$2:$C$594,0),6),"") | H20: =IFERROR(INDEX(온라인_반찬!$D$2:$J$587,MATCH($D20,온라인_반찬!$C$2:$C$587,0),6),"") | I20: 2026-01-14 09:30~ | L20: =IFERROR(INDEX(온라인_반찬!$C$2:$J$587,MATCH($D20,온라인_반찬!$C$2:$C$587,0),8),"")
C21: 반찬2 | G21: =IFERROR(INDEX(온라인_반찬!$C$2:$H$594,MATCH($D21,온라인_반찬!$C$2:$C$594,0),6),"") | H21: =IFERROR(INDEX(온라인_반찬!$D$2:$J$587,MATCH($D21,온라인_반찬!$C$2:$C$587,0),6),"") | I21: 2026-01-14 09:30~ | L21: =IFERROR(INDEX(온라인_반찬!$C$2:$J$587,MATCH($D21,온라인_반찬!$C$2:$C$587,0),8),"")
C22: 반찬3 | G22: =IFERROR(INDEX(온라인_반찬!$C$2:$H$594,MATCH($D22,온라인_반찬!$C$2:$C$594,0),6),"") | H22: =IFERROR(INDEX(온라인_반찬!$D$2:$J$587,MATCH($D22,온라인_반찬!$C$2:$C$587,0),6),"") | I22: 2026-01-14 09:30~ | L22: =IFERROR(INDEX(온라인_반찬!$C$2:$J$587,MATCH($D22,온라인_반찬!$C$2:$C$587,0),8),"")
C23: 반찬4 | G23: =IFERROR(INDEX(온라인_반찬!$C$2:$H$594,MATCH($D23,온라인_반찬!$C$2:$C$594,0),6),"") | H23: =IFERROR(INDEX(온라인_반찬!$D$2:$J$587,MATCH($D23,온라인_반찬!$C$2:$C$587,0),6),"") | I23: 2026-01-14 09:30~ | L23: =IFERROR(INDEX(온라인_반찬!$C$2:$J$587,MATCH($D23,온라인_반찬!$C$2:$C$587,0),8),"")
C24: 보존식 | F24: 1 | J24: 1 | K24: 0.25

Sheet 01-15
B1: 2026-01-15(목) | M1: *한입해쉬브라운 : 9g(개당) | P1: *양송이떡갈비 : 1.5ea, 1.75, 2 | S1: *양배추당근라페 : 20g / 30g
B2: 출고일 | C2: 구분 | D2: 품명 | E2: 중량(g) | F2: 수량(장) | G2: 자재사용내역 | H2: 알러지 표기 | I2: 배송시점 | J2: 제공인원 | K2: 총생산량(Kg) | L2: 메 모 | M2: *샐러드 채소 : 15g, 20g ,25g | P2: *야채고기말이 : 1.1, 1.5, 1.5 | S2: *고구마튀김35g / 45g
B3: 중식 | C3: 밥 | D3: 흰쌀밥 | E3: 140 | G3: =IFERROR(INDEX(온라인_반찬!$C$2:$H$594,MATCH($D3,온라인_반찬!$C$2:$C$594,0),6),"") -> 쌀(국산)95%, 정제수 | H3: =IFERROR(INDEX(온라인_반찬!$D$2:$J$587,MATCH($D3,온라인_반찬!$C$2:$C$587,0),6),"") -> 0 | I3: 2026-01-15 09:30~ | J3: 2946 | K3: 420985 | L3: =IFERROR(INDEX(온라인_반찬!$C$2:$J$587,MATCH($D3,온라인_반찬!$C$2:$C$587,0),8),"") -> 0 | M3: *웨지감자 : 25g / 30g | O3: *어묵채구이:12g / 15g | S3: 한입새우튀김 : 30g / 35g / 45g (소스15g)
C4: 국 | D4: 닭봉삼계탕 | E4: 150 | F4: 닭봉 1~2ea | G4: =IFERROR(INDEX(온라인_반찬!$C$2:$H$594,MATCH($D4,온라인_반찬!$C$2:$C$594,0),6),"") -> 닭봉(국산)36%, 무(국산)7%, 약재(황기, 대추, 당귀, 허개나무, 엄나무, 오가피 : 국산)3%, 정제수, 파, 마늘, 후추가루, 소금 | H4: =IFERROR(INDEX(온라인_반찬!$D$2:$J$587,MATCH($D4,온라인_반찬!$C$2:$C$587,0),6),"") -> .5.16. | I4: 2026-01-15 09:30~ | J4: 2565 | K4: 398495 | L4: =IFERROR(INDEX(온라인_반찬!$C$2:$J$587,MATCH($D4,온라인_반찬!$C$2:$C$587,0),8),"") -> 0 | M4: *꼬마돈까스: 25g, 중구청 35g | P4: *족발:45g / 55g | S4: *갈비만두 : 성분표기 인당1개 / 식수 인당1.5개
C5: 메인 | D5: 돈채시금치볶음 | E5: 60 | G5: =IFERROR(INDEX(온라인_반찬!$C$2:$H$594,MATCH($D5,온라인_반찬!$C$2:$C$594,0),6),"") -> 돼지고기(국산)57.5%, 양파(국산)10%, 시금치(국산)5%, 당근(국산)2.5%, 소스(마늘, 간장, 설탕, 후추, 대두유, 참기름, 참깨)25% | H5: =IFERROR(INDEX(온라인_반찬!$D$2:$J$587,MATCH($D5,온라인_반찬!$C$2:$C$587,0),6),"") -> .5.10.21. | I5: 2026-01-15 09:30~ | J5: 2946 | K5: 57150 | L5: =IFERROR(INDEX(온라인_반찬!$C$2:$J$587,MATCH($D5,온라인_반찬!$C$2:$C$587,0),8),"") -> 0 | M5: *오징어볼탕수 : 35g / 45g/ 70g 소스 : 20g | S5: *생선통살탕수 : 40g / 50g / 교사 70g, 소스 25g 개당 12g
C6: 반찬1 | D6: 계란말이 | F6: 2 | G6: =IFERROR(INDEX(온라인_반찬!$C$2:$H$594,MATCH($D6,온라인_반찬!$C$2:$C$594,0),6),"") -> 전란액(국산)65.64%, 난백액(국산)23.44%, 대파, 당근, 옥수수유, 정제소금, 간장, 쇠고기다시, 전지분유, 카로틴 외 | H6: =IFERROR(INDEX(온라인_반찬!$D$2:$J$587,MATCH($D6,온라인_반찬!$C$2:$C$587,0),6),"") -> .1.2.5.6.16.18. | I6: 2026-01-15 09:30~ | J6: 2946 | K6: 212680 | L6: =IFERROR(INDEX(온라인_반찬!$C$2:$J$587,MATCH($D6,온라인_반찬!$C$2:$C$587,0),8),"") -> 풍림푸드 | M6: *표고강정 : 30g(35g) | P6: *훈제오리 : 40g / 50g | S6: *해물전:1000680205(삼성웰스토리)
C7: 반찬2 | D7: 김자반 | E7: 8 | G7: =IFERROR(INDEX(온라인_반찬!$C$2:$H$594,MATCH($D7,온라인_반찬!$C$2:$C$594,0),6),"") -> 건파래김(국산)85.4%, 대두유, 들기름, 설탕, 맛소금, 참깨 | H7: =IFERROR(INDEX(온라인_반찬!$D$2:$J$587,MATCH($D7,온라인_반찬!$C$2:$C$587,0),6),"") -> .5.21.22. | I7: 2026-01-15 09:30~ | J7: 2946 | K7: 7140.6 | L7: =IFERROR(INDEX(온라인_반찬!$C$2:$J$587,MATCH($D7,온라인_반찬!$C$2:$C$587,0),8),"") -> 유아8g / 중구청10g | M7: *탕수육40g(중구청50g) ,소스25g | P7: *마카로니.콘샐러드 : 30g | S7: *통등심돈까스:50g / 소스 25g
C8: 반찬3 | D8: 깍두기 | E8: 25 | G8: =IFERROR(INDEX(온라인_반찬!$C$2:$H$594,MATCH($D8,온라인_반찬!$C$2:$C$594,0),6),"") -> 무(국산)85.2%, 고추가루(국산), 밀가루풀(국산), 파, 마늘, 새우젓 등 양념(국산) | H8: =IFERROR(INDEX(온라인_반찬!$D$2:$J$587,MATCH($D8,온라인_반찬!$C$2:$C$587,0),6),"") -> .6.9. | I8: 2026-01-15 09:30~ | J8: 2946 | K8: 28309 | L8: =IFERROR(INDEX(온라인_반찬!$C$2:$J$587,MATCH($D8,온라인_반찬!$C$2:$C$587,0),8),"") -> 0 | M8: *건두부무침 : 25g / 35g | P8: *파르펠레냉파스타:30g | S8: *족발부추무침 : 45g, 55g
C9: 국 | D9: 소고기미역국 | E9: 150 | G9: =IFERROR(INDEX(온라인_반찬!$C$2:$H$594,MATCH($D9,온라인_반찬!$C$2:$C$594,0),6),"") -> 불린미역(미역:국산)18.3%, 소고기(호주산)5%, 마늘, 정제수, 밥새우, 멸치육수농축액, 소금, 국간장 | H9: =IFERROR(INDEX(온라인_반찬!$D$2:$J$587,MATCH($D9,온라인_반찬!$C$2:$C$587,0),6),"") -> .5.9.16. | I9: 2026-01-15 09:30~ | J9: 381 | K9: 82935 | L9: =IFERROR(INDEX(온라인_반찬!$C$2:$J$587,MATCH($D9,온라인_반찬!$C$2:$C$587,0),8),"") -> 40g/50g 멸치육수농축액(면사랑)
C10: 보존식 | J10: 1 | K10: 0.25
B11: 위니위니 생파 | C11: 밥 | D11: 주먹밥 | F11: 2 | G11: =IFERROR(INDEX(온라인_반찬!$C$2:$H$594,MATCH($D11,온라인_반찬!$C$2:$C$594,0),6),"") -> 밥(쌀:국산)95%, 후리카케[볶은참깨(참깨:인도산), 밀소맥볼(밀:미국,호주산),조각김(김:국산), 양조간장], 맛소금, 참기름 | H11: =IFERROR(INDEX(온라인_반찬!$D$2:$J$587,MATCH($D11,온라인_반찬!$C$2:$C$587,0),6),"") -> .5.21. | I11: 2026-01-15 09:30~ | J11: 98 | K11: 11230 | L11: =IFERROR(INDEX(온라인_반찬!$C$2:$J$587,MATCH($D11,온라인_반찬!$C$2:$C$587,0),8),"") -> 노리풍후리가케(이엔푸드)
C12: 반찬1 | D12: 스파게티면 | E12: 100 | G12: =IFERROR(INDEX(온라인_반찬!$C$2:$H$594,MATCH($D12,온라인_반찬!$C$2:$C$594,0),6),"") -> 스파게티면(듀럼밀100%)97%, 올리브오일3% | H12: =IFERROR(INDEX(온라인_반찬!$D$2:$J$587,MATCH($D12,온라인_반찬!$C$2:$C$587,0),6),"") -> .6. | I12: 2026-01-15 09:30~ | J12: 98 | K12: 13410 | L12: =IFERROR(INDEX(온라인_반찬!$C$2:$J$587,MATCH($D12,온라인_반찬!$C$2:$C$587,0),8),"") -> 0
D13: & 토마토소스 | E13: 120 | G13: =IFERROR(INDEX(온라인_반찬!$C$2:$H$594,MATCH($D13,온라인_반찬!$C$2:$C$594,0),6),"") -> 양파, 피망, 토마토소스[과채가공품(토마토:이탈리아산),토마토페이스트(토마토:중국산)], 올리브오일, 후추, 파슬리가루 | H13: =IFERROR(INDEX(온라인_반찬!$D$2:$J$587,MATCH($D13,온라인_반찬!$C$2:$C$587,0),6),"") -> .5.12. | I13: 2026-01-15 09:30~ | J13: 98 | K13: 268.2 | L13: =IFERROR(INDEX(온라인_반찬!$C$2:$J$587,MATCH($D13,온라인_반찬!$C$2:$C$587,0),8),"") -> 토마토소스(이츠웰)
C14: 반찬2 | D14: 불고기피자 | F14: 1 | G14: =IFERROR(INDEX(온라인_반찬!$C$2:$H$594,MATCH($D14,온라인_반찬!$C$2:$C$594,0),6),"") -> 소불고기(소고기:미국.호주산), 밀가루(밀:미국,호주산), 옥수수전분, 토마토케찹, 백설탕, 물엿, 치즈22.7%(우유:프랑스산), 버터, 계란, 슈크림우유(국산), 자연산치즈(수입산), 정제식염, 버터, 계란, 고추가루, 물엿, 양파, 샐러드, 양배추, 피망 | H14: =IFERROR(INDEX(온라인_반찬!$D$2:$J$587,MATCH($D14,온라인_반찬!$C$2:$C$587,0),6),"") -> .1.2.5.6.12.16. | I14: 2026-01-15 09:30~ | J14: 98 | K14: 99 | L14: =IFERROR(INDEX(온라인_반찬!$C$2:$J$587,MATCH($D14,온라인_반찬!$C$2:$C$587,0),8),"") -> 과드라불고기피자(M&F)
C15: 반찬3 | D15: 팝콘치킨 | E15: 35 | G15: =IFERROR(INDEX(온라인_반찬!$C$2:$H$594,MATCH($D15,온라인_반찬!$C$2:$C$594,0),6),"") -> {동물복지닭고기(닭가슴살:국산)63.38%, 정제수, 정제소금, 치킨브레더[옥수수전분(옥수수:외국산), 밀가루(밀:미극산,호주산)], 마늘, 양파, 정제소금, 대두유} | H15: =IFERROR(INDEX(온라인_반찬!$D$2:$J$587,MATCH($D15,온라인_반찬!$C$2:$C$587,0),6),"") -> .2.5.6.12.15.16.18. | I15: 2026-01-15 09:30~ | J15: 98 | K15: 4015 | L15: =IFERROR(INDEX(온라인_반찬!$C$2:$J$587,MATCH($D15,온라인_반찬!$C$2:$C$587,0),8),"") -> 0
C16: 반찬4 | D16: 오이피클 | E16: 25 | G16: =IFERROR(INDEX(온라인_반찬!$C$2:$H$594,MATCH($D16,온라인_반찬!$C$2:$C$594,0),6),"") -> 절임오이(오이:중국산, 정제염, 정제수, 화이트식초) | H16: =IFERROR(INDEX(온라인_반찬!$D$2:$J$587,MATCH($D16,온라인_반찬!$C$2:$C$587,0),6),"") -> 0 | I16: 2026-01-15 09:30~ | J16: 98 | K16: 2825 | L16: =IFERROR(INDEX(온라인_반찬!$C$2:$J$587,MATCH($D16,온라인_반찬!$C$2:$C$587,0),8),"") -> 오이피클(이츠웰)
C17: 보존식 | F17: 1 | J17: 1 | K17: 0.25
B18: 글로벌 리더스 . 석식 | C18: 밥 | D18: 흰쌀밥 | E18: 150 | G18: =IFERROR(INDEX(온라인_반찬!$C$2:$H$594,MATCH($D18,온라인_반찬!$C$2:$C$594,0),6),"") -> 쌀(국산)95%, 정제수 | H18: =IFERROR(INDEX(온라인_반찬!$D$2:$J$587,MATCH($D18,온라인_반찬!$C$2:$C$587,0),6),"") -> 0 | I18: 2026-01-15 14:30~ | J18: 72 | K18: 7800 | L18: =IFERROR(INDEX(온라인_반찬!$C$2:$J$587,MATCH($D18,온라인_반찬!$C$2:$C$587,0),8),"") -> 0 | M18: *영양찜닭:85g / 95g | P18: *소고기가지볶음 : 30g | S18: *춘장닭불고기 : 70g / 80g
C19: 국 | D19: 소고기미역국 | E19: 160 | G19: =IFERROR(INDEX(온라인_반찬!$C$2:$H$594,MATCH($D19,온라인_반찬!$C$2:$C$594,0),6),"") -> 불린미역(미역:국산)18.3%, 소고기(호주산)5%, 마늘, 정제수, 밥새우, 멸치육수농축액, 소금, 국간장 | H19: =IFERROR(INDEX(온라인_반찬!$D$2:$J$587,MATCH($D19,온라인_반찬!$C$2:$C$587,0),6),"") -> .5.9.16. | I19: 2026-01-15 14:30~ | J19: 72 | K19: 8010 | L19: =IFERROR(INDEX(온라인_반찬!$C$2:$J$587,MATCH($D19,온라인_반찬!$C$2:$C$587,0),8),"") -> 40g/50g 멸치육수농축액(면사랑) | M19: *미트볼 : 개당10g | P19: *삼색소고기소보로 : 50g / 70g | S19: *훈제오리잡채 : 55g / 70g
C20: 메인 | D20: 돈채시금치볶음 | E20: 80 | G20: =IFERROR(INDEX(온라인_반찬!$C$2:$H$594,MATCH($D20,온라인_반찬!$C$2:$C$594,0),6),"") -> 돼지고기(국산)57.5%, 양파(국산)10%, 시금치(국산)5%, 당근(국산)2.5%, 소스(마늘, 간장, 설탕, 후추, 대두유, 참기름, 참깨)25% | H20: =IFERROR(INDEX(온라인_반찬!$D$2:$J$587,MATCH($D20,온라인_반찬!$C$2:$C$587,0),6),"") -> .5.10.21. | I20: 2026-01-15 14:30~ | J20: 72 | K20: 6504 | L20: =IFERROR(INDEX(온라인_반찬!$C$2:$J$587,MATCH($D20,온라인_반찬!$C$2:$C$587,0),8),"") -> 0
C21: 반찬1 | D21: 계란말이 | F21: 3 | G21: =IFERROR(INDEX(온라인_반찬!$C$2:$H$594,MATCH($D21,온라인_반찬!$C$2:$C$594,0),6),"") -> 전란액(국산)65.64%, 난백액(국산)23.44%, 대파, 당근, 옥수수유, 정제소금, 간장, 쇠고기다시, 전지분유, 카로틴 외 | H21: =IFERROR(INDEX(온라인_반찬!$D$2:$J$587,MATCH($D21,온라인_반찬!$C$2:$C$587,0),6),"") -> .1.2.5.6.16.18. | I21: 2026-01-15 14:30~ | J21: 72 | K21: 230.4 | L21: =IFERROR(INDEX(온라인_반찬!$C$2:$J$587,MATCH($D21,온라인_반찬!$C$2:$C$587,0),8),"") -> 풍림푸드
C22: 반찬2 | D22: 김자반 | E22: 10 | G22: =IFERROR(INDEX(온라인_반찬!$C$2:$H$594,MATCH($D22,온라인_반찬!$C$2:$C$594,0),6),"") -> 건파래김(국산)85.4%, 대두유, 들기름, 설탕, 맛소금, 참깨 | H22: =IFERROR(INDEX(온라인_반찬!$D$2:$J$587,MATCH($D22,온라인_반찬!$C$2:$C$587,0),6),"") -> .5.21.22. | I22: 2026-01-15 14:30~ | J22: 72 | K22: 740 | L22: =IFERROR(INDEX(온라인_반찬!$C$2:$J$587,MATCH($D22,온라인_반찬!$C$2:$C$587,0),8),"") -> 유아8g / 중구청10g
C23: 반찬3 | D23: 깍두기 | E23: 35 | G23: =IFERROR(INDEX(온라인_반찬!$C$2:$H$594,MATCH($D23,온라인_반찬!$C$2:$C$594,0),6),"") -> 무(국산)85.2%, 고추가루(국산), 밀가루풀(국산), 파, 마늘, 새우젓 등 양념(국산) | H23: =IFERROR(INDEX(온라인_반찬!$D$2:$J$587,MATCH($D23,온라인_반찬!$C$2:$C$587,0),6),"") -> .6.9. | I23: 2026-01-15 14:30~ | J23: 72 | K23: 2590 | L23: =IFERROR(INDEX(온라인_반찬!$C$2:$J$587,MATCH($D23,온라인_반찬!$C$2:$C$587,0),8),"") -> 0
C24: 신당꿈 특식 | D24: 과일 | E24: 100 | G24: 샤인머스켓(국내산) | H24: =IFERROR(INDEX(온라인_반찬!$D$2:$J$587,MATCH($D24,온라인_반찬!$C$2:$C$587,0),6),"") | I24: 2026-01-15 14:30~ | J24: 28 | K24: 300 | L24: =IFERROR(INDEX(온라인_반찬!$C$2:$J$587,MATCH($D24,온라인_반찬!$C$2:$C$587,0),8),"")
C25: 보존식 | J25: 1 | K25: 0.25

Sheet 01-16
B1: 2026-01-16(금) | M1: *한입해쉬브라운 : 9g(개당) | P1: *양송이떡갈비 : 1.5ea, 1.75, 2 | S1: *양배추당근라페 : 20g / 30g
B2: 출고일 | C2: 구분 | D2: 품명 | E2: 중량(g) | F2: 수량(장) | G2: 자재사용내역 | H2: 알러지 표기 | I2: 배송시점 | J2: 제공인원 | K2: 총생산량(Kg) | L2: 메 모 | M2: *샐러드 채소 : 15g, 20g ,25g | P2: *야채고기말이 : 1.1, 1.5, 1.5 | S2: *고구마튀김35g / 45g
B3: 중식 | C3: 밥 | D3: 친환경찰보리쌀밥 | E3: 140 | G3: =IFERROR(INDEX(온라인_반찬!$C$2:$H$594,MATCH($D3,온라인_반찬!$C$2:$C$594,0),6),"") -> 쌀(국산)90%, 찰보리(국산.친환경)5%, 정제수 | H3: =IFERROR(INDEX(온라인_반찬!$D$2:$J$587,MATCH($D3,온라인_반찬!$C$2:$C$587,0),6),"") -> 0 | I3: 2026-01-16 09:30~ | J3: 2977 | K3: 452735 | L3: =IFERROR(INDEX(온라인_반찬!$C$2:$J$587,MATCH($D3,온라인_반찬!$C$2:$C$587,0),8),"") -> 0 | M3: *웨지감자 : 25g / 30g | O3: *어묵채구이:12g / 15g | S3: 한입새우튀김 : 30g / 35g / 45g (소스15g)
C4: 국 | D4: 소고기미역국 | E4: 150 | G4: =IFERROR(INDEX(온라인_반찬!$C$2:$H$594,MATCH($D4,온라인_반찬!$C$2:$C$594,0),6),"") -> 불린미역(미역:국산)18.3%, 소고기(호주산)5%, 마늘, 정제수, 밥새우, 멸치육수농축액, 소금, 국간장 | H4: =IFERROR(INDEX(온라인_반찬!$D$2:$J$587,MATCH($D4,온라인_반찬!$C$2:$C$587,0),6),"") -> .5.9.16. | I4: 2026-01-16 09:30~ | J4: 2977 | K4: 458395 | L4: =IFERROR(INDEX(온라인_반찬!$C$2:$J$587,MATCH($D4,온라인_반찬!$C$2:$C$587,0),8),"") -> 40g/50g 멸치육수농축액(면사랑) | M4: *꼬마돈까스: 25g, 중구청 35g | P4: *족발:45g / 55g | S4: *갈비만두 : 성분표기 인당1개 / 식수 인당1.5개
C5: 메인 | D5: 용가리치킨너겟 | F5: 2 | G5: =IFERROR(INDEX(온라인_반찬!$C$2:$H$594,MATCH($D5,온라인_반찬!$C$2:$C$594,0),6),"") -> 닭고기(국내산)56.83%, 크루스토브레딩(캐나다산:밀가루,식물성유지,설탕소금). 버터믹스, 정제수, 양파, 마늘, 후추 | H5: =IFERROR(INDEX(온라인_반찬!$D$2:$J$587,MATCH($D5,온라인_반찬!$C$2:$C$587,0),6),"") -> .1.2.5.6.15.16. | I5: 2026-01-16 09:30~ | J5: 2977 | K5: 7918.3 | L5: =IFERROR(INDEX(온라인_반찬!$C$2:$J$587,MATCH($D5,온라인_반찬!$C$2:$C$587,0),8),"") -> 용가리치킨(하림) | M5: *오징어볼탕수 : 35g / 45g/ 70g 소스 : 20g | S5: *생선통살탕수 : 40g / 50g / 교사 70g, 소스 25g 개당 12g
C6: 반찬1 | D6: 문어모양소떡소떡 | E6: 50 | G6: =IFERROR(INDEX(온라인_반찬!$C$2:$H$594,MATCH($D6,온라인_반찬!$C$2:$C$594,0),6),"") -> {소시지[닭고기(국산)54.04%, 정제수, 돼지고기(국산)24.22%, 옥수수전분(러시아,헝가리,세르비아등).돈지방(국산),정제수, 정제소금)]45%, 떡(쌀:외국산)55%}90%, 소스(마늘,대두유,간장,케찹,물엿,참기름,참깨)10% | H6: =IFERROR(INDEX(온라인_반찬!$D$2:$J$587,MATCH($D6,온라인_반찬!$C$2:$C$587,0),6),"") -> .5.6.10.12.15.16.21. | I6: 2026-01-16 09:30~ | J6: 2977 | K6: 172405 | L6: =IFERROR(INDEX(온라인_반찬!$C$2:$J$587,MATCH($D6,온라인_반찬!$C$2:$C$587,0),8),"") -> 한입쌀떡볶이(동성식품), 문어모양비엔나(진주햄) | M6: *표고강정 : 30g(35g) | P6: *훈제오리 : 40g / 50g | S6: *해물전:1000680205(삼성웰스토리)
C7: 반찬2 | D7: 카프레제SD | E7: 40 | G7: =IFERROR(INDEX(온라인_반찬!$C$2:$H$594,MATCH($D7,온라인_반찬!$C$2:$C$594,0),6),"") -> 방울토마토(국산)55%, 보코치니치즈(모짜렐라치즈:미국산)20%, 청포도(페루산), 파인애플청크(수입산), 샐러드채소(치커리, 어린잎채소:국산)12%, 오리엔탈드레싱13% | H7: =IFERROR(INDEX(온라인_반찬!$D$2:$J$587,MATCH($D7,온라인_반찬!$C$2:$C$587,0),6),"") -> .2.5.6.12. | I7: 2026-01-16 09:30~ | J7: 2977 | K7: 135060 | L7: =IFERROR(INDEX(온라인_반찬!$C$2:$J$587,MATCH($D7,온라인_반찬!$C$2:$C$587,0),8),"") -> 오리엔탈드레싱(쉐프솔루션) | M7: *탕수육40g(중구청50g) ,소스25g | P7: *마카로니.콘샐러드 : 30g | S7: *통등심돈까스:50g / 소스 25g
C8: 반찬3 | D8: 배추김치 | E8: 25 | G8: =IFERROR(INDEX(온라인_반찬!$C$2:$H$594,MATCH($D8,온라인_반찬!$C$2:$C$594,0),6),"") -> 절임배추64.0%[배추(국산),무(국산),종가김치전용풀(쌀:국산)], 토마토페이스트(토마토:미국산)2.7%,[멸치액젓, 양파,다시마농축액,고춧가루,마늘,대파,새우액젓,김치유산균발효액,생강양념,호화쌀혼합분말]국산 | H8: =IFERROR(INDEX(온라인_반찬!$D$2:$J$587,MATCH($D8,온라인_반찬!$C$2:$C$587,0),6),"") -> .9.12. | I8: 2026-01-16 09:30~ | J8: 2977 | K8: 81550 | L8: =IFERROR(INDEX(온라인_반찬!$C$2:$J$587,MATCH($D8,온라인_반찬!$C$2:$C$587,0),8),"") -> 토마토김치(종가집) | M8: *건두부무침 : 25g / 35g | P8: *파르펠레냉파스타:30g | S8: *족발부추무침 : 45g, 55g
C9: 보존식 | G9: 포도클럽 : 백김치 강서폴리 : 셋팅용 바나나, 셋팅용 귤 | J9: 1 | K9: 0.25
B10: 글로벌 리더스 . 석식 | C10: 밥 | D10: 친환경찰보리쌀밥 | E10: 150 | G10: =IFERROR(INDEX(온라인_반찬!$C$2:$H$594,MATCH($D10,온라인_반찬!$C$2:$C$594,0),6),"") -> 쌀(국산)90%, 찰보리(국산.친환경)5%, 정제수 | H10: =IFERROR(INDEX(온라인_반찬!$D$2:$J$587,MATCH($D10,온라인_반찬!$C$2:$C$587,0),6),"") -> 0 | I10: 2026-01-16 14:30~ | J10: 59 | K10: 5625 | L10: =IFERROR(INDEX(온라인_반찬!$C$2:$J$587,MATCH($D10,온라인_반찬!$C$2:$C$587,0),8),"") -> 0 | M10: *영양찜닭:85g / 95g | P10: *소고기가지볶음 : 30g | S10: *춘장닭불고기 : 70g / 80g
C11: 국 | D11: 소고기미역국 | E11: 160 | G11: =IFERROR(INDEX(온라인_반찬!$C$2:$H$594,MATCH($D11,온라인_반찬!$C$2:$C$594,0),6),"") -> 불린미역(미역:국산)18.3%, 소고기(호주산)5%, 마늘, 정제수, 밥새우, 멸치육수농축액, 소금, 국간장 | H11: =IFERROR(INDEX(온라인_반찬!$D$2:$J$587,MATCH($D11,온라인_반찬!$C$2:$C$587,0),6),"") -> .5.9.16. | I11: 2026-01-16 14:30~ | J11: 59 | K11: 5835 | L11: =IFERROR(INDEX(온라인_반찬!$C$2:$J$587,MATCH($D11,온라인_반찬!$C$2:$C$587,0),8),"") -> 40g/50g 멸치육수농축액(면사랑) | M11: *미트볼 : 개당10g | P11: *삼색소고기소보로 : 50g / 70g | S11: *훈제오리잡채 : 55g / 70g
C12: 메인 | D12: 용가리치킨너겟 | F12: 3 | G12: =IFERROR(INDEX(온라인_반찬!$C$2:$H$594,MATCH($D12,온라인_반찬!$C$2:$C$594,0),6),"") -> 닭고기(국내산)56.83%, 크루스토브레딩(캐나다산:밀가루,식물성유지,설탕소금). 버터믹스, 정제수, 양파, 마늘, 후추 | H12: =IFERROR(INDEX(온라인_반찬!$D$2:$J$587,MATCH($D12,온라인_반찬!$C$2:$C$587,0),6),"") -> .1.2.5.6.15.16. | I12: 2026-01-16 14:30~ | J12: 59 | K12: 188.8 | L12: =IFERROR(INDEX(온라인_반찬!$C$2:$J$587,MATCH($D12,온라인_반찬!$C$2:$C$587,0),8),"") -> 용가리치킨(하림)
C13: 반찬1 | D13: 문어모양소떡소떡 | E13: 60 | G13: =IFERROR(INDEX(온라인_반찬!$C$2:$H$594,MATCH($D13,온라인_반찬!$C$2:$C$594,0),6),"") -> {소시지[닭고기(국산)54.04%, 정제수, 돼지고기(국산)24.22%, 옥수수전분(러시아,헝가리,세르비아등).돈지방(국산),정제수, 정제소금)]45%, 떡(쌀:외국산)55%}90%, 소스(마늘,대두유,간장,케찹,물엿,참기름,참깨)10% | H13: =IFERROR(INDEX(온라인_반찬!$D$2:$J$587,MATCH($D13,온라인_반찬!$C$2:$C$587,0),6),"") -> .5.6.10.12.15.16.21. | I13: 2026-01-16 14:30~ | J13: 59 | K13: 3660 | L13: =IFERROR(INDEX(온라인_반찬!$C$2:$J$587,MATCH($D13,온라인_반찬!$C$2:$C$587,0),8),"") -> 한입쌀떡볶이(동성식품), 문어모양비엔나(진주햄)
C14: 반찬2 | D14: 카프레제SD | E14: 45 | G14: =IFERROR(INDEX(온라인_반찬!$C$2:$H$594,MATCH($D14,온라인_반찬!$C$2:$C$594,0),6),"") -> 방울토마토(국산)55%, 보코치니치즈(모짜렐라치즈:미국산)20%, 청포도(페루산), 파인애플청크(수입산), 샐러드채소(치커리, 어린잎채소:국산)12%, 오리엔탈드레싱13% | H14: =IFERROR(INDEX(온라인_반찬!$D$2:$J$587,MATCH($D14,온라인_반찬!$C$2:$C$587,0),6),"") -> .2.5.6.12. | I14: 2026-01-16 14:30~ | J14: 59 | K14: 2745 | L14: =IFERROR(INDEX(온라인_반찬!$C$2:$J$587,MATCH($D14,온라인_반찬!$C$2:$C$587,0),8),"") -> 오리엔탈드레싱(쉐프솔루션)
C15: 반찬3 | D15: 배추김치 | E15: 35 | G15: =IFERROR(INDEX(온라인_반찬!$C$2:$H$594,MATCH($D15,온라인_반찬!$C$2:$C$594,0),6),"") -> 절임배추64.0%[배추(국산),무(국산),종가김치전용풀(쌀:국산)], 토마토페이스트(토마토:미국산)2.7%,[멸치액젓, 양파,다시마농축액,고춧가루,마늘,대파,새우액젓,김치유산균발효액,생강양념,호화쌀혼합분말]국산 | H15: =IFERROR(INDEX(온라인_반찬!$D$2:$J$587,MATCH($D15,온라인_반찬!$C$2:$C$587,0),6),"") -> .9.12. | I15: 2026-01-16 14:30~ | J15: 59 | K15: 2135 | L15: =IFERROR(INDEX(온라인_반찬!$C$2:$J$587,MATCH($D15,온라인_반찬!$C$2:$C$587,0),8),"") -> 토마토김치(종가집)
C16: 신당꿈 특식 | D16: 삼겹살소금구이 | E16: 70 | G16: =IFERROR(INDEX(온라인_반찬!$C$2:$H$594,MATCH($D16,온라인_반찬!$C$2:$C$594,0),6),"") -> 돼지고기(삼겹살:국산), 소금, 후추 | H16: =IFERROR(INDEX(온라인_반찬!$D$2:$J$587,MATCH($D16,온라인_반찬!$C$2:$C$587,0),6),"") -> .10. | I16: 2026-01-16 14:30~ | J16: 15 | K16: 1250 | L16: =IFERROR(INDEX(온라인_반찬!$C$2:$J$587,MATCH($D16,온라인_반찬!$C$2:$C$587,0),8),"") -> 0
C17: 보존식 | J17: 1 | K17: 0.25
B18: 강서폴리 소풍 | C18: 밥 | G18: =IFERROR(INDEX(온라인_반찬!$C$2:$H$594,MATCH($D18,온라인_반찬!$C$2:$C$594,0),6),"") | H18: =IFERROR(INDEX(온라인_반찬!$D$2:$J$587,MATCH($D18,온라인_반찬!$C$2:$C$587,0),6),"") | I18: 2026-01-16 09:30~ | L18: =IFERROR(INDEX(온라인_반찬!$C$2:$J$587,MATCH($D18,온라인_반찬!$C$2:$C$587,0),8),"")
C19: 반찬1 | G19: =IFERROR(INDEX(온라인_반찬!$C$2:$H$594,MATCH($D19,온라인_반찬!$C$2:$C$594,0),6),"") | H19: =IFERROR(INDEX(온라인_반찬!$D$2:$J$587,MATCH($D19,온라인_반찬!$C$2:$C$587,0),6),"") | I19: 2026-01-16 09:30~ | L19: =IFERROR(INDEX(온라인_반찬!$C$2:$J$587,MATCH($D19,온라인_반찬!$C$2:$C$587,0),8),"")
G20: =IFERROR(INDEX(온라인_반찬!$C$2:$H$594,MATCH($D20,온라인_반찬!$C$2:$C$594,0),6),"") | H20: =IFERROR(INDEX(온라인_반찬!$D$2:$J$587,MATCH($D20,온라인_반찬!$C$2:$C$587,0),6),"") | I20: 2026-01-16 09:30~ | L20: =IFERROR(INDEX(온라인_반찬!$C$2:$J$587,MATCH($D20,온라인_반찬!$C$2:$C$587,0),8),"")
C21: 반찬2 | G21: =IFERROR(INDEX(온라인_반찬!$C$2:$H$594,MATCH($D21,온라인_반찬!$C$2:$C$594,0),6),"") | H21: =IFERROR(INDEX(온라인_반찬!$D$2:$J$587,MATCH($D21,온라인_반찬!$C$2:$C$587,0),6),"") | I21: 2026-01-16 09:30~ | L21: =IFERROR(INDEX(온라인_반찬!$C$2:$J$587,MATCH($D21,온라인_반찬!$C$2:$C$587,0),8),"")
C22: 반찬3 | G22: =IFERROR(INDEX(온라인_반찬!$C$2:$H$594,MATCH($D22,온라인_반찬!$C$2:$C$594,0),6),"") | H22: =IFERROR(INDEX(온라인_반찬!$D$2:$J$587,MATCH($D22,온라인_반찬!$C$2:$C$587,0),6),"") | I22: 2026-01-16 09:30~ | L22: =IFERROR(INDEX(온라인_반찬!$C$2:$J$587,MATCH($D22,온라인_반찬!$C$2:$C$587,0),8),"")
C23: 반찬4 | G23: =IFERROR(INDEX(온라인_반찬!$C$2:$H$594,MATCH($D23,온라인_반찬!$C$2:$C$594,0),6),"") | H23: =IFERROR(INDEX(온라인_반찬!$D$2:$J$587,MATCH($D23,온라인_반찬!$C$2:$C$587,0),6),"") | I23: 2026-01-16 09:30~ | L23: =IFERROR(INDEX(온라인_반찬!$C$2:$J$587,MATCH($D23,온라인_반찬!$C$2:$C$587,0),8),"")
C24: 보존식 | F24: 1 | J24: 1 | K24: 0.25

Sheet 01-19
B1: 2026-01-19(월) | M1: *한입해쉬브라운 : 9g(개당) | P1: *양송이떡갈비 : 1.5ea, 1.75, 2 | S1: *양배추당근라페 : 20g / 30g
B2: 출고일 | C2: 구분 | D2: 품명 | E2: 중량(g) | F2: 수량(장) | G2: 자재사용내역 | H2: 알러지 표기 | I2: 배송시점 | J2: 제공인원 | K2: 총생산량(Kg) | L2: 메 모 | M2: *샐러드 채소 : 15g, 20g ,25g | P2: *야채고기말이 : 1.1, 1.5, 1.5 | S2: *고구마튀김35g / 45g
B3: 중식 | C3: 밥 | D3: 친환경현미쌀밥 | E3: 140 | G3: =IFERROR(INDEX(온라인_반찬!$C$2:$H$594,MATCH($D3,온라인_반찬!$C$2:$C$594,0),6),"") -> 쌀(국산)90%, 현미(국산.친환경)5%, 정제수 | H3: =IFERROR(INDEX(온라인_반찬!$D$2:$J$587,MATCH($D3,온라인_반찬!$C$2:$C$587,0),6),"") -> 0 | I3: 2026-01-19 09:30~ | J3: 3117 | K3: 476795 | L3: =IFERROR(INDEX(온라인_반찬!$C$2:$J$587,MATCH($D3,온라인_반찬!$C$2:$C$587,0),8),"") -> 0 | M3: *웨지감자 : 25g / 30g | O3: *어묵채구이:12g / 15g | S3: 한입새우튀김 : 30g / 35g / 45g (소스15g)
C4: 국 | D4: 오징어무국 | E4: 150 | G4: =IFERROR(INDEX(온라인_반찬!$C$2:$H$594,MATCH($D4,온라인_반찬!$C$2:$C$594,0),6),"") -> 무(국산)20%, 오징어(미국산, 국산)5%, 양파, 대파, 마늘, 정제수, 멸치육수농축액, 국간장, 소금 | H4: =IFERROR(INDEX(온라인_반찬!$D$2:$J$587,MATCH($D4,온라인_반찬!$C$2:$C$587,0),6),"") -> .5.17. | I4: 2026-01-19 09:30~ | J4: 3117 | K4: 469555 | L4: =IFERROR(INDEX(온라인_반찬!$C$2:$J$587,MATCH($D4,온라인_반찬!$C$2:$C$587,0),8),"") -> 0 | M4: *꼬마돈까스: 25g, 중구청 35g | P4: *족발:45g / 55g | S4: *갈비만두 : 성분표기 인당1개 / 식수 인당1.5개
C5: 메인 | D5: 목화솜탕수육 | E5: 40 | G5: =IFERROR(INDEX(온라인_반찬!$C$2:$H$594,MATCH($D5,온라인_반찬!$C$2:$C$594,0),6),"") -> {돼지고기(국산/등심), 전분가공품[소맥전분(밀:호주,프랑스,리투아니아 등), 탕수베이스(찰옥수수:미국산),찰옥수수전분,밀가루,난맥분],대두유[대두:아르헨티나,미국,브라질 등)], 정제수, 아쿠아민에프(영국산/해조100%)0.31%} | H5: =IFERROR(INDEX(온라인_반찬!$D$2:$J$587,MATCH($D5,온라인_반찬!$C$2:$C$587,0),6),"") -> .1.5.6.10. | I5: 2026-01-19 09:30~ | J5: 3117 | K5: 152202 | L5: =IFERROR(INDEX(온라인_반찬!$C$2:$J$587,MATCH($D5,온라인_반찬!$C$2:$C$587,0),8),"") -> 맛있는 동글동글 목화솜 등심탕수육(이츠웰.하늘푸드) | M5: *오징어볼탕수 : 35g / 45g/ 70g 소스 : 20g | S5: *생선통살탕수 : 40g / 50g / 교사 70g, 소스 25g 개당 12g
D6: & 탕수소스 | E6: 20 | G6: =IFERROR(INDEX(온라인_반찬!$C$2:$H$594,MATCH($D6,온라인_반찬!$C$2:$C$594,0),6),"") -> 후르츠칵테일(과채가공품:필리핀산)11%, 식초, 간장, 설탕, 전분, 정제수 | H6: =IFERROR(INDEX(온라인_반찬!$D$2:$J$587,MATCH($D6,온라인_반찬!$C$2:$C$587,0),6),"") -> .5. | I6: 2026-01-19 09:30~ | J6: 3117 | K6: 67550 | L6: =IFERROR(INDEX(온라인_반찬!$C$2:$J$587,MATCH($D6,온라인_반찬!$C$2:$C$587,0),8),"") -> 후르츠칵테일(리치스)
C7: 반찬1 | D7: 메추리알짜장볶이 | E7: 40 | G7: =IFERROR(INDEX(온라인_반찬!$C$2:$H$594,MATCH($D7,온라인_반찬!$C$2:$C$594,0),6),"") -> 메추리알(국산)65%, 어묵(연육:베트남산.중국산)15%, 짜장분말, 춘장, 대두유, 설탕, 정제수, 물엿 | H7: =IFERROR(INDEX(온라인_반찬!$D$2:$J$587,MATCH($D7,온라인_반찬!$C$2:$C$587,0),6),"") -> .1.5.6.10.15.16. | I7: 2026-01-19 09:30~ | J7: 3117 | K7: 144295 | L7: =IFERROR(INDEX(온라인_반찬!$C$2:$J$587,MATCH($D7,온라인_반찬!$C$2:$C$587,0),8),"") -> 깐메추리알(조인) | M7: *표고강정 : 30g(35g) | P7: *훈제오리 : 40g / 50g | S7: *해물전:1000680205(삼성웰스토리)
C8: 반찬2 | D8: 감자채볶음 | E8: 35 | G8: =IFERROR(INDEX(온라인_반찬!$C$2:$H$594,MATCH($D8,온라인_반찬!$C$2:$C$594,0),6),"") -> 감자(국산)90%, 당근(국산)3.5%, 대두유, 마늘, 소금, 후추, 참기름, 참깨 | H8: =IFERROR(INDEX(온라인_반찬!$D$2:$J$587,MATCH($D8,온라인_반찬!$C$2:$C$587,0),6),"") -> .5.21. | I8: 2026-01-19 09:30~ | J8: 3117 | K8: 124610 | L8: =IFERROR(INDEX(온라인_반찬!$C$2:$J$587,MATCH($D8,온라인_반찬!$C$2:$C$587,0),8),"") -> 0 | M8: *탕수육40g(중구청50g) ,소스25g | P8: *마카로니.콘샐러드 : 30g | S8: *통등심돈까스:50g / 소스 25g
C9: 반찬3 | D9: 배추김치 | E9: 25 | G9: =IFERROR(INDEX(온라인_반찬!$C$2:$H$594,MATCH($D9,온라인_반찬!$C$2:$C$594,0),6),"") -> 절임배추64.0%[배추(국산),무(국산),종가김치전용풀(쌀:국산)], 토마토페이스트(토마토:미국산)2.7%,[멸치액젓, 양파,다시마농축액,고춧가루,마늘,대파,새우액젓,김치유산균발효액,생강양념,호화쌀혼합분말]국산 | H9: =IFERROR(INDEX(온라인_반찬!$D$2:$J$587,MATCH($D9,온라인_반찬!$C$2:$C$587,0),6),"") -> .9.12. | I9: 2026-01-19 09:30~ | J9: 3117 | K9: 86985 | L9: =IFERROR(INDEX(온라인_반찬!$C$2:$J$587,MATCH($D9,온라인_반찬!$C$2:$C$587,0),8),"") -> 토마토김치(종가집) | M9: *건두부무침 : 25g / 35g | P9: *파르펠레냉파스타:30g | S9: *족발부추무침 : 45g, 55g
C10: 보존식 | G10: 글로벌리더스 : 얼큰오징어무국 | J10: 1 | K10: 0.25
B11: 글로벌 리더스 . 석식 | C11: 밥 | D11: 친환경현미쌀밥 | E11: 150 | G11: =IFERROR(INDEX(온라인_반찬!$C$2:$H$594,MATCH($D11,온라인_반찬!$C$2:$C$594,0),6),"") -> 쌀(국산)90%, 현미(국산.친환경)5%, 정제수 | H11: =IFERROR(INDEX(온라인_반찬!$D$2:$J$587,MATCH($D11,온라인_반찬!$C$2:$C$587,0),6),"") -> 0 | I11: 2026-01-19 14:30~ | J11: 72 | K11: 7800 | L11: =IFERROR(INDEX(온라인_반찬!$C$2:$J$587,MATCH($D11,온라인_반찬!$C$2:$C$587,0),8),"") -> 0 | M11: *영양찜닭:85g / 95g | P11: *소고기가지볶음 : 30g | S11: *춘장닭불고기 : 70g / 80g
C12: 국 | D12: 얼큰오징어무국 | E12: 160 | G12: =IFERROR(INDEX(온라인_반찬!$C$2:$H$594,MATCH($D12,온라인_반찬!$C$2:$C$594,0),6),"") -> 무(국산)20%, 오징어(미국산, 국산)5%, 양파, 대파, 마늘, 정제수, 멸치육수농축액, 국간장, 고춧가루, 소금 | H12: =IFERROR(INDEX(온라인_반찬!$D$2:$J$587,MATCH($D12,온라인_반찬!$C$2:$C$587,0),6),"") -> .5.17. | I12: 2026-01-19 14:30~ | J12: 72 | K12: 8010 | L12: =IFERROR(INDEX(온라인_반찬!$C$2:$J$587,MATCH($D12,온라인_반찬!$C$2:$C$587,0),8),"") -> 0 | M12: *미트볼 : 개당10g | P12: *삼색소고기소보로 : 50g / 70g | S12: *훈제오리잡채 : 55g / 70g
C13: 메인 | D13: 목화솜탕수육 | E13: 60 | G13: =IFERROR(INDEX(온라인_반찬!$C$2:$H$594,MATCH($D13,온라인_반찬!$C$2:$C$594,0),6),"") -> {돼지고기(국산/등심), 전분가공품[소맥전분(밀:호주,프랑스,리투아니아 등), 탕수베이스(찰옥수수:미국산),찰옥수수전분,밀가루,난맥분],대두유[대두:아르헨티나,미국,브라질 등)], 정제수, 아쿠아민에프(영국산/해조100%)0.31%} | H13: =IFERROR(INDEX(온라인_반찬!$D$2:$J$587,MATCH($D13,온라인_반찬!$C$2:$C$587,0),6),"") -> .1.5.6.10. | I13: 2026-01-19 14:30~ | J13: 72 | K13: 4878 | L13: =IFERROR(INDEX(온라인_반찬!$C$2:$J$587,MATCH($D13,온라인_반찬!$C$2:$C$587,0),8),"") -> 맛있는 동글동글 목화솜 등심탕수육(이츠웰.하늘푸드)
D14: & 탕수소스 | E14: 25 | G14: =IFERROR(INDEX(온라인_반찬!$C$2:$H$594,MATCH($D14,온라인_반찬!$C$2:$C$594,0),6),"") -> 후르츠칵테일(과채가공품:필리핀산)11%, 식초, 간장, 설탕, 전분, 정제수 | H14: =IFERROR(INDEX(온라인_반찬!$D$2:$J$587,MATCH($D14,온라인_반찬!$C$2:$C$587,0),6),"") -> .5. | I14: 2026-01-19 14:30~ | J14: 72 | K14: 2032.5 | L14: =IFERROR(INDEX(온라인_반찬!$C$2:$J$587,MATCH($D14,온라인_반찬!$C$2:$C$587,0),8),"") -> 후르츠칵테일(리치스)
C15: 반찬1 | D15: 메추리알짜장볶이 | E15: 50 | G15: =IFERROR(INDEX(온라인_반찬!$C$2:$H$594,MATCH($D15,온라인_반찬!$C$2:$C$594,0),6),"") -> 메추리알(국산)65%, 어묵(연육:베트남산.중국산)15%, 짜장분말, 춘장, 대두유, 설탕, 정제수, 물엿 | H15: =IFERROR(INDEX(온라인_반찬!$D$2:$J$587,MATCH($D15,온라인_반찬!$C$2:$C$587,0),6),"") -> .1.5.6.10.15.16. | I15: 2026-01-19 14:30~ | J15: 72 | K15: 3700 | L15: =IFERROR(INDEX(온라인_반찬!$C$2:$J$587,MATCH($D15,온라인_반찬!$C$2:$C$587,0),8),"") -> 깐메추리알(조인)
C16: 반찬2 | D16: 감자채볶음 | E16: 40 | G16: =IFERROR(INDEX(온라인_반찬!$C$2:$H$594,MATCH($D16,온라인_반찬!$C$2:$C$594,0),6),"") -> 감자(국산)90%, 당근(국산)3.5%, 대두유, 마늘, 소금, 후추, 참기름, 참깨 | H16: =IFERROR(INDEX(온라인_반찬!$D$2:$J$587,MATCH($D16,온라인_반찬!$C$2:$C$587,0),6),"") -> .5.21. | I16: 2026-01-19 14:30~ | J16: 72 | K16: 2960 | L16: =IFERROR(INDEX(온라인_반찬!$C$2:$J$587,MATCH($D16,온라인_반찬!$C$2:$C$587,0),8),"") -> 0
C17: 반찬3 | D17: 배추김치 | E17: 35 | G17: =IFERROR(INDEX(온라인_반찬!$C$2:$H$594,MATCH($D17,온라인_반찬!$C$2:$C$594,0),6),"") -> 절임배추64.0%[배추(국산),무(국산),종가김치전용풀(쌀:국산)], 토마토페이스트(토마토:미국산)2.7%,[멸치액젓, 양파,다시마농축액,고춧가루,마늘,대파,새우액젓,김치유산균발효액,생강양념,호화쌀혼합분말]국산 | H17: =IFERROR(INDEX(온라인_반찬!$D$2:$J$587,MATCH($D17,온라인_반찬!$C$2:$C$587,0),6),"") -> .9.12. | I17: 2026-01-19 14:30~ | J17: 72 | K17: 2590 | L17: =IFERROR(INDEX(온라인_반찬!$C$2:$J$587,MATCH($D17,온라인_반찬!$C$2:$C$587,0),8),"") -> 토마토김치(종가집)
C18: 신당꿈 특식 | D18: 닭다리오븐구이 | F18: 1 | G18: =IFERROR(INDEX(온라인_반찬!$C$2:$H$594,MATCH($D18,온라인_반찬!$C$2:$C$594,0),6),"") -> 닭다리(닭고기:국산), 맛술, 소금, 월계수잎, 대두유 | H18: =IFERROR(INDEX(온라인_반찬!$D$2:$J$587,MATCH($D18,온라인_반찬!$C$2:$C$587,0),6),"") -> .5.15. | I18: 2026-01-19 14:30~ | J18: 28 | K18: 30 | L18: =IFERROR(INDEX(온라인_반찬!$C$2:$J$587,MATCH($D18,온라인_반찬!$C$2:$C$587,0),8),"") -> 0
C19: 보존식 | J19: 1 | K19: 0.25
B20: 강서폴리 소풍 | C20: 밥 | G20: =IFERROR(INDEX(온라인_반찬!$C$2:$H$594,MATCH($D20,온라인_반찬!$C$2:$C$594,0),6),"") | H20: =IFERROR(INDEX(온라인_반찬!$D$2:$J$587,MATCH($D20,온라인_반찬!$C$2:$C$587,0),6),"") | I20: 2026-01-19 09:30~ | L20: =IFERROR(INDEX(온라인_반찬!$C$2:$J$587,MATCH($D20,온라인_반찬!$C$2:$C$587,0),8),"")
C21: 반찬1 | G21: =IFERROR(INDEX(온라인_반찬!$C$2:$H$594,MATCH($D21,온라인_반찬!$C$2:$C$594,0),6),"") | H21: =IFERROR(INDEX(온라인_반찬!$D$2:$J$587,MATCH($D21,온라인_반찬!$C$2:$C$587,0),6),"") | I21: 2026-01-19 09:30~ | L21: =IFERROR(INDEX(온라인_반찬!$C$2:$J$587,MATCH($D21,온라인_반찬!$C$2:$C$587,0),8),"")
G22: =IFERROR(INDEX(온라인_반찬!$C$2:$H$594,MATCH($D22,온라인_반찬!$C$2:$C$594,0),6),"") | H22: =IFERROR(INDEX(온라인_반찬!$D$2:$J$587,MATCH($D22,온라인_반찬!$C$2:$C$587,0),6),"") | I22: 2026-01-19 09:30~ | L22: =IFERROR(INDEX(온라인_반찬!$C$2:$J$587,MATCH($D22,온라인_반찬!$C$2:$C$587,0),8),"")
C23: 반찬2 | G23: =IFERROR(INDEX(온라인_반찬!$C$2:$H$594,MATCH($D23,온라인_반찬!$C$2:$C$594,0),6),"") | H23: =IFERROR(INDEX(온라인_반찬!$D$2:$J$587,MATCH($D23,온라인_반찬!$C$2:$C$587,0),6),"") | I23: 2026-01-19 09:30~ | L23: =IFERROR(INDEX(온라인_반찬!$C$2:$J$587,MATCH($D23,온라인_반찬!$C$2:$C$587,0),8),"")
C24: 반찬3 | G24: =IFERROR(INDEX(온라인_반찬!$C$2:$H$594,MATCH($D24,온라인_반찬!$C$2:$C$594,0),6),"") | H24: =IFERROR(INDEX(온라인_반찬!$D$2:$J$587,MATCH($D24,온라인_반찬!$C$2:$C$587,0),6),"") | I24: 2026-01-19 09:30~ | L24: =IFERROR(INDEX(온라인_반찬!$C$2:$J$587,MATCH($D24,온라인_반찬!$C$2:$C$587,0),8),"")
C25: 반찬4 | G25: =IFERROR(INDEX(온라인_반찬!$C$2:$H$594,MATCH($D25,온라인_반찬!$C$2:$C$594,0),6),"") | H25: =IFERROR(INDEX(온라인_반찬!$D$2:$J$587,MATCH($D25,온라인_반찬!$C$2:$C$587,0),6),"") | I25: 2026-01-19 09:30~ | L25: =IFERROR(INDEX(온라인_반찬!$C$2:$J$587,MATCH($D25,온라인_반찬!$C$2:$C$587,0),8),"")
C26: 보존식 | F26: 1 | J26: 1 | K26: 0.25

Sheet 01-20
B1: 2026-01-20(화) | M1: *한입해쉬브라운 : 9g(개당) | P1: *양송이떡갈비 : 1.5ea, 1.75, 2 | S1: *양배추당근라페 : 20g / 30g
B2: 출고일 | C2: 구분 | D2: 품명 | E2: 중량(g) | F2: 수량(장) | G2: 자재사용내역 | H2: 알러지 표기 | I2: 배송시점 | J2: 제공인원 | K2: 총생산량(Kg) | L2: 메 모 | M2: *샐러드 채소 : 15g, 20g ,25g | P2: *야채고기말이 : 1.1, 1.5, 1.5 | S2: *고구마튀김35g / 45g
B3: 중식 | C3: 밥 | D3: 친환경귀리쌀밥 | E3: 140 | G3: =IFERROR(INDEX(온라인_반찬!$C$2:$H$594,MATCH($D3,온라인_반찬!$C$2:$C$594,0),6),"") -> 쌀(국산)90%, 귀리(국산.친환경)5%, 정제수 | H3: =IFERROR(INDEX(온라인_반찬!$D$2:$J$587,MATCH($D3,온라인_반찬!$C$2:$C$587,0),6),"") -> 0 | I3: 2026-01-20 09:30~ | J3: 3187 | K3: 482675 | L3: =IFERROR(INDEX(온라인_반찬!$C$2:$J$587,MATCH($D3,온라인_반찬!$C$2:$C$587,0),8),"") -> 0 | M3: *웨지감자 : 25g / 30g | O3: *어묵채구이:12g / 15g | S3: 한입새우튀김 : 30g / 35g / 45g (소스15g)
C4: 국 | D4: 소고기탕국 | E4: 150 | G4: =IFERROR(INDEX(온라인_반찬!$C$2:$H$594,MATCH($D4,온라인_반찬!$C$2:$C$594,0),6),"") -> 무(국산)15%, 소고기(호주산)8%, 두부(원료수입산)5%, 양파, 대파, 마늘, 정제수, 멸치육수농축액, 국간장, 소금 | H4: =IFERROR(INDEX(온라인_반찬!$D$2:$J$587,MATCH($D4,온라인_반찬!$C$2:$C$587,0),6),"") -> .5.16. | I4: 2026-01-20 09:30~ | J4: 3187 | K4: 494335 | L4: =IFERROR(INDEX(온라인_반찬!$C$2:$J$587,MATCH($D4,온라인_반찬!$C$2:$C$587,0),8),"") -> 40g/60g | M4: *꼬마돈까스: 25g, 중구청 35g | P4: *족발:45g / 55g | S4: *갈비만두 : 성분표기 인당1개 / 식수 인당1.5개
C5: 메인 | D5: 브로콜리닭볶음 | E5: 60 | G5: =IFERROR(INDEX(온라인_반찬!$C$2:$H$594,MATCH($D5,온라인_반찬!$C$2:$C$594,0),6),"") -> 닭(가슴살.다리살:국산)75%, 브로콜리(국산)5%, 당근, 파, 마늘, 맛술, 후추, 간장, 설탕, 참기름, 참깨 | H5: =IFERROR(INDEX(온라인_반찬!$D$2:$J$587,MATCH($D5,온라인_반찬!$C$2:$C$587,0),6),"") -> .5.15.21. | I5: 2026-01-20 09:30~ | J5: 3187 | K5: 232415 | L5: =IFERROR(INDEX(온라인_반찬!$C$2:$J$587,MATCH($D5,온라인_반찬!$C$2:$C$587,0),8),"") -> 0 | M5: *오징어볼탕수 : 35g / 45g/ 70g 소스 : 20g | S5: *생선통살탕수 : 40g / 50g / 교사 70g, 소스 25g 개당 12g
C6: 반찬1 | D6: 미니떡갈비 | F6: 2 | G6: =IFERROR(INDEX(온라인_반찬!$C$2:$H$594,MATCH($D6,온라인_반찬!$C$2:$C$594,0),6),"") -> 돼지고기(국내산)25.06%,소고기(국내산)5%,양배추,양파(국내산),설탕,빵가루,표고버섯,옥수수전본,대파,당근,양조간장,마늘,참기름,생강,소금,후추 | H6: =IFERROR(INDEX(온라인_반찬!$D$2:$J$587,MATCH($D6,온라인_반찬!$C$2:$C$587,0),6),"") -> .5.6.10.16. | I6: 2026-01-20 09:30~ | J6: 3187 | K6: 7345.4 | L6: =IFERROR(INDEX(온라인_반찬!$C$2:$J$587,MATCH($D6,온라인_반찬!$C$2:$C$587,0),8),"") -> 육즙가득미니떡갈비(아이누리) | M6: *표고강정 : 30g(35g) | P6: *훈제오리 : 40g / 50g | S6: *해물전:1000680205(삼성웰스토리)
C7: 반찬2 | D7: 당근숙주나물 | E7: 25 | G7: =IFERROR(INDEX(온라인_반찬!$C$2:$H$594,MATCH($D7,온라인_반찬!$C$2:$C$594,0),6),"") -> 숙주(원료수입산)90%, 당근, 마늘, 대파, 참치액, 소금, 참기름, 참깨 | H7: =IFERROR(INDEX(온라인_반찬!$D$2:$J$587,MATCH($D7,온라인_반찬!$C$2:$C$587,0),6),"") -> .5.21. | I7: 2026-01-20 09:30~ | J7: 3187 | K7: 96817.5 | L7: =IFERROR(INDEX(온라인_반찬!$C$2:$J$587,MATCH($D7,온라인_반찬!$C$2:$C$587,0),8),"") -> 0 | M7: *탕수육40g(중구청50g) ,소스25g | P7: *마카로니.콘샐러드 : 30g | S7: *통등심돈까스:50g / 소스 25g
C8: 반찬3 | D8: 깍두기 | E8: 25 | G8: =IFERROR(INDEX(온라인_반찬!$C$2:$H$594,MATCH($D8,온라인_반찬!$C$2:$C$594,0),6),"") -> 무(국산)85.2%, 고추가루(국산), 밀가루풀(국산), 파, 마늘, 새우젓 등 양념(국산) | H8: =IFERROR(INDEX(온라인_반찬!$D$2:$J$587,MATCH($D8,온라인_반찬!$C$2:$C$587,0),6),"") -> .6.9. | I8: 2026-01-20 09:30~ | J8: 3187 | K8: 89912.5 | L8: =IFERROR(INDEX(온라인_반찬!$C$2:$J$587,MATCH($D8,온라인_반찬!$C$2:$C$587,0),8),"") -> 0 | M8: *건두부무침 : 25g / 35g | P8: *파르펠레냉파스타:30g | S8: *족발부추무침 : 45g, 55g
C9: 보존식 | G9: 서빙고초 병설 : 오믈렛 ( 6명 / 6ea ) | J9: 1 | K9: 0.25
B10: 글로벌 리더스 . 석식 | C10: 밥 | D10: 친환경귀리쌀밥 | E10: 150 | G10: =IFERROR(INDEX(온라인_반찬!$C$2:$H$594,MATCH($D10,온라인_반찬!$C$2:$C$594,0),6),"") -> 쌀(국산)90%, 귀리(국산.친환경)5%, 정제수 | H10: =IFERROR(INDEX(온라인_반찬!$D$2:$J$587,MATCH($D10,온라인_반찬!$C$2:$C$587,0),6),"") -> 0 | I10: 2026-01-20 14:30~ | J10: 72 | K10: 7800 | L10: =IFERROR(INDEX(온라인_반찬!$C$2:$J$587,MATCH($D10,온라인_반찬!$C$2:$C$587,0),8),"") -> 0 | M10: *영양찜닭:85g / 95g | P10: *소고기가지볶음 : 30g | S10: *춘장닭불고기 : 70g / 80g
C11: 국 | D11: 소고기탕국 | E11: 160 | G11: =IFERROR(INDEX(온라인_반찬!$C$2:$H$594,MATCH($D11,온라인_반찬!$C$2:$C$594,0),6),"") -> 무(국산)15%, 소고기(호주산)8%, 두부(원료수입산)5%, 양파, 대파, 마늘, 정제수, 멸치육수농축액, 국간장, 소금 | H11: =IFERROR(INDEX(온라인_반찬!$D$2:$J$587,MATCH($D11,온라인_반찬!$C$2:$C$587,0),6),"") -> .5.16. | I11: 2026-01-20 14:30~ | J11: 72 | K11: 8160 | L11: =IFERROR(INDEX(온라인_반찬!$C$2:$J$587,MATCH($D11,온라인_반찬!$C$2:$C$587,0),8),"") -> 40g/60g | M11: *미트볼 : 개당10g | P11: *삼색소고기소보로 : 50g / 70g | S11: *훈제오리잡채 : 55g / 70g
C12: 메인 | D12: 브로콜리닭볶음 | E12: 80 | G12: =IFERROR(INDEX(온라인_반찬!$C$2:$H$594,MATCH($D12,온라인_반찬!$C$2:$C$594,0),6),"") -> 닭(가슴살.다리살:국산)75%, 브로콜리(국산)5%, 당근, 파, 마늘, 맛술, 후추, 간장, 설탕, 참기름, 참깨 | H12: =IFERROR(INDEX(온라인_반찬!$D$2:$J$587,MATCH($D12,온라인_반찬!$C$2:$C$587,0),6),"") -> .5.15.21. | I12: 2026-01-20 14:30~ | J12: 72 | K12: 6504 | L12: =IFERROR(INDEX(온라인_반찬!$C$2:$J$587,MATCH($D12,온라인_반찬!$C$2:$C$587,0),8),"") -> 0
C13: 반찬1 | D13: 미니떡갈비 | F13: 2 | G13: =IFERROR(INDEX(온라인_반찬!$C$2:$H$594,MATCH($D13,온라인_반찬!$C$2:$C$594,0),6),"") -> 돼지고기(국내산)25.06%,소고기(국내산)5%,양배추,양파(국내산),설탕,빵가루,표고버섯,옥수수전본,대파,당근,양조간장,마늘,참기름,생강,소금,후추 | H13: =IFERROR(INDEX(온라인_반찬!$D$2:$J$587,MATCH($D13,온라인_반찬!$C$2:$C$587,0),6),"") -> .5.6.10.16. | I13: 2026-01-20 14:30~ | J13: 72 | K13: 180 | L13: =IFERROR(INDEX(온라인_반찬!$C$2:$J$587,MATCH($D13,온라인_반찬!$C$2:$C$587,0),8),"") -> 육즙가득미니떡갈비(아이누리)
C14: 반찬2 | D14: 당근숙주나물 | E14: 40 | G14: =IFERROR(INDEX(온라인_반찬!$C$2:$H$594,MATCH($D14,온라인_반찬!$C$2:$C$594,0),6),"") -> 숙주(원료수입산)90%, 당근, 마늘, 대파, 참치액, 소금, 참기름, 참깨 | H14: =IFERROR(INDEX(온라인_반찬!$D$2:$J$587,MATCH($D14,온라인_반찬!$C$2:$C$587,0),6),"") -> .5.21. | I14: 2026-01-20 14:30~ | J14: 72 | K14: 2960 | L14: =IFERROR(INDEX(온라인_반찬!$C$2:$J$587,MATCH($D14,온라인_반찬!$C$2:$C$587,0),8),"") -> 0
C15: 반찬3 | D15: 깍두기 | E15: 35 | G15: =IFERROR(INDEX(온라인_반찬!$C$2:$H$594,MATCH($D15,온라인_반찬!$C$2:$C$594,0),6),"") -> 무(국산)85.2%, 고추가루(국산), 밀가루풀(국산), 파, 마늘, 새우젓 등 양념(국산) | H15: =IFERROR(INDEX(온라인_반찬!$D$2:$J$587,MATCH($D15,온라인_반찬!$C$2:$C$587,0),6),"") -> .6.9. | I15: 2026-01-20 14:30~ | J15: 72 | K15: 2590 | L15: =IFERROR(INDEX(온라인_반찬!$C$2:$J$587,MATCH($D15,온라인_반찬!$C$2:$C$587,0),8),"") -> 0
C16: 신당꿈 특식 | D16: 과일 | F16: 3~4ea | G16: 딸기(국내산) | H16: =IFERROR(INDEX(온라인_반찬!$D$2:$J$587,MATCH($D16,온라인_반찬!$C$2:$C$587,0),6),"") | I16: 2026-01-20 14:30~ | J16: 28 | K16: 90 | L16: =IFERROR(INDEX(온라인_반찬!$C$2:$J$587,MATCH($D16,온라인_반찬!$C$2:$C$587,0),8),"")
C17: 보존식 | J17: 1 | K17: 0.25
B18: 강서폴리 소풍 | C18: 밥 | G18: =IFERROR(INDEX(온라인_반찬!$C$2:$H$594,MATCH($D18,온라인_반찬!$C$2:$C$594,0),6),"") | H18: =IFERROR(INDEX(온라인_반찬!$D$2:$J$587,MATCH($D18,온라인_반찬!$C$2:$C$587,0),6),"") | I18: 2026-01-20 09:30~ | L18: =IFERROR(INDEX(온라인_반찬!$C$2:$J$587,MATCH($D18,온라인_반찬!$C$2:$C$587,0),8),"")
C19: 반찬1 | G19: =IFERROR(INDEX(온라인_반찬!$C$2:$H$594,MATCH($D19,온라인_반찬!$C$2:$C$594,0),6),"") | H19: =IFERROR(INDEX(온라인_반찬!$D$2:$J$587,MATCH($D19,온라인_반찬!$C$2:$C$587,0),6),"") | I19: 2026-01-20 09:30~ | L19: =IFERROR(INDEX(온라인_반찬!$C$2:$J$587,MATCH($D19,온라인_반찬!$C$2:$C$587,0),8),"")
G20: =IFERROR(INDEX(온라인_반찬!$C$2:$H$594,MATCH($D20,온라인_반찬!$C$2:$C$594,0),6),"") | H20: =IFERROR(INDEX(온라인_반찬!$D$2:$J$587,MATCH($D20,온라인_반찬!$C$2:$C$587,0),6),"") | I20: 2026-01-20 09:30~ | L20: =IFERROR(INDEX(온라인_반찬!$C$2:$J$587,MATCH($D20,온라인_반찬!$C$2:$C$587,0),8),"")
C21: 반찬2 | G21: =IFERROR(INDEX(온라인_반찬!$C$2:$H$594,MATCH($D21,온라인_반찬!$C$2:$C$594,0),6),"") | H21: =IFERROR(INDEX(온라인_반찬!$D$2:$J$587,MATCH($D21,온라인_반찬!$C$2:$C$587,0),6),"") | I21: 2026-01-20 09:30~ | L21: =IFERROR(INDEX(온라인_반찬!$C$2:$J$587,MATCH($D21,온라인_반찬!$C$2:$C$587,0),8),"")
C22: 반찬3 | G22: =IFERROR(INDEX(온라인_반찬!$C$2:$H$594,MATCH($D22,온라인_반찬!$C$2:$C$594,0),6),"") | H22: =IFERROR(INDEX(온라인_반찬!$D$2:$J$587,MATCH($D22,온라인_반찬!$C$2:$C$587,0),6),"") | I22: 2026-01-20 09:30~ | L22: =IFERROR(INDEX(온라인_반찬!$C$2:$J$587,MATCH($D22,온라인_반찬!$C$2:$C$587,0),8),"")
C23: 반찬4 | G23: =IFERROR(INDEX(온라인_반찬!$C$2:$H$594,MATCH($D23,온라인_반찬!$C$2:$C$594,0),6),"") | H23: =IFERROR(INDEX(온라인_반찬!$D$2:$J$587,MATCH($D23,온라인_반찬!$C$2:$C$587,0),6),"") | I23: 2026-01-20 09:30~ | L23: =IFERROR(INDEX(온라인_반찬!$C$2:$J$587,MATCH($D23,온라인_반찬!$C$2:$C$587,0),8),"")
C24: 보존식 | F24: 1 | J24: 1 | K24: 0.25

Sheet 01-21
B1: 2026-01-21(수) | M1: *한입해쉬브라운 : 9g(개당) | P1: *양송이떡갈비 : 1.5ea, 1.75, 2 | S1: *양배추당근라페 : 20g / 30g
B2: 출고일 | C2: 구분 | D2: 품명 | E2: 중량(g) | F2: 수량(장) | G2: 자재사용내역 | H2: 알러지 표기 | I2: 배송시점 | J2: 제공인원 | K2: 총생산량(Kg) | L2: 메 모 | M2: *샐러드 채소 : 15g, 20g ,25g | P2: *야채고기말이 : 1.1, 1.5, 1.5 | S2: *고구마튀김35g / 45g
B3: 중식 | C3: 밥 | D3: 친환경찰흑미쌀밥 | E3: 140 | G3: =IFERROR(INDEX(온라인_반찬!$C$2:$H$594,MATCH($D3,온라인_반찬!$C$2:$C$594,0),6),"") -> 쌀(국산)90%, 찰흑미(국산.친환경)5%, 정제수 | H3: =IFERROR(INDEX(온라인_반찬!$D$2:$J$587,MATCH($D3,온라인_반찬!$C$2:$C$587,0),6),"") -> 0 | I3: 2026-01-21 09:30~ | J3: 3112 | K3: 470245 | L3: =IFERROR(INDEX(온라인_반찬!$C$2:$J$587,MATCH($D3,온라인_반찬!$C$2:$C$587,0),8),"") -> 0 | M3: *웨지감자 : 25g / 30g | O3: *어묵채구이:12g / 15g | S3: 한입새우튀김 : 30g / 35g / 45g (소스15g)
C4: 국 | D4: 대파계란탕 | E4: 150 | G4: =IFERROR(INDEX(온라인_반찬!$C$2:$H$594,MATCH($D4,온라인_반찬!$C$2:$C$594,0),6),"") -> 계란(국산)20%, 대파(국산)2%, 마늘, 멸치육수농축액, 정제수, 소금 | H4: =IFERROR(INDEX(온라인_반찬!$D$2:$J$587,MATCH($D4,온라인_반찬!$C$2:$C$587,0),6),"") -> .1.5. | I4: 2026-01-21 09:30~ | J4: 3112 | K4: 482145 | L4: =IFERROR(INDEX(온라인_반찬!$C$2:$J$587,MATCH($D4,온라인_반찬!$C$2:$C$587,0),8),"") -> 멸치육수농축액(면사랑) | M4: *꼬마돈까스: 25g, 중구청 35g | P4: *족발:45g / 55g | S4: *갈비만두 : 성분표기 인당1개 / 식수 인당1.5개
C5: 메인 | D5: 광양식소불고기 | E5: 60 | G5: =IFERROR(INDEX(온라인_반찬!$C$2:$H$594,MATCH($D5,온라인_반찬!$C$2:$C$594,0),6),"") -> 소고기(호주산)75%, 떡국떡(쌀:외국산)12%, 파, 마늘, 간장, 설탕, 맛술, 후추, 참기름, 참깨 | H5: =IFERROR(INDEX(온라인_반찬!$D$2:$J$587,MATCH($D5,온라인_반찬!$C$2:$C$587,0),6),"") -> .5.16.21. | I5: 2026-01-21 09:30~ | J5: 3112 | K5: 227550 | L5: =IFERROR(INDEX(온라인_반찬!$C$2:$J$587,MATCH($D5,온라인_반찬!$C$2:$C$587,0),8),"") -> 0 | M5: *오징어볼탕수 : 35g / 45g/ 70g 소스 : 20g | S5: *생선통살탕수 : 40g / 50g / 교사 70g, 소스 25g 개당 12g
C6: 반찬1 | D6: 스팸케찹볶음 | E6: 45 | G6: =IFERROR(INDEX(온라인_반찬!$C$2:$H$594,MATCH($D6,온라인_반찬!$C$2:$C$594,0),6),"") -> 캔햄[돼지고기(미국,스페인,프랑스 등)86.01%, 정제수, 정제소금(국산), 의성마늘(국산)]75%, 채소(양파, 당근, 피망:국산)12%, 대두유, 마늘, 케찹, 참기름, 참깨 | H6: =IFERROR(INDEX(온라인_반찬!$D$2:$J$587,MATCH($D6,온라인_반찬!$C$2:$C$587,0),6),"") -> .5.10.12.21. | I6: 2026-01-21 09:30~ | J6: 3112 | K6: 157860 | L6: =IFERROR(INDEX(온라인_반찬!$C$2:$J$587,MATCH($D6,온라인_반찬!$C$2:$C$587,0),8),"") -> 햄캔(로스팜) | M6: *표고강정 : 30g(35g) | P6: *훈제오리 : 40g / 50g | S6: *해물전:1000680205(삼성웰스토리)
C7: 반찬2 | D7: 연두부 | F7: 1 | G7: =IFERROR(INDEX(온라인_반찬!$C$2:$H$594,MATCH($D7,온라인_반찬!$C$2:$C$594,0),6),"") -> 연두부 (대두:외국산) | H7: =IFERROR(INDEX(온라인_반찬!$D$2:$J$587,MATCH($D7,온라인_반찬!$C$2:$C$587,0),6),"") -> .5. | I7: 2026-01-21 09:30~ | J7: 3112 | K7: 3155.1 | L7: =IFERROR(INDEX(온라인_반찬!$C$2:$J$587,MATCH($D7,온라인_반찬!$C$2:$C$587,0),8),"") -> 이츠웰 | M7: *탕수육40g(중구청50g) ,소스25g | P7: *마카로니.콘샐러드 : 30g | S7: *통등심돈까스:50g / 소스 25g
D8: & 양념장 | E8: 10 | G8: =IFERROR(INDEX(온라인_반찬!$C$2:$H$594,MATCH($D8,온라인_반찬!$C$2:$C$594,0),6),"") -> 쪽파(국산)5%, 마늘, 정제수, 간장, 참기름, 참깨 | H8: =IFERROR(INDEX(온라인_반찬!$D$2:$J$587,MATCH($D8,온라인_반찬!$C$2:$C$587,0),6),"") -> .5.21. | I8: 2026-01-21 09:30~ | J8: 3112 | K8: 33420 | L8: =IFERROR(INDEX(온라인_반찬!$C$2:$J$587,MATCH($D8,온라인_반찬!$C$2:$C$587,0),8),"") -> 0
C9: 반찬3 | D9: 백김치 | E9: 25 | G9: =IFERROR(INDEX(온라인_반찬!$C$2:$H$594,MATCH($D9,온라인_반찬!$C$2:$C$594,0),6),"") -> 배추(국내산)64%, 무채(무:국내산)8%, 양파, 정제수, 생강, 마늘, 생강, 배, 쪽파, 정제염 | H9: =IFERROR(INDEX(온라인_반찬!$D$2:$J$587,MATCH($D9,온라인_반찬!$C$2:$C$587,0),6),"") -> 0 | I9: 2026-01-21 09:30~ | J9: 3047 | K9: 85070 | L9: =IFERROR(INDEX(온라인_반찬!$C$2:$J$587,MATCH($D9,온라인_반찬!$C$2:$C$587,0),8),"") -> 백김치(정우식품) | M9: *건두부무침 : 25g / 35g | P9: *파르펠레냉파스타:30g | S9: *족발부추무침 : 45g, 55g
C10: 보존식 | G10: 서빙고초 병설 : 치킨너겟 ( 6명 / 18EA ) | J10: 1 | K10: 0.25
B11: 글로벌 리더스 . 석식 | C11: 밥 | D11: 친환경찰흑미쌀밥 | E11: 150 | G11: =IFERROR(INDEX(온라인_반찬!$C$2:$H$594,MATCH($D11,온라인_반찬!$C$2:$C$594,0),6),"") -> 쌀(국산)90%, 찰흑미(국산.친환경)5%, 정제수 | H11: =IFERROR(INDEX(온라인_반찬!$D$2:$J$587,MATCH($D11,온라인_반찬!$C$2:$C$587,0),6),"") -> 0 | I11: 2026-01-21 14:30~ | J11: 72 | K11: 7800 | L11: =IFERROR(INDEX(온라인_반찬!$C$2:$J$587,MATCH($D11,온라인_반찬!$C$2:$C$587,0),8),"") -> 0 | M11: *영양찜닭:85g / 95g | P11: *소고기가지볶음 : 30g | S11: *춘장닭불고기 : 70g / 80g
C12: 국 | D12: 대파계란탕 | E12: 160 | G12: =IFERROR(INDEX(온라인_반찬!$C$2:$H$594,MATCH($D12,온라인_반찬!$C$2:$C$594,0),6),"") -> 계란(국산)20%, 대파(국산)2%, 마늘, 멸치육수농축액, 정제수, 소금 | H12: =IFERROR(INDEX(온라인_반찬!$D$2:$J$587,MATCH($D12,온라인_반찬!$C$2:$C$587,0),6),"") -> .1.5. | I12: 2026-01-21 14:30~ | J12: 72 | K12: 8010 | L12: =IFERROR(INDEX(온라인_반찬!$C$2:$J$587,MATCH($D12,온라인_반찬!$C$2:$C$587,0),8),"") -> 멸치육수농축액(면사랑) | M12: *미트볼 : 개당10g | P12: *삼색소고기소보로 : 50g / 70g | S12: *훈제오리잡채 : 55g / 70g
C13: 메인 | D13: 광양식소불고기 | E13: 80 | G13: =IFERROR(INDEX(온라인_반찬!$C$2:$H$594,MATCH($D13,온라인_반찬!$C$2:$C$594,0),6),"") -> 소고기(호주산)75%, 떡국떡(쌀:외국산)12%, 파, 마늘, 간장, 설탕, 맛술, 후추, 참기름, 참깨 | H13: =IFERROR(INDEX(온라인_반찬!$D$2:$J$587,MATCH($D13,온라인_반찬!$C$2:$C$587,0),6),"") -> .5.16.21. | I13: 2026-01-21 14:30~ | J13: 72 | K13: 6504 | L13: =IFERROR(INDEX(온라인_반찬!$C$2:$J$587,MATCH($D13,온라인_반찬!$C$2:$C$587,0),8),"") -> 0
C14: 반찬1 | D14: 스팸케찹볶음 | E14: 55 | G14: =IFERROR(INDEX(온라인_반찬!$C$2:$H$594,MATCH($D14,온라인_반찬!$C$2:$C$594,0),6),"") -> 캔햄[돼지고기(미국,스페인,프랑스 등)86.01%, 정제수, 정제소금(국산), 의성마늘(국산)]75%, 채소(양파, 당근, 피망:국산)12%, 대두유, 마늘, 케찹, 참기름, 참깨 | H14: =IFERROR(INDEX(온라인_반찬!$D$2:$J$587,MATCH($D14,온라인_반찬!$C$2:$C$587,0),6),"") -> .5.10.12.21. | I14: 2026-01-21 14:30~ | J14: 72 | K14: 4070 | L14: =IFERROR(INDEX(온라인_반찬!$C$2:$J$587,MATCH($D14,온라인_반찬!$C$2:$C$587,0),8),"") -> 햄캔(로스팜)
C15: 반찬2 | D15: 연두부 | F15: 1 | G15: =IFERROR(INDEX(온라인_반찬!$C$2:$H$594,MATCH($D15,온라인_반찬!$C$2:$C$594,0),6),"") -> 연두부 (대두:외국산) | H15: =IFERROR(INDEX(온라인_반찬!$D$2:$J$587,MATCH($D15,온라인_반찬!$C$2:$C$587,0),6),"") -> .5. | I15: 2026-01-21 14:30~ | J15: 72 | K15: 72 | L15: =IFERROR(INDEX(온라인_반찬!$C$2:$J$587,MATCH($D15,온라인_반찬!$C$2:$C$587,0),8),"") -> 이츠웰
D16: & 양념장 | E16: 10 | G16: =IFERROR(INDEX(온라인_반찬!$C$2:$H$594,MATCH($D16,온라인_반찬!$C$2:$C$594,0),6),"") -> 쪽파(국산)5%, 마늘, 정제수, 간장, 참기름, 참깨 | H16: =IFERROR(INDEX(온라인_반찬!$D$2:$J$587,MATCH($D16,온라인_반찬!$C$2:$C$587,0),6),"") -> .5.21. | I16: 2026-01-21 14:30~ | J16: 72 | K16: 740 | L16: =IFERROR(INDEX(온라인_반찬!$C$2:$J$587,MATCH($D16,온라인_반찬!$C$2:$C$587,0),8),"") -> 0
C17: 반찬3 | D17: 열무김치 | E17: 35 | G17: =IFERROR(INDEX(온라인_반찬!$C$2:$H$594,MATCH($D17,온라인_반찬!$C$2:$C$594,0),6),"") -> 절임열무51%(열무,식염:고추구루, 양파, 대파, 전용풀. 마늘, 다시마농축액.새우액젓.생강:국산) | H17: =IFERROR(INDEX(온라인_반찬!$D$2:$J$587,MATCH($D17,온라인_반찬!$C$2:$C$587,0),6),"") -> .9. | I17: 2026-01-21 14:30~ | J17: 137 | K17: 5840 | L17: =IFERROR(INDEX(온라인_반찬!$C$2:$J$587,MATCH($D17,온라인_반찬!$C$2:$C$587,0),8),"") -> 열무김치(종가김치)
C18: 신당꿈 특식 | D18: 새우감바스 | E18: 80 | G18: =IFERROR(INDEX(온라인_반찬!$C$2:$H$594,MATCH($D18,온라인_반찬!$C$2:$C$594,0),6),"") -> 새우(베트남산)45%, 방울토마토(국내산)15.6%, 알리오올리오소스[올리브오일, 파슬리가루, 바질페스토(케슈넛미량함유), 소금, 레몬즙, 편마늘]39.4% | H18: =IFERROR(INDEX(온라인_반찬!$D$2:$J$587,MATCH($D18,온라인_반찬!$C$2:$C$587,0),6),"") -> .4.5.9.12. | I18: 2026-01-21 14:30~ | J18: 28 | K18: 1960 | L18: =IFERROR(INDEX(온라인_반찬!$C$2:$J$587,MATCH($D18,온라인_반찬!$C$2:$C$587,0),8),"") -> 0
D19: & 바게트빵 | F19: 1 | G19: =IFERROR(INDEX(온라인_반찬!$C$2:$H$594,MATCH($D19,온라인_반찬!$C$2:$C$594,0),6),"") -> [밀가루(밀:미국산,호주산,캐나다산), 정제수, 호밀분말(호밀:독일산), 정제소금(국산), 효모] | H19: =IFERROR(INDEX(온라인_반찬!$D$2:$J$587,MATCH($D19,온라인_반찬!$C$2:$C$587,0),6),"") -> .6. | I19: 2026-01-21 14:30~ | J19: 28 | K19: 30 | L19: =IFERROR(INDEX(온라인_반찬!$C$2:$J$587,MATCH($D19,온라인_반찬!$C$2:$C$587,0),8),"") -> 모닝바게트(삼립)
C20: 보존식 | J20: 1 | K20: 0.25
B21: 강서폴리 소풍 | C21: 밥 | G21: =IFERROR(INDEX(온라인_반찬!$C$2:$H$594,MATCH($D21,온라인_반찬!$C$2:$C$594,0),6),"") | H21: =IFERROR(INDEX(온라인_반찬!$D$2:$J$587,MATCH($D21,온라인_반찬!$C$2:$C$587,0),6),"") | I21: 2026-01-21 09:30~ | L21: =IFERROR(INDEX(온라인_반찬!$C$2:$J$587,MATCH($D21,온라인_반찬!$C$2:$C$587,0),8),"")
C22: 반찬1 | G22: =IFERROR(INDEX(온라인_반찬!$C$2:$H$594,MATCH($D22,온라인_반찬!$C$2:$C$594,0),6),"") | H22: =IFERROR(INDEX(온라인_반찬!$D$2:$J$587,MATCH($D22,온라인_반찬!$C$2:$C$587,0),6),"") | I22: 2026-01-21 09:30~ | L22: =IFERROR(INDEX(온라인_반찬!$C$2:$J$587,MATCH($D22,온라인_반찬!$C$2:$C$587,0),8),"")
G23: =IFERROR(INDEX(온라인_반찬!$C$2:$H$594,MATCH($D23,온라인_반찬!$C$2:$C$594,0),6),"") | H23: =IFERROR(INDEX(온라인_반찬!$D$2:$J$587,MATCH($D23,온라인_반찬!$C$2:$C$587,0),6),"") | I23: 2026-01-21 09:30~ | L23: =IFERROR(INDEX(온라인_반찬!$C$2:$J$587,MATCH($D23,온라인_반찬!$C$2:$C$587,0),8),"")
C24: 반찬2 | G24: =IFERROR(INDEX(온라인_반찬!$C$2:$H$594,MATCH($D24,온라인_반찬!$C$2:$C$594,0),6),"") | H24: =IFERROR(INDEX(온라인_반찬!$D$2:$J$587,MATCH($D24,온라인_반찬!$C$2:$C$587,0),6),"") | I24: 2026-01-21 09:30~ | L24: =IFERROR(INDEX(온라인_반찬!$C$2:$J$587,MATCH($D24,온라인_반찬!$C$2:$C$587,0),8),"")
C25: 반찬3 | G25: =IFERROR(INDEX(온라인_반찬!$C$2:$H$594,MATCH($D25,온라인_반찬!$C$2:$C$594,0),6),"") | H25: =IFERROR(INDEX(온라인_반찬!$D$2:$J$587,MATCH($D25,온라인_반찬!$C$2:$C$587,0),6),"") | I25: 2026-01-21 09:30~ | L25: =IFERROR(INDEX(온라인_반찬!$C$2:$J$587,MATCH($D25,온라인_반찬!$C$2:$C$587,0),8),"")
C26: 반찬4 | G26: =IFERROR(INDEX(온라인_반찬!$C$2:$H$594,MATCH($D26,온라인_반찬!$C$2:$C$594,0),6),"") | H26: =IFERROR(INDEX(온라인_반찬!$D$2:$J$587,MATCH($D26,온라인_반찬!$C$2:$C$587,0),6),"") | I26: 2026-01-21 09:30~ | L26: =IFERROR(INDEX(온라인_반찬!$C$2:$J$587,MATCH($D26,온라인_반찬!$C$2:$C$587,0),8),"")
C27: 보존식 | F27: 1 | J27: 1 | K27: 0.25

Sheet 01-22
B1: 2026-01-22(목) | M1: *한입해쉬브라운 : 9g(개당) | P1: *양송이떡갈비 : 1.5ea, 1.75, 2 | S1: *양배추당근라페 : 20g / 30g
B2: 출고일 | C2: 구분 | D2: 품명 | E2: 중량(g) | F2: 수량(장) | G2: 자재사용내역 | H2: 알러지 표기 | I2: 배송시점 | J2: 제공인원 | K2: 총생산량(Kg) | L2: 메 모 | M2: *샐러드 채소 : 15g, 20g ,25g | P2: *야채고기말이 : 1.1, 1.5, 1.5 | S2: *고구마튀김35g / 45g
B3: 중식 | C3: 밥 | D3: 흰쌀밥 | E3: 140 | G3: =IFERROR(INDEX(온라인_반찬!$C$2:$H$594,MATCH($D3,온라인_반찬!$C$2:$C$594,0),6),"") -> 쌀(국산)95%, 정제수 | H3: =IFERROR(INDEX(온라인_반찬!$D$2:$J$587,MATCH($D3,온라인_반찬!$C$2:$C$587,0),6),"") -> 0 | I3: 2026-01-22 09:30~ | J3: 3145 | K3: 475650 | L3: =IFERROR(INDEX(온라인_반찬!$C$2:$J$587,MATCH($D3,온라인_반찬!$C$2:$C$587,0),8),"") -> 0 | M3: *웨지감자 : 25g / 30g | O3: *어묵채구이:12g / 15g | S3: 한입새우튀김 : 30g / 35g / 45g (소스15g)
C4: 국 | D4: 닭고기버섯국 | E4: 150 | G4: =IFERROR(INDEX(온라인_반찬!$C$2:$H$594,MATCH($D4,온라인_반찬!$C$2:$C$594,0),6),"") -> 닭고기(국내산)7%, 버섯 [느타리,새송이:국산)]5%, 무(국산), 양파, 정제수, 마늘, 대파, 치킨스톡, 국간장, 소금 | H4: =IFERROR(INDEX(온라인_반찬!$D$2:$J$587,MATCH($D4,온라인_반찬!$C$2:$C$587,0),6),"") -> .5.15. | I4: 2026-01-22 09:30~ | J4: 3145 | K4: 486790 | L4: =IFERROR(INDEX(온라인_반찬!$C$2:$J$587,MATCH($D4,온라인_반찬!$C$2:$C$587,0),8),"") -> 40g / 50g | M4: *꼬마돈까스: 25g, 중구청 35g | P4: *족발:45g / 55g | S4: *갈비만두 : 성분표기 인당1개 / 식수 인당1.5개
C5: 메인 | D5: 돈사태찜 | E5: 70 | G5: =IFERROR(INDEX(온라인_반찬!$C$2:$H$594,MATCH($D5,온라인_반찬!$C$2:$C$594,0),6),"") -> 돼지사태(국산)62%, 곤약, 양파, 표고버섯, 파인애플(전처리용), 당근, 대파, 마늘, 생강가루, 월계수잎, 정제수, 간장, 설탕, 맛술, 물엿, 참기름, 후추 | H5: =IFERROR(INDEX(온라인_반찬!$D$2:$J$587,MATCH($D5,온라인_반찬!$C$2:$C$587,0),6),"") -> .5.6.10.18.19.21. | I5: 2026-01-22 09:30~ | J5: 3080 | K5: 253240 | L5: =IFERROR(INDEX(온라인_반찬!$C$2:$J$587,MATCH($D5,온라인_반찬!$C$2:$C$587,0),8),"") -> 0 | M5: *오징어볼탕수 : 35g / 45g/ 70g 소스 : 20g | S5: *생선통살탕수 : 40g / 50g / 교사 70g, 소스 25g 개당 12g
C6: 반찬1 | D6: 어묵채소볶음 | E6: 35 | G6: =IFERROR(INDEX(온라인_반찬!$C$2:$H$594,MATCH($D6,온라인_반찬!$C$2:$C$594,0),6),"") -> 어묵(원료수입산)85%, 채소(양파, 당근, 파:국산)10%, 마늘, 대두유, 간장, 참기름, 참깨 | H6: =IFERROR(INDEX(온라인_반찬!$D$2:$J$587,MATCH($D6,온라인_반찬!$C$2:$C$587,0),6),"") -> .5.6.18.21. | I6: 2026-01-22 09:30~ | J6: 3145 | K6: 125182.5 | L6: =IFERROR(INDEX(온라인_반찬!$C$2:$J$587,MATCH($D6,온라인_반찬!$C$2:$C$587,0),8),"") -> 0 | M6: *표고강정 : 30g(35g) | P6: *훈제오리 : 40g / 50g | S6: *해물전:1000680205(삼성웰스토리)
C7: 반찬2 | D7: 크래미양배추SD | E7: 35 | G7: =IFERROR(INDEX(온라인_반찬!$C$2:$H$594,MATCH($D7,온라인_반찬!$C$2:$C$594,0),6),"") -> 양배추(국산)80%, 크래미[명태연육80.26%(미국산), 감자전분(폴란드산, 국내산), 난백액(국내산),게엑기스1.36%(국내산)]5%, 마요네즈, 케찹, 설탕, 소금, 레몬즙 | H7: =IFERROR(INDEX(온라인_반찬!$D$2:$J$587,MATCH($D7,온라인_반찬!$C$2:$C$587,0),6),"") -> .1.8.12. | I7: 2026-01-22 09:30~ | J7: 3145 | K7: 125162.5 | L7: =IFERROR(INDEX(온라인_반찬!$C$2:$J$587,MATCH($D7,온라인_반찬!$C$2:$C$587,0),8),"") -> 0 | M7: *탕수육40g(중구청50g) ,소스25g | P7: *마카로니.콘샐러드 : 30g | S7: *통등심돈까스:50g / 소스 25g
C8: 반찬3 | D8: 깍두기 | E8: 25 | G8: =IFERROR(INDEX(온라인_반찬!$C$2:$H$594,MATCH($D8,온라인_반찬!$C$2:$C$594,0),6),"") -> 무(국산)85.2%, 고추가루(국산), 밀가루풀(국산), 파, 마늘, 새우젓 등 양념(국산) | H8: =IFERROR(INDEX(온라인_반찬!$D$2:$J$587,MATCH($D8,온라인_반찬!$C$2:$C$587,0),6),"") -> .6.9. | I8: 2026-01-22 09:30~ | J8: 3145 | K8: 87857.5 | L8: =IFERROR(INDEX(온라인_반찬!$C$2:$J$587,MATCH($D8,온라인_반찬!$C$2:$C$587,0),8),"") -> 0 | M8: *건두부무침 : 25g / 35g | P8: *파르펠레냉파스타:30g | S8: *족발부추무침 : 45g, 55g
C9: 보존식 | G9: 글로벌리더스 : 매콤돈사태찜 | J9: 1 | K9: 0.25
B10: 글로벌 리더스 . 석식 | C10: 밥 | D10: 흰쌀밥 | E10: 150 | G10: =IFERROR(INDEX(온라인_반찬!$C$2:$H$594,MATCH($D10,온라인_반찬!$C$2:$C$594,0),6),"") -> 쌀(국산)95%, 정제수 | H10: =IFERROR(INDEX(온라인_반찬!$D$2:$J$587,MATCH($D10,온라인_반찬!$C$2:$C$587,0),6),"") -> 0 | I10: 2026-01-22 14:30~ | J10: 72 | K10: 7800 | L10: =IFERROR(INDEX(온라인_반찬!$C$2:$J$587,MATCH($D10,온라인_반찬!$C$2:$C$587,0),8),"") -> 0 | M10: *영양찜닭:85g / 95g | P10: *소고기가지볶음 : 30g | S10: *춘장닭불고기 : 70g / 80g
C11: 국 | D11: 닭고기버섯국 | E11: 160 | G11: =IFERROR(INDEX(온라인_반찬!$C$2:$H$594,MATCH($D11,온라인_반찬!$C$2:$C$594,0),6),"") -> 닭고기(국내산)7%, 버섯 [느타리,새송이:국산)]5%, 무(국산), 양파, 정제수, 마늘, 대파, 치킨스톡, 국간장, 소금 | H11: =IFERROR(INDEX(온라인_반찬!$D$2:$J$587,MATCH($D11,온라인_반찬!$C$2:$C$587,0),6),"") -> .5.15. | I11: 2026-01-22 14:30~ | J11: 72 | K11: 8160 | L11: =IFERROR(INDEX(온라인_반찬!$C$2:$J$587,MATCH($D11,온라인_반찬!$C$2:$C$587,0),8),"") -> 40g / 50g | M11: *미트볼 : 개당10g | P11: *삼색소고기소보로 : 50g / 70g | S11: *훈제오리잡채 : 55g / 70g
C12: 메인 | D12: 매콤돈사태찜 | E12: 90 | G12: =IFERROR(INDEX(온라인_반찬!$C$2:$H$594,MATCH($D12,온라인_반찬!$C$2:$C$594,0),6),"") -> 돼지고기(사태:국산)62%, 파인애플(전처리용), 채소(무, 양파, 당근:국산)18%, 대파, 마늘, 생강가루, 월계수잎, 정제수, 고춧가루, 간장, 설탕, 맛술, 물엿, 참기름, 후추 | H12: =IFERROR(INDEX(온라인_반찬!$D$2:$J$587,MATCH($D12,온라인_반찬!$C$2:$C$587,0),6),"") -> .5.10.19.21. | I12: 2026-01-22 14:30~ | J12: 137 | K12: 15604 | L12: =IFERROR(INDEX(온라인_반찬!$C$2:$J$587,MATCH($D12,온라인_반찬!$C$2:$C$587,0),8),"") -> 0
C13: 반찬1 | D13: 어묵채소볶음 | E13: 40 | G13: =IFERROR(INDEX(온라인_반찬!$C$2:$H$594,MATCH($D13,온라인_반찬!$C$2:$C$594,0),6),"") -> 어묵(원료수입산)85%, 채소(양파, 당근, 파:국산)10%, 마늘, 대두유, 간장, 참기름, 참깨 | H13: =IFERROR(INDEX(온라인_반찬!$D$2:$J$587,MATCH($D13,온라인_반찬!$C$2:$C$587,0),6),"") -> .5.6.18.21. | I13: 2026-01-22 14:30~ | J13: 72 | K13: 2960 | L13: =IFERROR(INDEX(온라인_반찬!$C$2:$J$587,MATCH($D13,온라인_반찬!$C$2:$C$587,0),8),"") -> 0
C14: 반찬2 | D14: 크래미양배추SD | E14: 40 | G14: =IFERROR(INDEX(온라인_반찬!$C$2:$H$594,MATCH($D14,온라인_반찬!$C$2:$C$594,0),6),"") -> 양배추(국산)80%, 크래미[명태연육80.26%(미국산), 감자전분(폴란드산, 국내산), 난백액(국내산),게엑기스1.36%(국내산)]5%, 마요네즈, 케찹, 설탕, 소금, 레몬즙 | H14: =IFERROR(INDEX(온라인_반찬!$D$2:$J$587,MATCH($D14,온라인_반찬!$C$2:$C$587,0),6),"") -> .1.8.12. | I14: 2026-01-22 14:30~ | J14: 72 | K14: 2960 | L14: =IFERROR(INDEX(온라인_반찬!$C$2:$J$587,MATCH($D14,온라인_반찬!$C$2:$C$587,0),8),"") -> 0
C15: 반찬3 | D15: 깍두기 | E15: 35 | G15: =IFERROR(INDEX(온라인_반찬!$C$2:$H$594,MATCH($D15,온라인_반찬!$C$2:$C$594,0),6),"") -> 무(국산)85.2%, 고추가루(국산), 밀가루풀(국산), 파, 마늘, 새우젓 등 양념(국산) | H15: =IFERROR(INDEX(온라인_반찬!$D$2:$J$587,MATCH($D15,온라인_반찬!$C$2:$C$587,0),6),"") -> .6.9. | I15: 2026-01-22 14:30~ | J15: 72 | K15: 2590 | L15: =IFERROR(INDEX(온라인_반찬!$C$2:$J$587,MATCH($D15,온라인_반찬!$C$2:$C$587,0),8),"") -> 0
C16: 신당꿈 특식 | D16: 과일 | E16: 100 | G16: 체리(칠레산) | H16: =IFERROR(INDEX(온라인_반찬!$D$2:$J$587,MATCH($D16,온라인_반찬!$C$2:$C$587,0),6),"") | I16: 2026-01-22 14:30~ | J16: 28 | K16: 3000 | L16: =IFERROR(INDEX(온라인_반찬!$C$2:$J$587,MATCH($D16,온라인_반찬!$C$2:$C$587,0),8),"")
C17: 보존식 | J17: 1 | K17: 0.25
B18: 강서폴리 소풍 | C18: 밥 | G18: =IFERROR(INDEX(온라인_반찬!$C$2:$H$594,MATCH($D18,온라인_반찬!$C$2:$C$594,0),6),"") | H18: =IFERROR(INDEX(온라인_반찬!$D$2:$J$587,MATCH($D18,온라인_반찬!$C$2:$C$587,0),6),"") | I18: 2026-01-22 09:30~ | L18: =IFERROR(INDEX(온라인_반찬!$C$2:$J$587,MATCH($D18,온라인_반찬!$C$2:$C$587,0),8),"")
C19: 반찬1 | G19: =IFERROR(INDEX(온라인_반찬!$C$2:$H$594,MATCH($D19,온라인_반찬!$C$2:$C$594,0),6),"") | H19: =IFERROR(INDEX(온라인_반찬!$D$2:$J$587,MATCH($D19,온라인_반찬!$C$2:$C$587,0),6),"") | I19: 2026-01-22 09:30~ | L19: =IFERROR(INDEX(온라인_반찬!$C$2:$J$587,MATCH($D19,온라인_반찬!$C$2:$C$587,0),8),"")
G20: =IFERROR(INDEX(온라인_반찬!$C$2:$H$594,MATCH($D20,온라인_반찬!$C$2:$C$594,0),6),"") | H20: =IFERROR(INDEX(온라인_반찬!$D$2:$J$587,MATCH($D20,온라인_반찬!$C$2:$C$587,0),6),"") | I20: 2026-01-22 09:30~ | L20: =IFERROR(INDEX(온라인_반찬!$C$2:$J$587,MATCH($D20,온라인_반찬!$C$2:$C$587,0),8),"")
C21: 반찬2 | G21: =IFERROR(INDEX(온라인_반찬!$C$2:$H$594,MATCH($D21,온라인_반찬!$C$2:$C$594,0),6),"") | H21: =IFERROR(INDEX(온라인_반찬!$D$2:$J$587,MATCH($D21,온라인_반찬!$C$2:$C$587,0),6),"") | I21: 2026-01-22 09:30~ | L21: =IFERROR(INDEX(온라인_반찬!$C$2:$J$587,MATCH($D21,온라인_반찬!$C$2:$C$587,0),8),"")
C22: 반찬3 | G22: =IFERROR(INDEX(온라인_반찬!$C$2:$H$594,MATCH($D22,온라인_반찬!$C$2:$C$594,0),6),"") | H22: =IFERROR(INDEX(온라인_반찬!$D$2:$J$587,MATCH($D22,온라인_반찬!$C$2:$C$587,0),6),"") | I22: 2026-01-22 09:30~ | L22: =IFERROR(INDEX(온라인_반찬!$C$2:$J$587,MATCH($D22,온라인_반찬!$C$2:$C$587,0),8),"")
C23: 반찬4 | G23: =IFERROR(INDEX(온라인_반찬!$C$2:$H$594,MATCH($D23,온라인_반찬!$C$2:$C$594,0),6),"") | H23: =IFERROR(INDEX(온라인_반찬!$D$2:$J$587,MATCH($D23,온라인_반찬!$C$2:$C$587,0),6),"") | I23: 2026-01-22 09:30~ | L23: =IFERROR(INDEX(온라인_반찬!$C$2:$J$587,MATCH($D23,온라인_반찬!$C$2:$C$587,0),8),"")
C24: 보존식 | F24: 1 | J24: 1 | K24: 0.25

Sheet 01-23
B1: 2026-01-23(금) | M1: *한입해쉬브라운 : 9g(개당) | P1: *양송이떡갈비 : 1.5ea, 1.75, 2 | S1: *양배추당근라페 : 20g / 30g
B2: 출고일 | C2: 구분 | D2: 품명 | E2: 중량(g) | F2: 수량(장) | G2: 자재사용내역 | H2: 알러지 표기 | I2: 배송시점 | J2: 제공인원 | K2: 총생산량(Kg) | L2: 메 모 | M2: *샐러드 채소 : 15g, 20g ,25g | P2: *야채고기말이 : 1.1, 1.5, 1.5 | S2: *고구마튀김35g / 45g
B3: 중식 | C3: 밥 | D3: 친환경찰보리쌀밥 | E3: 140 | G3: =IFERROR(INDEX(온라인_반찬!$C$2:$H$594,MATCH($D3,온라인_반찬!$C$2:$C$594,0),6),"") -> 쌀(국산)90%, 찰보리(국산.친환경)5%, 정제수 | H3: =IFERROR(INDEX(온라인_반찬!$D$2:$J$587,MATCH($D3,온라인_반찬!$C$2:$C$587,0),6),"") -> 0 | I3: 2026-01-23 09:30~ | J3: 2904 | K3: 439855 | L3: =IFERROR(INDEX(온라인_반찬!$C$2:$J$587,MATCH($D3,온라인_반찬!$C$2:$C$587,0),8),"") -> 0 | M3: *웨지감자 : 25g / 30g | O3: *어묵채구이:12g / 15g | S3: 한입새우튀김 : 30g / 35g / 45g (소스15g)
C4: 국 | D4: 전복소라미역국 | E4: 150 | G4: =IFERROR(INDEX(온라인_반찬!$C$2:$H$594,MATCH($D4,온라인_반찬!$C$2:$C$594,0),6),"") -> 불린미역(국산)20%, 전복소라다이스[피뿔고동살(불가리아,터키,루마니아등)50%, 논우렁살(베트남산)30%, 전복살(말레이시아,인도네시아,중국 등)20%]5%, 정제수, 밥새우, 멸치육수농축액, 국간장, 참기름, 마늘, 소금 | H4: =IFERROR(INDEX(온라인_반찬!$D$2:$J$587,MATCH($D4,온라인_반찬!$C$2:$C$587,0),6),"") -> .5.9.18.21. | I4: 2026-01-23 09:30~ | J4: 2904 | K4: 445355 | L4: =IFERROR(INDEX(온라인_반찬!$C$2:$J$587,MATCH($D4,온라인_반찬!$C$2:$C$587,0),8),"") -> 0 | M4: *꼬마돈까스: 25g, 중구청 35g | P4: *족발:45g / 55g | S4: *갈비만두 : 성분표기 인당1개 / 식수 인당1.5개
C5: 메인 | D5: 닭감자조림 | E5: 70 | G5: =IFERROR(INDEX(온라인_반찬!$C$2:$H$594,MATCH($D5,온라인_반찬!$C$2:$C$594,0),6),"") -> 닭(국산)60%, 감자(국산)13%, 양파, 당근, 파, 마늘, 정제수, 간장, 굴소스, 후추, 소금, 참깨 | H5: =IFERROR(INDEX(온라인_반찬!$D$2:$J$587,MATCH($D5,온라인_반찬!$C$2:$C$587,0),6),"") -> .5.15.18.21. | I5: 2026-01-23 09:30~ | J5: 2904 | K5: 239305 | L5: =IFERROR(INDEX(온라인_반찬!$C$2:$J$587,MATCH($D5,온라인_반찬!$C$2:$C$587,0),8),"") -> 0 | M5: *오징어볼탕수 : 35g / 45g/ 70g 소스 : 20g | S5: *생선통살탕수 : 40g / 50g / 교사 70g, 소스 25g 개당 12g
C6: 반찬1 | D6: 저염표고강정 | E6: 30 | G6: =IFERROR(INDEX(온라인_반찬!$C$2:$H$594,MATCH($D6,온라인_반찬!$C$2:$C$594,0),6),"") -> 표고탕수[표고버섯채(중국산:46.88%), 밀가루:미국산]78%, 강정소스(케찹, 설탕, 물엿, 참기름) | H6: =IFERROR(INDEX(온라인_반찬!$D$2:$J$587,MATCH($D6,온라인_반찬!$C$2:$C$587,0),6),"") -> .1.5.6.18.21. | I6: 2026-01-23 09:30~ | J6: 2904 | K6: 99855 | L6: =IFERROR(INDEX(온라인_반찬!$C$2:$J$587,MATCH($D6,온라인_반찬!$C$2:$C$587,0),8),"") -> 0 | M6: *표고강정 : 30g(35g) | P6: *훈제오리 : 40g / 50g | S6: *해물전:1000680205(삼성웰스토리)
C7: 반찬2 | D7: 소고기가지나물 | E7: 30 | G7: =IFERROR(INDEX(온라인_반찬!$C$2:$H$594,MATCH($D7,온라인_반찬!$C$2:$C$594,0),6),"") -> 가지(국내산)86%, 소고기(호주산)5%, 파, 마늘, 간장, 맛술, 후추, 소금, 참기름, 참깨 | H7: =IFERROR(INDEX(온라인_반찬!$D$2:$J$587,MATCH($D7,온라인_반찬!$C$2:$C$587,0),6),"") -> .5.16.21. | I7: 2026-01-23 09:30~ | J7: 2904 | K7: 99415 | L7: =IFERROR(INDEX(온라인_반찬!$C$2:$J$587,MATCH($D7,온라인_반찬!$C$2:$C$587,0),8),"") -> 0 | M7: *탕수육40g(중구청50g) ,소스25g | P7: *마카로니.콘샐러드 : 30g | S7: *통등심돈까스:50g / 소스 25g
C8: 반찬3 | D8: 배추김치 | E8: 25 | G8: =IFERROR(INDEX(온라인_반찬!$C$2:$H$594,MATCH($D8,온라인_반찬!$C$2:$C$594,0),6),"") -> 절임배추64.0%[배추(국산),무(국산),종가김치전용풀(쌀:국산)], 토마토페이스트(토마토:미국산)2.7%,[멸치액젓, 양파,다시마농축액,고춧가루,마늘,대파,새우액젓,김치유산균발효액,생강양념,호화쌀혼합분말]국산 | H8: =IFERROR(INDEX(온라인_반찬!$D$2:$J$587,MATCH($D8,온라인_반찬!$C$2:$C$587,0),6),"") -> .9.12. | I8: 2026-01-23 09:30~ | J8: 2904 | K8: 79817.5 | L8: =IFERROR(INDEX(온라인_반찬!$C$2:$J$587,MATCH($D8,온라인_반찬!$C$2:$C$587,0),8),"") -> 토마토김치(종가집) | M8: *건두부무침 : 25g / 35g | P8: *파르펠레냉파스타:30g | S8: *족발부추무침 : 45g, 55g
C9: 보존식 | G9: 포도클럽 : 백김치 ( 67명 / 1,963 ) | J9: 1 | K9: 0.25
B10: 글로벌 리더스 . 석식 | C10: 밥 | D10: 친환경찰보리쌀밥 | E10: 150 | G10: =IFERROR(INDEX(온라인_반찬!$C$2:$H$594,MATCH($D10,온라인_반찬!$C$2:$C$594,0),6),"") -> 쌀(국산)90%, 찰보리(국산.친환경)5%, 정제수 | H10: =IFERROR(INDEX(온라인_반찬!$D$2:$J$587,MATCH($D10,온라인_반찬!$C$2:$C$587,0),6),"") -> 0 | I10: 2026-01-23 14:30~ | J10: 52 | K10: 4800 | L10: =IFERROR(INDEX(온라인_반찬!$C$2:$J$587,MATCH($D10,온라인_반찬!$C$2:$C$587,0),8),"") -> 0 | M10: *영양찜닭:85g / 95g | P10: *소고기가지볶음 : 30g | S10: *춘장닭불고기 : 70g / 80g
C11: 국 | D11: 전복소라미역국 | E11: 160 | G11: =IFERROR(INDEX(온라인_반찬!$C$2:$H$594,MATCH($D11,온라인_반찬!$C$2:$C$594,0),6),"") -> 불린미역(국산)20%, 전복소라다이스[피뿔고동살(불가리아,터키,루마니아등)50%, 논우렁살(베트남산)30%, 전복살(말레이시아,인도네시아,중국 등)20%]5%, 정제수, 밥새우, 멸치육수농축액, 국간장, 참기름, 마늘, 소금 | H11: =IFERROR(INDEX(온라인_반찬!$D$2:$J$587,MATCH($D11,온라인_반찬!$C$2:$C$587,0),6),"") -> .5.9.18.21. | I11: 2026-01-23 14:30~ | J11: 52 | K11: 4810 | L11: =IFERROR(INDEX(온라인_반찬!$C$2:$J$587,MATCH($D11,온라인_반찬!$C$2:$C$587,0),8),"") -> 0 | M11: *미트볼 : 개당10g | P11: *삼색소고기소보로 : 50g / 70g | S11: *훈제오리잡채 : 55g / 70g
C12: 메인 | D12: 닭감자조림 | E12: 90 | G12: =IFERROR(INDEX(온라인_반찬!$C$2:$H$594,MATCH($D12,온라인_반찬!$C$2:$C$594,0),6),"") -> 닭(국산)60%, 감자(국산)13%, 양파, 당근, 파, 마늘, 정제수, 간장, 굴소스, 후추, 소금, 참깨 | H12: =IFERROR(INDEX(온라인_반찬!$D$2:$J$587,MATCH($D12,온라인_반찬!$C$2:$C$587,0),6),"") -> .5.15.18.21. | I12: 2026-01-23 14:30~ | J12: 52 | K12: 5337 | L12: =IFERROR(INDEX(온라인_반찬!$C$2:$J$587,MATCH($D12,온라인_반찬!$C$2:$C$587,0),8),"") -> 0
C13: 반찬1 | D13: 저염표고강정 | E13: 40 | G13: =IFERROR(INDEX(온라인_반찬!$C$2:$H$594,MATCH($D13,온라인_반찬!$C$2:$C$594,0),6),"") -> 표고탕수[표고버섯채(중국산:46.88%), 밀가루:미국산]78%, 강정소스(케찹, 설탕, 물엿, 참기름) | H13: =IFERROR(INDEX(온라인_반찬!$D$2:$J$587,MATCH($D13,온라인_반찬!$C$2:$C$587,0),6),"") -> .1.5.6.18.21. | I13: 2026-01-23 14:30~ | J13: 52 | K13: 2160 | L13: =IFERROR(INDEX(온라인_반찬!$C$2:$J$587,MATCH($D13,온라인_반찬!$C$2:$C$587,0),8),"") -> 0
C14: 반찬2 | D14: 소고기가지나물 | E14: 35 | G14: =IFERROR(INDEX(온라인_반찬!$C$2:$H$594,MATCH($D14,온라인_반찬!$C$2:$C$594,0),6),"") -> 가지(국내산)86%, 소고기(호주산)5%, 파, 마늘, 간장, 맛술, 후추, 소금, 참기름, 참깨 | H14: =IFERROR(INDEX(온라인_반찬!$D$2:$J$587,MATCH($D14,온라인_반찬!$C$2:$C$587,0),6),"") -> .5.16.21. | I14: 2026-01-23 14:30~ | J14: 52 | K14: 1890 | L14: =IFERROR(INDEX(온라인_반찬!$C$2:$J$587,MATCH($D14,온라인_반찬!$C$2:$C$587,0),8),"") -> 0
C15: 반찬3 | D15: 배추김치 | E15: 35 | G15: =IFERROR(INDEX(온라인_반찬!$C$2:$H$594,MATCH($D15,온라인_반찬!$C$2:$C$594,0),6),"") -> 절임배추64.0%[배추(국산),무(국산),종가김치전용풀(쌀:국산)], 토마토페이스트(토마토:미국산)2.7%,[멸치액젓, 양파,다시마농축액,고춧가루,마늘,대파,새우액젓,김치유산균발효액,생강양념,호화쌀혼합분말]국산 | H15: =IFERROR(INDEX(온라인_반찬!$D$2:$J$587,MATCH($D15,온라인_반찬!$C$2:$C$587,0),6),"") -> .9.12. | I15: 2026-01-23 14:30~ | J15: 52 | K15: 1890 | L15: =IFERROR(INDEX(온라인_반찬!$C$2:$J$587,MATCH($D15,온라인_반찬!$C$2:$C$587,0),8),"") -> 토마토김치(종가집)
C16: 신당꿈 특식 | D16: 크로와상샌드위치 | E16: 70 | G16: =IFERROR(INDEX(온라인_반찬!$C$2:$H$594,MATCH($D16,온라인_반찬!$C$2:$C$594,0),6),"") -> 크로와상[(밀:미국.캐나다산), 마가린, 정제소금(국내산)], 슬라이스햄. 치즈. 미니로메인, 머스터드, 마요네즈 | H16: =IFERROR(INDEX(온라인_반찬!$D$2:$J$587,MATCH($D16,온라인_반찬!$C$2:$C$587,0),6),"") -> .1.2.5.6.10.12.16. | I16: 2026-01-23 14:30~ | J16: 28 | K16: 30 | L16: =IFERROR(INDEX(온라인_반찬!$C$2:$J$587,MATCH($D16,온라인_반찬!$C$2:$C$587,0),8),"") -> 우리 슬라이스햄(이츠웰)
C17: 보존식 | J17: 1 | K17: 0.25
