Workbook
Name 급식국: 급식_국!$C$2:$C$38
Name 급식밥: 급식_밥!$C$2:$C$13
Name 김치: 급식_반찬!$C$27:$C$28
Name 반찬1: 온라인_반찬!$C$125:$C$287
Name 반찬2: 온라인_반찬!$C$288:$C$385
Name 반찬3: 온라인_반찬!$C$370:$C$419
Name 반찬4: 온라인_반찬!$C$337:$C$483
Name 온라인국: 온라인_반찬!$C$2:$C$89

Sheet 식단표 (알레르기표기) (석식)
A2: 요일 | B2: 월 | D2: 화 | F2: 수 | H2: 목 | J2: 금 | P2: 크로와상샌드위치
A3: 날짜 | P3: 왕새우튀김
A4: 주차 | B4: 메뉴 | C4: 알레르기표기 | D4: 메뉴 | E4: 알레르기표기 | F4: 메뉴 | G4: 알레르기표기 | H4: 메뉴 | I4: 알레르기표기 | J4: 메뉴 | K4: 알레르기표기 | L4: 메뉴 | M4: 알레르기표기 | P4: 비프찹스테이크
A5: 1주 | B5: ♣대체공휴일♣ | D5: 친환경귀리쌀밥 | E5: =IFERROR(INDEX(온라인_반찬!$C$2:$I$597,MATCH($D5,온라인_반찬!$C$2:$C$597,0),7),"") -> 0 | F5: 친환경찰흑미쌀밥 | G5: =IFERROR(INDEX(온라인_반찬!$C$2:$I$597,MATCH($F5,온라인_반찬!$C$2:$C$597,0),7),"") -> 0 | H5: 흰쌀밥 | I5: =IFERROR(INDEX(온라인_반찬!$C$2:$I$597,MATCH($H5,온라인_반찬!$C$2:$C$597,0),7),"") -> 0 | J5: 친환경찰보리쌀밥 | K5: =IFERROR(INDEX(온라인_반찬!$C$2:$I$597,MATCH($J5,온라인_반찬!$C$2:$C$597,0),7),"") -> 0 | P5: 뿌링클치킨
D6: 통등심돈까스 | E6: =IFERROR(INDEX(온라인_반찬!$C$2:$I$597,MATCH($D6,온라인_반찬!$C$2:$C$597,0),7),"") -> 1.2.5.6.10. | F6: 닭살데리야끼조림 | G6: =IFERROR(INDEX(온라인_반찬!$C$2:$I$597,MATCH($F6,온라인_반찬!$C$2:$C$597,0),7),"") -> .1.2.5.6.15.21. | H6: 돈채춘장볶음 | I6: =IFERROR(INDEX(온라인_반찬!$C$2:$I$597,MATCH($H6,온라인_반찬!$C$2:$C$597,0),7),"") -> .1.2.5.6.10.15.16.21. | J6: 소고기낙지전골 | K6: =IFERROR(INDEX(온라인_반찬!$C$2:$I$597,MATCH($J6,온라인_반찬!$C$2:$C$597,0),7),"") -> .5.16.21. | P6: 레몬크림새우
D7: & 돈까스소스 | E7: =IFERROR(INDEX(온라인_반찬!$C$2:$I$597,MATCH($D7,온라인_반찬!$C$2:$C$597,0),7),"") -> .5.6.12.16.18. | F7: 어묵채구이 | G7: =IFERROR(INDEX(온라인_반찬!$C$2:$I$597,MATCH($F7,온라인_반찬!$C$2:$C$597,0),7),"") -> .5.6.21. | H7: 꼬물이만두 | I7: =IFERROR(INDEX(온라인_반찬!$C$2:$I$597,MATCH($H7,온라인_반찬!$C$2:$C$597,0),7),"") -> .1.2.5.6.10.16.18.21. | J7: 메추리알조림 | K7: =IFERROR(INDEX(온라인_반찬!$C$2:$I$597,MATCH($J7,온라인_반찬!$C$2:$C$597,0),7),"") -> .1.5.21. | P7: 우삼겹떡볶이
D8: 불고기떡볶이 | E8: =IFERROR(INDEX(온라인_반찬!$C$2:$I$597,MATCH($D8,온라인_반찬!$C$2:$C$597,0),7),"") -> .5.6.16.21. | F8: 참치깍두기볶음 | G8: =IFERROR(INDEX(온라인_반찬!$C$2:$I$597,MATCH($F8,온라인_반찬!$C$2:$C$597,0),7),"") -> .5.6.9.21. | H8: 보코치니샐러드 | I8: =IFERROR(INDEX(온라인_반찬!$C$2:$I$597,MATCH($H8,온라인_반찬!$C$2:$C$597,0),7),"") -> .2.4.12. | J8: 시금치나물 | K8: =IFERROR(INDEX(온라인_반찬!$C$2:$I$597,MATCH($J8,온라인_반찬!$C$2:$C$597,0),7),"") -> .5.21. | P8: 닭다리오븐구이
D9: 양배추당근라페 | E9: =IFERROR(INDEX(온라인_반찬!$C$2:$I$597,MATCH($D9,온라인_반찬!$C$2:$C$597,0),7),"") -> 0 | F9: 백김치 | G9: =IFERROR(INDEX(온라인_반찬!$C$2:$I$597,MATCH($F9,온라인_반찬!$C$2:$C$597,0),7),"") -> 0 | H9: 깍두기 | I9: =IFERROR(INDEX(온라인_반찬!$C$2:$I$597,MATCH($H9,온라인_반찬!$C$2:$C$597,0),7),"") -> .6.9. | J9: 배추김치 | K9: =IFERROR(INDEX(온라인_반찬!$C$2:$I$597,MATCH($J9,온라인_반찬!$C$2:$C$597,0),7),"") -> .9.12. | P9: 새우감바스&바게트
D10: 깍두기 | E10: =IFERROR(INDEX(온라인_반찬!$C$2:$I$597,MATCH($D10,온라인_반찬!$C$2:$C$597,0),7),"") -> .6.9. | F10: 얼큰소고기장국 | G10: .5.16. | H10: 순살동태국 | I10: =IFERROR(INDEX(온라인_반찬!$C$2:$I$597,MATCH($H10,온라인_반찬!$C$2:$C$597,0),7),"") -> .5.9.10. | J10: 두부된장찌개 | K10: .5. | P10: 삼겹살소금구이
D11: 팽이미소국 | E11: =IFERROR(INDEX(온라인_반찬!$C$2:$I$597,MATCH($D11,온라인_반찬!$C$2:$C$597,0),7),"") -> .5. | G11: =IFERROR(INDEX(온라인_반찬!$C$2:$I$597,MATCH($F11,온라인_반찬!$C$2:$C$597,0),7),"") | I11: =IFERROR(INDEX(온라인_반찬!$C$2:$I$597,MATCH($H11,온라인_반찬!$C$2:$C$597,0),7),"") | K11: =IFERROR(INDEX(온라인_반찬!$C$2:$I$597,MATCH($J11,온라인_반찬!$C$2:$C$597,0),7),"") | P11: 차돌숙주볶음
P12: 돈육강정
A13: 날짜 | P13: 등갈비김치찜
A14: 주차 | B14: 메뉴 | C14: 알레르기표기 | D14: 메뉴 | E14: 알레르기표기 | F14: 메뉴 | G14: 알레르기표기 | H14: 메뉴 | I14: 알레르기표기 | J14: 메뉴 | K14: 알레르기표기 | L14: 메뉴 | M14: 알레르기표기 | N14: 메뉴 | O14: 알레르기표기 | P14: 족발부추무침
A15: 2주 | B15: 친환경현미쌀밥 | C15: =IFERROR(INDEX(온라인_반찬!$C$2:$I$597,MATCH($B15,온라인_반찬!$C$2:$C$597,0),7),"") -> 0 | D15: 친환경귀리쌀밥 | E15: =IFERROR(INDEX(온라인_반찬!$C$2:$I$597,MATCH($D15,온라인_반찬!$C$2:$C$597,0),7),"") -> 0 | F15: 친환경찰흑미쌀밥 | G15: =IFERROR(INDEX(온라인_반찬!$C$2:$I$597,MATCH($F15,온라인_반찬!$C$2:$C$597,0),7),"") -> 0 | H15: 흰쌀밥 | I15: =IFERROR(INDEX(온라인_반찬!$C$2:$I$597,MATCH($H15,온라인_반찬!$C$2:$C$597,0),7),"") -> 0 | J15: 친환경찰보리쌀밥 | K15: =IFERROR(INDEX(온라인_반찬!$C$2:$I$597,MATCH($J15,온라인_반찬!$C$2:$C$597,0),7),"") -> 0 | P15: 크리스피쌀핫도그
B16: 코코넛커리소스 | C16: =IFERROR(INDEX(온라인_반찬!$C$2:$I$597,MATCH($B16,온라인_반찬!$C$2:$C$597,0),7),"") -> .2.5.6.12.15.16.18. | D16: 매콤양념불백 | E16: =IFERROR(INDEX(온라인_반찬!$C$2:$I$597,MATCH($D16,온라인_반찬!$C$2:$C$597,0),7),"") -> .5.6.10.19.21. | F16: 소불고기 | G16: =IFERROR(INDEX(온라인_반찬!$C$2:$I$597,MATCH($F16,온라인_반찬!$C$2:$C$597,0),7),"") -> .5.16.21. | H16: 토마토닭볶음탕 | I16: =IFERROR(INDEX(온라인_반찬!$C$2:$I$597,MATCH($H16,온라인_반찬!$C$2:$C$597,0),7),"") -> .5.6.12.15. | J16: 불고기잡채 | K16: =IFERROR(INDEX(온라인_반찬!$C$2:$I$597,MATCH($J16,온라인_반찬!$C$2:$C$597,0),7),"") -> .5.6.21. | P16: 오리엔탈파닭
B17: 새우튀김 | C17: =IFERROR(INDEX(온라인_반찬!$C$2:$I$597,MATCH($B17,온라인_반찬!$C$2:$C$597,0),7),"") -> .1.5.6.9. | D17: 채소계란찜 | E17: =IFERROR(INDEX(온라인_반찬!$C$2:$I$597,MATCH($D17,온라인_반찬!$C$2:$C$597,0),7),"") -> .1.2. | F17: 소세지채소볶음 | G17: =IFERROR(INDEX(온라인_반찬!$C$2:$I$597,MATCH($F17,온라인_반찬!$C$2:$C$597,0),7),"") -> .5.6.10.12.15.16.21. | H17: 표고씨앗강정 | I17: =IFERROR(INDEX(온라인_반찬!$C$2:$I$597,MATCH($H17,온라인_반찬!$C$2:$C$597,0),7),"") -> .1.5.6.18.21. | J17: 양념두부조림 | K17: =IFERROR(INDEX(온라인_반찬!$C$2:$I$597,MATCH($J17,온라인_반찬!$C$2:$C$597,0),7),"") -> .5.21.22. | P17: 오리엔탈파닭
B18: 청포묵무침 | C18: =IFERROR(INDEX(온라인_반찬!$C$2:$I$597,MATCH($B18,온라인_반찬!$C$2:$C$597,0),7),"") -> .1.5.21. | D18: 검은콩멸치조림 | E18: =IFERROR(INDEX(온라인_반찬!$C$2:$I$597,MATCH($D18,온라인_반찬!$C$2:$C$597,0),7),"") -> .5.21. | F18: 크래미미역초무침 | G18: =IFERROR(INDEX(온라인_반찬!$C$2:$I$597,MATCH($F18,온라인_반찬!$C$2:$C$597,0),7),"") -> .1.2.5.6.8.12.21. | H18: 삼색콩나물무침 | I18: =IFERROR(INDEX(온라인_반찬!$C$2:$I$597,MATCH($H18,온라인_반찬!$C$2:$C$597,0),7),"") -> .5.21. | J18: 도시락김 | K18: =IFERROR(INDEX(온라인_반찬!$C$2:$I$597,MATCH($J18,온라인_반찬!$C$2:$C$597,0),7),"") -> .21. | P18: 로제순살치킨떡볶이
B19: 배추김치 | C19: =IFERROR(INDEX(온라인_반찬!$C$2:$I$597,MATCH($B19,온라인_반찬!$C$2:$C$597,0),7),"") -> .9.12. | D19: 깍두기 | E19: =IFERROR(INDEX(온라인_반찬!$C$2:$I$597,MATCH($D19,온라인_반찬!$C$2:$C$597,0),7),"") -> .6.9. | F19: 열무김치 | G19: =IFERROR(INDEX(온라인_반찬!$C$2:$I$597,MATCH($F19,온라인_반찬!$C$2:$C$597,0),7),"") -> .9. | H19: 깍두기 | I19: =IFERROR(INDEX(온라인_반찬!$C$2:$I$597,MATCH($H19,온라인_반찬!$C$2:$C$597,0),7),"") -> .6.9. | J19: 배추김치 | K19: =IFERROR(INDEX(온라인_반찬!$C$2:$I$597,MATCH($J19,온라인_반찬!$C$2:$C$597,0),7),"") -> .9.12. | P19: 레몬크림탕수육
B20: 얼큰소고기무국 | C20: .5.16. | D20: 맑은미역국 | E20: =IFERROR(INDEX(온라인_반찬!$C$2:$I$597,MATCH($D20,온라인_반찬!$C$2:$C$597,0),7),"") -> .5.9. | F20: 냉이된장국 | G20: =IFERROR(INDEX(온라인_반찬!$C$2:$I$597,MATCH($F20,온라인_반찬!$C$2:$C$597,0),7),"") -> .5.18. | H20: 조랭이떡국 | I20: =IFERROR(INDEX(온라인_반찬!$C$2:$I$597,MATCH($H20,온라인_반찬!$C$2:$C$597,0),7),"") -> .1.5.16. | J20: 황태콩나물국 | K20: =IFERROR(INDEX(온라인_반찬!$C$2:$I$597,MATCH($J20,온라인_반찬!$C$2:$C$597,0),7),"") -> .5.21. | P20: 목살소금구이
C21: =IFERROR(INDEX(온라인_반찬!$C$2:$I$597,MATCH($B21,온라인_반찬!$C$2:$C$597,0),7),"") | E21: =IFERROR(INDEX(온라인_반찬!$C$2:$I$597,MATCH($D21,온라인_반찬!$C$2:$C$597,0),7),"") | G21: =IFERROR(INDEX(온라인_반찬!$C$2:$I$597,MATCH($F21,온라인_반찬!$C$2:$C$597,0),7),"") | I21: =IFERROR(INDEX(온라인_반찬!$C$2:$I$597,MATCH($H21,온라인_반찬!$C$2:$C$597,0),7),"") | K21: =IFERROR(INDEX(온라인_반찬!$C$2:$I$597,MATCH($J21,온라인_반찬!$C$2:$C$597,0),7),"") | P21: 등갈비김치찜
P22: 프리미엄떡갈비
A23: 날짜 | P23: 훈제닭다리살
A24: 주차 | B24: 메뉴 | C24: 알레르기표기 | D24: 메뉴 | E24: 알레르기표기 | F24: 메뉴 | G24: 알레르기표기 | H24: 메뉴 | I24: 알레르기표기 | J24: 메뉴 | K24: 알레르기표기 | P24: 등갈비찜
A25: 3주 | B25: 친환경현미쌀밥 | C25: =IFERROR(INDEX(온라인_반찬!$C$2:$I$597,MATCH($B25,온라인_반찬!$C$2:$C$597,0),7),"") -> 0 | D25: 친환경귀리쌀밥 | E25: =IFERROR(INDEX(온라인_반찬!$C$2:$I$597,MATCH($D25,온라인_반찬!$C$2:$C$597,0),7),"") -> 0 | F25: 친환경찰흑미쌀밥 | G25: =IFERROR(INDEX(온라인_반찬!$C$2:$I$597,MATCH($F25,온라인_반찬!$C$2:$C$597,0),7),"") -> 0 | H25: 흰쌀밥 | I25: =IFERROR(INDEX(온라인_반찬!$C$2:$I$597,MATCH($H25,온라인_반찬!$C$2:$C$597,0),7),"") -> 0 | J25: 소고기볶음밥 | K25: =IFERROR(INDEX(온라인_반찬!$C$2:$I$597,MATCH($J25,온라인_반찬!$C$2:$C$597,0),7),"") -> .1.5.16.18.21. | P25: 양념치킨
B26: 생선통살튀김 | C26: =IFERROR(INDEX(온라인_반찬!$C$2:$I$597,MATCH($B26,온라인_반찬!$C$2:$C$597,0),7),"") -> .1.5.6.9.11.12. | D26: 돈채피망볶음 | E26: =IFERROR(INDEX(온라인_반찬!$C$2:$I$597,MATCH($D26,온라인_반찬!$C$2:$C$597,0),7),"") -> .5.10.18.21. | F26: 닭안심카레조림 | G26: =IFERROR(INDEX(온라인_반찬!$C$2:$I$597,MATCH($F26,온라인_반찬!$C$2:$C$597,0),7),"") -> .2.5.6.12.15.16.18. | H26: 고추장제육 | I26: =IFERROR(INDEX(온라인_반찬!$C$2:$I$597,MATCH($H26,온라인_반찬!$C$2:$C$597,0),7),"") -> .5.6.10.21. | J26: 스파게티면 | K26: =IFERROR(INDEX(온라인_반찬!$C$2:$I$597,MATCH($J26,온라인_반찬!$C$2:$C$597,0),7),"") -> .6. | P26: 돈사태양념찜
B27: & 탕수소스 | C27: =IFERROR(INDEX(온라인_반찬!$C$2:$I$597,MATCH($B27,온라인_반찬!$C$2:$C$597,0),7),"") -> .5. | D27: 구운어묵볶음 | E27: =IFERROR(INDEX(온라인_반찬!$C$2:$I$597,MATCH($D27,온라인_반찬!$C$2:$C$597,0),7),"") -> .2.5.6.10.12.16.21. | F27: 베이컨스크램블에그 | G27: =IFERROR(INDEX(온라인_반찬!$C$2:$I$597,MATCH($F27,온라인_반찬!$C$2:$C$597,0),7),"") -> .1.2.5.10. | H27: 김말이 | I27: =IFERROR(INDEX(온라인_반찬!$C$2:$I$597,MATCH($H27,온라인_반찬!$C$2:$C$597,0),7),"") -> .5.6.16. | J27: & 미트소스 | K27: =IFERROR(INDEX(온라인_반찬!$C$2:$I$597,MATCH($J27,온라인_반찬!$C$2:$C$597,0),7),"") -> .1.5.6.10.12.15. | P27: 국물떡볶이
B28: 햄감자채볶음 | C28: =IFERROR(INDEX(온라인_반찬!$C$2:$I$597,MATCH($B28,온라인_반찬!$C$2:$C$597,0),7),"") -> .2.5.10.21. | D28: 콘샐러드 | E28: =IFERROR(INDEX(온라인_반찬!$C$2:$I$597,MATCH($D28,온라인_반찬!$C$2:$C$597,0),7),"") -> .1.5.16. | F28: 애호박버섯볶음 | G28: =IFERROR(INDEX(온라인_반찬!$C$2:$I$597,MATCH($F28,온라인_반찬!$C$2:$C$597,0),7),"") -> .5.21. | H28: 건새우마늘쫑볶음 | I28: =IFERROR(INDEX(온라인_반찬!$C$2:$I$597,MATCH($H28,온라인_반찬!$C$2:$C$597,0),7),"") -> .5.9.21. | J28: 눈꽃치즈치킨 | K28: =IFERROR(INDEX(온라인_반찬!$C$2:$I$597,MATCH($J28,온라인_반찬!$C$2:$C$597,0),7),"") -> .1.2.5.6.15.16. | P28: 모짜렐라치즈볼
B29: 참나물오이무침 | C29: =IFERROR(INDEX(온라인_반찬!$C$2:$I$597,MATCH($B29,온라인_반찬!$C$2:$C$597,0),7),"") -> .5.21. | D29: 깍두기 | E29: =IFERROR(INDEX(온라인_반찬!$C$2:$I$597,MATCH($D29,온라인_반찬!$C$2:$C$597,0),7),"") -> .6.9. | F29: 열무김치 | G29: =IFERROR(INDEX(온라인_반찬!$C$2:$I$597,MATCH($F29,온라인_반찬!$C$2:$C$597,0),7),"") -> .9. | H29: 깍두기 | I29: =IFERROR(INDEX(온라인_반찬!$C$2:$I$597,MATCH($H29,온라인_반찬!$C$2:$C$597,0),7),"") -> .6.9. | J29: 캐릭터찐빵 | K29: =IFERROR(INDEX(온라인_반찬!$C$2:$I$597,MATCH($J29,온라인_반찬!$C$2:$C$597,0),7),"") -> .5.17. | P29: 부채살채소찜
B30: 배추김치 | C30: =IFERROR(INDEX(온라인_반찬!$C$2:$I$597,MATCH($B30,온라인_반찬!$C$2:$C$597,0),7),"") -> .9.12. | D30: 논우렁살된장찌개 | E30: =IFERROR(INDEX(온라인_반찬!$C$2:$I$597,MATCH($D30,온라인_반찬!$C$2:$C$597,0),7),"") -> .5. | F30: 어묵양배추국 | G30: =IFERROR(INDEX(온라인_반찬!$C$2:$I$597,MATCH($F30,온라인_반찬!$C$2:$C$597,0),7),"") -> .5. | H30: 채소계란국 | I30: =IFERROR(INDEX(온라인_반찬!$C$2:$I$597,MATCH($H30,온라인_반찬!$C$2:$C$597,0),7),"") -> .1.5. | J30: 수제피클 | K30: =IFERROR(INDEX(온라인_반찬!$C$2:$I$597,MATCH($J30,온라인_반찬!$C$2:$C$597,0),7),"") -> 0 | M30: 0 | P30: 칠리탕수육
B31: 소고기미역국 | C31: =IFERROR(INDEX(온라인_반찬!$C$2:$I$597,MATCH($B31,온라인_반찬!$C$2:$C$597,0),7),"") -> .5.9.16. | E31: =IFERROR(INDEX(온라인_반찬!$C$2:$I$597,MATCH($D31,온라인_반찬!$C$2:$C$597,0),7),"") | G31: =IFERROR(INDEX(온라인_반찬!$C$2:$I$597,MATCH($F31,온라인_반찬!$C$2:$C$597,0),7),"") | I31: =IFERROR(INDEX(온라인_반찬!$C$2:$I$597,MATCH($H31,온라인_반찬!$C$2:$C$597,0),7),"") | J31: 짜먹는요거트 | K31: .2. | P31: 전복버터구이
P32: 불고기피자
A33: 날짜 | P33: 보쌈수육
A34: 주차 | B34: 메뉴 | C34: 알레르기표기 | D34: 메뉴 | E34: 알레르기표기 | F34: 메뉴 | G34: 알레르기표기 | H34: 메뉴 | I34: 알레르기표기 | J34: 메뉴 | K34: 알레르기표기 | P34: 닭날개오븐구이
A35: 4주 | B35: 친환경현미쌀밥 | C35: =IFERROR(INDEX(온라인_반찬!$C$2:$I$597,MATCH($B35,온라인_반찬!$C$2:$C$597,0),7),"") -> 0 | D35: 친환경귀리쌀밥 | E35: =IFERROR(INDEX(온라인_반찬!$C$2:$I$597,MATCH($D35,온라인_반찬!$C$2:$C$597,0),7),"") -> 0 | F35: 친환경찰흑미쌀밥 | G35: =IFERROR(INDEX(온라인_반찬!$C$2:$I$597,MATCH($F35,온라인_반찬!$C$2:$C$597,0),7),"") -> 0 | H35: 흰쌀밥 | I35: =IFERROR(INDEX(온라인_반찬!$C$2:$I$597,MATCH($H35,온라인_반찬!$C$2:$C$597,0),7),"") -> 0 | J35: 친환경찰보리쌀밥 | K35: =IFERROR(INDEX(온라인_반찬!$C$2:$I$597,MATCH($J35,온라인_반찬!$C$2:$C$597,0),7),"") -> 0 | P35: 훈제오리볶음
B36: 소고기장조림 | C36: =IFERROR(INDEX(온라인_반찬!$C$2:$I$597,MATCH($B36,온라인_반찬!$C$2:$C$597,0),7),"") -> .1.5.16.21. | D36: 오삼불고기 | E36: =IFERROR(INDEX(온라인_반찬!$C$2:$I$597,MATCH($D36,온라인_반찬!$C$2:$C$597,0),7),"") -> .5.6.10.17.21. | F36: 깻잎닭갈비 | G36: =IFERROR(INDEX(온라인_반찬!$C$2:$I$597,MATCH($F36,온라인_반찬!$C$2:$C$597,0),7),"") -> .5.6.15.21. | H36: 한입새우튀김 | I36: =IFERROR(INDEX(온라인_반찬!$C$2:$I$597,MATCH($H36,온라인_반찬!$C$2:$C$597,0),7),"") -> .5.6.9. | J36: 하와이안폭찹 | K36: =IFERROR(INDEX(온라인_반찬!$C$2:$I$597,MATCH($J36,온라인_반찬!$C$2:$C$597,0),7),"") -> .5.10.12.13.18.19.21.
B37: 동그랑땡 | C37: =IFERROR(INDEX(온라인_반찬!$C$2:$I$597,MATCH($B37,온라인_반찬!$C$2:$C$597,0),7),"") -> .1.2.5.6.10.12.16. | D37: 고구마전 | E37: =IFERROR(INDEX(온라인_반찬!$C$2:$I$597,MATCH($D37,온라인_반찬!$C$2:$C$597,0),7),"") -> .1.6. | F37: 오곡멸치볶음 | G37: =IFERROR(INDEX(온라인_반찬!$C$2:$I$597,MATCH($F37,온라인_반찬!$C$2:$C$597,0),7),"") -> .5.6.21. | H37: & 레몬크림소스 | I37: =IFERROR(INDEX(온라인_반찬!$C$2:$I$597,MATCH($H37,온라인_반찬!$C$2:$C$597,0),7),"") -> .1.2.5.6.9. | J37: 명란크림숏파스타 | K37: =IFERROR(INDEX(온라인_반찬!$C$2:$I$597,MATCH($J37,온라인_반찬!$C$2:$C$597,0),7),"") -> .1.2.5.6.15.16.
B38: 숙주나물 | C38: =IFERROR(INDEX(온라인_반찬!$C$2:$I$597,MATCH($B38,온라인_반찬!$C$2:$C$597,0),7),"") -> .5.21. | D38: 양배추찜 | E38: =IFERROR(INDEX(온라인_반찬!$C$2:$I$597,MATCH($D38,온라인_반찬!$C$2:$C$597,0),7),"") -> 0 | F38: 소고기무조림 | G38: =IFERROR(INDEX(온라인_반찬!$C$2:$I$597,MATCH($F38,온라인_반찬!$C$2:$C$597,0),7),"") -> .5.16.21. | H38: 누들케찹떡볶이 | I38: =IFERROR(INDEX(온라인_반찬!$C$2:$I$597,MATCH($H38,온라인_반찬!$C$2:$C$597,0),7),"") -> .1.5.6.12. | J38: 도시락김 | K38: =IFERROR(INDEX(온라인_반찬!$C$2:$I$597,MATCH($J38,온라인_반찬!$C$2:$C$597,0),7),"") -> .21.
B39: 배추김치 | C39: =IFERROR(INDEX(온라인_반찬!$C$2:$I$597,MATCH($B39,온라인_반찬!$C$2:$C$597,0),7),"") -> .9.12. | D39: & 저염쌈장 | E39: =IFERROR(INDEX(온라인_반찬!$C$2:$I$597,MATCH($D39,온라인_반찬!$C$2:$C$597,0),7),"") -> .1.5.6.21. | F39: 백김치 | G39: =IFERROR(INDEX(온라인_반찬!$C$2:$I$597,MATCH($F39,온라인_반찬!$C$2:$C$597,0),7),"") -> 0 | H39: 코울슬로 | I39: =IFERROR(INDEX(온라인_반찬!$C$2:$I$597,MATCH($H39,온라인_반찬!$C$2:$C$597,0),7),"") -> .1.5.16. | J39: 배추김치 | K39: =IFERROR(INDEX(온라인_반찬!$C$2:$I$597,MATCH($J39,온라인_반찬!$C$2:$C$597,0),7),"") -> .9.12.
B40: 유부무국 | C40: =IFERROR(INDEX(온라인_반찬!$C$2:$I$597,MATCH($B40,온라인_반찬!$C$2:$C$597,0),7),"") -> .5. | D40: 깍두기 | E40: =IFERROR(INDEX(온라인_반찬!$C$2:$I$597,MATCH($D40,온라인_반찬!$C$2:$C$597,0),7),"") -> .6.9. | F40: 감자된장국 | G40: =IFERROR(INDEX(온라인_반찬!$C$2:$I$597,MATCH($F40,온라인_반찬!$C$2:$C$597,0),7),"") -> .5.6.9. | H40: 깍두기 | I40: =IFERROR(INDEX(온라인_반찬!$C$2:$I$597,MATCH($H40,온라인_반찬!$C$2:$C$597,0),7),"") -> .6.9. | J40: 순두부탕 | K40: =IFERROR(INDEX(온라인_반찬!$C$2:$I$597,MATCH($J40,온라인_반찬!$C$2:$C$597,0),7),"") -> .5.
C41: =IFERROR(INDEX(온라인_반찬!$C$2:$I$597,MATCH($B41,온라인_반찬!$C$2:$C$597,0),7),"") | D41: 들깨미역국 | E41: =IFERROR(INDEX(온라인_반찬!$C$2:$I$597,MATCH($D41,온라인_반찬!$C$2:$C$597,0),7),"") -> .5.9.21.22. | G41: =IFERROR(INDEX(온라인_반찬!$C$2:$I$597,MATCH($F41,온라인_반찬!$C$2:$C$597,0),7),"") | H41: 설렁탕 | I41: =IFERROR(INDEX(온라인_반찬!$C$2:$I$597,MATCH($H41,온라인_반찬!$C$2:$C$597,0),7),"") -> .5.16. | K41: =IFERROR(INDEX(온라인_반찬!$C$2:$I$597,MATCH($J41,온라인_반찬!$C$2:$C$597,0),7),"")
A43: 날짜
A44: 주차 | B44: 메뉴 | C44: 알레르기표기 | D44: 메뉴 | E44: 알레르기표기 | F44: 메뉴 | G44: 알레르기표기 | H44: 메뉴 | I44: 알레르기표기 | J44: 메뉴 | K44: 알레르기표기
A45: 5주 | B45: 친환경현미쌀밥 | C45: =IFERROR(INDEX(온라인_반찬!$C$2:$I$597,MATCH($B45,온라인_반찬!$C$2:$C$597,0),7),"") -> 0 | D45: 친환경귀리쌀밥 | E45: =IFERROR(INDEX(온라인_반찬!$C$2:$I$597,MATCH($D45,온라인_반찬!$C$2:$C$597,0),7),"") -> 0 | G45: =IFERROR(INDEX(온라인_반찬!$C$2:$I$597,MATCH($F45,온라인_반찬!$C$2:$C$597,0),7),"") | I45: =IFERROR(INDEX(온라인_반찬!$C$2:$I$597,MATCH($H45,온라인_반찬!$C$2:$C$597,0),7),"") | K45: =IFERROR(INDEX(온라인_반찬!$C$2:$I$597,MATCH($J45,온라인_반찬!$C$2:$C$597,0),7),"")
B46: 유니짜장덮밥소스 | C46: =IFERROR(INDEX(온라인_반찬!$C$2:$I$597,MATCH($B46,온라인_반찬!$C$2:$C$597,0),7),"") -> .2.5.6.10.15.16. | D46: 소고기표고볶음 | E46: =IFERROR(INDEX(온라인_반찬!$C$2:$I$597,MATCH($D46,온라인_반찬!$C$2:$C$597,0),7),"") -> .5.16.21. | G46: =IFERROR(INDEX(온라인_반찬!$C$2:$I$597,MATCH($F46,온라인_반찬!$C$2:$C$597,0),7),"") | I46: =IFERROR(INDEX(온라인_반찬!$C$2:$I$597,MATCH($H46,온라인_반찬!$C$2:$C$597,0),7),"") | K46: =IFERROR(INDEX(온라인_반찬!$C$2:$I$597,MATCH($J46,온라인_반찬!$C$2:$C$597,0),7),"")
B47: 채소계란전 | C47: =IFERROR(INDEX(온라인_반찬!$C$2:$I$597,MATCH($B47,온라인_반찬!$C$2:$C$597,0),7),"") -> 1.5.6. | D47: 꼬마돈까스 | E47: =IFERROR(INDEX(온라인_반찬!$C$2:$I$597,MATCH($D47,온라인_반찬!$C$2:$C$597,0),7),"") -> .1.5.6.10.15. | G47: =IFERROR(INDEX(온라인_반찬!$C$2:$I$597,MATCH($F47,온라인_반찬!$C$2:$C$597,0),7),"") | I47: =IFERROR(INDEX(온라인_반찬!$C$2:$I$597,MATCH($H47,온라인_반찬!$C$2:$C$597,0),7),"") | K47: =IFERROR(INDEX(온라인_반찬!$C$2:$I$597,MATCH($J47,온라인_반찬!$C$2:$C$597,0),7),"")
B48: 콩나물냉채 | C48: =IFERROR(INDEX(온라인_반찬!$C$2:$I$597,MATCH($B48,온라인_반찬!$C$2:$C$597,0),7),"") -> .1.2.5.6.8.12.21. | D48: 김자반 | E48: =IFERROR(INDEX(온라인_반찬!$C$2:$I$597,MATCH($D48,온라인_반찬!$C$2:$C$597,0),7),"") -> .5.21.22. | G48: =IFERROR(INDEX(온라인_반찬!$C$2:$I$597,MATCH($F48,온라인_반찬!$C$2:$C$597,0),7),"") | I48: =IFERROR(INDEX(온라인_반찬!$C$2:$I$597,MATCH($H48,온라인_반찬!$C$2:$C$597,0),7),"") | K48: =IFERROR(INDEX(온라인_반찬!$C$2:$I$597,MATCH($J48,온라인_반찬!$C$2:$C$597,0),7),"")
B49: 배추김치 | C49: =IFERROR(INDEX(온라인_반찬!$C$2:$I$597,MATCH($B49,온라인_반찬!$C$2:$C$597,0),7),"") -> .9.12. | D49: 깍두기 | E49: =IFERROR(INDEX(온라인_반찬!$C$2:$I$597,MATCH($D49,온라인_반찬!$C$2:$C$597,0),7),"") -> .6.9. | G49: =IFERROR(INDEX(온라인_반찬!$C$2:$I$597,MATCH($F49,온라인_반찬!$C$2:$C$597,0),7),"") | I49: =IFERROR(INDEX(온라인_반찬!$C$2:$I$597,MATCH($H49,온라인_반찬!$C$2:$C$597,0),7),"") | K49: =IFERROR(INDEX(온라인_반찬!$C$2:$I$597,MATCH($J49,온라인_반찬!$C$2:$C$597,0),7),"")
B50: 소고기샤브국 | C50: =IFERROR(INDEX(온라인_반찬!$C$2:$I$597,MATCH($B50,온라인_반찬!$C$2:$C$597,0),7),"") -> .5.16. | D50: 얼큰숙주닭곰탕 | E50: .5.16. | G50: =IFERROR(INDEX(온라인_반찬!$C$2:$I$597,MATCH($F50,온라인_반찬!$C$2:$C$597,0),7),"") | I50: =IFERROR(INDEX(온라인_반찬!$C$2:$I$597,MATCH($H50,온라인_반찬!$C$2:$C$597,0),7),"") | K50: =IFERROR(INDEX(온라인_반찬!$C$2:$I$597,MATCH($J50,온라인_반찬!$C$2:$C$597,0),7),"")
C51: =IFERROR(INDEX(온라인_반찬!$C$2:$I$597,MATCH($B51,온라인_반찬!$C$2:$C$597,0),7),"") | E51: =IFERROR(INDEX(온라인_반찬!$C$2:$I$597,MATCH($D51,온라인_반찬!$C$2:$C$597,0),7),"") | G51: =IFERROR(INDEX(온라인_반찬!$C$2:$I$597,MATCH($F51,온라인_반찬!$C$2:$C$597,0),7),"") | I51: =IFERROR(INDEX(온라인_반찬!$C$2:$I$597,MATCH($H51,온라인_반찬!$C$2:$C$597,0),7),"") | K51: =IFERROR(INDEX(온라인_반찬!$C$2:$I$597,MATCH($J51,온라인_반찬!$C$2:$C$597,0),7),"")
G52: =IFERROR(INDEX(온라인_반찬!$C$2:$I$597,MATCH($F52,온라인_반찬!$C$2:$C$597,0),7),"") | K52: =IFERROR(INDEX(온라인_반찬!$C$2:$I$597,MATCH($J52,온라인_반찬!$C$2:$C$597,0),7),"")
A53: 원산지 안내 쌀(국산),현미(국산. 친환경), 찰흑미(국산. 친환경), 찰보리(국산. 친환경), 소고기(호주산), 돈육(국산), 목살(폭찹스테이크:미국산), 닭고기(국산. 무항생제), 닭정육(닭다리살:국산, 브라질산), 훈제오리(무항생제.국산) 배추김치(국산 종가집.하선정), 깍두기(무,고추가루:국산), 오징어(국산,페루산,미국산, 칠레산), 낙지(베트남산), 새우젓(새우:국내산), 바지락살(중국산), 채소류(국산), 국용채소류(국산/단,기후변화 등 이슈로 국산 수급이 어려울경우:중국산) *위의 메뉴는 재료 수급 사정에 따라 변경 될 수 있습니다 *알레르기 정보 - 1.난류 2.우유 3.메밀 4.견과류(땅콩.아몬드.잣.코코넛등) 5.대두 6.밀 7.고등어 8.게 9.새우 10.돼지고기 11.복숭아 12.토마토 13.아황산류 14.호두 15.닭고기 16.쇠고기 17.오징어 18.조개류(굴.전복.홍합 포함) 19.파인애플 20.키위 21.참깨 영양사 : 천은혜

Sheet 식단표 (알레르기표기)(유아식)
A1: 03월 식단표
A2: 요일 | B2: 월 | D2: 화 | F2: 수 | H2: 목 | J2: 금
A3: 날짜
A4: 주차 | B4: 메뉴 | C4: 알레르기표기 | D4: 메뉴 | E4: 알레르기표기 | F4: 메뉴 | G4: 알레르기표기 | H4: 메뉴 | I4: 알레르기표기 | J4: 메뉴 | K4: 알레르기표기 | L4: 메뉴 | M4: 알레르기표기
A5: 1주 | B5: ♣대체공휴일♣ | D5: 친환경귀리쌀밥 | E5: =IFERROR(INDEX(온라인_반찬!$C$2:$I$597,MATCH($D5,온라인_반찬!$C$2:$C$597,0),7),"") -> 0 | F5: 친환경찰흑미쌀밥 | G5: =IFERROR(INDEX(온라인_반찬!$C$2:$I$597,MATCH($F5,온라인_반찬!$C$2:$C$597,0),7),"") -> 0 | H5: 흰쌀밥 | I5: =IFERROR(INDEX(온라인_반찬!$C$2:$I$597,MATCH($H5,온라인_반찬!$C$2:$C$597,0),7),"") -> 0 | J5: 친환경찰보리쌀밥 | K5: =IFERROR(INDEX(온라인_반찬!$C$2:$I$597,MATCH($J5,온라인_반찬!$C$2:$C$597,0),7),"") -> 0
D6: 통등심돈까스 | E6: =IFERROR(INDEX(온라인_반찬!$C$2:$I$597,MATCH($D6,온라인_반찬!$C$2:$C$597,0),7),"") -> 1.2.5.6.10. | F6: 닭살데리야끼조림 | G6: =IFERROR(INDEX(온라인_반찬!$C$2:$I$597,MATCH($F6,온라인_반찬!$C$2:$C$597,0),7),"") -> .1.2.5.6.15.21. | H6: 돈채춘장볶음 | I6: =IFERROR(INDEX(온라인_반찬!$C$2:$I$597,MATCH($H6,온라인_반찬!$C$2:$C$597,0),7),"") -> .1.2.5.6.10.15.16.21. | J6: 소고기낙지전골 | K6: =IFERROR(INDEX(온라인_반찬!$C$2:$I$597,MATCH($J6,온라인_반찬!$C$2:$C$597,0),7),"") -> .5.16.21.
D7: & 돈까스소스 | E7: =IFERROR(INDEX(온라인_반찬!$C$2:$I$597,MATCH($D7,온라인_반찬!$C$2:$C$597,0),7),"") -> .5.6.12.16.18. | F7: 어묵채구이 | G7: =IFERROR(INDEX(온라인_반찬!$C$2:$I$597,MATCH($F7,온라인_반찬!$C$2:$C$597,0),7),"") -> .5.6.21. | H7: 꼬물이만두 | I7: =IFERROR(INDEX(온라인_반찬!$C$2:$I$597,MATCH($H7,온라인_반찬!$C$2:$C$597,0),7),"") -> .1.2.5.6.10.16.18.21. | J7: 메추리알조림 | K7: =IFERROR(INDEX(온라인_반찬!$C$2:$I$597,MATCH($J7,온라인_반찬!$C$2:$C$597,0),7),"") -> .1.5.21.
D8: 불고기떡볶이 | E8: =IFERROR(INDEX(온라인_반찬!$C$2:$I$597,MATCH($D8,온라인_반찬!$C$2:$C$597,0),7),"") -> .5.6.16.21. | F8: 참치깍두기볶음 | G8: =IFERROR(INDEX(온라인_반찬!$C$2:$I$597,MATCH($F8,온라인_반찬!$C$2:$C$597,0),7),"") -> .5.6.9.21. | H8: 보코치니샐러드 | I8: =IFERROR(INDEX(온라인_반찬!$C$2:$I$597,MATCH($H8,온라인_반찬!$C$2:$C$597,0),7),"") -> .2.4.12. | J8: 시금치나물 | K8: =IFERROR(INDEX(온라인_반찬!$C$2:$I$597,MATCH($J8,온라인_반찬!$C$2:$C$597,0),7),"") -> .5.21.
D9: 양배추당근라페 | E9: =IFERROR(INDEX(온라인_반찬!$C$2:$I$597,MATCH($D9,온라인_반찬!$C$2:$C$597,0),7),"") -> 0 | F9: 백김치 | G9: =IFERROR(INDEX(온라인_반찬!$C$2:$I$597,MATCH($F9,온라인_반찬!$C$2:$C$597,0),7),"") -> 0 | H9: 깍두기 | I9: =IFERROR(INDEX(온라인_반찬!$C$2:$I$597,MATCH($H9,온라인_반찬!$C$2:$C$597,0),7),"") -> .6.9. | J9: 배추김치 | K9: =IFERROR(INDEX(온라인_반찬!$C$2:$I$597,MATCH($J9,온라인_반찬!$C$2:$C$597,0),7),"") -> .9.12.
D10: 깍두기 | E10: =IFERROR(INDEX(온라인_반찬!$C$2:$I$597,MATCH($D10,온라인_반찬!$C$2:$C$597,0),7),"") -> .6.9. | F10: 소고기장국 | G10: =IFERROR(INDEX(온라인_반찬!$C$2:$I$597,MATCH($F10,온라인_반찬!$C$2:$C$597,0),7),"") -> .5.16. | H10: 순살동태국 | I10: =IFERROR(INDEX(온라인_반찬!$C$2:$I$597,MATCH($H10,온라인_반찬!$C$2:$C$597,0),7),"") -> .5.9.10. | J10: 두부된장국 | K10: =IFERROR(INDEX(온라인_반찬!$C$2:$I$597,MATCH($J10,온라인_반찬!$C$2:$C$597,0),7),"") -> .5.
D11: 팽이미소국 | E11: =IFERROR(INDEX(온라인_반찬!$C$2:$I$597,MATCH($D11,온라인_반찬!$C$2:$C$597,0),7),"") -> .5. | G11: =IFERROR(INDEX(온라인_반찬!$C$2:$I$597,MATCH($F11,온라인_반찬!$C$2:$C$597,0),7),"") | I11: =IFERROR(INDEX(온라인_반찬!$C$2:$I$597,MATCH($H11,온라인_반찬!$C$2:$C$597,0),7),"") | K11: =IFERROR(INDEX(온라인_반찬!$C$2:$I$597,MATCH($J11,온라인_반찬!$C$2:$C$597,0),7),"")
G12: =IFERROR(INDEX(온라인_반찬!$C$2:$I$597,MATCH($F12,온라인_반찬!$C$2:$C$597,0),7),"") | K12: =IFERROR(INDEX(온라인_반찬!$C$2:$I$597,MATCH($J12,온라인_반찬!$C$2:$C$597,0),7),"")
A13: 날짜
A14: 주차 | B14: 메뉴 | C14: 알레르기표기 | D14: 메뉴 | E14: 알레르기표기 | F14: 메뉴 | G14: 알레르기표기 | H14: 메뉴 | I14: 알레르기표기 | J14: 메뉴 | K14: 알레르기표기 | L14: 메뉴 | M14: 알레르기표기 | N14: 메뉴 | O14: 알레르기표기
A15: 2주 | B15: 친환경현미쌀밥 | C15: =IFERROR(INDEX(온라인_반찬!$C$2:$I$597,MATCH($B15,온라인_반찬!$C$2:$C$597,0),7),"") -> 0 | D15: 친환경귀리쌀밥 | E15: =IFERROR(INDEX(온라인_반찬!$C$2:$I$597,MATCH($D15,온라인_반찬!$C$2:$C$597,0),7),"") -> 0 | F15: 친환경찰흑미쌀밥 | G15: =IFERROR(INDEX(온라인_반찬!$C$2:$I$597,MATCH($F15,온라인_반찬!$C$2:$C$597,0),7),"") -> 0 | H15: 흰쌀밥 | I15: =IFERROR(INDEX(온라인_반찬!$C$2:$I$597,MATCH($H15,온라인_반찬!$C$2:$C$597,0),7),"") -> 0 | J15: 친환경찰보리쌀밥 | K15: =IFERROR(INDEX(온라인_반찬!$C$2:$I$597,MATCH($J15,온라인_반찬!$C$2:$C$597,0),7),"") -> 0
B16: 코코넛커리소스 | C16: =IFERROR(INDEX(온라인_반찬!$C$2:$I$597,MATCH($B16,온라인_반찬!$C$2:$C$597,0),7),"") -> .2.5.6.12.15.16.18. | D16: 돈갈비양념구이 | E16: =IFERROR(INDEX(온라인_반찬!$C$2:$I$597,MATCH($D16,온라인_반찬!$C$2:$C$597,0),7),"") -> .5.6.10.21. | F16: 소고기소보로 | G16: =IFERROR(INDEX(온라인_반찬!$C$2:$I$597,MATCH($F16,온라인_반찬!$C$2:$C$597,0),7),"") -> .1.2.5.16.21. | H16: 토마토닭볶음탕 | I16: =IFERROR(INDEX(온라인_반찬!$C$2:$I$597,MATCH($H16,온라인_반찬!$C$2:$C$597,0),7),"") -> .5.6.12.15. | J16: 불고기잡채 | K16: =IFERROR(INDEX(온라인_반찬!$C$2:$I$597,MATCH($J16,온라인_반찬!$C$2:$C$597,0),7),"") -> .5.6.21.
B17: 새우튀김 | C17: =IFERROR(INDEX(온라인_반찬!$C$2:$I$597,MATCH($B17,온라인_반찬!$C$2:$C$597,0),7),"") -> .1.5.6.9. | D17: 채소계란찜 | E17: =IFERROR(INDEX(온라인_반찬!$C$2:$I$597,MATCH($D17,온라인_반찬!$C$2:$C$597,0),7),"") -> .1.2. | F17: 소세지채소볶음 | G17: =IFERROR(INDEX(온라인_반찬!$C$2:$I$597,MATCH($F17,온라인_반찬!$C$2:$C$597,0),7),"") -> .5.6.10.12.15.16.21. | H17: 표고씨앗강정 | I17: =IFERROR(INDEX(온라인_반찬!$C$2:$I$597,MATCH($H17,온라인_반찬!$C$2:$C$597,0),7),"") -> .1.5.6.18.21. | J17: 두부구이 | K17: =IFERROR(INDEX(온라인_반찬!$C$2:$I$597,MATCH($J17,온라인_반찬!$C$2:$C$597,0),7),"") -> .5.
B18: 청포묵무침 | C18: =IFERROR(INDEX(온라인_반찬!$C$2:$I$597,MATCH($B18,온라인_반찬!$C$2:$C$597,0),7),"") -> .1.5.21. | D18: 검은콩멸치조림 | E18: =IFERROR(INDEX(온라인_반찬!$C$2:$I$597,MATCH($D18,온라인_반찬!$C$2:$C$597,0),7),"") -> .5.21. | F18: 크래미미역초무침 | G18: =IFERROR(INDEX(온라인_반찬!$C$2:$I$597,MATCH($F18,온라인_반찬!$C$2:$C$597,0),7),"") -> .1.2.5.6.8.12.21. | H18: 삼색콩나물무침 | I18: =IFERROR(INDEX(온라인_반찬!$C$2:$I$597,MATCH($H18,온라인_반찬!$C$2:$C$597,0),7),"") -> .5.21. | J18: & 달래양념장 | K18: =IFERROR(INDEX(온라인_반찬!$C$2:$I$597,MATCH($J18,온라인_반찬!$C$2:$C$597,0),7),"") -> .5.21.
B19: 배추김치 | C19: =IFERROR(INDEX(온라인_반찬!$C$2:$I$597,MATCH($B19,온라인_반찬!$C$2:$C$597,0),7),"") -> .9.12. | D19: 깍두기 | E19: =IFERROR(INDEX(온라인_반찬!$C$2:$I$597,MATCH($D19,온라인_반찬!$C$2:$C$597,0),7),"") -> .6.9. | F19: 백김치 | G19: =IFERROR(INDEX(온라인_반찬!$C$2:$I$597,MATCH($F19,온라인_반찬!$C$2:$C$597,0),7),"") -> 0 | H19: 깍두기 | I19: =IFERROR(INDEX(온라인_반찬!$C$2:$I$597,MATCH($H19,온라인_반찬!$C$2:$C$597,0),7),"") -> .6.9. | J19: 도시락김 | K19: =IFERROR(INDEX(온라인_반찬!$C$2:$I$597,MATCH($J19,온라인_반찬!$C$2:$C$597,0),7),"") -> .21.
B20: 소고기무국 | C20: =IFERROR(INDEX(온라인_반찬!$C$2:$I$597,MATCH($B20,온라인_반찬!$C$2:$C$597,0),7),"") -> .5.16. | D20: 맑은미역국 | E20: =IFERROR(INDEX(온라인_반찬!$C$2:$I$597,MATCH($D20,온라인_반찬!$C$2:$C$597,0),7),"") -> .5.9. | F20: 냉이된장국 | G20: =IFERROR(INDEX(온라인_반찬!$C$2:$I$597,MATCH($F20,온라인_반찬!$C$2:$C$597,0),7),"") -> .5.18. | H20: 조랭이떡국 | I20: =IFERROR(INDEX(온라인_반찬!$C$2:$I$597,MATCH($H20,온라인_반찬!$C$2:$C$597,0),7),"") -> .1.5.16. | J20: 배추김치 | K20: =IFERROR(INDEX(온라인_반찬!$C$2:$I$597,MATCH($J20,온라인_반찬!$C$2:$C$597,0),7),"") -> .9.12.
C21: =IFERROR(INDEX(온라인_반찬!$C$2:$I$597,MATCH($B21,온라인_반찬!$C$2:$C$597,0),7),"") | E21: =IFERROR(INDEX(온라인_반찬!$C$2:$I$597,MATCH($D21,온라인_반찬!$C$2:$C$597,0),7),"") | G21: =IFERROR(INDEX(온라인_반찬!$C$2:$I$597,MATCH($F21,온라인_반찬!$C$2:$C$597,0),7),"") | I21: =IFERROR(INDEX(온라인_반찬!$C$2:$I$597,MATCH($H21,온라인_반찬!$C$2:$C$597,0),7),"") | J21: 황태콩나물국 | K21: =IFERROR(INDEX(온라인_반찬!$C$2:$I$597,MATCH($J21,온라인_반찬!$C$2:$C$597,0),7),"") -> .5.21.
C22: =IFERROR(INDEX(온라인_반찬!$C$2:$I$597,MATCH($B22,온라인_반찬!$C$2:$C$597,0),7),"") | G22: =IFERROR(INDEX(온라인_반찬!$C$2:$I$597,MATCH($F22,온라인_반찬!$C$2:$C$597,0),7),"") | K22: =IFERROR(INDEX(온라인_반찬!$C$2:$I$597,MATCH($J22,온라인_반찬!$C$2:$C$597,0),7),"")
A23: 날짜
A24: 주차 | B24: 메뉴 | C24: 알레르기표기 | D24: 메뉴 | E24: 알레르기표기 | F24: 메뉴 | G24: 알레르기표기 | H24: 메뉴 | I24: 알레르기표기 | J24: 메뉴 | K24: 알레르기표기
A25: 3주 | B25: 친환경현미쌀밥 | C25: =IFERROR(INDEX(온라인_반찬!$C$2:$I$597,MATCH($B25,온라인_반찬!$C$2:$C$597,0),7),"") -> 0 | D25: 친환경귀리쌀밥 | E25: =IFERROR(INDEX(온라인_반찬!$C$2:$I$597,MATCH($D25,온라인_반찬!$C$2:$C$597,0),7),"") -> 0 | F25: 친환경찰흑미쌀밥 | G25: =IFERROR(INDEX(온라인_반찬!$C$2:$I$597,MATCH($F25,온라인_반찬!$C$2:$C$597,0),7),"") -> 0 | H25: 흰쌀밥 | I25: =IFERROR(INDEX(온라인_반찬!$C$2:$I$597,MATCH($H25,온라인_반찬!$C$2:$C$597,0),7),"") -> 0 | J25: 소고기볶음밥 | K25: =IFERROR(INDEX(온라인_반찬!$C$2:$I$597,MATCH($J25,온라인_반찬!$C$2:$C$597,0),7),"") -> .1.5.16.18.21.
B26: 생선통살튀김 | C26: =IFERROR(INDEX(온라인_반찬!$C$2:$I$597,MATCH($B26,온라인_반찬!$C$2:$C$597,0),7),"") -> .1.5.6.9.11.12. | D26: 돈채피망볶음 | E26: =IFERROR(INDEX(온라인_반찬!$C$2:$I$597,MATCH($D26,온라인_반찬!$C$2:$C$597,0),7),"") -> .5.10.18.21. | F26: 닭안심카레조림 | G26: =IFERROR(INDEX(온라인_반찬!$C$2:$I$597,MATCH($F26,온라인_반찬!$C$2:$C$597,0),7),"") -> .2.5.6.12.15.16.18. | H26: 미소불고기 | I26: =IFERROR(INDEX(온라인_반찬!$C$2:$I$597,MATCH($H26,온라인_반찬!$C$2:$C$597,0),7),"") -> .5.16.21. | J26: 스파게티면 | K26: =IFERROR(INDEX(온라인_반찬!$C$2:$I$597,MATCH($J26,온라인_반찬!$C$2:$C$597,0),7),"") -> .6.
B27: & 탕수소스 | C27: =IFERROR(INDEX(온라인_반찬!$C$2:$I$597,MATCH($B27,온라인_반찬!$C$2:$C$597,0),7),"") -> .5. | D27: 구운어묵볶음 | E27: =IFERROR(INDEX(온라인_반찬!$C$2:$I$597,MATCH($D27,온라인_반찬!$C$2:$C$597,0),7),"") -> .2.5.6.10.12.16.21. | F27: 베이컨스크램블에그 | G27: =IFERROR(INDEX(온라인_반찬!$C$2:$I$597,MATCH($F27,온라인_반찬!$C$2:$C$597,0),7),"") -> .1.2.5.10. | H27: 김말이 | I27: =IFERROR(INDEX(온라인_반찬!$C$2:$I$597,MATCH($H27,온라인_반찬!$C$2:$C$597,0),7),"") -> .5.6.16. | J27: & 미트소스 | K27: =IFERROR(INDEX(온라인_반찬!$C$2:$I$597,MATCH($J27,온라인_반찬!$C$2:$C$597,0),7),"") -> .1.5.6.10.12.15.
B28: 햄감자채볶음 | C28: =IFERROR(INDEX(온라인_반찬!$C$2:$I$597,MATCH($B28,온라인_반찬!$C$2:$C$597,0),7),"") -> .2.5.10.21. | D28: 콘샐러드 | E28: =IFERROR(INDEX(온라인_반찬!$C$2:$I$597,MATCH($D28,온라인_반찬!$C$2:$C$597,0),7),"") -> .1.5.16. | F28: 애호박버섯볶음 | G28: =IFERROR(INDEX(온라인_반찬!$C$2:$I$597,MATCH($F28,온라인_반찬!$C$2:$C$597,0),7),"") -> .5.21. | H28: 건새우마늘쫑볶음 | I28: =IFERROR(INDEX(온라인_반찬!$C$2:$I$597,MATCH($H28,온라인_반찬!$C$2:$C$597,0),7),"") -> .5.9.21. | J28: 눈꽃치즈치킨 | K28: =IFERROR(INDEX(온라인_반찬!$C$2:$I$597,MATCH($J28,온라인_반찬!$C$2:$C$597,0),7),"") -> .1.2.5.6.15.16.
B29: 참나물오이무침 | C29: =IFERROR(INDEX(온라인_반찬!$C$2:$I$597,MATCH($B29,온라인_반찬!$C$2:$C$597,0),7),"") -> .5.21. | D29: 깍두기 | E29: =IFERROR(INDEX(온라인_반찬!$C$2:$I$597,MATCH($D29,온라인_반찬!$C$2:$C$597,0),7),"") -> .6.9. | F29: 백김치 | G29: =IFERROR(INDEX(온라인_반찬!$C$2:$I$597,MATCH($F29,온라인_반찬!$C$2:$C$597,0),7),"") -> 0 | H29: 깍두기 | I29: =IFERROR(INDEX(온라인_반찬!$C$2:$I$597,MATCH($H29,온라인_반찬!$C$2:$C$597,0),7),"") -> .6.9. | J29: 캐릭터찐빵 | K29: =IFERROR(INDEX(온라인_반찬!$C$2:$I$597,MATCH($J29,온라인_반찬!$C$2:$C$597,0),7),"") -> .5.17.
B30: 배추김치 | C30: =IFERROR(INDEX(온라인_반찬!$C$2:$I$597,MATCH($B30,온라인_반찬!$C$2:$C$597,0),7),"") -> .9.12. | D30: 논우렁살된장찌개 | E30: =IFERROR(INDEX(온라인_반찬!$C$2:$I$597,MATCH($D30,온라인_반찬!$C$2:$C$597,0),7),"") -> .5. | F30: 어묵양배추국 | G30: =IFERROR(INDEX(온라인_반찬!$C$2:$I$597,MATCH($F30,온라인_반찬!$C$2:$C$597,0),7),"") -> .5. | H30: 채소계란국 | I30: =IFERROR(INDEX(온라인_반찬!$C$2:$I$597,MATCH($H30,온라인_반찬!$C$2:$C$597,0),7),"") -> .1.5. | J30: 수제피클 | K30: =IFERROR(INDEX(온라인_반찬!$C$2:$I$597,MATCH($J30,온라인_반찬!$C$2:$C$597,0),7),"") -> 0 | M30: 0
B31: 소고기미역국 | C31: =IFERROR(INDEX(온라인_반찬!$C$2:$I$597,MATCH($B31,온라인_반찬!$C$2:$C$597,0),7),"") -> .5.9.16. | E31: =IFERROR(INDEX(온라인_반찬!$C$2:$I$597,MATCH($D31,온라인_반찬!$C$2:$C$597,0),7),"") | G31: =IFERROR(INDEX(온라인_반찬!$C$2:$I$597,MATCH($F31,온라인_반찬!$C$2:$C$597,0),7),"") | I31: =IFERROR(INDEX(온라인_반찬!$C$2:$I$597,MATCH($H31,온라인_반찬!$C$2:$C$597,0),7),"") | J31: 짜먹는요거트 | K31: .2.
C32: =IFERROR(INDEX(온라인_반찬!$C$2:$I$597,MATCH($B32,온라인_반찬!$C$2:$C$597,0),7),"") | G32: =IFERROR(INDEX(온라인_반찬!$C$2:$I$597,MATCH($F32,온라인_반찬!$C$2:$C$597,0),7),"") | K32: =IFERROR(INDEX(온라인_반찬!$C$2:$I$597,MATCH($J32,온라인_반찬!$C$2:$C$597,0),7),"")
A33: 날짜
A34: 주차 | B34: 메뉴 | C34: 알레르기표기 | D34: 메뉴 | E34: 알레르기표기 | F34: 메뉴 | G34: 알레르기표기 | H34: 메뉴 | I34: 알레르기표기 | J34: 메뉴 | K34: 알레르기표기
A35: 4주 | B35: 친환경현미쌀밥 | C35: =IFERROR(INDEX(온라인_반찬!$C$2:$I$597,MATCH($B35,온라인_반찬!$C$2:$C$597,0),7),"") -> 0 | D35: 친환경귀리쌀밥 | E35: =IFERROR(INDEX(온라인_반찬!$C$2:$I$597,MATCH($D35,온라인_반찬!$C$2:$C$597,0),7),"") -> 0 | F35: 친환경찰흑미쌀밥 | G35: =IFERROR(INDEX(온라인_반찬!$C$2:$I$597,MATCH($F35,온라인_반찬!$C$2:$C$597,0),7),"") -> 0 | H35: 흰쌀밥 | I35: =IFERROR(INDEX(온라인_반찬!$C$2:$I$597,MATCH($H35,온라인_반찬!$C$2:$C$597,0),7),"") -> 0 | J35: 친환경찰보리쌀밥 | K35: =IFERROR(INDEX(온라인_반찬!$C$2:$I$597,MATCH($J35,온라인_반찬!$C$2:$C$597,0),7),"") -> 0
B36: 소고기장조림 | C36: =IFERROR(INDEX(온라인_반찬!$C$2:$I$597,MATCH($B36,온라인_반찬!$C$2:$C$597,0),7),"") -> .1.5.16.21. | D36: 오삼불고기 | E36: =IFERROR(INDEX(온라인_반찬!$C$2:$I$597,MATCH($D36,온라인_반찬!$C$2:$C$597,0),7),"") -> .5.6.10.17.21. | F36: 깻잎닭갈비 | G36: =IFERROR(INDEX(온라인_반찬!$C$2:$I$597,MATCH($F36,온라인_반찬!$C$2:$C$597,0),7),"") -> .5.6.15.21. | H36: 한입새우튀김 | I36: =IFERROR(INDEX(온라인_반찬!$C$2:$I$597,MATCH($H36,온라인_반찬!$C$2:$C$597,0),7),"") -> .5.6.9. | J36: 하와이안폭찹 | K36: =IFERROR(INDEX(온라인_반찬!$C$2:$I$597,MATCH($J36,온라인_반찬!$C$2:$C$597,0),7),"") -> .5.10.12.13.18.19.21.
B37: 동그랑땡 | C37: =IFERROR(INDEX(온라인_반찬!$C$2:$I$597,MATCH($B37,온라인_반찬!$C$2:$C$597,0),7),"") -> .1.2.5.6.10.12.16. | D37: 고구마전 | E37: =IFERROR(INDEX(온라인_반찬!$C$2:$I$597,MATCH($D37,온라인_반찬!$C$2:$C$597,0),7),"") -> .1.6. | F37: 오곡멸치볶음 | G37: =IFERROR(INDEX(온라인_반찬!$C$2:$I$597,MATCH($F37,온라인_반찬!$C$2:$C$597,0),7),"") -> .5.6.21. | H37: & 레몬크림소스 | I37: =IFERROR(INDEX(온라인_반찬!$C$2:$I$597,MATCH($H37,온라인_반찬!$C$2:$C$597,0),7),"") -> .1.2.5.6.9. | J37: 명란크림숏파스타 | K37: =IFERROR(INDEX(온라인_반찬!$C$2:$I$597,MATCH($J37,온라인_반찬!$C$2:$C$597,0),7),"") -> .1.2.5.6.15.16.
B38: 숙주나물 | C38: =IFERROR(INDEX(온라인_반찬!$C$2:$I$597,MATCH($B38,온라인_반찬!$C$2:$C$597,0),7),"") -> .5.21. | D38: 양배추찜 | E38: =IFERROR(INDEX(온라인_반찬!$C$2:$I$597,MATCH($D38,온라인_반찬!$C$2:$C$597,0),7),"") -> 0 | F38: 소고기무조림 | G38: =IFERROR(INDEX(온라인_반찬!$C$2:$I$597,MATCH($F38,온라인_반찬!$C$2:$C$597,0),7),"") -> .5.16.21. | H38: 누들케찹떡볶이 | I38: =IFERROR(INDEX(온라인_반찬!$C$2:$I$597,MATCH($H38,온라인_반찬!$C$2:$C$597,0),7),"") -> .1.5.6.12. | J38: 도시락김 | K38: =IFERROR(INDEX(온라인_반찬!$C$2:$I$597,MATCH($J38,온라인_반찬!$C$2:$C$597,0),7),"") -> .21.
B39: 배추김치 | C39: =IFERROR(INDEX(온라인_반찬!$C$2:$I$597,MATCH($B39,온라인_반찬!$C$2:$C$597,0),7),"") -> .9.12. | D39: & 저염쌈장 | E39: =IFERROR(INDEX(온라인_반찬!$C$2:$I$597,MATCH($D39,온라인_반찬!$C$2:$C$597,0),7),"") -> .1.5.6.21. | F39: 백김치 | G39: =IFERROR(INDEX(온라인_반찬!$C$2:$I$597,MATCH($F39,온라인_반찬!$C$2:$C$597,0),7),"") -> 0 | H39: 코울슬로 | I39: =IFERROR(INDEX(온라인_반찬!$C$2:$I$597,MATCH($H39,온라인_반찬!$C$2:$C$597,0),7),"") -> .1.5.16. | J39: 배추김치 | K39: =IFERROR(INDEX(온라인_반찬!$C$2:$I$597,MATCH($J39,온라인_반찬!$C$2:$C$597,0),7),"") -> .9.12.
B40: 유부무국 | C40: =IFERROR(INDEX(온라인_반찬!$C$2:$I$597,MATCH($B40,온라인_반찬!$C$2:$C$597,0),7),"") -> .5. | D40: 깍두기 | E40: =IFERROR(INDEX(온라인_반찬!$C$2:$I$597,MATCH($D40,온라인_반찬!$C$2:$C$597,0),7),"") -> .6.9. | F40: 감자된장국 | G40: =IFERROR(INDEX(온라인_반찬!$C$2:$I$597,MATCH($F40,온라인_반찬!$C$2:$C$597,0),7),"") -> .5.6.9. | H40: 깍두기 | I40: =IFERROR(INDEX(온라인_반찬!$C$2:$I$597,MATCH($H40,온라인_반찬!$C$2:$C$597,0),7),"") -> .6.9. | J40: 순두부탕 | K40: =IFERROR(INDEX(온라인_반찬!$C$2:$I$597,MATCH($J40,온라인_반찬!$C$2:$C$597,0),7),"") -> .5.
C41: =IFERROR(INDEX(온라인_반찬!$C$2:$I$597,MATCH($B41,온라인_반찬!$C$2:$C$597,0),7),"") | D41: 들깨미역국 | E41: =IFERROR(INDEX(온라인_반찬!$C$2:$I$597,MATCH($D41,온라인_반찬!$C$2:$C$597,0),7),"") -> .5.9.21.22. | G41: =IFERROR(INDEX(온라인_반찬!$C$2:$I$597,MATCH($F41,온라인_반찬!$C$2:$C$597,0),7),"") | H41: 설렁탕 | I41: =IFERROR(INDEX(온라인_반찬!$C$2:$I$597,MATCH($H41,온라인_반찬!$C$2:$C$597,0),7),"") -> .5.16. | K41: =IFERROR(INDEX(온라인_반찬!$C$2:$I$597,MATCH($J41,온라인_반찬!$C$2:$C$597,0),7),"")
C42: =IFERROR(INDEX(온라인_반찬!$C$2:$I$597,MATCH($B42,온라인_반찬!$C$2:$C$597,0),7),"") | G42: =IFERROR(INDEX(온라인_반찬!$C$2:$I$597,MATCH($F42,온라인_반찬!$C$2:$C$597,0),7),"") | K42: =IFERROR(INDEX(온라인_반찬!$C$2:$I$597,MATCH($J42,온라인_반찬!$C$2:$C$597,0),7),"")
A43: 날짜
A44: 주차 | B44: 메뉴 | C44: 알레르기표기 | D44: 메뉴 | E44: 알레르기표기 | F44: 메뉴 | G44: 알레르기표기 | H44: 메뉴 | I44: 알레르기표기 | J44: 메뉴 | K44: 알레르기표기
A45: 5주 | B45: 친환경현미쌀밥 | C45: =IFERROR(INDEX(온라인_반찬!$C$2:$I$597,MATCH($B45,온라인_반찬!$C$2:$C$597,0),7),"") -> 0 | D45: 친환경귀리쌀밥 | E45: =IFERROR(INDEX(온라인_반찬!$C$2:$I$597,MATCH($D45,온라인_반찬!$C$2:$C$597,0),7),"") -> 0 | G45: =IFERROR(INDEX(온라인_반찬!$C$2:$I$597,MATCH($F45,온라인_반찬!$C$2:$C$597,0),7),"") | I45: =IFERROR(INDEX(온라인_반찬!$C$2:$I$597,MATCH($H45,온라인_반찬!$C$2:$C$597,0),7),"") | K45: =IFERROR(INDEX(온라인_반찬!$C$2:$I$597,MATCH($J45,온라인_반찬!$C$2:$C$597,0),7),"")
B46: 유니짜장덮밥소스 | C46: =IFERROR(INDEX(온라인_반찬!$C$2:$I$597,MATCH($B46,온라인_반찬!$C$2:$C$597,0),7),"") -> .2.5.6.10.15.16. | D46: 소고기표고볶음 | E46: =IFERROR(INDEX(온라인_반찬!$C$2:$I$597,MATCH($D46,온라인_반찬!$C$2:$C$597,0),7),"") -> .5.16.21. | G46: =IFERROR(INDEX(온라인_반찬!$C$2:$I$597,MATCH($F46,온라인_반찬!$C$2:$C$597,0),7),"") | I46: =IFERROR(INDEX(온라인_반찬!$C$2:$I$597,MATCH($H46,온라인_반찬!$C$2:$C$597,0),7),"") | K46: =IFERROR(INDEX(온라인_반찬!$C$2:$I$597,MATCH($J46,온라인_반찬!$C$2:$C$597,0),7),"")
B47: 채소계란전 | C47: =IFERROR(INDEX(온라인_반찬!$C$2:$I$597,MATCH($B47,온라인_반찬!$C$2:$C$597,0),7),"") -> 1.5.6. | D47: 꼬마돈까스 | E47: =IFERROR(INDEX(온라인_반찬!$C$2:$I$597,MATCH($D47,온라인_반찬!$C$2:$C$597,0),7),"") -> .1.5.6.10.15. | G47: =IFERROR(INDEX(온라인_반찬!$C$2:$I$597,MATCH($F47,온라인_반찬!$C$2:$C$597,0),7),"") | I47: =IFERROR(INDEX(온라인_반찬!$C$2:$I$597,MATCH($H47,온라인_반찬!$C$2:$C$597,0),7),"") | K47: =IFERROR(INDEX(온라인_반찬!$C$2:$I$597,MATCH($J47,온라인_반찬!$C$2:$C$597,0),7),"")
B48: 콩나물냉채 | C48: =IFERROR(INDEX(온라인_반찬!$C$2:$I$597,MATCH($B48,온라인_반찬!$C$2:$C$597,0),7),"") -> .1.2.5.6.8.12.21. | D48: 김자반 | E48: =IFERROR(INDEX(온라인_반찬!$C$2:$I$597,MATCH($D48,온라인_반찬!$C$2:$C$597,0),7),"") -> .5.21.22. | G48: =IFERROR(INDEX(온라인_반찬!$C$2:$I$597,MATCH($F48,온라인_반찬!$C$2:$C$597,0),7),"") | I48: =IFERROR(INDEX(온라인_반찬!$C$2:$I$597,MATCH($H48,온라인_반찬!$C$2:$C$597,0),7),"") | K48: =IFERROR(INDEX(온라인_반찬!$C$2:$I$597,MATCH($J48,온라인_반찬!$C$2:$C$597,0),7),"")
B49: 배추김치 | C49: =IFERROR(INDEX(온라인_반찬!$C$2:$I$597,MATCH($B49,온라인_반찬!$C$2:$C$597,0),7),"") -> .9.12. | D49: 깍두기 | E49: =IFERROR(INDEX(온라인_반찬!$C$2:$I$597,MATCH($D49,온라인_반찬!$C$2:$C$597,0),7),"") -> .6.9. | G49: =IFERROR(INDEX(온라인_반찬!$C$2:$I$597,MATCH($F49,온라인_반찬!$C$2:$C$597,0),7),"") | I49: =IFERROR(INDEX(온라인_반찬!$C$2:$I$597,MATCH($H49,온라인_반찬!$C$2:$C$597,0),7),"") | K49: =IFERROR(INDEX(온라인_반찬!$C$2:$I$597,MATCH($J49,온라인_반찬!$C$2:$C$597,0),7),"")
B50: 소고기샤브국 | C50: =IFERROR(INDEX(온라인_반찬!$C$2:$I$597,MATCH($B50,온라인_반찬!$C$2:$C$597,0),7),"") -> .5.16. | D50: 숙주닭곰탕 | E50: =IFERROR(INDEX(온라인_반찬!$C$2:$I$597,MATCH($D50,온라인_반찬!$C$2:$C$597,0),7),"") -> .5.16. | G50: =IFERROR(INDEX(온라인_반찬!$C$2:$I$597,MATCH($F50,온라인_반찬!$C$2:$C$597,0),7),"") | I50: =IFERROR(INDEX(온라인_반찬!$C$2:$I$597,MATCH($H50,온라인_반찬!$C$2:$C$597,0),7),"") | K50: =IFERROR(INDEX(온라인_반찬!$C$2:$I$597,MATCH($J50,온라인_반찬!$C$2:$C$597,0),7),"")
C51: =IFERROR(INDEX(온라인_반찬!$C$2:$I$597,MATCH($B51,온라인_반찬!$C$2:$C$597,0),7),"") | E51: =IFERROR(INDEX(온라인_반찬!$C$2:$I$597,MATCH($D51,온라인_반찬!$C$2:$C$597,0),7),"") | G51: =IFERROR(INDEX(온라인_반찬!$C$2:$I$597,MATCH($F51,온라인_반찬!$C$2:$C$597,0),7),"") | I51: =IFERROR(INDEX(온라인_반찬!$C$2:$I$597,MATCH($H51,온라인_반찬!$C$2:$C$597,0),7),"") | K51: =IFERROR(INDEX(온라인_반찬!$C$2:$I$597,MATCH($J51,온라인_반찬!$C$2:$C$597,0),7),"")
C52: =IFERROR(INDEX(온라인_반찬!$C$2:$I$597,MATCH($B52,온라인_반찬!$C$2:$C$597,0),7),"") | G52: =IFERROR(INDEX(온라인_반찬!$C$2:$I$597,MATCH($F52,온라인_반찬!$C$2:$C$597,0),7),"") | K52: =IFERROR(INDEX(온라인_반찬!$C$2:$I$597,MATCH($J52,온라인_반찬!$C$2:$C$597,0),7),"")
A53: 원산지 안내 쌀(국산),현미(국산. 친환경), 찰흑미(국산. 친환경), 찰보리(국산. 친환경), 소고기(호주산), 돈육(국산), 목살(폭찹스테이크:미국산), 닭고기(국산. 무항생제), 닭정육(닭다리살:국산, 브라질산), 훈제오리(무항생제.국산) 배추김치(국산 종가집.하선정), 깍두기(무,고추가루:국산), 오징어(국산,페루산,미국산, 칠레산), 낙지(베트남산), 새우젓(새우:국내산), 바지락살(중국산), 채소류(국산), 국용채소류(국산/단,기후변화 등 이슈로 국산 수급이 어려울경우:중국산) *위의 메뉴는 재료 수급 사정에 따라 변경 될 수 있습니다 *알레르기 정보 - 1.난류 2.우유 3.메밀 4.견과류(땅콩.아몬드.잣.코코넛등) 5.대두 6.밀 7.고등어 8.게 9.새우 10.돼지고기 11.복숭아 12.토마토 13.아황산류 14.호두 15.닭고기 16.쇠고기 17.오징어 18.조개류(굴.전복.홍합 포함) 19.파인애플 20.키위 21.참깨 영양사 : 천은혜

Sheet 온라인_반찬
A1: No. | B1: 품목 | C1: 품명 | D1: 온라인(g) | E1: 급식(g) | F1: 온라인 중/대(EA) | G1: 급식(EA) | H1: 자재사용내역 | I1: 알러지표기 | K1: 상품코드 | L1: 출고량 (g 또는 수량) | M1: 로스율 (5%) | N1: 총생산량 (g 또는 수량) | O1: 급식 (g) | P1: 중 (g) | Q1: 대 (g) | R1: 단위 | S1: 급식 (EA) | T1: 중 (EA) | U1: 대 (EA) | V1: 단위 | W1: 상품코드 | X1: 상품명 M10 | Y1: 구매단위 (g) | Z1: 구매단위 (EA) | AA1: 발주 1인량 | AB1: (중) 1인량 | AC1: (대) 1인량 | AD1: 자재 Mix% | AE1: 상품코드 | AF1: 상품명 S10 | AG1: 발주 1인량 | AH1: (중) 1인량 | AI1: (대) 1인량 | AJ1: 자재 Mix% | AK1: 상품코드 | AL1: 상품명 S20 | AM1: 발주 1인량 | AN1: (중) 1인량 | AO1: (대) 1인량 | AP1: 자재 Mix%
A2: 1 | C2: 유부다시국 | H2: 유부[(대두:캐나다, 호주, 미국등), 대두유(대두:미국,프바질, 파라과이등)]21%, 건더기스프{볶음참께(인도산), 정제염(국산), 김조각(국산), 가쓰오브시(필리핀산)등]5%, 정제수, 마늘, 가스오우동소스, 소금 | I2: .5.21. | J2: 가스오우동소스(면사랑), 유부(이츠웰 슬라이스유부)
A3: 2 | C3: 올갱이미역국 | H3: 불린미역(국산)21%, 다슬기(국내산)2%, 마늘, 정제수, 국간장, 참치액, 소금 | I3: .5.9. | J3: 25g / 30g
A4: 3 | C4: 북어콩나물국 | H4: 콩나물(콩:외국산)16% , 북어채(러시아산)5%, 두부(콩:미국,호주,캐나다등), 대파, 마늘, 참기름, 정제수, 소금 | I4: .5. | L4: 23450 | M4: 1172.5 | N4: 24622.5 | O4: =E4 -> 0 | P4: =D4 -> 0 | Q4: =D4 -> 0 | R4: g | S4: =E4 -> 0 | T4: =D4 -> 0 | U4: =D4 -> 0 | W4: 192872 | X4: =IFERROR(INDEX([1]Sheet1!$A$2:$X$1948,MATCH($W$2:$W$264,[1]Sheet1!$G$2:$G$1948,0),8),"") -> 소이원 콩나물(곱슬이_단채 4Kg/BOX) | Y4: 4000 | AA4: 25 | AB4: =T4*AD4 -> #DIV/0! | AC4: =U4*AD4 -> #DIV/0! | AD4: =AA4/E4 -> #DIV/0! | AE4: 313570 | AF4: =IFERROR(INDEX([1]Sheet1!$A$2:$X$1948,MATCH($AE$2:$AE$264,[1]Sheet1!$G$2:$G$1948,0),8),"") -> 프레시웨이 북어채(1Kg/EA) | AG4: 5 | AH4: =P4*AJ4 -> #DIV/0! | AI4: =Q4*AJ4 -> #DIV/0! | AJ4: =AG4/$E4 -> #DIV/0! | AL4: =IFERROR(INDEX([1]Sheet1!$A$2:$X$1948,MATCH($AK$2:$AK$264,[1]Sheet1!$G$2:$G$1948,0),8),"") -> 0 | AM4: 5 | AN4: =P4*AP4 -> #DIV/0! | AO4: =Q4*AP4 -> #DIV/0! | AP4: =AM4/$E4 -> #DIV/0!
A5: 4 | C5: 모둠어묵국 | H5: 무(국산)15%, 모둠어묵(어육:수입산)10%, 파, 마늘, 국간장, 멸치육수농축액, 정제수, 소금 | I5: .5.6. | J5: 종합어묵(사조대림)
A6: 5 | C6: 근대된장국 | H6: 근대(국산)22.8%, 양파(국산), 정제수, 된장, 대파, 마늘, 멸치육수농축액, 소금 | I6: .5. | J6: 40g / 45g | L6: 21960 | M6: 1098 | N6: 23058 | O6: =E6 -> 0 | P6: =D6 -> 0 | Q6: =D6 -> 0 | R6: g | S6: =E6 -> 0 | T6: =D6 -> 0 | U6: =D6 -> 0 | W6: 223306 | X6: =IFERROR(INDEX([1]Sheet1!$A$2:$X$1948,MATCH($W$2:$W$264,[1]Sheet1!$G$2:$G$1948,0),8),"") -> 냉동근대(IQF 1Kg/EA) | Y6: 1000 | AA6: 35 | AB6: =T6*AD6 -> #DIV/0! | AC6: =U6*AD6 -> #DIV/0! | AD6: =AA6/E6 -> #DIV/0! | AE6: 138570 | AF6: =IFERROR(INDEX([1]Sheet1!$A$2:$X$1948,MATCH($AE$2:$AE$264,[1]Sheet1!$G$2:$G$1948,0),8),"") -> 면사랑 멸치육수(1.8L_보급형 1.8Kg/EA) | AH6: =P6*AJ6 -> #DIV/0! | AI6: =Q6*AJ6 -> #DIV/0! | AJ6: =AG6/$E6 -> #DIV/0! | AL6: =IFERROR(INDEX([1]Sheet1!$A$2:$X$1948,MATCH($AK$2:$AK$264,[1]Sheet1!$G$2:$G$1948,0),8),"") -> 0
A7: 6 | C7: 오징어무국 | H7: 무(국산)20%, 오징어(미국산, 국산)5%, 양파, 대파, 마늘, 정제수, 멸치육수농축액, 국간장, 소금 | I7: .5.17.
A8: 7 | C8: 얼큰오징어무국 | H8: 무(국산)20%, 오징어(미국산, 국산)5%, 양파, 대파, 마늘, 정제수, 멸치육수농축액, 국간장, 고춧가루, 소금 | I8: .5.17.
A9: 8 | C9: 소고기샤브국 | H9: 소고기(호주산)12%, 알배추(국산)7%, 느타리(국산), 청경채(국산), 대파, 마늘, 간장, 정제수, 소금 | I9: .5.16.
A10: 9 | C10: 소고기된장찌개 | H10: 모둠채소(호박, 양파, 새송이:국산)20%, 두부(콩:미국,호주,캐나다등)8%, 소고기(호주산)3%, 파, 마늘, 된장, 멸치육수농축액, 정제수, 소금 | I10: .5.16. | O10: =E10 -> 0 | P10: =D10 -> 0 | Q10: =D10 -> 0 | R10: g | S10: =E10 -> 0 | T10: =D10 -> 0 | U10: =D10 -> 0 | W10: 204623 | X10: =IFERROR(INDEX([1]Sheet1!$A$2:$X$1948,MATCH($W$2:$W$264,[1]Sheet1!$G$2:$G$1948,0),8),"") -> 애호박(특품 인큐베이터 KG) | Y10: 1000 | AA10: 30 | AB10: =T10*AD10 -> #DIV/0! | AC10: =U10*AD10 -> #DIV/0! | AD10: =AA10/E10 -> #DIV/0! | AE10: 168257 | AF10: =IFERROR(INDEX([1]Sheet1!$A$2:$X$1948,MATCH($AE$2:$AE$264,[1]Sheet1!$G$2:$G$1948,0),8),"") -> 명품 판두부(찌개용 3Kg/EA) | AG10: 15 | AH10: =P10*AJ10 -> #DIV/0! | AI10: =Q10*AJ10 -> #DIV/0! | AJ10: =AG10/$E10 -> #DIV/0! | AL10: =IFERROR(INDEX([1]Sheet1!$A$2:$X$1948,MATCH($AK$2:$AK$264,[1]Sheet1!$G$2:$G$1948,0),8),"") -> 0
A11: 10 | C11: 채소계란국 | H11: 계란(국산)13%, 채소[양파, 당근, 부추:국산]10%, 정제수, 멸치육수농축액, 대파, 마늘, 소금 | I11: .1.5. | L11: 600 | M11: 30 | N11: 630 | O11: =E11 -> 0 | P11: =D11 -> 0 | Q11: =D11 -> 0 | R11: g | S11: =E11 -> 0 | T11: =D11 -> 0 | U11: =D11 -> 0 | W11: 193090 | X11: =IFERROR(INDEX([1]Sheet1!$A$2:$X$1948,MATCH($W$2:$W$264,[1]Sheet1!$G$2:$G$1948,0),8),"") -> 냉동감자(절단_3~4cm 1Kg/EA) | Y11: 1000 | AA11: 22 | AB11: =T11*AD11 -> #DIV/0! | AC11: =U11*AD11 -> #DIV/0! | AD11: =AA11/E11 -> #DIV/0! | AE11: 204623 | AF11: =IFERROR(INDEX([1]Sheet1!$A$2:$X$1948,MATCH($AE$2:$AE$264,[1]Sheet1!$G$2:$G$1948,0),8),"") -> 애호박(특품 인큐베이터 KG) | AH11: =P11*AJ11 -> #DIV/0! | AI11: =Q11*AJ11 -> #DIV/0! | AJ11: =AG11/$E11 -> #DIV/0! | AK11: 420010 | AL11: =IFERROR(INDEX([1]Sheet1!$A$2:$X$1948,MATCH($AK$2:$AK$264,[1]Sheet1!$G$2:$G$1948,0),8),"") -> 알로팜 계란(왕란_무항생제_68g*30입 2.04Kg/EA)
A12: 11 | C12: 순살동태국 | H12: 순살동태(러시아산)7.2%, 무(국산)13%,콩나물, 쑥갓, 양파, 대파, 마늘, 멸치육수농축액, 국간장, 소금 | I12: .5.9.10. | J12: 40g / 50g
A13: 12 | C13: 소고기미역국 | H13: 불린미역(미역:국산)18.3%, 소고기(호주산)5%, 마늘, 정제수, 밥새우, 멸치육수농축액, 소금, 국간장 | I13: .5.9.16. | J13: 40g / 50g 멸치육수농축액(면사랑)
A14: 13 | C14: 소고기무국 | H14: 무(국산)18.3%, 소고기(호주산)10.7%, 양파, 대파, 마늘, 정제수, 소금, 멸치육수농축액, 국간장, 후추 | I14: .5.16. | J14: 40g | L14: 16590 | M14: 829.5 | N14: 17419.5 | O14: =E14 -> 0 | P14: =D14 -> 0 | Q14: =D14 -> 0 | R14: g | S14: =E14 -> 0 | T14: =D14 -> 0 | U14: =D14 -> 0 | W14: 145349 | X14: =IFERROR(INDEX([1]Sheet1!$A$2:$X$1948,MATCH($W$2:$W$264,[1]Sheet1!$G$2:$G$1948,0),8),"") -> 이츠웰 사골엑기스(1Kg/EA) | Y14: 1000 | AB14: =T14*AD14 -> #DIV/0! | AC14: =U14*AD14 -> #DIV/0! | AD14: =AA14/E14 -> #DIV/0! | AE14: 424285 | AF14: =IFERROR(INDEX([1]Sheet1!$A$2:$X$1948,MATCH($AE$2:$AE$264,[1]Sheet1!$G$2:$G$1948,0),8),"") -> 소양지(3*2*0.3cm_저지방 키즈용_국거리용 KG) | AH14: =P14*AJ14 -> #DIV/0! | AI14: =Q14*AJ14 -> #DIV/0! | AJ14: =AG14/$E14 -> #DIV/0! | AK14: 204418 | AL14: =IFERROR(INDEX([1]Sheet1!$A$2:$X$1948,MATCH($AK$2:$AK$264,[1]Sheet1!$G$2:$G$1948,0),8),"") -> 무우(특품 9~12개입 18Kg/BOX)
A15: 14 | C15: 얼큰소고기무국 | H15: 무(국산)18.3%, 소고기(호주산)10.7%, 양파, 대파, 마늘, 정제수, 소금, 고춧가루, 멸치육수농축액, 국간장, 후추 | I15: .5.16.
A16: 15 | C16: 맑은순두부국 | H16: 순두부(대두:수입산)15%, 호박, 파, 마늘, 새우젓(새우,소금:국산), 멸치육수농축액, 정제수, 소금 | I16: .5.9.
A17: 16 | C17: 소고기장국 | H17: 열갈이(국산)10%, 소고기(호주산)7%, 무(국산)5%, 콩나물(원료수입산)5%, 정제수, 된장, 대파, 마늘, 국간장, 멸치육수농축액, 소금 | I17: .5.16. | J17: 멸치육수농축액(면사랑) 40g / 45g )
A18: 17 | C18: 두부탕국 | H18: 두부(원료수입산)18%, 무(국산)10%,, 파, 마늘, 정제수, 멸치육수농축액, 국간장, 소금 | I18: .5. | J18: 멸치육수농축액(면사랑), 판두부(이츠웰)
A19: 18 | C19: 맑은미역국 | H19: 불린미역(국산)23%, 정제수, 참기름, 국간장, 밥새우, 멸치육수농축액, 마늘, 소금 | I19: .5.9. | J19: 25g / 30g | L19: 2565 | M19: 128.25 | N19: 2693.25 | O19: =E19 -> 0 | P19: =D19 -> 0 | Q19: =D19 -> 0 | R19: g | S19: =E19 -> 0 | T19: =D19 -> 0 | U19: =D19 -> 0 | W19: 206631 | X19: =IFERROR(INDEX([1]Sheet1!$A$2:$X$1948,MATCH($W$2:$W$264,[1]Sheet1!$G$2:$G$1948,0),8),"") -> 냉동아욱(상품 1Kg/PAC) | Y19: 1000 | AA19: 32 | AB19: =T19*AD19 -> #DIV/0! | AC19: =U19*AD19 -> #DIV/0! | AD19: =AA19/E19 -> #DIV/0! | AE19: 313633 | AF19: =IFERROR(INDEX([1]Sheet1!$A$2:$X$1948,MATCH($AE$2:$AE$264,[1]Sheet1!$G$2:$G$1948,0),8),"") -> 현대푸드 두절건새우(중 1Kg/EA) | AH19: =P19*AJ19 -> #DIV/0! | AI19: =Q19*AJ19 -> #DIV/0! | AJ19: =AG19/$E19 -> #DIV/0! | AL19: =IFERROR(INDEX([1]Sheet1!$A$2:$X$1948,MATCH($AK$2:$AK$264,[1]Sheet1!$G$2:$G$1948,0),8),"") -> 0
A20: 19 | C20: 미소장국 | H20: 두부(콩:미국,호주,캐나다등)18%, 팽이버섯(국산)5%, 실파(국산), 정제수, 미소된장(국산), 멸치육수농축액, 소금 | I20: .5. | J20: 멸치육수농축액(면사랑)
A21: 20 | C21: 맑은콩나물국 | H21: 콩나물(콩:외국산)25%, 정제수, 국간장, 마늘, 대파, 멸치육수농축액, 소금 | I21: .5. | J21: 25g / 35g
A22: 21 | C22: 하얀짬뽕국 | H22: 숙주(원료수입산)12%, 해산물(대왕오징어:페루산, 홍합.바지락.새우살:중국산)7%, 양파, 청경채, 파, 마늘, 정제수, 치킨스톡, 소금 | I22: .5.9.15.17.18. | L22: 1200 | M22: 60 | N22: 1260 | O22: =E22 -> 0 | P22: =D22 -> 0 | Q22: =D22 -> 0 | R22: g | S22: =E22 -> 0 | T22: =D22 -> 0 | U22: =D22 -> 0 | W22: 192872 | X22: =IFERROR(INDEX([1]Sheet1!$A$2:$X$1948,MATCH($W$2:$W$264,[1]Sheet1!$G$2:$G$1948,0),8),"") -> 소이원 콩나물(곱슬이_단채 4Kg/BOX) | AB22: =T22*AD22 -> #DIV/0! | AC22: =U22*AD22 -> #DIV/0! | AD22: =AA22/E22 -> #DIV/0! | AE22: 168257 | AF22: =IFERROR(INDEX([1]Sheet1!$A$2:$X$1948,MATCH($AE$2:$AE$264,[1]Sheet1!$G$2:$G$1948,0),8),"") -> 명품 판두부(찌개용 3Kg/EA) | AH22: =P22*AJ22 -> #DIV/0! | AI22: =Q22*AJ22 -> #DIV/0! | AJ22: =AG22/$E22 -> #DIV/0! | AL22: =IFERROR(INDEX([1]Sheet1!$A$2:$X$1948,MATCH($AK$2:$AK$264,[1]Sheet1!$G$2:$G$1948,0),8),"") -> 0
A23: 22 | C23: 짬뽕국 | H23: 숙주(원료수입산)12%, 해산물(대왕오징어:페루산, 홍합.바지락.새우살:중국산)7%, 양파, 청경채, 파, 마늘, 정제수, 고춧가루, 고추기름, 치킨스톡, 소금 | I23: .5.9.15.17.18.
A24: 23 | C24: 감자된장국 | H24: 감자(국산)20%, 두부(대두:외국산)5%, 양파, 파, 마늘, 멸치육수농축액, 된장, 정제수, 소금 | I24: .5.6.9.
A25: 24 | C25: 설렁탕 | H25: 소고기(호주산)14.3%, 사골육수 [잡뼈(한우), 사골(한우), 사골액기스 {정제수, 사골농축액17% (사골:호주산) 천일염}, 정제수], 생대파(국산), 후추, 소금 | I25: .5.16. | O25: =E25 -> 0 | P25: =D25 -> 0 | Q25: =D25 -> 0 | R25: g | S25: =E25 -> 0 | T25: =D25 -> 0 | U25: =D25 -> 0 | W25: 223307 | X25: =IFERROR(INDEX([1]Sheet1!$A$2:$X$1948,MATCH($W$2:$W$264,[1]Sheet1!$G$2:$G$1948,0),8),"") -> 냉동얼갈이(IQF 1Kg/EA) | Y25: 1000 | AA25: 42 | AB25: =T25*AD25 -> #DIV/0! | AC25: =U25*AD25 -> #DIV/0! | AD25: =AA25/E25 -> #DIV/0! | AE25: 145349 | AF25: =IFERROR(INDEX([1]Sheet1!$A$2:$X$1948,MATCH($AE$2:$AE$264,[1]Sheet1!$G$2:$G$1948,0),8),"") -> 이츠웰 사골엑기스(1Kg/EA) | AH25: =P25*AJ25 -> #DIV/0! | AI25: =Q25*AJ25 -> #DIV/0! | AJ25: =AG25/$E25 -> #DIV/0! | AL25: =IFERROR(INDEX([1]Sheet1!$A$2:$X$1948,MATCH($AK$2:$AK$264,[1]Sheet1!$G$2:$G$1948,0),8),"") -> 0
A26: 25 | C26: 유부미소국 | H26: 유부(원료수입산)10%, 팽이버섯(국산)2%, 미소된장(국내산), 정제수, 멸치육수농축액, 실파, 마늘, 소금 | I26: .5. | J26: 30g / 35g
A27: 26 | C27: 전복소라미역국 | H27: 불린미역(국산)20%, 전복소라다이스[피뿔고동살(불가리아,터키,루마니아등)50%, 논우렁살(베트남산)30%, 전복살(말레이시아,인도네시아,중국 등)20%]5%, 정제수, 밥새우, 멸치육수농축액, 국간장, 참기름, 마늘, 소금 | I27: .5.9.18.21. | J27: 25g / 30g
A28: 27 | C28: 조랭이떡국 | H28: 조랭이떡(쌀:수입산)25%, 소고기(호주산)3.5%, 계란(국내산)1%, 대파, 마늘, 국간장, 정제수, 소금 | I28: .1.5.16. | J28: 40g / 50g | O28: =E28 -> 0 | P28: =D28 -> 0 | Q28: =D28 -> 0 | R28: g | S28: =E28 -> 0 | T28: =D28 -> 0 | U28: =D28 -> 0 | W28: 192918 | X28: =IFERROR(INDEX([1]Sheet1!$A$2:$X$1948,MATCH($W$2:$W$264,[1]Sheet1!$G$2:$G$1948,0),8),"") -> 양배추(겉잎제거 KG) | Y28: 1000 | AA28: 35 | AB28: =T28*AD28 -> #DIV/0! | AC28: =U28*AD28 -> #DIV/0! | AD28: =AA28/E28 -> #DIV/0! | AE28: 424285 | AF28: =IFERROR(INDEX([1]Sheet1!$A$2:$X$1948,MATCH($AE$2:$AE$264,[1]Sheet1!$G$2:$G$1948,0),8),"") -> 소양지(3*2*0.3cm_저지방 키즈용_국거리용 KG) | AG28: 16 | AH28: =P28*AJ28 -> #DIV/0! | AI28: =Q28*AJ28 -> #DIV/0! | AJ28: =AG28/$E28 -> #DIV/0! | AL28: =IFERROR(INDEX([1]Sheet1!$A$2:$X$1948,MATCH($AK$2:$AK$264,[1]Sheet1!$G$2:$G$1948,0),8),"") -> 0
A29: 28 | C29: 소고기탕국 | H29: 무(국산)15%, 소고기(호주산)8%, 두부(원료수입산)5%, 양파, 대파, 마늘, 정제수, 멸치육수농축액, 국간장, 소금 | I29: .5.16. | J29: 40g / 50g
A30: 29 | C30: 북어국 | H30: 북어채(러시아산)5%, 두부(원료수입산)12%, 무8%, 양파, 정제수, 대파, 마늘, 참기름, 국간장, 소금 | I30: .5.21. | J30: 40g / 50g | L30: 2535 | M30: 126.75 | N30: 2661.75 | O30: =E30 -> 0 | P30: =D30 -> 0 | Q30: =D30 -> 0 | R30: g | S30: =E30 -> 0 | T30: =D30 -> 0 | U30: =D30 -> 0 | W30: 211037 | X30: =IFERROR(INDEX([1]Sheet1!$A$2:$X$1948,MATCH($W$2:$W$264,[1]Sheet1!$G$2:$G$1948,0),8),"") -> 느타리버섯(실속 균상 2Kg/EA) | Y30: 2000 | AA30: 23 | AB30: =T30*AD30 -> #DIV/0! | AC30: =U30*AD30 -> #DIV/0! | AD30: =AA30/E30 -> #DIV/0! | AE30: 205745 | AF30: =IFERROR(INDEX([1]Sheet1!$A$2:$X$1948,MATCH($AE$2:$AE$264,[1]Sheet1!$G$2:$G$1948,0),8),"") -> 총알새송이버섯(실속 2Kg/BOX) | AG30: 11 | AH30: =P30*AJ30 -> #DIV/0! | AI30: =Q30*AJ30 -> #DIV/0! | AJ30: =AG30/$E30 -> #DIV/0! | AL30: =IFERROR(INDEX([1]Sheet1!$A$2:$X$1948,MATCH($AK$2:$AK$264,[1]Sheet1!$G$2:$G$1948,0),8),"") -> 0
A31: 30 | C31: 순두부된장국 | H31: 순두부(콩:미국,캐나다,호주등)25%, 된장(국산), 파, 마늘, 정제수, 멸치육수농축액, 소금 | I31: .5. | O31: =E31 -> 0 | P31: =D31 -> 0 | Q31: =D31 -> 0 | R31: g | S31: =E31 -> 0 | T31: =D31 -> 0 | U31: =D31 -> 0 | W31: 193090 | X31: =IFERROR(INDEX([1]Sheet1!$A$2:$X$1948,MATCH($W$2:$W$264,[1]Sheet1!$G$2:$G$1948,0),8),"") -> 냉동감자(절단_3~4cm 1Kg/EA) | Y31: 1000 | AA31: 30 | AB31: =T31*AD31 -> #DIV/0! | AC31: =U31*AD31 -> #DIV/0! | AD31: =AA31/E31 -> #DIV/0! | AE31: 204964 | AF31: =IFERROR(INDEX([1]Sheet1!$A$2:$X$1948,MATCH($AE$2:$AE$264,[1]Sheet1!$G$2:$G$1948,0),8),"") -> 냉동표고버섯(슬라이스 1Kg/PAC) | AG31: 13 | AH31: =P31*AJ31 -> #DIV/0! | AI31: =Q31*AJ31 -> #DIV/0! | AJ31: =AG31/$E31 -> #DIV/0! | AL31: =IFERROR(INDEX([1]Sheet1!$A$2:$X$1948,MATCH($AK$2:$AK$264,[1]Sheet1!$G$2:$G$1948,0),8),"") -> 0 | AN31: =P31*AP31 -> #DIV/0! | AO31: =Q31*AP31 -> #DIV/0! | AP31: =AM31/$E31 -> #DIV/0!
A32: 31 | C32: 맑은닭곰탕 | H32: 닭고기(국산)12%, 무(국산)10%, 정제수, 파, 마늘, 소금 | I32: .5.16.
C33: 숙주닭곰탕 | H33: 닭고기(국내산)12%, 숙주(녹두:외국산), 파, 마늘, 소금, 치킨스톡 | I33: .5.16.
A34: 32 | C34: 우거지된장국 | H34: 우거지(국산)17%, 두부(원료수입산)10.7%, 양파, 대파, 마늘, 된장, 정제수, 멸치육수농축액, 소금 | I34: .5.
A35: 33 | C35: 대파계란국 | H35: 계란(국산)20%, 대파(국산)2%, 마늘, 멸치육수농축액, 정제수, 소금 | I35: .1.5. | J35: 멸치육수농축액(면사랑)
A36: 34 | C36: 게살계란탕 | H36: 계란(국산)18.7%, 게살(국산)3.5%, 팽이버섯, 파, 마늘, 멸치육수농축액, 정제수, 녹말가루, 소금, 참기름 | I36: .1.8.
A37: 35 | C37: 논우렁살된장찌개 | H37: 논우렁살(우렁:베트남산), 모둠채소(호박, 양파, 감자:국산)25%, 두부(콩:미국,호주,캐나다등)8%, 파, 마늘, 된장, 멸치육수농축액, 정제수, 소금 | I37: .5. | J37: 50g / 60g
A38: 36 | C38: 순두부된장찌개 | H38: 모둠채소(호박, 양파, 감자:국산)20%, 순두부(콩:미국,호주,캐나다등)12%, 파, 마늘, 된장, 멸치육수농축액, 정제수, 소금 | I38: .5.
C39: 된장찌개 | H39: 모둠채소(호박, 양파, 감자:국산)20%, 두부(콩:미국,호주,캐나다등)12%, 파, 마늘, 된장, 멸치육수농축액, 정제수, 소금 | I39: .5.
A40: 37 | C40: 호박잎된장찌개 | H40: 호박잎(국내산)5%, 모둠채소(호박, 양파, 감자:국산)20%, 두부(콩:미국,호주,캐나다등)8%, 파, 마늘, 된장, 멸치육수농축액, 정제수, 소금 | I40: .5.
C41: 꽃게된장찌개 | H41: 꽃게(중국산)18%, 모듬채소(호박,양파,감자:국산)12%, 두부(대두:외국산), 마늘, 된장, 멸치육수농축액, 정제수, 국간장, 소금 | I41: .5.8.
A42: 38 | C42: 콩나물된장국 | H42: 콩나물(콩:수입산)20%, 두부(콩:수입산)8%, 양파, 파, 마늘, 정제수, 된장, 소금 | I42: .5. | O42: =E42 -> 0 | P42: 120 | R42: g | S42: 2 | T42: 6 | U42: 10 | V42: 개 | W42: 127359 | X42: =IFERROR(INDEX([1]Sheet1!$A$2:$X$1948,MATCH($W$2:$W$264,[1]Sheet1!$G$2:$G$1948,0),8),"") -> 사조대림 사각잡채군만두(32±1개입 800g/EA) | Y42: 800 | Z42: 32 | AA42: 2 | AB42: =T42 -> 6 | AC42: =U42 -> 10 | AF42: =IFERROR(INDEX([1]Sheet1!$A$2:$X$1948,MATCH($AE$2:$AE$264,[1]Sheet1!$G$2:$G$1948,0),8),"") -> 0 | AH42: =P42*AJ42 -> #DIV/0! | AI42: =Q42*AJ42 -> #DIV/0! | AJ42: =AG42/$E42 -> #DIV/0! | AL42: =IFERROR(INDEX([1]Sheet1!$A$2:$X$1948,MATCH($AK$2:$AK$264,[1]Sheet1!$G$2:$G$1948,0),8),"") -> 0 | AN42: =P42*AP42 -> #DIV/0! | AO42: =Q42*AP42 -> #DIV/0! | AP42: =AM42/$E42 -> #DIV/0!
A43: 39 | C43: 소고기양배추국 | H43: 양배추(국산)19.6%, 소고기(호주산)5.4%, 정제수, 대파, 마늘, 소금,멸치육수농축액, 국간장 | I43: .5.16. | O43: =E43 -> 0 | P43: =D43 -> 0 | Q43: =D43 -> 0 | R43: g | S43: =E43 -> 0 | T43: =D43 -> 0 | U43: =D43 -> 0 | W43: 211037 | X43: =IFERROR(INDEX([1]Sheet1!$A$2:$X$1948,MATCH($W$2:$W$264,[1]Sheet1!$G$2:$G$1948,0),8),"") -> 느타리버섯(실속 균상 2Kg/EA) | Y43: 2000 | AA43: 15 | AB43: =T43*AD43 -> #DIV/0! | AC43: =U43*AD43 -> #DIV/0! | AD43: =AA43/E43 -> #DIV/0! | AE43: 204964 | AF43: =IFERROR(INDEX([1]Sheet1!$A$2:$X$1948,MATCH($AE$2:$AE$264,[1]Sheet1!$G$2:$G$1948,0),8),"") -> 냉동표고버섯(슬라이스 1Kg/PAC) | AG43: 15 | AH43: =P43*AJ43 -> #DIV/0! | AI43: =Q43*AJ43 -> #DIV/0! | AJ43: =AG43/$E43 -> #DIV/0! | AK43: 226247 | AL43: =IFERROR(INDEX([1]Sheet1!$A$2:$X$1948,MATCH($AK$2:$AK$264,[1]Sheet1!$G$2:$G$1948,0),8),"") -> 냉동표고버섯(1.5*1.5cm다이스 1Kg/EA)
A44: 40 | C44: 열무된장국 | H44: 열무(국산)18%, 두부(대두:수입산), 양파, 파, 마늘, 된장, 멸치육수농축액, 국간장, 정제수, 소금 | I44: .5. | J44: 40g / 50g
A45: 41 | C45: 닭봉삼계탕 | H45: 닭봉(국산)36%, 무(국산)7%, 약재(황기, 대추, 당귀, 허개나무, 엄나무, 오가피 : 국산)3%, 정제수, 파, 마늘, 후추가루, 소금 | I45: .5.16.
A46: 42 | C46: 황태미역국 | H46: 미역(국산)18%, 황태(러시아산)5%, 정제수, 밥새우, 멸치육수농축액, 국간장, 참기름, 마늘, 소금 | I46: .5.9.21. | J46: 28g / 30g | L46: 320 | M46: 16 | N46: 336 | O46: =E46 -> 0 | P46: =D46 -> 0 | Q46: =D46 -> 0 | R46: g | S46: =E46 -> 0 | T46: =D46 -> 0 | U46: =D46 -> 0 | W46: 318643 | X46: =IFERROR(INDEX([1]Sheet1!$A$2:$X$1948,MATCH($W$2:$W$264,[1]Sheet1!$G$2:$G$1948,0),8),"") -> 아이누리 자른건미역(상품 200g/EA) | Y46: 200 | AA46: 3 | AB46: =T46*AD46 -> #DIV/0! | AC46: =U46*AD46 -> #DIV/0! | AD46: =AA46/E46 -> #DIV/0! | AE46: 193090 | AF46: =IFERROR(INDEX([1]Sheet1!$A$2:$X$1948,MATCH($AE$2:$AE$264,[1]Sheet1!$G$2:$G$1948,0),8),"") -> 냉동감자(절단_3~4cm 1Kg/EA) | AG46: 17 | AH46: =P46*AJ46 -> #DIV/0! | AI46: =Q46*AJ46 -> #DIV/0! | AJ46: =AG46/$E46 -> #DIV/0! | AL46: =IFERROR(INDEX([1]Sheet1!$A$2:$X$1948,MATCH($AK$2:$AK$264,[1]Sheet1!$G$2:$G$1948,0),8),"") -> 0
A47: 43 | C47: 소고기숙주국 | H47: 숙주(원료수입산)20%, 소고기(호주산)8%, 정제수, 대파, 마늘, 멸치육수농축액, 국간장, 소금 | I47: .5.6.16. | J47: 멸치육수농축액(면사랑)
A48: 44 | C48: 순살아귀콩나물국 | H48: 아귀(국산)8%, 미나리(국산)1.5%, 콩나물(콩:수입산), 무(국산), 파, 마늘, 정제수, 국간장, 소금 | I48: .5. | J48: 45g / 50g
A49: 45 | C49: 시금치된장국 | H49: 시금치(중국산)23%, 양파, 대파, 마늘, 정제수, 된장, 국간장, 멸치육수농축액, 소금 | I49: .5. | J49: 멸치육수농축액(면사랑) 40g / 55g
A50: 46 | C50: 들깨무채국 | H50: 무(국산)20%, 두부(콩:미국,호주,캐나다등), 거피들깨(중국산), 대파, 마늘, 멸치육수농축액, 정제수, 소금 | I50: .5.22. | J50: 40g / 45g
A51: 47 | C51: 건새우무채국 | H51: 무(국산)25%, 건새우(국산)3%, 대파, 마늘, 멸치육수농축액, 정제수, 소금 | I51: .5.9.
A52: 48 | C52: 모둠채소된장국 | H52: 모둠채소[(호박.감자.양파.느타리버섯:국산),.표고버섯(중국산)]20%, 두부(원료수입산)5%, 정제수, 된장, 대파, 마늘, 소금 | I52: .5.9. | J52: 50g / 60g
A53: 49 | C53: 볼어묵양배추국 | H53: 양배추(국산)15%, 볼어묵{연육53.29%(어육:중국산, 베트남산), 밀가루(밀:호주산, 미국산), 정제소금(국산), 대두유}10.5%, 정제수, 대파, 마늘, 소금, 국간장, 멸치육수농축액 | I53: .1.5.6. | J53: 볼어묵(이츠웰)40g / 45g | L53: 12870 | M53: 643.5 | N53: 13513.5 | O53: =E53 -> 0 | P53: 200 | Q53: 300 | R53: g | W53: 193090 | X53: =IFERROR(INDEX([1]Sheet1!$A$2:$X$1948,MATCH($W$2:$W$264,[1]Sheet1!$G$2:$G$1948,0),8),"") -> 냉동감자(절단_3~4cm 1Kg/EA) | Y53: 1000 | AA53: 23 | AB53: =P53*AD53 -> #DIV/0! | AC53: =Q53*AD53 -> #DIV/0! | AD53: =AA53/E53 -> #DIV/0! | AE53: 410401 | AF53: =IFERROR(INDEX([1]Sheet1!$A$2:$X$1948,MATCH($AE$2:$AE$264,[1]Sheet1!$G$2:$G$1948,0),8),"") -> 체리부로 닭다리살(무항생_100±10g/덩어리_껍질있음 KG) | AG53: 9 | AH53: =P53*AJ53 -> #DIV/0! | AI53: =Q53*AJ53 -> #DIV/0! | AJ53: =AG53/$E53 -> #DIV/0! | AL53: =IFERROR(INDEX([1]Sheet1!$A$2:$X$1948,MATCH($AK$2:$AK$264,[1]Sheet1!$G$2:$G$1948,0),8),"") -> 0 | AN53: =P53*AP53 -> #DIV/0! | AO53: =Q53*AP53 -> #DIV/0! | AP53: =AM53/$E53 -> #DIV/0!
A54: 50 | C54: 시래기된장국 | H54: 시래기(무청시래기:국산)25%, 양파, 대파, 마늘, 정제수, 된장, 멸치육수농축액, 소금 | I54: .5. | J54: 30g / 40g | O54: =E54 -> 0 | R54: g | W54: 223307 | X54: =IFERROR(INDEX([1]Sheet1!$A$2:$X$1948,MATCH($W$2:$W$264,[1]Sheet1!$G$2:$G$1948,0),8),"") -> 냉동얼갈이(IQF 1Kg/EA) | Y54: 1000 | AA54: 26 | AB54: =P54*AD54 -> #DIV/0! | AC54: =Q54*AD54 -> #DIV/0! | AD54: =AA54/E54 -> #DIV/0! | AF54: =IFERROR(INDEX([1]Sheet1!$A$2:$X$1948,MATCH($AE$2:$AE$264,[1]Sheet1!$G$2:$G$1948,0),8),"") -> 0 | AH54: =P54*AJ54 -> #DIV/0! | AI54: =Q54*AJ54 -> #DIV/0! | AJ54: =AG54/$E54 -> #DIV/0! | AL54: =IFERROR(INDEX([1]Sheet1!$A$2:$X$1948,MATCH($AK$2:$AK$264,[1]Sheet1!$G$2:$G$1948,0),8),"") -> 0 | AN54: =P54*AP54 -> #DIV/0! | AO54: =Q54*AP54 -> #DIV/0! | AP54: =AM54/$E54 -> #DIV/0!
A55: 51 | C55: 소고기콩나물국 | H55: 콩나물(원료수입산)20%, 소고기(호주산)10.5%, 정제수, 대파, 마늘, 소금,멸치육수농축액, 국간장 | I55: .5.16. | J55: 35g / 45g
A56: 52 | C56: 올갱이된장국 | H56: 얼갈이(국산) 20%, 다슬기(국산)3%, 된장(콩:원료수입산), 파, 마늘, 양파, 정제수, 국간장, 소금, | I56: .5. | J56: 30g / 35g
A57: 53 | C57: 표고계란탕 | H57: 계란(국산)20%, 표고(국산)3%, 파, 마늘, 멸치육수농축액, 정제수, 소금 | I57: .1.5.
A58: 54 | C58: 사골미역국 | H58: 불린미역(국내산)25%, 사골육수 [우잡뼈(한우)사골액기스 {정제수, 사골농축액17%(호주산) 천일염}, 정제수], 참기름, 국간장, 밥새우, 소금 | I58: .2.5.6.9.12.16. | J58: 28g / 30g
A59: 55 | C59: 한방닭곰탕 | H59: 닭고기(국산)12%, 무(국산)10%, 곰탕육수(정제수, 황기, 대추, 당귀, 헛개나무, 엄나무, 오가피:국산), 파, 마늘, 소금 | I59: .5.16. | J59: 40g / 50g
A60: 56 | C60: 순두부탕 | H60: 순두부(대두:미국,태나다.중국 등)70%, 정제수, 멸치육수농축액, 국간장 | I60: .5. | J60: 몽글순두부(풀무원)
A61: 57 | C61: 모둠햄찌개 | H61: 모둠{미트햄[돼지고기(지방일부사용,국산)61.28%, 정제수), 찌개용어슷후랑크[닭고기(국산)38.2%], 선진카나디안햄[돼지고기(지방일부사용,국산)]}18%, 돼지고기(국산)5%, 사골액기스,김치,양파, 파, 마늘, 정제수, 국간장, 소금, 후추 | I61: .1.2.5.6.10.12.15.16.18. | J61: 사골엑기스(이츠웰), 모둠햄(선진) | L61: 42080 | M61: 2104 | N61: 44184 | O61: =E61 -> 0 | P61: =D61 -> 0 | Q61: =D61 -> 0 | R61: g | S61: =E61 -> 0 | T61: =D61 -> 0 | U61: =D61 -> 0 | W61: 204418 | X61: =IFERROR(INDEX([1]Sheet1!$A$2:$X$1948,MATCH($W$2:$W$264,[1]Sheet1!$G$2:$G$1948,0),8),"") -> 무우(특품 9~12개입 18Kg/BOX) | Y61: 18000 | AA61: 32 | AB61: =T61*AD61 -> #DIV/0! | AC61: =U61*AD61 -> #DIV/0! | AD61: =AA61/E61 -> #DIV/0! | AE61: 313064 | AF61: =IFERROR(INDEX([1]Sheet1!$A$2:$X$1948,MATCH($AE$2:$AE$264,[1]Sheet1!$G$2:$G$1948,0),8),"") -> 아이누리 오징어몸채(500g/EA) | AG61: 20 | AH61: =P61*AJ61 -> #DIV/0! | AI61: =Q61*AJ61 -> #DIV/0! | AJ61: =AG61/$E61 -> #DIV/0! | AL61: =IFERROR(INDEX([1]Sheet1!$A$2:$X$1948,MATCH($AK$2:$AK$264,[1]Sheet1!$G$2:$G$1948,0),8),"") -> 0
A62: 58 | C62: 부대햄볶음 | H62: 모둠{미트햄[돼지고기(지방일부사용,국산)61.28%, 정제수), 찌개용어슷후랑크[닭고기(국산)38.2%], 선진카나디안햄[돼지고기(지방일부사용,국산)]}18%, 베이크드빈(원료수입산)3%, 양배추, 양파, 파, 마늘, 대두유, 케첩, 간장, 설탕, 고춧가루, 치킨스톡, 물엿, 후추 | I62: .1.2.5.6.10.12.15.16.18. | J62: 사골엑기스(이츠웰), 모둠햄(선진)
A63: 59 | C63: 황태감자국 | H63: 감자(국산)17%, 황태(러시아산)3%, 양파, 파, 마늘, 멸치육수농축액, 정제수, 소금 | I63: .5.
A64: 60 | C64: 두부된장국 | H64: 두부(콩:미국,캐나다,호주등)13%, 모둠버섯[새송이(국산), 표고(중국산),]10%, 양파, 파, 마늘, 된장, 멸치육수농축액, 정제수, 소금 | I64: .5. | J64: 판두부(이츠웰)
A65: 61 | C65: 팽이미소국 | H65: 미역(국산)10%, 팽이버섯(국산)8%, 미소된장(국산), 멸치육수농축액, 정제수, 소금 | I65: .5. | O65: =E65 -> 0 | P65: =D65 -> 0 | Q65: =D65 -> 0 | R65: g | S65: =E65 -> 0 | T65: =D65 -> 0 | U65: =D65 -> 0 | W65: 105902 | X65: =IFERROR(INDEX([1]Sheet1!$A$2:$X$1948,MATCH($W$2:$W$264,[1]Sheet1!$G$2:$G$1948,0),8),"") -> 아와세 아까미소(일식용 1Kg/EA) | Y65: 1000 | AA65: 15 | AB65: =T65*AD65 -> #DIV/0! | AC65: =U65*AD65 -> #DIV/0! | AD65: =AA65/E65 -> #DIV/0! | AE65: 318643 | AF65: =IFERROR(INDEX([1]Sheet1!$A$2:$X$1948,MATCH($AE$2:$AE$264,[1]Sheet1!$G$2:$G$1948,0),8),"") -> 아이누리 자른건미역(상품 200g/EA) | AG65: 3 | AH65: =P65*AJ65 -> #DIV/0! | AI65: =Q65*AJ65 -> #DIV/0! | AJ65: =AG65/$E65 -> #DIV/0! | AK65: 266412 | AL65: =IFERROR(INDEX([1]Sheet1!$A$2:$X$1948,MATCH($AK$2:$AK$264,[1]Sheet1!$G$2:$G$1948,0),8),"") -> 한미식품 유부(슬라이스 1Kg/EA)
A66: 62 | C66: 오징어콩나물국 | H66: 콩나물(원료수입산)13%, 무(국산)10%, 오징어(미국산,국산)5%, 대파, 마늘, 정제수, 멸치육수농축액, 국간장, 소금 | I66: .5.17.
A67: 63 | C67: 얼갈이된장국 | H67: 얼갈이(국산) 23%, 된장(콩:원료수입산), 파, 마늘, 양파, 정제수, 멸치육수농축액, 국간장, 소금, | I67: .5. | J67: 30g / 35g | O67: =E67 -> 0 | P67: =D67 -> 0 | Q67: =D67 -> 0 | R67: g | S67: =E67 -> 0 | T67: =D67 -> 0 | U67: =D67 -> 0 | W67: 219387 | X67: =IFERROR(INDEX([1]Sheet1!$A$2:$X$1948,MATCH($W$2:$W$264,[1]Sheet1!$G$2:$G$1948,0),8),"") -> 냉동배추우거지(1Kg/EA) | Y67: 1000 | AA67: 26 | AB67: =T67*AD67 -> #DIV/0! | AC67: =U67*AD67 -> #DIV/0! | AD67: =AA67/E67 -> #DIV/0! | AE67: 168257 | AF67: =IFERROR(INDEX([1]Sheet1!$A$2:$X$1948,MATCH($AE$2:$AE$264,[1]Sheet1!$G$2:$G$1948,0),8),"") -> 명품 판두부(찌개용 3Kg/EA) | AG67: 17 | AH67: =P67*AJ67 -> #DIV/0! | AI67: =Q67*AJ67 -> #DIV/0! | AJ67: =AG67/$E67 -> #DIV/0! | AL67: =IFERROR(INDEX([1]Sheet1!$A$2:$X$1948,MATCH($AK$2:$AK$264,[1]Sheet1!$G$2:$G$1948,0),8),"") -> 0
A68: 64 | C68: 소고기버섯국 | H68: 버섯 [느타리,새송이:국산)]18%, 소고기(호주산)10%, 양파, 정제수, 마늘, 대파, 국간장, 소금 | I68: .5.16. | O68: =E68 -> 0 | P68: =D68 -> 0 | Q68: =D68 -> 0 | R68: g | S68: =E68 -> 0 | T68: =D68 -> 0 | U68: =D68 -> 0 | W68: 318643 | X68: =IFERROR(INDEX([1]Sheet1!$A$2:$X$1948,MATCH($W$2:$W$264,[1]Sheet1!$G$2:$G$1948,0),8),"") -> 아이누리 자른건미역(상품 200g/EA) | Y68: 200 | AA68: 3 | AB68: =T68*AD68 -> #DIV/0! | AC68: =U68*AD68 -> #DIV/0! | AD68: =AA68/E68 -> #DIV/0! | AE68: 424285 | AF68: =IFERROR(INDEX([1]Sheet1!$A$2:$X$1948,MATCH($AE$2:$AE$264,[1]Sheet1!$G$2:$G$1948,0),8),"") -> 소양지(3*2*0.3cm_저지방 키즈용_국거리용 KG) | AG68: 10 | AH68: =P68*AJ68 -> #DIV/0! | AI68: =Q68*AJ68 -> #DIV/0! | AJ68: =AG68/$E68 -> #DIV/0! | AL68: =IFERROR(INDEX([1]Sheet1!$A$2:$X$1948,MATCH($AK$2:$AK$264,[1]Sheet1!$G$2:$G$1948,0),8),"") -> 0
C69: 닭고기버섯국 | H69: 닭고기(국내산)7%, 버섯 [느타리,새송이:국산)]5%, 무(국산), 양파, 정제수, 마늘, 대파, 치킨스톡, 국간장, 소금 | I69: .5.15. | J69: 40g / 50g
A70: 65 | C70: 소고기감자국 | H70: 감자(국내산)18%, 소고기(호주산,미국산)7%, 양파, 정제수, 마늘, 대파, 국간장, 소금 | I70: .5.16.
A71: 66 | C71: 냉이된장국 | H71: 냉이(국산)7.8%, 모둠채소[느타리버섯(국산)), 무(국산), 양파(국산) ]13%, 파, 마늘, 된장, 정제수, 멸치육수농축액, 소금 | I71: .5.18.
A72: 67 | C72: 황태콩나물국 | H72: 콩나물(콩:외국산)16% , 황태채(러시아산)5%, 대파, 마늘, 참기름, 정제수, 소금 | I72: .5.21. | J72: 30g / 35g
A73: 68 | C73: 황태계란국 | H73: 계란(국산)10%, 황태채(러시아산)5%, 양파, 파, 마늘, 정제수, 참기름, 국간장, 소금 | I73: .1.5.21. | O73: =E73 -> 0 | P73: =D73 -> 0 | Q73: =D73 -> 0 | R73: g | S73: =E73 -> 0 | T73: =D73 -> 0 | U73: =D73 -> 0 | W73: 143422 | X73: =IFERROR(INDEX([1]Sheet1!$A$2:$X$1948,MATCH($W$2:$W$264,[1]Sheet1!$G$2:$G$1948,0),8),"") -> 이츠웰 순두부(1Kg/EA) | Y73: 1000 | AA73: 43 | AB73: =T73*AD73 -> #DIV/0! | AC73: =U73*AD73 -> #DIV/0! | AD73: =AA73/E73 -> #DIV/0! | AE73: 138570 | AF73: =IFERROR(INDEX([1]Sheet1!$A$2:$X$1948,MATCH($AE$2:$AE$264,[1]Sheet1!$G$2:$G$1948,0),8),"") -> 면사랑 멸치육수(1.8L_보급형 1.8Kg/EA) | AH73: =P73*AJ73 -> #DIV/0! | AI73: =Q73*AJ73 -> #DIV/0! | AJ73: =AG73/$E73 -> #DIV/0! | AL73: =IFERROR(INDEX([1]Sheet1!$A$2:$X$1948,MATCH($AK$2:$AK$264,[1]Sheet1!$G$2:$G$1948,0),8),"") -> 0
A74: 69 | C74: 모둠채소맑은국 | H74: 모둠채소[호박,감자,무,양파:국내산]25%, 파, 마늘, 정제수, 멸치육수농축액, 국간장, 소금 | I74: .5. | L74: 540 | M74: 27 | N74: 567 | O74: =E74 -> 0 | P74: =D74 -> 0 | Q74: =D74 -> 0 | R74: g | S74: =E74 -> 0 | T74: =D74 -> 0 | U74: =D74 -> 0 | W74: 318643 | X74: =IFERROR(INDEX([1]Sheet1!$A$2:$X$1948,MATCH($W$2:$W$264,[1]Sheet1!$G$2:$G$1948,0),8),"") -> 아이누리 자른건미역(상품 200g/EA) | Y74: 200 | AA74: 3 | AB74: =T74*AD74 -> #DIV/0! | AC74: =U74*AD74 -> #DIV/0! | AD74: =AA74/E74 -> #DIV/0! | AF74: =IFERROR(INDEX([1]Sheet1!$A$2:$X$1948,MATCH($AE$2:$AE$264,[1]Sheet1!$G$2:$G$1948,0),8),"") -> 0 | AH74: =P74*AJ74 -> #DIV/0! | AI74: =Q74*AJ74 -> #DIV/0! | AJ74: =AG74/$E74 -> #DIV/0! | AL74: =IFERROR(INDEX([1]Sheet1!$A$2:$X$1948,MATCH($AK$2:$AK$264,[1]Sheet1!$G$2:$G$1948,0),8),"") -> 0
A75: 70 | C75: 들깨미역국 | H75: 불린미역(국산)23%, 정제수, 거피들깨(중국산), 참기름, 국간장, 밥새우, 멸치육수농축액, 마늘, 소금 | I75: .5.9.21.22. | J75: 25g / 30g | L75: 16590 | M75: 829.5 | N75: 17419.5 | O75: =E75 -> 0 | P75: =D75 -> 0 | Q75: =D75 -> 0 | R75: g | S75: =E75 -> 0 | T75: =D75 -> 0 | U75: =D75 -> 0 | W75: 204418 | X75: =IFERROR(INDEX([1]Sheet1!$A$2:$X$1948,MATCH($W$2:$W$264,[1]Sheet1!$G$2:$G$1948,0),8),"") -> 무우(특품 9~12개입 18Kg/BOX) | Y75: 18000 | AA75: 28 | AB75: =T75*AD75 -> #DIV/0! | AC75: =U75*AD75 -> #DIV/0! | AD75: =AA75/E75 -> #DIV/0! | AE75: 424285 | AF75: =IFERROR(INDEX([1]Sheet1!$A$2:$X$1948,MATCH($AE$2:$AE$264,[1]Sheet1!$G$2:$G$1948,0),8),"") -> 소양지(3*2*0.3cm_저지방 키즈용_국거리용 KG) | AG75: 17 | AH75: =P75*AJ75 -> #DIV/0! | AI75: =Q75*AJ75 -> #DIV/0! | AJ75: =AG75/$E75 -> #DIV/0! | AL75: =IFERROR(INDEX([1]Sheet1!$A$2:$X$1948,MATCH($AK$2:$AK$264,[1]Sheet1!$G$2:$G$1948,0),8),"") -> 0
C76: 건새우미역국 | H76: 불린미역(국산)23%, 건새우(국내산),3%, 정제수, 참기름, 국간장, 밥새우, 멸치육수농축액, 마늘, 소금 | I76: .5.9.21.
A77: 71 | C77: 조랭이떡미역국 | H77: 미역(국산)18.6%, 조랭이떡(쌀:수입산)12%, 정제수, 밥새우, 멸치육수농축액, 국간장, 참기름, 소금 | I77: .5.9.21.
A78: 72 | C78: 바지락살무국 | H78: 무(국산)20%, 바지락살(중국산)5%, 두부(콩:미국.호주.캐나다등), 대파, 마늘, 국간장, 정제수, 소금
A79: 73 | C79: 유부무국 | H79: 무(국산_)18.3%, 유부(원료수입산)7%, 정제수, 국간장, 파, 마늘, 소금 | I79: .5. | O79: =E79 -> 0 | P79: =D79 -> 0 | Q79: =D79 -> 0 | R79: g | S79: =E79 -> 0 | T79: =D79 -> 0 | U79: =D79 -> 0 | W79: 193090 | X79: =IFERROR(INDEX([1]Sheet1!$A$2:$X$1948,MATCH($W$2:$W$264,[1]Sheet1!$G$2:$G$1948,0),8),"") -> 냉동감자(절단_3~4cm 1Kg/EA) | Y79: 1000 | AA79: 28 | AB79: =T79*AD79 -> #DIV/0! | AC79: =U79*AD79 -> #DIV/0! | AD79: =AA79/E79 -> #DIV/0! | AE79: 226247 | AF79: =IFERROR(INDEX([1]Sheet1!$A$2:$X$1948,MATCH($AE$2:$AE$264,[1]Sheet1!$G$2:$G$1948,0),8),"") -> 냉동표고버섯(1.5*1.5cm다이스 1Kg/EA) | AH79: =P79*AJ79 -> #DIV/0! | AI79: =Q79*AJ79 -> #DIV/0! | AJ79: =AG79/$E79 -> #DIV/0! | AK79: 420010 | AL79: =IFERROR(INDEX([1]Sheet1!$A$2:$X$1948,MATCH($AK$2:$AK$264,[1]Sheet1!$G$2:$G$1948,0),8),"") -> 알로팜 계란(왕란_무항생제_68g*30입 2.04Kg/EA)
A80: 74 | C80: 감자계란국 | H80: 감자(국산)15%, 계란(국산)3.5%, 양파, 파, 마늘, 멸치육수농축액, 정제수, 소금 | I80: .1.5.
A81: 75 | C81: 육개장 | H81: 소고기(호주산)8.3%, 무(국산)10%, 고사리(중국산), 숙주(원료수입산), 느타리버섯, 파, 마늘, 정제수, 국간장, 소금, 후추 | I81: .5.16.
A82: 76 | C82: 두부계란국 | H82: 두부(대두:수입산)18%, 계란(국내산)3.5%, 파, 마늘, 멸치육수농축액, 정제수, 소금 | I82: .1.5.
A83: 77 | C83: 어묵양배추국 | H83: 어묵(원료수입산)15%, 양배추(국산)10%, 양파, 대파, 마늘, 정제수, 국간장, 소금 | I83: .5.
A84: 78 | C84: 호박잎된장국 | H84: 채소[호박잎, 호박, 감자]25%, 정제수, 파, 마늘, 된장, 멸치육수농축액, 국간장, 소금 | I84: .5.
A85: 79 | C85: 얼큰어묵탕 | H85: 볼어묵[연육(:중국산, 베트남산)53.29%, 설탕, 밀가루(밀:미국산, 호주산), 정제소금(국산)]18%, 무(국산)10%, 양파, 대파, 고춧가루, 멸치육수농축액, 마늘, 정제수, 국간장, 소금 | I85: .5.6. | J85: 볼어묵(이츠웰)
A86: 80 | C86: 볼어묵국 | H86: 볼어묵[연육(:중국산, 베트남산)53.29%, 설탕, 밀가루(밀:미국산, 호주산), 정제소금(국산)]18%, 무(국산)7%, 양파, 대파, 마늘, 정제수, 국간장, 소금 | I86: .5.6. | J86: 볼어묵(이츠웰) | L86: 480 | M86: 24 | N86: 504 | O86: =E86 -> 0 | P86: =D86 -> 0 | Q86: =D86 -> 0 | R86: g | S86: =E86 -> 0 | T86: =D86 -> 0 | U86: =D86 -> 0 | W86: 221871 | X86: =IFERROR(INDEX([1]Sheet1!$A$2:$X$1948,MATCH($W$2:$W$264,[1]Sheet1!$G$2:$G$1948,0),8),"") -> 냉동시금치(IQF 1Kg/EA) | Y86: 1000 | AA86: 21 | AB86: =T86*AD86 -> #DIV/0! | AC86: =U86*AD86 -> #DIV/0! | AD86: =AA86/E86 -> #DIV/0! | AE86: 168384 | AF86: =IFERROR(INDEX([1]Sheet1!$A$2:$X$1948,MATCH($AE$2:$AE$264,[1]Sheet1!$G$2:$G$1948,0),8),"") -> 사조대림 사각어묵(알뜰 1Kg/EA) | AG86: 17 | AH86: =P86*AJ86 -> #DIV/0! | AI86: =Q86*AJ86 -> #DIV/0! | AJ86: =AG86/$E86 -> #DIV/0! | AL86: =IFERROR(INDEX([1]Sheet1!$A$2:$X$1948,MATCH($AK$2:$AK$264,[1]Sheet1!$G$2:$G$1948,0),8),"") -> 0
A87: 81 | C87: 배추된장국 | H87: 데친배추(배추:국산)18%, 두부(대두:수입산), 양파, 대파, 마늘, 된장, 정제수, 멸치육수농축액, 국간장 | I87: .5. | J87: 멸치육수농축액(면사랑) | L87: 25650 | M87: 1282.5 | N87: 26932.5 | O87: =E87 -> 0 | P87: =D87 -> 0 | Q87: =D87 -> 0 | R87: g | S87: =E87 -> 0 | T87: =D87 -> 0 | U87: =D87 -> 0 | W87: 211696 | X87: =IFERROR(INDEX([1]Sheet1!$A$2:$X$1948,MATCH($W$2:$W$264,[1]Sheet1!$G$2:$G$1948,0),8),"") -> 건시래기(데친것 KG) | Y87: 1000 | AA87: 24 | AB87: =T87*AD87 -> #DIV/0! | AC87: =U87*AD87 -> #DIV/0! | AD87: =AA87/E87 -> #DIV/0! | AE87: 313570 | AF87: =IFERROR(INDEX([1]Sheet1!$A$2:$X$1948,MATCH($AE$2:$AE$264,[1]Sheet1!$G$2:$G$1948,0),8),"") -> 프레시웨이 북어채(1Kg/EA) | AG87: 8 | AH87: =P87*AJ87 -> #DIV/0! | AI87: =Q87*AJ87 -> #DIV/0! | AJ87: =AG87/$E87 -> #DIV/0! | AL87: =IFERROR(INDEX([1]Sheet1!$A$2:$X$1948,MATCH($AK$2:$AK$264,[1]Sheet1!$G$2:$G$1948,0),8),"") -> 0
A88: 82 | C88: 봄동바지락된장국 | H88: 봄동(국산)18.8%, 바지락(중국산)5%, 정제수, 양파, 마늘, 파, 된장, 멸치육수농축액, 국간장, 소금 | I88: .5.18. | O88: =E88 -> 0 | P88: =D88 -> 0 | Q88: =D88 -> 0 | R88: g | S88: =E88 -> 0 | T88: =D88 -> 0 | U88: =D88 -> 0 | W88: 221871 | X88: =IFERROR(INDEX([1]Sheet1!$A$2:$X$1948,MATCH($W$2:$W$264,[1]Sheet1!$G$2:$G$1948,0),8),"") -> 냉동시금치(IQF 1Kg/EA) | Y88: 1000 | AA88: 42 | AB88: =T88*AD88 -> #DIV/0! | AC88: =U88*AD88 -> #DIV/0! | AD88: =AA88/E88 -> #DIV/0! | AE88: 105943 | AF88: =IFERROR(INDEX([1]Sheet1!$A$2:$X$1948,MATCH($AE$2:$AE$264,[1]Sheet1!$G$2:$G$1948,0),8),"") -> 대상 재래된장(지함_재래식숙성 14Kg/EA) | AH88: =P88*AJ88 -> #DIV/0! | AI88: =Q88*AJ88 -> #DIV/0! | AJ88: =AG88/$E88 -> #DIV/0! | AL88: =IFERROR(INDEX([1]Sheet1!$A$2:$X$1948,MATCH($AK$2:$AK$264,[1]Sheet1!$G$2:$G$1948,0),8),"") -> 0
A89: 83 | C89: 감자버섯된장국 | H89: 감자(국내산)10%, 모둠버섯(표고:중국산, 새송이, 느타리:국산)7%, 두부(대두:수입산), 양파, 정제수, 된장(콩:수입산), 멸치육수농축액, 마늘, 파, 소금 | I89: .5. | J89: 겨울시즌 : 냉이 추가
A90: 84 | C90: 바지락콩나물국 | H90: 콩나물(원료수입산)16%, 바지락(중국산)7%, 바지락육수, 대파, 마늘, 고추가루, 정제수, 국간장, 소금 | I90: .5.
A91: 85 | C91: 콩나물어묵국 | H91: 콩나물(콩:수입산)15%, 어묵(원료수입산)10%, 양파, 파, 마늘, 정제수, 국간장, 소금 | I91: .5.6. | L91: 350 | M91: 17.5 | N91: 367.5 | O91: =E91 -> 0 | P91: =D91 -> 0 | Q91: =D91 -> 0 | R91: g | S91: =E91 -> 0 | T91: =D91 -> 0 | U91: =D91 -> 0 | W91: 197120 | X91: =IFERROR(INDEX([1]Sheet1!$A$2:$X$1948,MATCH($W$2:$W$264,[1]Sheet1!$G$2:$G$1948,0),8),"") -> 종가집 포기김치(숙성 10Kg/BOX) | Y91: 10000 | AA91: 21 | AB91: =T91*AD91 -> #DIV/0! | AC91: =U91*AD91 -> #DIV/0! | AD91: =AA91/E91 -> #DIV/0! | AE91: 192872 | AF91: =IFERROR(INDEX([1]Sheet1!$A$2:$X$1948,MATCH($AE$2:$AE$264,[1]Sheet1!$G$2:$G$1948,0),8),"") -> 소이원 콩나물(곱슬이_단채 4Kg/BOX) | AG91: 15 | AH91: =P91*AJ91 -> #DIV/0! | AI91: =Q91*AJ91 -> #DIV/0! | AJ91: =AG91/$E91 -> #DIV/0! | AL91: =IFERROR(INDEX([1]Sheet1!$A$2:$X$1948,MATCH($AK$2:$AK$264,[1]Sheet1!$G$2:$G$1948,0),8),"") -> 0
A92: 86 | C92: 백순두부찌개 | H92: 순두부(원료수입산)42.9%, 바지락살(중국산)3%, 양파, 파, 마늘, 정제수, 국간장, 참치액, 소금 | I92: .5.18.
A93: 87 | C93: 바지락순두부찌개 | H93: 순두부(원료수입산)42.9%, 바지락살(중국산)3%, 양파, 파, 마늘, 정제수, 고춧가루, 고추기름, 국간장, 참치액, 소금 | I93: .5.9.18.
A94: 88 | C94: 해물순두부찌개 | H94: 순두부(대두:수입산)42.9%, 해물[바지락살(중국산), 칵테일새우(베트남산), 오징어(미국산)]7%, 양파, 파, 마늘, 정제수, 멸치육수농축액, 고춧가루, 국간장,소금 | I94: .5.9.17.18.
A95: 89 | C95: 굴림만두국 | H95: 굴림만두(돼지고기:국산), 두부, 양배추, 양파, 부추, 대파, 난백, 밀가루, 참기름)35%, 계란(국산), 정제수, 멸치육수농축액, 마늘, 파, 소금 | I95: .1.2.5.6.10.16.21.
A96: 90 | C96: 통다리삼계탕 | H96: 닭다리(장각:국산)60%, 삼계탕육수(정제수, 황기,대추,당귀,헛개나무, 엄나무,오가피:국산)38%, 소금, 대파, 마늘, 후추 | I96: .15.
A97: 91 | C97: 무채콩나물국 | H97: 콩나물(원료수입산)16%, 무(국산)10%, 대파, 마늘, 정제수, 멸치육수농축액, 국간장, 소금 | I97: .5.
A98: 92 | C98: 꼬치어묵국 | H98: 어묵[연육:베트남산, 밀가루(밀:호주산, 미국산)]21.3%, 무(국산)5%, 양파, 파, 마늘, 정제수, 멸치육수농축액, 소금 | I98: .5.6. | J98: 꼬치어묵(삼호)
A99: 93 | C99: 돈육고추장찌개 | H99: 감자(국산)12%, 돈육(국산)8%, 두부(원료수입산)7%, 양파, 파, 마늘, 고추장, 고추가루, 국간장, 소금 | I99: .5.6.10. | J99: 70g
A100: 94 | C100: 맑은순두부국 | H100: 순두부(콩:미국,캐나다,호주등)30%, 양파, 파, 마늘, 정제수, 국간장, 소금
...

Sheet 03-03
B1: 2026-03-03(화) | M1: *한입해쉬브라운 : 9g(개당) | P1: *양송이떡갈비 : 1.5ea, 1.75, 2 | S1: *양배추당근라페 : 20g / 30g
B2: 출고일 | C2: 구분 | D2: 품명 | E2: 중량(g) | F2: 수량(장) | G2: 자재사용내역 | H2: 알러지 표기 | I2: 배송시점 | J2: 제공인원 | K2: 총생산량(Kg) | L2: 메 모 | M2: *샐러드 채소 : 15g, 20g ,25g | P2: *야채고기말이 : 1.1, 1.5, 1.5 | S2: *고구마튀김35g / 45g
B3: 중식 | C3: 밥 | D3: 친환경귀리쌀밥 | E3: 140 | G3: =IFERROR(INDEX(온라인_반찬!$C$2:$H$604,MATCH($D3,온라인_반찬!$C$2:$C$604,0),6),"") -> 쌀(국산)90%, 귀리(국산.친환경)5%, 정제수 | H3: =IFERROR(INDEX(온라인_반찬!$D$2:$J$597,MATCH($D3,온라인_반찬!$C$2:$C$597,0),6),"") -> 0 | I3: 2026-03-03 09:30~ | L3: =IFERROR(INDEX(온라인_반찬!$C$2:$J$597,MATCH($D3,온라인_반찬!$C$2:$C$597,0),8),"") -> 0 | M3: *웨지감자 : 25g / 30g | O3: *어묵채구이:12g / 15g | S3: 한입새우튀김 : 30g / 35g / 45g (소스15g)
C4: 국 | D4: 팽이미소국 | E4: 150 | G4: =IFERROR(INDEX(온라인_반찬!$C$2:$H$604,MATCH($D4,온라인_반찬!$C$2:$C$604,0),6),"") -> 미역(국산)10%, 팽이버섯(국산)8%, 미소된장(국산), 멸치육수농축액, 정제수, 소금 | H4: =IFERROR(INDEX(온라인_반찬!$D$2:$J$597,MATCH($D4,온라인_반찬!$C$2:$C$597,0),6),"") -> .5. | I4: 2026-03-03 09:30~ | L4: =IFERROR(INDEX(온라인_반찬!$C$2:$J$597,MATCH($D4,온라인_반찬!$C$2:$C$597,0),8),"") -> 0 | M4: *꼬마돈까스: 25g, 중구청 35g | P4: *족발:45g / 55g | S4: *갈비만두 : 성분표기 인당1개 / 식수 인당1.5개
C5: 메인 | D5: 통등심돈까스 | E5: 50 | G5: =IFERROR(INDEX(온라인_반찬!$C$2:$H$604,MATCH($D5,온라인_반찬!$C$2:$C$604,0),6),"") -> 돈까스 [돼지고기(국산)50%, 독일빅빵가루 (밀:미국산,캐나다산), 쇼트닝, 정제소금, 난백분, 소금, 후추, 설탕, 마늘분말] 97%, 대두유 3% | H5: =IFERROR(INDEX(온라인_반찬!$D$2:$J$597,MATCH($D5,온라인_반찬!$C$2:$C$597,0),6),"") -> 1.2.5.6.10. | I5: 2026-03-03 09:30~ | L5: =IFERROR(INDEX(온라인_반찬!$C$2:$J$597,MATCH($D5,온라인_반찬!$C$2:$C$597,0),8),"") -> 173374 쉐프솔루션 진짜통등심돈까스(130g*20입 2.6Kg/EA) | M5: *오징어볼탕수 : 35g / 45g/ 70g 소스 : 20g | S5: *생선통살탕수 : 40g / 50g / 교사 70g, 소스 25g 개당 12g
D6: & 돈까스소스 | E6: 20 | G6: =IFERROR(INDEX(온라인_반찬!$C$2:$H$604,MATCH($D6,온라인_반찬!$C$2:$C$604,0),6),"") -> 돈까스소스[토마토페이스트:중국산, 사과농축액:중국산, 정제수, 식초,소금], 양파, 대두유, 정제수 | H6: =IFERROR(INDEX(온라인_반찬!$D$2:$J$597,MATCH($D6,온라인_반찬!$C$2:$C$597,0),6),"") -> .5.6.12.16.18. | I6: 2026-03-03 09:30~ | L6: =IFERROR(INDEX(온라인_반찬!$C$2:$J$597,MATCH($D6,온라인_반찬!$C$2:$C$597,0),8),"") -> 돈까스소스(면사랑, 청정원)
C7: 반찬1 | D7: 불고기떡볶이 | E7: 40 | G7: =IFERROR(INDEX(온라인_반찬!$C$2:$H$604,MATCH($D7,온라인_반찬!$C$2:$C$604,0),6),"") -> 밀떡(밀:수입산)60%, 소고기(호주산)20%, 양파, 팽이버섯, 당근, , 대두유, 간장, 설탕, 참기름, 참깨 | H7: =IFERROR(INDEX(온라인_반찬!$D$2:$J$597,MATCH($D7,온라인_반찬!$C$2:$C$597,0),6),"") -> .5.6.16.21. | I7: 2026-03-03 09:30~ | L7: =IFERROR(INDEX(온라인_반찬!$C$2:$J$597,MATCH($D7,온라인_반찬!$C$2:$C$597,0),8),"") -> 0 | M7: *표고강정 : 30g(35g) | P7: *훈제오리 : 40g / 50g | S7: *해물전:1000680205(삼성웰스토리)
C8: 반찬2 | D8: 양배추당근라페 | E8: 25 | G8: =IFERROR(INDEX(온라인_반찬!$C$2:$H$604,MATCH($D8,온라인_반찬!$C$2:$C$604,0),6),"") -> 양배추(국내산)50%, 당근(국내산)45%, 소금, 레몬즙, 머스터드소스, 설탕, 마늘, 올리브오일 | H8: =IFERROR(INDEX(온라인_반찬!$D$2:$J$597,MATCH($D8,온라인_반찬!$C$2:$C$597,0),6),"") -> 0 | I8: 2026-03-03 09:30~ | L8: =IFERROR(INDEX(온라인_반찬!$C$2:$J$597,MATCH($D8,온라인_반찬!$C$2:$C$597,0),8),"") -> 새송이버섯 수율 45~50% (총알새송이는 수율 다름) | M8: *탕수육40g(중구청50g) ,소스25g | P8: *마카로니.콘샐러드 : 30g | S8: *통등심돈까스:50g / 소스 25g
C9: 반찬3 | D9: 깍두기 | E9: 25 | G9: =IFERROR(INDEX(온라인_반찬!$C$2:$H$604,MATCH($D9,온라인_반찬!$C$2:$C$604,0),6),"") -> 무(국산)85.2%, 고추가루(국산), 밀가루풀(국산), 파, 마늘, 새우젓 등 양념(국산) | H9: =IFERROR(INDEX(온라인_반찬!$D$2:$J$597,MATCH($D9,온라인_반찬!$C$2:$C$597,0),6),"") -> .6.9. | I9: 2026-03-03 09:30~ | L9: =IFERROR(INDEX(온라인_반찬!$C$2:$J$597,MATCH($D9,온라인_반찬!$C$2:$C$597,0),8),"") -> 0 | M9: *건두부무침 : 25g / 35g | P9: *파르펠레냉파스타:30g | S9: *족발부추무침 : 45g, 55g
C10: 보존식 | J10: 1 | K10: 0.25
B11: 글로벌 리더스 . 석식 | C11: 밥 | D11: 친환경귀리쌀밥 | E11: 150 | G11: =IFERROR(INDEX(온라인_반찬!$C$2:$H$604,MATCH($D11,온라인_반찬!$C$2:$C$604,0),6),"") -> 쌀(국산)90%, 귀리(국산.친환경)5%, 정제수 | H11: =IFERROR(INDEX(온라인_반찬!$D$2:$J$597,MATCH($D11,온라인_반찬!$C$2:$C$597,0),6),"") -> 0 | I11: 2026-03-03 14:30~ | L11: =IFERROR(INDEX(온라인_반찬!$C$2:$J$597,MATCH($D11,온라인_반찬!$C$2:$C$597,0),8),"") -> 0 | M11: *영양찜닭:85g / 95g | P11: *소고기가지볶음 : 30g | S11: *춘장닭불고기 : 70g / 80g
C12: 국 | D12: 팽이미소국 | E12: 160 | G12: =IFERROR(INDEX(온라인_반찬!$C$2:$H$604,MATCH($D12,온라인_반찬!$C$2:$C$604,0),6),"") -> 미역(국산)10%, 팽이버섯(국산)8%, 미소된장(국산), 멸치육수농축액, 정제수, 소금 | H12: =IFERROR(INDEX(온라인_반찬!$D$2:$J$597,MATCH($D12,온라인_반찬!$C$2:$C$597,0),6),"") -> .5. | I12: 2026-03-03 14:30~ | L12: =IFERROR(INDEX(온라인_반찬!$C$2:$J$597,MATCH($D12,온라인_반찬!$C$2:$C$597,0),8),"") -> 0 | M12: *미트볼 : 개당10g | P12: *삼색소고기소보로 : 50g / 70g | S12: *훈제오리잡채 : 55g / 70g
C13: 메인 | D13: 통등심돈까스 | E13: 70 | G13: =IFERROR(INDEX(온라인_반찬!$C$2:$H$604,MATCH($D13,온라인_반찬!$C$2:$C$604,0),6),"") -> 돈까스 [돼지고기(국산)50%, 독일빅빵가루 (밀:미국산,캐나다산), 쇼트닝, 정제소금, 난백분, 소금, 후추, 설탕, 마늘분말] 97%, 대두유 3% | H13: =IFERROR(INDEX(온라인_반찬!$D$2:$J$597,MATCH($D13,온라인_반찬!$C$2:$C$597,0),6),"") -> 1.2.5.6.10. | I13: 2026-03-03 14:30~ | L13: =IFERROR(INDEX(온라인_반찬!$C$2:$J$597,MATCH($D13,온라인_반찬!$C$2:$C$597,0),8),"") -> 173374 쉐프솔루션 진짜통등심돈까스(130g*20입 2.6Kg/EA)
D14: & 돈까스소스 | E14: 25 | G14: =IFERROR(INDEX(온라인_반찬!$C$2:$H$604,MATCH($D14,온라인_반찬!$C$2:$C$604,0),6),"") -> 돈까스소스[토마토페이스트:중국산, 사과농축액:중국산, 정제수, 식초,소금], 양파, 대두유, 정제수 | H14: =IFERROR(INDEX(온라인_반찬!$D$2:$J$597,MATCH($D14,온라인_반찬!$C$2:$C$597,0),6),"") -> .5.6.12.16.18. | I14: 2026-03-03 14:30~ | L14: =IFERROR(INDEX(온라인_반찬!$C$2:$J$597,MATCH($D14,온라인_반찬!$C$2:$C$597,0),8),"") -> 돈까스소스(면사랑, 청정원)
C15: 반찬1 | D15: 불고기떡볶이 | E15: 50 | G15: =IFERROR(INDEX(온라인_반찬!$C$2:$H$604,MATCH($D15,온라인_반찬!$C$2:$C$604,0),6),"") -> 밀떡(밀:수입산)60%, 소고기(호주산)20%, 양파, 팽이버섯, 당근, , 대두유, 간장, 설탕, 참기름, 참깨 | H15: =IFERROR(INDEX(온라인_반찬!$D$2:$J$597,MATCH($D15,온라인_반찬!$C$2:$C$597,0),6),"") -> .5.6.16.21. | I15: 2026-03-03 14:30~ | L15: =IFERROR(INDEX(온라인_반찬!$C$2:$J$597,MATCH($D15,온라인_반찬!$C$2:$C$597,0),8),"") -> 0
C16: 반찬2 | D16: 양배추당근라페 | E16: 35 | G16: =IFERROR(INDEX(온라인_반찬!$C$2:$H$604,MATCH($D16,온라인_반찬!$C$2:$C$604,0),6),"") -> 양배추(국내산)50%, 당근(국내산)45%, 소금, 레몬즙, 머스터드소스, 설탕, 마늘, 올리브오일 | H16: =IFERROR(INDEX(온라인_반찬!$D$2:$J$597,MATCH($D16,온라인_반찬!$C$2:$C$597,0),6),"") -> 0 | I16: 2026-03-03 14:30~ | L16: =IFERROR(INDEX(온라인_반찬!$C$2:$J$597,MATCH($D16,온라인_반찬!$C$2:$C$597,0),8),"") -> 새송이버섯 수율 45~50% (총알새송이는 수율 다름)
C17: 반찬3 | D17: 깍두기 | E17: 35 | G17: =IFERROR(INDEX(온라인_반찬!$C$2:$H$604,MATCH($D17,온라인_반찬!$C$2:$C$604,0),6),"") -> 무(국산)85.2%, 고추가루(국산), 밀가루풀(국산), 파, 마늘, 새우젓 등 양념(국산) | H17: =IFERROR(INDEX(온라인_반찬!$D$2:$J$597,MATCH($D17,온라인_반찬!$C$2:$C$597,0),6),"") -> .6.9. | I17: 2026-03-03 14:30~ | L17: =IFERROR(INDEX(온라인_반찬!$C$2:$J$597,MATCH($D17,온라인_반찬!$C$2:$C$597,0),8),"") -> 0
C18: 신당꿈 특식 | D18: 과일 | F18: 1 | G18: 배(국내산) | H18: =IFERROR(INDEX(온라인_반찬!$D$2:$J$597,MATCH($D18,온라인_반찬!$C$2:$C$597,0),6),"") | I18: 2026-03-03 14:30~ | L18: =IFERROR(INDEX(온라인_반찬!$C$2:$J$597,MATCH($D18,온라인_반찬!$C$2:$C$597,0),8),"")
C19: 보존식 | J19: 1 | K19: 0.25
B20: 강서폴리 소풍 | C20: 밥 | G20: =IFERROR(INDEX(온라인_반찬!$C$2:$H$604,MATCH($D20,온라인_반찬!$C$2:$C$604,0),6),"") | H20: =IFERROR(INDEX(온라인_반찬!$D$2:$J$597,MATCH($D20,온라인_반찬!$C$2:$C$597,0),6),"") | I20: 2026-03-03 09:30~ | L20: =IFERROR(INDEX(온라인_반찬!$C$2:$J$597,MATCH($D20,온라인_반찬!$C$2:$C$597,0),8),"")
C21: 반찬1 | G21: =IFERROR(INDEX(온라인_반찬!$C$2:$H$604,MATCH($D21,온라인_반찬!$C$2:$C$604,0),6),"") | H21: =IFERROR(INDEX(온라인_반찬!$D$2:$J$597,MATCH($D21,온라인_반찬!$C$2:$C$597,0),6),"") | I21: 2026-03-03 09:30~ | L21: =IFERROR(INDEX(온라인_반찬!$C$2:$J$597,MATCH($D21,온라인_반찬!$C$2:$C$597,0),8),"")
G22: =IFERROR(INDEX(온라인_반찬!$C$2:$H$604,MATCH($D22,온라인_반찬!$C$2:$C$604,0),6),"") | H22: =IFERROR(INDEX(온라인_반찬!$D$2:$J$597,MATCH($D22,온라인_반찬!$C$2:$C$597,0),6),"") | I22: 2026-03-03 09:30~ | L22: =IFERROR(INDEX(온라인_반찬!$C$2:$J$597,MATCH($D22,온라인_반찬!$C$2:$C$597,0),8),"")
C23: 반찬2 | G23: =IFERROR(INDEX(온라인_반찬!$C$2:$H$604,MATCH($D23,온라인_반찬!$C$2:$C$604,0),6),"") | H23: =IFERROR(INDEX(온라인_반찬!$D$2:$J$597,MATCH($D23,온라인_반찬!$C$2:$C$597,0),6),"") | I23: 2026-03-03 09:30~ | L23: =IFERROR(INDEX(온라인_반찬!$C$2:$J$597,MATCH($D23,온라인_반찬!$C$2:$C$597,0),8),"")
C24: 반찬3 | G24: =IFERROR(INDEX(온라인_반찬!$C$2:$H$604,MATCH($D24,온라인_반찬!$C$2:$C$604,0),6),"") | H24: =IFERROR(INDEX(온라인_반찬!$D$2:$J$597,MATCH($D24,온라인_반찬!$C$2:$C$597,0),6),"") | I24: 2026-03-03 09:30~ | L24: =IFERROR(INDEX(온라인_반찬!$C$2:$J$597,MATCH($D24,온라인_반찬!$C$2:$C$597,0),8),"")
C25: 반찬4 | G25: =IFERROR(INDEX(온라인_반찬!$C$2:$H$604,MATCH($D25,온라인_반찬!$C$2:$C$604,0),6),"") | H25: =IFERROR(INDEX(온라인_반찬!$D$2:$J$597,MATCH($D25,온라인_반찬!$C$2:$C$597,0),6),"") | I25: 2026-03-03 09:30~ | L25: =IFERROR(INDEX(온라인_반찬!$C$2:$J$597,MATCH($D25,온라인_반찬!$C$2:$C$597,0),8),"")
C26: 보존식 | F26: 1 | J26: 1 | K26: 0.25

Sheet 03-04
B1: 2026-03-04(수) | M1: *한입해쉬브라운 : 9g(개당) | P1: *양송이떡갈비 : 1.5ea, 1.75, 2 | S1: *양배추당근라페 : 20g / 30g
B2: 출고일 | C2: 구분 | D2: 품명 | E2: 중량(g) | F2: 수량(장) | G2: 자재사용내역 | H2: 알러지 표기 | I2: 배송시점 | J2: 제공인원 | K2: 총생산량(Kg) | L2: 메 모 | M2: *샐러드 채소 : 15g, 20g ,25g | P2: *야채고기말이 : 1.1, 1.5, 1.5 | S2: *고구마튀김35g / 45g
B3: 중식 | C3: 밥 | D3: 친환경찰흑미쌀밥 | E3: 140 | G3: =IFERROR(INDEX(온라인_반찬!$C$2:$H$604,MATCH($D3,온라인_반찬!$C$2:$C$604,0),6),"") -> 쌀(국산)90%, 찰흑미(국산.친환경)5%, 정제수 | H3: =IFERROR(INDEX(온라인_반찬!$D$2:$J$597,MATCH($D3,온라인_반찬!$C$2:$C$597,0),6),"") -> 0 | I3: 2026-03-04 09:30~ | J3: 1688 | K3: 268220 | L3: =IFERROR(INDEX(온라인_반찬!$C$2:$J$597,MATCH($D3,온라인_반찬!$C$2:$C$597,0),8),"") -> 0 | M3: *웨지감자 : 25g / 30g | O3: *어묵채구이:12g / 15g | S3: 한입새우튀김 : 30g / 35g / 45g (소스15g)
C4: 국 | D4: 소고기장국 | E4: 150 | G4: =IFERROR(INDEX(온라인_반찬!$C$2:$H$604,MATCH($D4,온라인_반찬!$C$2:$C$604,0),6),"") -> 열갈이(국산)10%, 소고기(호주산)7%, 무(국산)5%, 콩나물(원료수입산)5%, 정제수, 된장, 대파, 마늘, 국간장, 멸치육수농축액, 소금 | H4: =IFERROR(INDEX(온라인_반찬!$D$2:$J$597,MATCH($D4,온라인_반찬!$C$2:$C$597,0),6),"") -> .5.16. | I4: 2026-03-04 09:30~ | J4: 1616 | K4: 261090 | L4: =IFERROR(INDEX(온라인_반찬!$C$2:$J$597,MATCH($D4,온라인_반찬!$C$2:$C$597,0),8),"") -> 멸치육수농축액(면사랑) 40g / 45g ) | M4: *꼬마돈까스: 25g, 중구청 35g | P4: *족발:45g / 55g | S4: *갈비만두 : 성분표기 인당1개 / 식수 인당1.5개
C5: 메인 | D5: 닭살데리야끼조림 | E5: 60 | G5: =IFERROR(INDEX(온라인_반찬!$C$2:$H$604,MATCH($D5,온라인_반찬!$C$2:$C$604,0),6),"") -> 닭고기(닭다리살, 닭가슴살:국산)80%,양파, 당근, 파, 마늘, 정제수, 간장, 데리야끼소스(시판용), 후추, 소금 | H5: =IFERROR(INDEX(온라인_반찬!$D$2:$J$597,MATCH($D5,온라인_반찬!$C$2:$C$597,0),6),"") -> .1.2.5.6.15.21. | I5: 2026-03-04 09:30~ | J5: 1688 | K5: 130530 | L5: =IFERROR(INDEX(온라인_반찬!$C$2:$J$597,MATCH($D5,온라인_반찬!$C$2:$C$597,0),8),"") -> 데리야끼소스(오뚜기) | M5: *오징어볼탕수 : 35g / 45g/ 70g 소스 : 20g | S5: *생선통살탕수 : 40g / 50g / 교사 70g, 소스 25g 개당 12g
C6: 반찬1 | D6: 어묵채구이 | E6: 12 | G6: =IFERROR(INDEX(온라인_반찬!$C$2:$H$604,MATCH($D6,온라인_반찬!$C$2:$C$604,0),6),"") -> 어묵(원료수입산)90%, 대두유, 간장, 설탕 | H6: =IFERROR(INDEX(온라인_반찬!$D$2:$J$597,MATCH($D6,온라인_반찬!$C$2:$C$597,0),6),"") -> .5.6.21. | I6: 2026-03-04 09:30~ | J6: 1688 | K6: 24592 | L6: =IFERROR(INDEX(온라인_반찬!$C$2:$J$597,MATCH($D6,온라인_반찬!$C$2:$C$597,0),8),"") -> 0 | M6: *표고강정 : 30g(35g) | P6: *훈제오리 : 40g / 50g | S6: *해물전:1000680205(삼성웰스토리)
C7: 반찬2 | D7: 참치깍두기볶음 | E7: 35 | G7: =IFERROR(INDEX(온라인_반찬!$C$2:$H$604,MATCH($D7,온라인_반찬!$C$2:$C$604,0),6),"") -> 참치캔(가다랑어:베트산)7%, 깍두기[무(국내산),고춧가루(국내산)],대두유, 소금,참기름,참깨 | H7: =IFERROR(INDEX(온라인_반찬!$D$2:$J$597,MATCH($D7,온라인_반찬!$C$2:$C$597,0),6),"") -> .5.6.9.21. | I7: 2026-03-04 09:30~ | J7: 1688 | K7: 69010 | L7: =IFERROR(INDEX(온라인_반찬!$C$2:$J$597,MATCH($D7,온라인_반찬!$C$2:$C$597,0),8),"") -> 0 | M7: *탕수육40g(중구청50g) ,소스25g | P7: *마카로니.콘샐러드 : 30g | S7: *통등심돈까스:50g / 소스 25g
C8: 반찬3 | D8: 백김치 | E8: 25 | G8: =IFERROR(INDEX(온라인_반찬!$C$2:$H$604,MATCH($D8,온라인_반찬!$C$2:$C$604,0),6),"") -> 배추(국내산)64%, 무채(무:국내산)8%, 양파, 정제수, 생강, 마늘, 생강, 배, 쪽파, 정제염 | H8: =IFERROR(INDEX(온라인_반찬!$D$2:$J$597,MATCH($D8,온라인_반찬!$C$2:$C$597,0),6),"") -> 0 | I8: 2026-03-04 09:30~ | J8: 1688 | K8: 48875 | L8: =IFERROR(INDEX(온라인_반찬!$C$2:$J$597,MATCH($D8,온라인_반찬!$C$2:$C$597,0),8),"") -> 백김치(정우식품) | M8: *건두부무침 : 25g / 35g | P8: *파르펠레냉파스타:30g | S8: *족발부추무침 : 45g, 55g
C9: 보존식 | G9: 글로벌리더스 : 얼큰소고기장국 | J9: 1 | K9: 0.25
B10: 글로벌 리더스 . 석식 | C10: 밥 | D10: 친환경찰흑미쌀밥 | E10: 150 | G10: =IFERROR(INDEX(온라인_반찬!$C$2:$H$604,MATCH($D10,온라인_반찬!$C$2:$C$604,0),6),"") -> 쌀(국산)90%, 찰흑미(국산.친환경)5%, 정제수 | H10: =IFERROR(INDEX(온라인_반찬!$D$2:$J$597,MATCH($D10,온라인_반찬!$C$2:$C$597,0),6),"") -> 0 | I10: 2026-03-04 14:30~ | J10: 92 | K10: 10800 | L10: =IFERROR(INDEX(온라인_반찬!$C$2:$J$597,MATCH($D10,온라인_반찬!$C$2:$C$597,0),8),"") -> 0 | M10: *영양찜닭:85g / 95g | P10: *소고기가지볶음 : 30g | S10: *춘장닭불고기 : 70g / 80g
C11: 국 | D11: 얼큰소고기장국 | E11: 160 | G11: 열갈이(국산)10%, 소고기(호주산)7%, 무(국산)5%, 콩나물(원료수입산)5%, 정제수, 된장, 고춧가루(국내산), 대파, 마늘, 국간장, 멸치육수농축액, 소금 | H11: .5.16. | I11: 2026-03-04 14:30~ | J11: 164 | K11: 26330 | L11: =IFERROR(INDEX(온라인_반찬!$C$2:$J$597,MATCH($D11,온라인_반찬!$C$2:$C$597,0),8),"") | M11: *미트볼 : 개당10g | P11: *삼색소고기소보로 : 50g / 70g | S11: *훈제오리잡채 : 55g / 70g
C12: 메인 | D12: 닭살데리야끼조림 | E12: 80 | G12: =IFERROR(INDEX(온라인_반찬!$C$2:$H$604,MATCH($D12,온라인_반찬!$C$2:$C$604,0),6),"") -> 닭고기(닭다리살, 닭가슴살:국산)80%,양파, 당근, 파, 마늘, 정제수, 간장, 데리야끼소스(시판용), 후추, 소금 | H12: =IFERROR(INDEX(온라인_반찬!$D$2:$J$597,MATCH($D12,온라인_반찬!$C$2:$C$597,0),6),"") -> .1.2.5.6.15.21. | I12: 2026-03-04 14:30~ | J12: 92 | K12: 8264 | L12: =IFERROR(INDEX(온라인_반찬!$C$2:$J$597,MATCH($D12,온라인_반찬!$C$2:$C$597,0),8),"") -> 데리야끼소스(오뚜기)
C13: 반찬1 | D13: 어묵채구이 | E13: 15 | G13: =IFERROR(INDEX(온라인_반찬!$C$2:$H$604,MATCH($D13,온라인_반찬!$C$2:$C$604,0),6),"") -> 어묵(원료수입산)90%, 대두유, 간장, 설탕 | H13: =IFERROR(INDEX(온라인_반찬!$D$2:$J$597,MATCH($D13,온라인_반찬!$C$2:$C$597,0),6),"") -> .5.6.21. | I13: 2026-03-04 14:30~ | J13: 92 | K13: 1410 | L13: =IFERROR(INDEX(온라인_반찬!$C$2:$J$597,MATCH($D13,온라인_반찬!$C$2:$C$597,0),8),"") -> 0
C14: 반찬2 | D14: 참치깍두기볶음 | E14: 40 | G14: =IFERROR(INDEX(온라인_반찬!$C$2:$H$604,MATCH($D14,온라인_반찬!$C$2:$C$604,0),6),"") -> 참치캔(가다랑어:베트산)7%, 깍두기[무(국내산),고춧가루(국내산)],대두유, 소금,참기름,참깨 | H14: =IFERROR(INDEX(온라인_반찬!$D$2:$J$597,MATCH($D14,온라인_반찬!$C$2:$C$597,0),6),"") -> .5.6.9.21. | I14: 2026-03-04 14:30~ | J14: 92 | K14: 3760 | L14: =IFERROR(INDEX(온라인_반찬!$C$2:$J$597,MATCH($D14,온라인_반찬!$C$2:$C$597,0),8),"") -> 0
C15: 반찬3 | D15: 백김치 | E15: 35 | G15: =IFERROR(INDEX(온라인_반찬!$C$2:$H$604,MATCH($D15,온라인_반찬!$C$2:$C$604,0),6),"") -> 배추(국내산)64%, 무채(무:국내산)8%, 양파, 정제수, 생강, 마늘, 생강, 배, 쪽파, 정제염 | H15: =IFERROR(INDEX(온라인_반찬!$D$2:$J$597,MATCH($D15,온라인_반찬!$C$2:$C$597,0),6),"") -> 0 | I15: 2026-03-04 14:30~ | J15: 92 | K15: 3290 | L15: =IFERROR(INDEX(온라인_반찬!$C$2:$J$597,MATCH($D15,온라인_반찬!$C$2:$C$597,0),8),"") -> 백김치(정우식품)
C16: 신당꿈 특식 | D16: 등갈비찜 | F16: 2 | G16: =IFERROR(INDEX(온라인_반찬!$C$2:$H$604,MATCH($D16,온라인_반찬!$C$2:$C$604,0),6),"") -> 등갈비(돼지고기:스페인산)75%, 파인애플(전처리용), 파, 마늘, 생강가루, 월계수잎, 정제수, 간장, 설탕, 맛술, 물엿, 참기름, 후추 | H16: =IFERROR(INDEX(온라인_반찬!$D$2:$J$597,MATCH($D16,온라인_반찬!$C$2:$C$597,0),6),"") -> .5.10.19..21. | I16: 2026-03-04 14:30~ | J16: 28 | K16: 60 | L16: =IFERROR(INDEX(온라인_반찬!$C$2:$J$597,MATCH($D16,온라인_반찬!$C$2:$C$597,0),8),"") -> 0
C17: 보존식 | J17: 1 | K17: 0.25
B18: 강서폴리 소풍 | C18: 밥 | G18: =IFERROR(INDEX(온라인_반찬!$C$2:$H$604,MATCH($D18,온라인_반찬!$C$2:$C$604,0),6),"") | H18: =IFERROR(INDEX(온라인_반찬!$D$2:$J$597,MATCH($D18,온라인_반찬!$C$2:$C$597,0),6),"") | I18: 2026-03-04 09:30~ | L18: =IFERROR(INDEX(온라인_반찬!$C$2:$J$597,MATCH($D18,온라인_반찬!$C$2:$C$597,0),8),"")
C19: 반찬1 | G19: =IFERROR(INDEX(온라인_반찬!$C$2:$H$604,MATCH($D19,온라인_반찬!$C$2:$C$604,0),6),"") | H19: =IFERROR(INDEX(온라인_반찬!$D$2:$J$597,MATCH($D19,온라인_반찬!$C$2:$C$597,0),6),"") | I19: 2026-03-04 09:30~ | L19: =IFERROR(INDEX(온라인_반찬!$C$2:$J$597,MATCH($D19,온라인_반찬!$C$2:$C$597,0),8),"")
G20: =IFERROR(INDEX(온라인_반찬!$C$2:$H$604,MATCH($D20,온라인_반찬!$C$2:$C$604,0),6),"") | H20: =IFERROR(INDEX(온라인_반찬!$D$2:$J$597,MATCH($D20,온라인_반찬!$C$2:$C$597,0),6),"") | I20: 2026-03-04 09:30~ | L20: =IFERROR(INDEX(온라인_반찬!$C$2:$J$597,MATCH($D20,온라인_반찬!$C$2:$C$597,0),8),"")
C21: 반찬2 | G21: =IFERROR(INDEX(온라인_반찬!$C$2:$H$604,MATCH($D21,온라인_반찬!$C$2:$C$604,0),6),"") | H21: =IFERROR(INDEX(온라인_반찬!$D$2:$J$597,MATCH($D21,온라인_반찬!$C$2:$C$597,0),6),"") | I21: 2026-03-04 09:30~ | L21: =IFERROR(INDEX(온라인_반찬!$C$2:$J$597,MATCH($D21,온라인_반찬!$C$2:$C$597,0),8),"")
C22: 반찬3 | G22: =IFERROR(INDEX(온라인_반찬!$C$2:$H$604,MATCH($D22,온라인_반찬!$C$2:$C$604,0),6),"") | H22: =IFERROR(INDEX(온라인_반찬!$D$2:$J$597,MATCH($D22,온라인_반찬!$C$2:$C$597,0),6),"") | I22: 2026-03-04 09:30~ | L22: =IFERROR(INDEX(온라인_반찬!$C$2:$J$597,MATCH($D22,온라인_반찬!$C$2:$C$597,0),8),"")
C23: 반찬4 | G23: =IFERROR(INDEX(온라인_반찬!$C$2:$H$604,MATCH($D23,온라인_반찬!$C$2:$C$604,0),6),"") | H23: =IFERROR(INDEX(온라인_반찬!$D$2:$J$597,MATCH($D23,온라인_반찬!$C$2:$C$597,0),6),"") | I23: 2026-03-04 09:30~ | L23: =IFERROR(INDEX(온라인_반찬!$C$2:$J$597,MATCH($D23,온라인_반찬!$C$2:$C$597,0),8),"")
C24: 보존식 | F24: 1 | J24: 1 | K24: 0.25

Sheet 03-05
B1: 2026-03-05(목) | M1: *한입해쉬브라운 : 9g(개당) | P1: *양송이떡갈비 : 1.5ea, 1.75, 2 | S1: *양배추당근라페 : 20g / 30g
B2: 출고일 | C2: 구분 | D2: 품명 | E2: 중량(g) | F2: 수량(장) | G2: 자재사용내역 | H2: 알러지 표기 | I2: 배송시점 | J2: 제공인원 | K2: 총생산량(Kg) | L2: 메 모 | M2: *샐러드 채소 : 15g, 20g ,25g | P2: *야채고기말이 : 1.1, 1.5, 1.5 | S2: *고구마튀김35g / 45g
B3: 중식 | C3: 밥 | D3: 흰쌀밥 | E3: 140 | G3: =IFERROR(INDEX(온라인_반찬!$C$2:$H$604,MATCH($D3,온라인_반찬!$C$2:$C$604,0),6),"") -> 쌀(국산)95%, 정제수 | H3: =IFERROR(INDEX(온라인_반찬!$D$2:$J$597,MATCH($D3,온라인_반찬!$C$2:$C$597,0),6),"") -> 0 | I3: 2026-03-05 09:30~ | J3: 1866 | K3: 294620 | L3: =IFERROR(INDEX(온라인_반찬!$C$2:$J$597,MATCH($D3,온라인_반찬!$C$2:$C$597,0),8),"") -> 0 | M3: *웨지감자 : 25g / 30g | O3: *어묵채구이:12g / 15g | S3: 한입새우튀김 : 30g / 35g / 45g (소스15g)
C4: 국 | D4: 순살동태국 | E4: 150 | G4: =IFERROR(INDEX(온라인_반찬!$C$2:$H$604,MATCH($D4,온라인_반찬!$C$2:$C$604,0),6),"") -> 순살동태(러시아산)7.2%, 무(국산)13%,콩나물, 쑥갓, 양파, 대파, 마늘, 멸치육수농축액, 국간장, 소금 | H4: =IFERROR(INDEX(온라인_반찬!$D$2:$J$597,MATCH($D4,온라인_반찬!$C$2:$C$597,0),6),"") -> .5.9.10. | I4: 2026-03-05 09:30~ | J4: 1866 | K4: 303510 | L4: =IFERROR(INDEX(온라인_반찬!$C$2:$J$597,MATCH($D4,온라인_반찬!$C$2:$C$597,0),8),"") -> 40g / 50g | M4: *꼬마돈까스: 25g, 중구청 35g | P4: *족발:45g / 55g | S4: *갈비만두 : 성분표기 인당1개 / 식수 인당1.5개
C5: 메인 | D5: 돈채춘장볶음 | E5: 60 | G5: =IFERROR(INDEX(온라인_반찬!$C$2:$H$604,MATCH($D5,온라인_반찬!$C$2:$C$604,0),6),"") -> 돼지고기 (국산)70%, 양파, 부추, 당근, 마늘, 대두유, 춘장(원료수입산), 짜장가루, 후추, 참기름, 참깨 | H5: =IFERROR(INDEX(온라인_반찬!$D$2:$J$597,MATCH($D5,온라인_반찬!$C$2:$C$597,0),6),"") -> .1.2.5.6.10.15.16.21. | I5: 2026-03-05 09:30~ | J5: 1866 | K5: 142360 | L5: =IFERROR(INDEX(온라인_반찬!$C$2:$J$597,MATCH($D5,온라인_반찬!$C$2:$C$597,0),8),"") -> 춘장(신송식품), 짜장분말(오뚜기) | M5: *오징어볼탕수 : 35g / 45g/ 70g 소스 : 20g | S5: *생선통살탕수 : 40g / 50g / 교사 70g, 소스 25g 개당 12g
C6: 반찬1 | D6: 꼬물이만두 | F6: 2 | G6: =IFERROR(INDEX(온라인_반찬!$C$2:$H$604,MATCH($D6,온라인_반찬!$C$2:$C$604,0),6),"") -> 만두[전분가공품(원료수입산)23.23%, 돼지고기(국산)19.72%, 부추(중국,국산)14.87%]95%, 간장, 참기름 | H6: =IFERROR(INDEX(온라인_반찬!$D$2:$J$597,MATCH($D6,온라인_반찬!$C$2:$C$597,0),6),"") -> .1.2.5.6.10.16.18.21. | I6: 2026-03-05 09:30~ | J6: 1866 | K6: 4595 | L6: =IFERROR(INDEX(온라인_반찬!$C$2:$J$597,MATCH($D6,온라인_반찬!$C$2:$C$597,0),8),"") -> 0 | M6: *표고강정 : 30g(35g) | P6: *훈제오리 : 40g / 50g | S6: *해물전:1000680205(삼성웰스토리)
C7: 반찬2 | D7: 보코치니샐러드 | E7: 40 | G7: =IFERROR(INDEX(온라인_반찬!$C$2:$H$604,MATCH($D7,온라인_반찬!$C$2:$C$604,0),6),"") -> 방울토마토(국산)30%, 보코치니치즈(모짜렐라치즈:미국산)25%, 파인애플청크(수입산), 망고(페루산, 베트남산), 바질페스토(캐슈넛미량함유), 올리브오일, 소금, 레몬 | H7: =IFERROR(INDEX(온라인_반찬!$D$2:$J$597,MATCH($D7,온라인_반찬!$C$2:$C$597,0),6),"") -> .2.4.12. | I7: 2026-03-05 09:30~ | J7: 1866 | K7: 88750 | L7: =IFERROR(INDEX(온라인_반찬!$C$2:$J$597,MATCH($D7,온라인_반찬!$C$2:$C$597,0),8),"") -> 바질페스토(몬티) | M7: *탕수육40g(중구청50g) ,소스25g | P7: *마카로니.콘샐러드 : 30g | S7: *통등심돈까스:50g / 소스 25g
C8: 반찬3 | D8: 깍두기 | E8: 25 | G8: =IFERROR(INDEX(온라인_반찬!$C$2:$H$604,MATCH($D8,온라인_반찬!$C$2:$C$604,0),6),"") -> 무(국산)85.2%, 고추가루(국산), 밀가루풀(국산), 파, 마늘, 새우젓 등 양념(국산) | H8: =IFERROR(INDEX(온라인_반찬!$D$2:$J$597,MATCH($D8,온라인_반찬!$C$2:$C$597,0),6),"") -> .6.9. | I8: 2026-03-05 09:30~ | J8: 1866 | K8: 53550 | L8: =IFERROR(INDEX(온라인_반찬!$C$2:$J$597,MATCH($D8,온라인_반찬!$C$2:$C$597,0),8),"") -> 0 | M8: *건두부무침 : 25g / 35g | P8: *파르펠레냉파스타:30g | S8: *족발부추무침 : 45g, 55g
C9: 보존식 | J9: 1 | K9: 0.25
B10: 글로벌 리더스 . 석식 | C10: 밥 | D10: 흰쌀밥 | E10: 150 | G10: =IFERROR(INDEX(온라인_반찬!$C$2:$H$604,MATCH($D10,온라인_반찬!$C$2:$C$604,0),6),"") -> 쌀(국산)95%, 정제수 | H10: =IFERROR(INDEX(온라인_반찬!$D$2:$J$597,MATCH($D10,온라인_반찬!$C$2:$C$597,0),6),"") -> 0 | I10: 2026-03-05 14:30~ | J10: 92 | K10: 10950 | L10: =IFERROR(INDEX(온라인_반찬!$C$2:$J$597,MATCH($D10,온라인_반찬!$C$2:$C$597,0),8),"") -> 0 | M10: *영양찜닭:85g / 95g | P10: *소고기가지볶음 : 30g | S10: *춘장닭불고기 : 70g / 80g
C11: 국 | D11: 순살동태국 | E11: 160 | G11: =IFERROR(INDEX(온라인_반찬!$C$2:$H$604,MATCH($D11,온라인_반찬!$C$2:$C$604,0),6),"") -> 순살동태(러시아산)7.2%, 무(국산)13%,콩나물, 쑥갓, 양파, 대파, 마늘, 멸치육수농축액, 국간장, 소금 | H11: =IFERROR(INDEX(온라인_반찬!$D$2:$J$597,MATCH($D11,온라인_반찬!$C$2:$C$597,0),6),"") -> .5.9.10. | I11: 2026-03-05 14:30~ | J11: 92 | K11: 11210 | L11: =IFERROR(INDEX(온라인_반찬!$C$2:$J$597,MATCH($D11,온라인_반찬!$C$2:$C$597,0),8),"") -> 40g / 50g | M11: *미트볼 : 개당10g | P11: *삼색소고기소보로 : 50g / 70g | S11: *훈제오리잡채 : 55g / 70g
C12: 메인 | D12: 돈채춘장볶음 | E12: 80 | G12: =IFERROR(INDEX(온라인_반찬!$C$2:$H$604,MATCH($D12,온라인_반찬!$C$2:$C$604,0),6),"") -> 돼지고기 (국산)70%, 양파, 부추, 당근, 마늘, 대두유, 춘장(원료수입산), 짜장가루, 후추, 참기름, 참깨 | H12: =IFERROR(INDEX(온라인_반찬!$D$2:$J$597,MATCH($D12,온라인_반찬!$C$2:$C$597,0),6),"") -> .1.2.5.6.10.15.16.21. | I12: 2026-03-05 14:30~ | J12: 92 | K12: 8264 | L12: =IFERROR(INDEX(온라인_반찬!$C$2:$J$597,MATCH($D12,온라인_반찬!$C$2:$C$597,0),8),"") -> 춘장(신송식품), 짜장분말(오뚜기)
C13: 반찬1 | D13: 꼬물이만두 | F13: 3 | G13: =IFERROR(INDEX(온라인_반찬!$C$2:$H$604,MATCH($D13,온라인_반찬!$C$2:$C$604,0),6),"") -> 만두[전분가공품(원료수입산)23.23%, 돼지고기(국산)19.72%, 부추(중국,국산)14.87%]95%, 간장, 참기름 | H13: =IFERROR(INDEX(온라인_반찬!$D$2:$J$597,MATCH($D13,온라인_반찬!$C$2:$C$597,0),6),"") -> .1.2.5.6.10.16.18.21. | I13: 2026-03-05 14:30~ | J13: 92 | K13: 294.4 | L13: =IFERROR(INDEX(온라인_반찬!$C$2:$J$597,MATCH($D13,온라인_반찬!$C$2:$C$597,0),8),"") -> 0
C14: 반찬2 | D14: 보코치니샐러드 | E14: 45 | G14: =IFERROR(INDEX(온라인_반찬!$C$2:$H$604,MATCH($D14,온라인_반찬!$C$2:$C$604,0),6),"") -> 방울토마토(국산)30%, 보코치니치즈(모짜렐라치즈:미국산)25%, 파인애플청크(수입산), 망고(페루산, 베트남산), 바질페스토(캐슈넛미량함유), 올리브오일, 소금, 레몬 | H14: =IFERROR(INDEX(온라인_반찬!$D$2:$J$597,MATCH($D14,온라인_반찬!$C$2:$C$597,0),6),"") -> .2.4.12. | I14: 2026-03-05 14:30~ | J14: 92 | K14: 4230 | L14: =IFERROR(INDEX(온라인_반찬!$C$2:$J$597,MATCH($D14,온라인_반찬!$C$2:$C$597,0),8),"") -> 바질페스토(몬티)
C15: 반찬3 | D15: 깍두기 | E15: 35 | G15: =IFERROR(INDEX(온라인_반찬!$C$2:$H$604,MATCH($D15,온라인_반찬!$C$2:$C$604,0),6),"") -> 무(국산)85.2%, 고추가루(국산), 밀가루풀(국산), 파, 마늘, 새우젓 등 양념(국산) | H15: =IFERROR(INDEX(온라인_반찬!$D$2:$J$597,MATCH($D15,온라인_반찬!$C$2:$C$597,0),6),"") -> .6.9. | I15: 2026-03-05 14:30~ | J15: 92 | K15: 3290 | L15: =IFERROR(INDEX(온라인_반찬!$C$2:$J$597,MATCH($D15,온라인_반찬!$C$2:$C$597,0),8),"") -> 0
C16: 신당꿈 특식 | D16: 과일 | F16: 1 | G16: 오렌지(미국산) | H16: =IFERROR(INDEX(온라인_반찬!$D$2:$J$597,MATCH($D16,온라인_반찬!$C$2:$C$597,0),6),"") | I16: 2026-03-05 14:30~ | J16: 28 | K16: 30 | L16: =IFERROR(INDEX(온라인_반찬!$C$2:$J$597,MATCH($D16,온라인_반찬!$C$2:$C$597,0),8),"")
C17: 보존식 | J17: 1 | K17: 0.25
B18: 강서폴리 소풍 | C18: 밥 | G18: =IFERROR(INDEX(온라인_반찬!$C$2:$H$604,MATCH($D18,온라인_반찬!$C$2:$C$604,0),6),"") | H18: =IFERROR(INDEX(온라인_반찬!$D$2:$J$597,MATCH($D18,온라인_반찬!$C$2:$C$597,0),6),"") | I18: 2026-03-05 09:30~ | L18: =IFERROR(INDEX(온라인_반찬!$C$2:$J$597,MATCH($D18,온라인_반찬!$C$2:$C$597,0),8),"")
C19: 반찬1 | G19: =IFERROR(INDEX(온라인_반찬!$C$2:$H$604,MATCH($D19,온라인_반찬!$C$2:$C$604,0),6),"") | H19: =IFERROR(INDEX(온라인_반찬!$D$2:$J$597,MATCH($D19,온라인_반찬!$C$2:$C$597,0),6),"") | I19: 2026-03-05 09:30~ | L19: =IFERROR(INDEX(온라인_반찬!$C$2:$J$597,MATCH($D19,온라인_반찬!$C$2:$C$597,0),8),"")
G20: =IFERROR(INDEX(온라인_반찬!$C$2:$H$604,MATCH($D20,온라인_반찬!$C$2:$C$604,0),6),"") | H20: =IFERROR(INDEX(온라인_반찬!$D$2:$J$597,MATCH($D20,온라인_반찬!$C$2:$C$597,0),6),"") | I20: 2026-03-05 09:30~ | L20: =IFERROR(INDEX(온라인_반찬!$C$2:$J$597,MATCH($D20,온라인_반찬!$C$2:$C$597,0),8),"")
C21: 반찬2 | G21: =IFERROR(INDEX(온라인_반찬!$C$2:$H$604,MATCH($D21,온라인_반찬!$C$2:$C$604,0),6),"") | H21: =IFERROR(INDEX(온라인_반찬!$D$2:$J$597,MATCH($D21,온라인_반찬!$C$2:$C$597,0),6),"") | I21: 2026-03-05 09:30~ | L21: =IFERROR(INDEX(온라인_반찬!$C$2:$J$597,MATCH($D21,온라인_반찬!$C$2:$C$597,0),8),"")
C22: 반찬3 | G22: =IFERROR(INDEX(온라인_반찬!$C$2:$H$604,MATCH($D22,온라인_반찬!$C$2:$C$604,0),6),"") | H22: =IFERROR(INDEX(온라인_반찬!$D$2:$J$597,MATCH($D22,온라인_반찬!$C$2:$C$597,0),6),"") | I22: 2026-03-05 09:30~ | L22: =IFERROR(INDEX(온라인_반찬!$C$2:$J$597,MATCH($D22,온라인_반찬!$C$2:$C$597,0),8),"")
C23: 반찬4 | G23: =IFERROR(INDEX(온라인_반찬!$C$2:$H$604,MATCH($D23,온라인_반찬!$C$2:$C$604,0),6),"") | H23: =IFERROR(INDEX(온라인_반찬!$D$2:$J$597,MATCH($D23,온라인_반찬!$C$2:$C$597,0),6),"") | I23: 2026-03-05 09:30~ | L23: =IFERROR(INDEX(온라인_반찬!$C$2:$J$597,MATCH($D23,온라인_반찬!$C$2:$C$597,0),8),"")
C24: 보존식 | F24: 1 | J24: 1 | K24: 0.25

Sheet 03-06
B1: 2026-03-06(금) | M1: *한입해쉬브라운 : 9g(개당) | P1: *양송이떡갈비 : 1.5ea, 1.75, 2 | S1: *양배추당근라페 : 20g / 30g
B2: 출고일 | C2: 구분 | D2: 품명 | E2: 중량(g) | F2: 수량(장) | G2: 자재사용내역 | H2: 알러지 표기 | I2: 배송시점 | J2: 제공인원 | K2: 총생산량(Kg) | L2: 메 모 | M2: *샐러드 채소 : 15g, 20g ,25g | P2: *야채고기말이 : 1.1, 1.5, 1.5 | S2: *고구마튀김35g / 45g
B3: 중식 | C3: 밥 | D3: 친환경찰보리쌀밥 | E3: 140 | G3: =IFERROR(INDEX(온라인_반찬!$C$2:$H$604,MATCH($D3,온라인_반찬!$C$2:$C$604,0),6),"") -> 쌀(국산)90%, 찰보리(국산.친환경)5%, 정제수 | H3: =IFERROR(INDEX(온라인_반찬!$D$2:$J$597,MATCH($D3,온라인_반찬!$C$2:$C$597,0),6),"") -> 0 | I3: 2026-03-06 09:30~ | J3: 1866 | K3: 294790 | L3: =IFERROR(INDEX(온라인_반찬!$C$2:$J$597,MATCH($D3,온라인_반찬!$C$2:$C$597,0),8),"") -> 0 | M3: *웨지감자 : 25g / 30g | O3: *어묵채구이:12g / 15g | S3: 한입새우튀김 : 30g / 35g / 45g (소스15g)
C4: 국 | D4: 두부된장국 | E4: 150 | G4: =IFERROR(INDEX(온라인_반찬!$C$2:$H$604,MATCH($D4,온라인_반찬!$C$2:$C$604,0),6),"") -> 두부(콩:미국,캐나다,호주등)13%, 모둠버섯[새송이(국산), 표고(중국산),]10%, 양파, 파, 마늘, 된장, 멸치육수농축액, 정제수, 소금 | H4: =IFERROR(INDEX(온라인_반찬!$D$2:$J$597,MATCH($D4,온라인_반찬!$C$2:$C$597,0),6),"") -> .5. | I4: 2026-03-06 09:30~ | J4: 1866 | K4: 288570 | L4: =IFERROR(INDEX(온라인_반찬!$C$2:$J$597,MATCH($D4,온라인_반찬!$C$2:$C$597,0),8),"") -> 판두부(이츠웰) | M4: *꼬마돈까스: 25g, 중구청 35g | P4: *족발:45g / 55g | S4: *갈비만두 : 성분표기 인당1개 / 식수 인당1.5개
C5: 메인 | D5: 소고기낙지전골 | E5: 75 | G5: =IFERROR(INDEX(온라인_반찬!$C$2:$H$604,MATCH($D5,온라인_반찬!$C$2:$C$604,0),6),"") -> 소고기(호주산)50%, 낙지(베트남산,인도네시아산)5%, 모둠버섯(느타리:국산, 팽이버섯:국산)15%, 알배추, 양파, 당근, 대파, 마늘, 간장, 정제수, 소금, 후추, 참기름 | H5: =IFERROR(INDEX(온라인_반찬!$D$2:$J$597,MATCH($D5,온라인_반찬!$C$2:$C$597,0),6),"") -> .5.16.21. | I5: 2026-03-06 09:30~ | J5: 1866 | K5: 174482.5 | L5: =IFERROR(INDEX(온라인_반찬!$C$2:$J$597,MATCH($D5,온라인_반찬!$C$2:$C$597,0),8),"") -> 0 | M5: *오징어볼탕수 : 35g / 45g/ 70g 소스 : 20g | S5: *생선통살탕수 : 40g / 50g / 교사 70g, 소스 25g 개당 12g
C6: 반찬1 | D6: 메추리알조림 | E6: 30 | G6: =IFERROR(INDEX(온라인_반찬!$C$2:$H$604,MATCH($D6,온라인_반찬!$C$2:$C$604,0),6),"") -> 메추리알(국산)77.3%, 표고버섯(원료수입)5%, 정제수, 통후추, 월계수잎, 간장, 설탕, 물엿, 참기름 | H6: =IFERROR(INDEX(온라인_반찬!$D$2:$J$597,MATCH($D6,온라인_반찬!$C$2:$C$597,0),6),"") -> .1.5.21. | I6: 2026-03-06 09:30~ | J6: 1866 | K6: 67345 | L6: =IFERROR(INDEX(온라인_반찬!$C$2:$J$597,MATCH($D6,온라인_반찬!$C$2:$C$597,0),8),"") -> 0 | M6: *표고강정 : 30g(35g) | P6: *훈제오리 : 40g / 50g | S6: *해물전:1000680205(삼성웰스토리)
C7: 반찬2 | D7: 시금치나물 | E7: 25 | G7: =IFERROR(INDEX(온라인_반찬!$C$2:$H$604,MATCH($D7,온라인_반찬!$C$2:$C$604,0),6),"") -> 시금치(국산)90%, 홍파프리카, 마늘, 파, 소금, 국간장, 참기름, 참깨 | H7: =IFERROR(INDEX(온라인_반찬!$D$2:$J$597,MATCH($D7,온라인_반찬!$C$2:$C$597,0),6),"") -> .5.21. | I7: 2026-03-06 09:30~ | J7: 1866 | K7: 58762.5 | L7: =IFERROR(INDEX(온라인_반찬!$C$2:$J$597,MATCH($D7,온라인_반찬!$C$2:$C$597,0),8),"") -> 0 | M7: *탕수육40g(중구청50g) ,소스25g | P7: *마카로니.콘샐러드 : 30g | S7: *통등심돈까스:50g / 소스 25g
C8: 반찬3 | D8: 배추김치 | E8: 25 | G8: =IFERROR(INDEX(온라인_반찬!$C$2:$H$604,MATCH($D8,온라인_반찬!$C$2:$C$604,0),6),"") -> 절임배추64.0%[배추(국산),무(국산),종가김치전용풀(쌀:국산)], 토마토페이스트(토마토:미국산)2.7%,[멸치액젓, 양파,다시마농축액,고춧가루,마늘,대파,새우액젓,김치유산균발효액,생강양념,호화쌀혼합분말]국산 | H8: =IFERROR(INDEX(온라인_반찬!$D$2:$J$597,MATCH($D8,온라인_반찬!$C$2:$C$597,0),6),"") -> .9.12. | I8: 2026-03-06 09:30~ | J8: 1866 | K8: 52000 | L8: =IFERROR(INDEX(온라인_반찬!$C$2:$J$597,MATCH($D8,온라인_반찬!$C$2:$C$597,0),8),"") -> 토마토김치(종가집) | M8: *건두부무침 : 25g / 35g | P8: *파르펠레냉파스타:30g | S8: *족발부추무침 : 45g, 55g
C9: 보존식 | G9: 포도클럽 : 백김치 ( 58명 / 1,588g ) 글로벌리더스 : 두부된장찌개 | J9: 1 | K9: 0.25
B10: 글로벌 리더스 . 석식 | C10: 밥 | D10: 친환경찰보리쌀밥 | E10: 150 | G10: =IFERROR(INDEX(온라인_반찬!$C$2:$H$604,MATCH($D10,온라인_반찬!$C$2:$C$604,0),6),"") -> 쌀(국산)90%, 찰보리(국산.친환경)5%, 정제수 | H10: =IFERROR(INDEX(온라인_반찬!$D$2:$J$597,MATCH($D10,온라인_반찬!$C$2:$C$597,0),6),"") -> 0 | I10: 2026-03-06 14:30~ | J10: 72 | K10: 7800 | L10: =IFERROR(INDEX(온라인_반찬!$C$2:$J$597,MATCH($D10,온라인_반찬!$C$2:$C$597,0),8),"") -> 0 | M10: *영양찜닭:85g / 95g | P10: *소고기가지볶음 : 30g | S10: *춘장닭불고기 : 70g / 80g
C11: 국 | D11: 두부된장찌개 | E11: 160 | G11: 모둠채소(호박, 양파, 감자:국산)20%, 두부(콩:미국,호주,캐나다등)12%, 파, 마늘, 된장, 멸치육수농축액, 정제수, 소금 | H11: .5. | I11: 2026-03-06 14:30~ | J11: 144 | K11: 23130 | L11: =IFERROR(INDEX(온라인_반찬!$C$2:$J$597,MATCH($D11,온라인_반찬!$C$2:$C$597,0),8),"") | M11: *미트볼 : 개당10g | P11: *삼색소고기소보로 : 50g / 70g | S11: *훈제오리잡채 : 55g / 70g
C12: 메인 | D12: 소고기낙지전골 | E12: 95 | G12: =IFERROR(INDEX(온라인_반찬!$C$2:$H$604,MATCH($D12,온라인_반찬!$C$2:$C$604,0),6),"") -> 소고기(호주산)50%, 낙지(베트남산,인도네시아산)5%, 모둠버섯(느타리:국산, 팽이버섯:국산)15%, 알배추, 양파, 당근, 대파, 마늘, 간장, 정제수, 소금, 후추, 참기름 | H12: =IFERROR(INDEX(온라인_반찬!$D$2:$J$597,MATCH($D12,온라인_반찬!$C$2:$C$597,0),6),"") -> .5.16.21. | I12: 2026-03-06 14:30~ | J12: 72 | K12: 7723.5 | L12: =IFERROR(INDEX(온라인_반찬!$C$2:$J$597,MATCH($D12,온라인_반찬!$C$2:$C$597,0),8),"") -> 0
C13: 반찬1 | D13: 메추리알조림 | E13: 40 | G13: =IFERROR(INDEX(온라인_반찬!$C$2:$H$604,MATCH($D13,온라인_반찬!$C$2:$C$604,0),6),"") -> 메추리알(국산)77.3%, 표고버섯(원료수입)5%, 정제수, 통후추, 월계수잎, 간장, 설탕, 물엿, 참기름 | H13: =IFERROR(INDEX(온라인_반찬!$D$2:$J$597,MATCH($D13,온라인_반찬!$C$2:$C$597,0),6),"") -> .1.5.21. | I13: 2026-03-06 14:30~ | J13: 72 | K13: 2960 | L13: =IFERROR(INDEX(온라인_반찬!$C$2:$J$597,MATCH($D13,온라인_반찬!$C$2:$C$597,0),8),"") -> 0
C14: 반찬2 | D14: 시금치나물 | E14: 35 | G14: =IFERROR(INDEX(온라인_반찬!$C$2:$H$604,MATCH($D14,온라인_반찬!$C$2:$C$604,0),6),"") -> 시금치(국산)90%, 홍파프리카, 마늘, 파, 소금, 국간장, 참기름, 참깨 | H14: =IFERROR(INDEX(온라인_반찬!$D$2:$J$597,MATCH($D14,온라인_반찬!$C$2:$C$597,0),6),"") -> .5.21. | I14: 2026-03-06 14:30~ | J14: 72 | K14: 2590 | L14: =IFERROR(INDEX(온라인_반찬!$C$2:$J$597,MATCH($D14,온라인_반찬!$C$2:$C$597,0),8),"") -> 0
C15: 반찬3 | D15: 배추김치 | E15: 35 | G15: =IFERROR(INDEX(온라인_반찬!$C$2:$H$604,MATCH($D15,온라인_반찬!$C$2:$C$604,0),6),"") -> 절임배추64.0%[배추(국산),무(국산),종가김치전용풀(쌀:국산)], 토마토페이스트(토마토:미국산)2.7%,[멸치액젓, 양파,다시마농축액,고춧가루,마늘,대파,새우액젓,김치유산균발효액,생강양념,호화쌀혼합분말]국산 | H15: =IFERROR(INDEX(온라인_반찬!$D$2:$J$597,MATCH($D15,온라인_반찬!$C$2:$C$597,0),6),"") -> .9.12. | I15: 2026-03-06 14:30~ | J15: 72 | K15: 2590 | L15: =IFERROR(INDEX(온라인_반찬!$C$2:$J$597,MATCH($D15,온라인_반찬!$C$2:$C$597,0),8),"") -> 토마토김치(종가집)
C16: 신당꿈 특식 | D16: 양념치킨 | E16: 80 | G16: =IFERROR(INDEX(온라인_반찬!$C$2:$H$604,MATCH($D16,온라인_반찬!$C$2:$C$604,0),6),"") -> 순살치킨[닭고기(닭다리살:브라질산)64.76%,밀가루(밀:호주산,미국산),옥수수전분(옥수수:외국산), 대두유]85%, 케찹, 물엿, 참기름 | H16: =IFERROR(INDEX(온라인_반찬!$D$2:$J$597,MATCH($D16,온라인_반찬!$C$2:$C$597,0),6),"") -> .1.2.5.6.12.15.21. | I16: 2026-03-06 14:30~ | J16: 28 | K16: 2580 | L16: =IFERROR(INDEX(온라인_반찬!$C$2:$J$597,MATCH($D16,온라인_반찬!$C$2:$C$597,0),8),"") -> 0
C17: 보존식 | J17: 1 | K17: 0.25
B18: 강서폴리 소풍 | C18: 밥 | G18: =IFERROR(INDEX(온라인_반찬!$C$2:$H$604,MATCH($D18,온라인_반찬!$C$2:$C$604,0),6),"") | H18: =IFERROR(INDEX(온라인_반찬!$D$2:$J$597,MATCH($D18,온라인_반찬!$C$2:$C$597,0),6),"") | I18: 2026-03-06 09:30~ | L18: =IFERROR(INDEX(온라인_반찬!$C$2:$J$597,MATCH($D18,온라인_반찬!$C$2:$C$597,0),8),"")
C19: 반찬1 | G19: =IFERROR(INDEX(온라인_반찬!$C$2:$H$604,MATCH($D19,온라인_반찬!$C$2:$C$604,0),6),"") | H19: =IFERROR(INDEX(온라인_반찬!$D$2:$J$597,MATCH($D19,온라인_반찬!$C$2:$C$597,0),6),"") | I19: 2026-03-06 09:30~ | L19: =IFERROR(INDEX(온라인_반찬!$C$2:$J$597,MATCH($D19,온라인_반찬!$C$2:$C$597,0),8),"")
G20: =IFERROR(INDEX(온라인_반찬!$C$2:$H$604,MATCH($D20,온라인_반찬!$C$2:$C$604,0),6),"") | H20: =IFERROR(INDEX(온라인_반찬!$D$2:$J$597,MATCH($D20,온라인_반찬!$C$2:$C$597,0),6),"") | I20: 2026-03-06 09:30~ | L20: =IFERROR(INDEX(온라인_반찬!$C$2:$J$597,MATCH($D20,온라인_반찬!$C$2:$C$597,0),8),"")
C21: 반찬2 | G21: =IFERROR(INDEX(온라인_반찬!$C$2:$H$604,MATCH($D21,온라인_반찬!$C$2:$C$604,0),6),"") | H21: =IFERROR(INDEX(온라인_반찬!$D$2:$J$597,MATCH($D21,온라인_반찬!$C$2:$C$597,0),6),"") | I21: 2026-03-06 09:30~ | L21: =IFERROR(INDEX(온라인_반찬!$C$2:$J$597,MATCH($D21,온라인_반찬!$C$2:$C$597,0),8),"")
C22: 반찬3 | G22: =IFERROR(INDEX(온라인_반찬!$C$2:$H$604,MATCH($D22,온라인_반찬!$C$2:$C$604,0),6),"") | H22: =IFERROR(INDEX(온라인_반찬!$D$2:$J$597,MATCH($D22,온라인_반찬!$C$2:$C$597,0),6),"") | I22: 2026-03-06 09:30~ | L22: =IFERROR(INDEX(온라인_반찬!$C$2:$J$597,MATCH($D22,온라인_반찬!$C$2:$C$597,0),8),"")
C23: 반찬4 | G23: =IFERROR(INDEX(온라인_반찬!$C$2:$H$604,MATCH($D23,온라인_반찬!$C$2:$C$604,0),6),"") | H23: =IFERROR(INDEX(온라인_반찬!$D$2:$J$597,MATCH($D23,온라인_반찬!$C$2:$C$597,0),6),"") | I23: 2026-03-06 09:30~ | L23: =IFERROR(INDEX(온라인_반찬!$C$2:$J$597,MATCH($D23,온라인_반찬!$C$2:$C$597,0),8),"")
C24: 보존식 | F24: 1 | J24: 1 | K24: 0.25

Sheet 03-09
B1: 2026-03-09(월) | M1: *한입해쉬브라운 : 9g(개당) | P1: *양송이떡갈비 : 1.5ea, 1.75, 2 | S1: *양배추당근라페 : 20g / 30g
B2: 출고일 | C2: 구분 | D2: 품명 | E2: 중량(g) | F2: 수량(장) | G2: 자재사용내역 | H2: 알러지 표기 | I2: 배송시점 | J2: 제공인원 | K2: 총생산량(Kg) | L2: 메 모 | M2: *샐러드 채소 : 15g, 20g ,25g | P2: *야채고기말이 : 1.1, 1.5, 1.5 | S2: *고구마튀김35g / 45g
B3: 중식 | C3: 밥 | D3: 친환경현미쌀밥 | E3: 140 | G3: =IFERROR(INDEX(온라인_반찬!$C$2:$H$604,MATCH($D3,온라인_반찬!$C$2:$C$604,0),6),"") -> 쌀(국산)90%, 현미(국산.친환경)5%, 정제수 | H3: =IFERROR(INDEX(온라인_반찬!$D$2:$J$597,MATCH($D3,온라인_반찬!$C$2:$C$597,0),6),"") -> 0 | I3: 2026-03-09 09:30~ | J3: 1866 | K3: 294710 | L3: =IFERROR(INDEX(온라인_반찬!$C$2:$J$597,MATCH($D3,온라인_반찬!$C$2:$C$597,0),8),"") -> 0 | M3: *웨지감자 : 25g / 30g | O3: *어묵채구이:12g / 15g | S3: 한입새우튀김 : 30g / 35g / 45g (소스15g)
C4: 국 | D4: 소고기무국 | E4: 150 | G4: =IFERROR(INDEX(온라인_반찬!$C$2:$H$604,MATCH($D4,온라인_반찬!$C$2:$C$604,0),6),"") -> 무(국산)18.3%, 소고기(호주산)10.7%, 양파, 대파, 마늘, 정제수, 소금, 멸치육수농축액, 국간장, 후추 | H4: =IFERROR(INDEX(온라인_반찬!$D$2:$J$597,MATCH($D4,온라인_반찬!$C$2:$C$597,0),6),"") -> .5.16. | I4: 2026-03-09 09:30~ | J4: 1794 | K4: 288580 | L4: =IFERROR(INDEX(온라인_반찬!$C$2:$J$597,MATCH($D4,온라인_반찬!$C$2:$C$597,0),8),"") -> 40g | M4: *꼬마돈까스: 25g, 중구청 35g | P4: *족발:45g / 55g | S4: *갈비만두 : 성분표기 인당1개 / 식수 인당1.5개
C5: 메인 | D5: 코코넛커리소스 | E5: 110 | G5: =IFERROR(INDEX(온라인_반찬!$C$2:$H$604,MATCH($D5,온라인_반찬!$C$2:$C$604,0),6),"") -> 닭고기(국산)14.5%, 양파(국산)20.8%, 감자, 당근, 코코넛밀크(코코넛75%, 정제수)20%, 카레분말11.1%, 정제수, 대두유 | H5: =IFERROR(INDEX(온라인_반찬!$D$2:$J$597,MATCH($D5,온라인_반찬!$C$2:$C$597,0),6),"") -> .2.5.6.12.15.16.18. | I5: 2026-03-09 09:30~ | J5: 1866 | K5: 253335 | L5: =IFERROR(INDEX(온라인_반찬!$C$2:$J$597,MATCH($D5,온라인_반찬!$C$2:$C$597,0),8),"") -> 코코넛밀크(몬), 카레분말(오뚜기) | M5: *오징어볼탕수 : 35g / 45g/ 70g 소스 : 20g | S5: *생선통살탕수 : 40g / 50g / 교사 70g, 소스 25g 개당 12g
C6: 반찬1 | D6: 새우튀김 | F6: 2 | G6: =IFERROR(INDEX(온라인_반찬!$C$2:$H$604,MATCH($D6,온라인_반찬!$C$2:$C$604,0),6),"") -> 새우튀김[흰다리새우30%, 빵가루(밀가루.쇼트닝.설탕.효모.옥수수전분.정제소금 등)베트남산 | H6: =IFERROR(INDEX(온라인_반찬!$D$2:$J$597,MATCH($D6,온라인_반찬!$C$2:$C$597,0),6),"") -> .1.5.6.9. | I6: 2026-03-09 09:30~ | J6: 1866 | K6: 4404.8 | L6: =IFERROR(INDEX(온라인_반찬!$C$2:$J$597,MATCH($D6,온라인_반찬!$C$2:$C$597,0),8),"") -> 새우튀김(이츠웰)/개당20g | M6: *표고강정 : 30g(35g) | P6: *훈제오리 : 40g / 50g | S6: *해물전:1000680205(삼성웰스토리)
C7: 반찬2 | D7: 청포묵무침 | E7: 35 | G7: =IFERROR(INDEX(온라인_반찬!$C$2:$H$604,MATCH($D7,온라인_반찬!$C$2:$C$604,0),6),"") -> 청포묵(원료수입산)90%, 계란지단(국산), 오이, 당근, 소금, 간장, 참기름, 참깨 | H7: =IFERROR(INDEX(온라인_반찬!$D$2:$J$597,MATCH($D7,온라인_반찬!$C$2:$C$597,0),6),"") -> .1.5.21. | I7: 2026-03-09 09:30~ | J7: 1866 | K7: 77167.5 | L7: =IFERROR(INDEX(온라인_반찬!$C$2:$J$597,MATCH($D7,온라인_반찬!$C$2:$C$597,0),8),"") -> 0 | M7: *탕수육40g(중구청50g) ,소스25g | P7: *마카로니.콘샐러드 : 30g | S7: *통등심돈까스:50g / 소스 25g
C8: 반찬3 | D8: 배추김치 | E8: 25 | G8: =IFERROR(INDEX(온라인_반찬!$C$2:$H$604,MATCH($D8,온라인_반찬!$C$2:$C$604,0),6),"") -> 절임배추64.0%[배추(국산),무(국산),종가김치전용풀(쌀:국산)], 토마토페이스트(토마토:미국산)2.7%,[멸치액젓, 양파,다시마농축액,고춧가루,마늘,대파,새우액젓,김치유산균발효액,생강양념,호화쌀혼합분말]국산 | H8: =IFERROR(INDEX(온라인_반찬!$D$2:$J$597,MATCH($D8,온라인_반찬!$C$2:$C$597,0),6),"") -> .9.12. | I8: 2026-03-09 09:30~ | J8: 1866 | K8: 52025 | L8: =IFERROR(INDEX(온라인_반찬!$C$2:$J$597,MATCH($D8,온라인_반찬!$C$2:$C$597,0),8),"") -> 토마토김치(종가집) | M8: *건두부무침 : 25g / 35g | P8: *파르펠레냉파스타:30g | S8: *족발부추무침 : 45g, 55g
C9: 보존식 | G9: 포도클럽 : 백김치 ( 57명 / 1,567g ) 글로벌리더스 : 얼큰소고기무국 | J9: 1 | K9: 0.25
B10: 글로벌 리더스 . 석식 | C10: 밥 | D10: 친환경현미쌀밥 | E10: 150 | G10: =IFERROR(INDEX(온라인_반찬!$C$2:$H$604,MATCH($D10,온라인_반찬!$C$2:$C$604,0),6),"") -> 쌀(국산)90%, 현미(국산.친환경)5%, 정제수 | H10: =IFERROR(INDEX(온라인_반찬!$D$2:$J$597,MATCH($D10,온라인_반찬!$C$2:$C$597,0),6),"") -> 0 | I10: 2026-03-09 14:30~ | J10: 92 | K10: 10950 | L10: =IFERROR(INDEX(온라인_반찬!$C$2:$J$597,MATCH($D10,온라인_반찬!$C$2:$C$597,0),8),"") -> 0 | M10: *영양찜닭:85g / 95g | P10: *소고기가지볶음 : 30g | S10: *춘장닭불고기 : 70g / 80g
C11: 국 | D11: 얼큰소고기무국 | E11: 160 | G11: =IFERROR(INDEX(온라인_반찬!$C$2:$H$604,MATCH($D11,온라인_반찬!$C$2:$C$604,0),6),"") -> 무(국산)18.3%, 소고기(호주산)10.7%, 양파, 대파, 마늘, 정제수, 소금, 고춧가루, 멸치육수농축액, 국간장, 후추 | H11: =IFERROR(INDEX(온라인_반찬!$D$2:$J$597,MATCH($D11,온라인_반찬!$C$2:$C$597,0),6),"") -> .5.16. | I11: 2026-03-09 14:30~ | J11: 164 | K11: 26330 | L11: =IFERROR(INDEX(온라인_반찬!$C$2:$J$597,MATCH($D11,온라인_반찬!$C$2:$C$597,0),8),"") -> 0 | M11: *미트볼 : 개당10g | P11: *삼색소고기소보로 : 50g / 70g | S11: *훈제오리잡채 : 55g / 70g
C12: 메인 | D12: 코코넛커리소스 | E12: 120 | G12: =IFERROR(INDEX(온라인_반찬!$C$2:$H$604,MATCH($D12,온라인_반찬!$C$2:$C$604,0),6),"") -> 닭고기(국산)14.5%, 양파(국산)20.8%, 감자, 당근, 코코넛밀크(코코넛75%, 정제수)20%, 카레분말11.1%, 정제수, 대두유 | H12: =IFERROR(INDEX(온라인_반찬!$D$2:$J$597,MATCH($D12,온라인_반찬!$C$2:$C$597,0),6),"") -> .2.5.6.12.15.16.18. | I12: 2026-03-09 14:30~ | J12: 92 | K12: 12396 | L12: =IFERROR(INDEX(온라인_반찬!$C$2:$J$597,MATCH($D12,온라인_반찬!$C$2:$C$597,0),8),"") -> 코코넛밀크(몬), 카레분말(오뚜기)
C13: 반찬1 | D13: 새우튀김 | F13: 2 | G13: =IFERROR(INDEX(온라인_반찬!$C$2:$H$604,MATCH($D13,온라인_반찬!$C$2:$C$604,0),6),"") -> 새우튀김[흰다리새우30%, 빵가루(밀가루.쇼트닝.설탕.효모.옥수수전분.정제소금 등)베트남산 | H13: =IFERROR(INDEX(온라인_반찬!$D$2:$J$597,MATCH($D13,온라인_반찬!$C$2:$C$597,0),6),"") -> .1.5.6.9. | I13: 2026-03-09 14:30~ | J13: 92 | K13: 230 | L13: =IFERROR(INDEX(온라인_반찬!$C$2:$J$597,MATCH($D13,온라인_반찬!$C$2:$C$597,0),8),"") -> 새우튀김(이츠웰)/개당20g
C14: 반찬2 | D14: 청포묵무침 | E14: 40 | G14: =IFERROR(INDEX(온라인_반찬!$C$2:$H$604,MATCH($D14,온라인_반찬!$C$2:$C$604,0),6),"") -> 청포묵(원료수입산)90%, 계란지단(국산), 오이, 당근, 소금, 간장, 참기름, 참깨 | H14: =IFERROR(INDEX(온라인_반찬!$D$2:$J$597,MATCH($D14,온라인_반찬!$C$2:$C$597,0),6),"") -> .1.5.21. | I14: 2026-03-09 14:30~ | J14: 92 | K14: 3760 | L14: =IFERROR(INDEX(온라인_반찬!$C$2:$J$597,MATCH($D14,온라인_반찬!$C$2:$C$597,0),8),"") -> 0
C15: 반찬3 | D15: 배추김치 | E15: 35 | G15: =IFERROR(INDEX(온라인_반찬!$C$2:$H$604,MATCH($D15,온라인_반찬!$C$2:$C$604,0),6),"") -> 절임배추64.0%[배추(국산),무(국산),종가김치전용풀(쌀:국산)], 토마토페이스트(토마토:미국산)2.7%,[멸치액젓, 양파,다시마농축액,고춧가루,마늘,대파,새우액젓,김치유산균발효액,생강양념,호화쌀혼합분말]국산 | H15: =IFERROR(INDEX(온라인_반찬!$D$2:$J$597,MATCH($D15,온라인_반찬!$C$2:$C$597,0),6),"") -> .9.12. | I15: 2026-03-09 14:30~ | J15: 92 | K15: 3290 | L15: =IFERROR(INDEX(온라인_반찬!$C$2:$J$597,MATCH($D15,온라인_반찬!$C$2:$C$597,0),8),"") -> 토마토김치(종가집)
C16: 신당꿈 특식 | D16: 돈사태양념찜 | E16: 90 | G16: =IFERROR(INDEX(온라인_반찬!$C$2:$H$604,MATCH($D16,온라인_반찬!$C$2:$C$604,0),6),"") -> 돼지고기(사태:국산)62%, 파인애플(전처리용), 채소(무, 양파, 당근:국산)18%, 대파, 마늘, 생강가루, 월계수잎, 정제수, 고춧가루, 간장, 설탕, 맛술, 물엿, 참기름, 후추 | H16: =IFERROR(INDEX(온라인_반찬!$D$2:$J$597,MATCH($D16,온라인_반찬!$C$2:$C$597,0),6),"") -> .5.10.19.21. | I16: 2026-03-09 14:30~ | J16: 28 | K16: 2890 | L16: =IFERROR(INDEX(온라인_반찬!$C$2:$J$597,MATCH($D16,온라인_반찬!$C$2:$C$597,0),8),"") -> 0
C17: 보존식 | J17: 1 | K17: 0.25
B18: 강서폴리 소풍 | C18: 밥 | G18: =IFERROR(INDEX(온라인_반찬!$C$2:$H$604,MATCH($D18,온라인_반찬!$C$2:$C$604,0),6),"") | H18: =IFERROR(INDEX(온라인_반찬!$D$2:$J$597,MATCH($D18,온라인_반찬!$C$2:$C$597,0),6),"") | I18: 2026-03-09 09:30~ | L18: =IFERROR(INDEX(온라인_반찬!$C$2:$J$597,MATCH($D18,온라인_반찬!$C$2:$C$597,0),8),"")
C19: 반찬1 | G19: =IFERROR(INDEX(온라인_반찬!$C$2:$H$604,MATCH($D19,온라인_반찬!$C$2:$C$604,0),6),"") | H19: =IFERROR(INDEX(온라인_반찬!$D$2:$J$597,MATCH($D19,온라인_반찬!$C$2:$C$597,0),6),"") | I19: 2026-03-09 09:30~ | L19: =IFERROR(INDEX(온라인_반찬!$C$2:$J$597,MATCH($D19,온라인_반찬!$C$2:$C$597,0),8),"")
G20: =IFERROR(INDEX(온라인_반찬!$C$2:$H$604,MATCH($D20,온라인_반찬!$C$2:$C$604,0),6),"") | H20: =IFERROR(INDEX(온라인_반찬!$D$2:$J$597,MATCH($D20,온라인_반찬!$C$2:$C$597,0),6),"") | I20: 2026-03-09 09:30~ | L20: =IFERROR(INDEX(온라인_반찬!$C$2:$J$597,MATCH($D20,온라인_반찬!$C$2:$C$597,0),8),"")
C21: 반찬2 | G21: =IFERROR(INDEX(온라인_반찬!$C$2:$H$604,MATCH($D21,온라인_반찬!$C$2:$C$604,0),6),"") | H21: =IFERROR(INDEX(온라인_반찬!$D$2:$J$597,MATCH($D21,온라인_반찬!$C$2:$C$597,0),6),"") | I21: 2026-03-09 09:30~ | L21: =IFERROR(INDEX(온라인_반찬!$C$2:$J$597,MATCH($D21,온라인_반찬!$C$2:$C$597,0),8),"")
C22: 반찬3 | G22: =IFERROR(INDEX(온라인_반찬!$C$2:$H$604,MATCH($D22,온라인_반찬!$C$2:$C$604,0),6),"") | H22: =IFERROR(INDEX(온라인_반찬!$D$2:$J$597,MATCH($D22,온라인_반찬!$C$2:$C$597,0),6),"") | I22: 2026-03-09 09:30~ | L22: =IFERROR(INDEX(온라인_반찬!$C$2:$J$597,MATCH($D22,온라인_반찬!$C$2:$C$597,0),8),"")
C23: 반찬4 | G23: =IFERROR(INDEX(온라인_반찬!$C$2:$H$604,MATCH($D23,온라인_반찬!$C$2:$C$604,0),6),"") | H23: =IFERROR(INDEX(온라인_반찬!$D$2:$J$597,MATCH($D23,온라인_반찬!$C$2:$C$597,0),6),"") | I23: 2026-03-09 09:30~ | L23: =IFERROR(INDEX(온라인_반찬!$C$2:$J$597,MATCH($D23,온라인_반찬!$C$2:$C$597,0),8),"")
C24: 보존식 | F24: 1 | J24: 1 | K24: 0.25

Sheet 03-10
B1: 2026-03-10(화) | M1: *한입해쉬브라운 : 9g(개당) | P1: *양송이떡갈비 : 1.5ea, 1.75, 2 | S1: *양배추당근라페 : 20g / 30g
B2: 출고일 | C2: 구분 | D2: 품명 | E2: 중량(g) | F2: 수량(장) | G2: 자재사용내역 | H2: 알러지 표기 | I2: 배송시점 | J2: 제공인원 | K2: 총생산량(Kg) | L2: 메 모 | M2: *샐러드 채소 : 15g, 20g ,25g | P2: *야채고기말이 : 1.1, 1.5, 1.5 | S2: *고구마튀김35g / 45g
B3: 중식 | C3: 밥 | D3: 친환경귀리쌀밥 | E3: 140 | G3: =IFERROR(INDEX(온라인_반찬!$C$2:$H$604,MATCH($D3,온라인_반찬!$C$2:$C$604,0),6),"") -> 쌀(국산)90%, 귀리(국산.친환경)5%, 정제수 | H3: =IFERROR(INDEX(온라인_반찬!$D$2:$J$597,MATCH($D3,온라인_반찬!$C$2:$C$597,0),6),"") -> 0 | I3: 2026-03-10 09:30~ | J3: 1866 | K3: 294760 | L3: =IFERROR(INDEX(온라인_반찬!$C$2:$J$597,MATCH($D3,온라인_반찬!$C$2:$C$597,0),8),"") -> 0 | M3: *웨지감자 : 25g / 30g | O3: *어묵채구이:12g / 15g | S3: 한입새우튀김 : 30g / 35g / 45g (소스15g)
C4: 국 | D4: 맑은미역국 | E4: 150 | G4: =IFERROR(INDEX(온라인_반찬!$C$2:$H$604,MATCH($D4,온라인_반찬!$C$2:$C$604,0),6),"") -> 불린미역(국산)23%, 정제수, 참기름, 국간장, 밥새우, 멸치육수농축액, 마늘, 소금 | H4: =IFERROR(INDEX(온라인_반찬!$D$2:$J$597,MATCH($D4,온라인_반찬!$C$2:$C$597,0),6),"") -> .5.9. | I4: 2026-03-10 09:30~ | J4: 1866 | K4: 303700 | L4: =IFERROR(INDEX(온라인_반찬!$C$2:$J$597,MATCH($D4,온라인_반찬!$C$2:$C$597,0),8),"") -> 25g / 30g | M4: *꼬마돈까스: 25g, 중구청 35g | P4: *족발:45g / 55g | S4: *갈비만두 : 성분표기 인당1개 / 식수 인당1.5개
C5: 메인 | D5: 돈갈비양념구이 | E5: 60 | G5: =IFERROR(INDEX(온라인_반찬!$C$2:$H$604,MATCH($D5,온라인_반찬!$C$2:$C$604,0),6),"") -> 돈후지(국산)85%, 갈비양념, 간장, 설탕, 양파, 파, 마늘, 후추, 참기름 | H5: =IFERROR(INDEX(온라인_반찬!$D$2:$J$597,MATCH($D5,온라인_반찬!$C$2:$C$597,0),6),"") -> .5.6.10.21. | I5: 2026-03-10 09:30~ | J5: 1866 | K5: 133330 | L5: =IFERROR(INDEX(온라인_반찬!$C$2:$J$597,MATCH($D5,온라인_반찬!$C$2:$C$597,0),8),"") -> 돼지갈비양념장(백설) | M5: *오징어볼탕수 : 35g / 45g/ 70g 소스 : 20g | S5: *생선통살탕수 : 40g / 50g / 교사 70g, 소스 25g 개당 12g
C6: 반찬1 | D6: 채소계란찜 | F6: 1 | G6: =IFERROR(INDEX(온라인_반찬!$C$2:$H$604,MATCH($D6,온라인_반찬!$C$2:$C$604,0),6),"") -> 계란(국산)46.2%, 쪽파, 당근, 정제수, 우유, 소금 | H6: =IFERROR(INDEX(온라인_반찬!$D$2:$J$597,MATCH($D6,온라인_반찬!$C$2:$C$597,0),6),"") -> .1.2. | I6: 2026-03-10 09:30~ | J6: 1866 | K6: 2723.7 | L6: =IFERROR(INDEX(온라인_반찬!$C$2:$J$597,MATCH($D6,온라인_반찬!$C$2:$C$597,0),8),"") -> 1판에 64조각 | M6: *표고강정 : 30g(35g) | P6: *훈제오리 : 40g / 50g | S6: *해물전:1000680205(삼성웰스토리)
C7: 반찬2 | D7: 검은콩멸치조림 | E7: 20 | G7: =IFERROR(INDEX(온라인_반찬!$C$2:$H$604,MATCH($D7,온라인_반찬!$C$2:$C$604,0),6),"") -> 검은콩(중국산)82%, 멸치(국내산)3%, 간장, 물엿, 설탕, 참기름, 참깨 | H7: =IFERROR(INDEX(온라인_반찬!$D$2:$J$597,MATCH($D7,온라인_반찬!$C$2:$C$597,0),6),"") -> .5.21. | I7: 2026-03-10 09:30~ | J7: 1866 | K7: 44940 | L7: =IFERROR(INDEX(온라인_반찬!$C$2:$J$597,MATCH($D7,온라인_반찬!$C$2:$C$597,0),8),"") -> 콩자반(반찬단지) | M7: *탕수육40g(중구청50g) ,소스25g | P7: *마카로니.콘샐러드 : 30g | S7: *통등심돈까스:50g / 소스 25g
C8: 반찬3 | D8: 깍두기 | E8: 25 | G8: =IFERROR(INDEX(온라인_반찬!$C$2:$H$604,MATCH($D8,온라인_반찬!$C$2:$C$604,0),6),"") -> 무(국산)85.2%, 고추가루(국산), 밀가루풀(국산), 파, 마늘, 새우젓 등 양념(국산) | H8: =IFERROR(INDEX(온라인_반찬!$D$2:$J$597,MATCH($D8,온라인_반찬!$C$2:$C$597,0),6),"") -> .6.9. | I8: 2026-03-10 09:30~ | J8: 1866 | K8: 53512.5 | L8: =IFERROR(INDEX(온라인_반찬!$C$2:$J$597,MATCH($D8,온라인_반찬!$C$2:$C$597,0),8),"") -> 0 | M8: *건두부무침 : 25g / 35g | P8: *파르펠레냉파스타:30g | S8: *족발부추무침 : 45g, 55g
C9: 보존식 | J9: 1 | K9: 0.25
B10: 글로벌 리더스 . 석식 | C10: 밥 | D10: 친환경귀리쌀밥 | E10: 150 | G10: =IFERROR(INDEX(온라인_반찬!$C$2:$H$604,MATCH($D10,온라인_반찬!$C$2:$C$604,0),6),"") -> 쌀(국산)90%, 귀리(국산.친환경)5%, 정제수 | H10: =IFERROR(INDEX(온라인_반찬!$D$2:$J$597,MATCH($D10,온라인_반찬!$C$2:$C$597,0),6),"") -> 0 | I10: 2026-03-10 14:30~ | J10: 92 | K10: 10950 | L10: =IFERROR(INDEX(온라인_반찬!$C$2:$J$597,MATCH($D10,온라인_반찬!$C$2:$C$597,0),8),"") -> 0 | M10: *영양찜닭:85g / 95g | P10: *소고기가지볶음 : 30g | S10: *춘장닭불고기 : 70g / 80g
C11: 국 | D11: 맑은미역국 | E11: 160 | G11: =IFERROR(INDEX(온라인_반찬!$C$2:$H$604,MATCH($D11,온라인_반찬!$C$2:$C$604,0),6),"") -> 불린미역(국산)23%, 정제수, 참기름, 국간장, 밥새우, 멸치육수농축액, 마늘, 소금 | H11: =IFERROR(INDEX(온라인_반찬!$D$2:$J$597,MATCH($D11,온라인_반찬!$C$2:$C$597,0),6),"") -> .5.9. | I11: 2026-03-10 14:30~ | J11: 92 | K11: 11210 | L11: =IFERROR(INDEX(온라인_반찬!$C$2:$J$597,MATCH($D11,온라인_반찬!$C$2:$C$597,0),8),"") -> 25g / 30g | M11: *미트볼 : 개당10g | P11: *삼색소고기소보로 : 50g / 70g | S11: *훈제오리잡채 : 55g / 70g
C12: 메인 | D12: 매콤양념불백 | E12: 80 | G12: 돈후지(국산)85%, 갈비양념, 간장, 설탕, 양파, 파, 마늘, 후추, 참기름 | H12: =IFERROR(INDEX(온라인_반찬!$D$2:$J$597,MATCH($D12,온라인_반찬!$C$2:$C$597,0),6),"") -> .5.6.10.19.21. | I12: 2026-03-10 14:30~ | J12: 92 | K12: 8264 | L12: =IFERROR(INDEX(온라인_반찬!$C$2:$J$597,MATCH($D12,온라인_반찬!$C$2:$C$597,0),8),"") -> 0
C13: 반찬1 | D13: 채소계란찜 | F13: 2 | G13: =IFERROR(INDEX(온라인_반찬!$C$2:$H$604,MATCH($D13,온라인_반찬!$C$2:$C$604,0),6),"") -> 계란(국산)46.2%, 쪽파, 당근, 정제수, 우유, 소금 | H13: =IFERROR(INDEX(온라인_반찬!$D$2:$J$597,MATCH($D13,온라인_반찬!$C$2:$C$597,0),6),"") -> .1.2. | I13: 2026-03-10 14:30~ | J13: 92 | K13: 202.4 | L13: =IFERROR(INDEX(온라인_반찬!$C$2:$J$597,MATCH($D13,온라인_반찬!$C$2:$C$597,0),8),"") -> 1판에 64조각
C14: 반찬2 | D14: 검은콩멸치조림 | E14: 23 | G14: =IFERROR(INDEX(온라인_반찬!$C$2:$H$604,MATCH($D14,온라인_반찬!$C$2:$C$604,0),6),"") -> 검은콩(중국산)82%, 멸치(국내산)3%, 간장, 물엿, 설탕, 참기름, 참깨 | H14: =IFERROR(INDEX(온라인_반찬!$D$2:$J$597,MATCH($D14,온라인_반찬!$C$2:$C$597,0),6),"") -> .5.21. | I14: 2026-03-10 14:30~ | J14: 92 | K14: 2162 | L14: =IFERROR(INDEX(온라인_반찬!$C$2:$J$597,MATCH($D14,온라인_반찬!$C$2:$C$597,0),8),"") -> 콩자반(반찬단지)
C15: 반찬3 | D15: 깍두기 | E15: 35 | G15: =IFERROR(INDEX(온라인_반찬!$C$2:$H$604,MATCH($D15,온라인_반찬!$C$2:$C$604,0),6),"") -> 무(국산)85.2%, 고추가루(국산), 밀가루풀(국산), 파, 마늘, 새우젓 등 양념(국산) | H15: =IFERROR(INDEX(온라인_반찬!$D$2:$J$597,MATCH($D15,온라인_반찬!$C$2:$C$597,0),6),"") -> .6.9. | I15: 2026-03-10 14:30~ | J15: 92 | K15: 3290 | L15: =IFERROR(INDEX(온라인_반찬!$C$2:$J$597,MATCH($D15,온라인_반찬!$C$2:$C$597,0),8),"") -> 0
C16: 신당꿈 특식 | D16: 과일 | E16: 100 | G16: 딸기(국내산) | H16: =IFERROR(INDEX(온라인_반찬!$D$2:$J$597,MATCH($D16,온라인_반찬!$C$2:$C$597,0),6),"") | I16: 2026-03-10 14:30~ | J16: 28 | K16: 3000 | L16: =IFERROR(INDEX(온라인_반찬!$C$2:$J$597,MATCH($D16,온라인_반찬!$C$2:$C$597,0),8),"")
C17: 보존식 | J17: 1 | K17: 0.25
B18: 강서폴리 소풍 | C18: 밥 | G18: =IFERROR(INDEX(온라인_반찬!$C$2:$H$604,MATCH($D18,온라인_반찬!$C$2:$C$604,0),6),"") | H18: =IFERROR(INDEX(온라인_반찬!$D$2:$J$597,MATCH($D18,온라인_반찬!$C$2:$C$597,0),6),"") | I18: 2026-03-10 09:30~ | L18: =IFERROR(INDEX(온라인_반찬!$C$2:$J$597,MATCH($D18,온라인_반찬!$C$2:$C$597,0),8),"")
C19: 반찬1 | G19: =IFERROR(INDEX(온라인_반찬!$C$2:$H$604,MATCH($D19,온라인_반찬!$C$2:$C$604,0),6),"") | H19: =IFERROR(INDEX(온라인_반찬!$D$2:$J$597,MATCH($D19,온라인_반찬!$C$2:$C$597,0),6),"") | I19: 2026-03-10 09:30~ | L19: =IFERROR(INDEX(온라인_반찬!$C$2:$J$597,MATCH($D19,온라인_반찬!$C$2:$C$597,0),8),"")
G20: =IFERROR(INDEX(온라인_반찬!$C$2:$H$604,MATCH($D20,온라인_반찬!$C$2:$C$604,0),6),"") | H20: =IFERROR(INDEX(온라인_반찬!$D$2:$J$597,MATCH($D20,온라인_반찬!$C$2:$C$597,0),6),"") | I20: 2026-03-10 09:30~ | L20: =IFERROR(INDEX(온라인_반찬!$C$2:$J$597,MATCH($D20,온라인_반찬!$C$2:$C$597,0),8),"")
C21: 반찬2 | G21: =IFERROR(INDEX(온라인_반찬!$C$2:$H$604,MATCH($D21,온라인_반찬!$C$2:$C$604,0),6),"") | H21: =IFERROR(INDEX(온라인_반찬!$D$2:$J$597,MATCH($D21,온라인_반찬!$C$2:$C$597,0),6),"") | I21: 2026-03-10 09:30~ | L21: =IFERROR(INDEX(온라인_반찬!$C$2:$J$597,MATCH($D21,온라인_반찬!$C$2:$C$597,0),8),"")
C22: 반찬3 | G22: =IFERROR(INDEX(온라인_반찬!$C$2:$H$604,MATCH($D22,온라인_반찬!$C$2:$C$604,0),6),"") | H22: =IFERROR(INDEX(온라인_반찬!$D$2:$J$597,MATCH($D22,온라인_반찬!$C$2:$C$597,0),6),"") | I22: 2026-03-10 09:30~ | L22: =IFERROR(INDEX(온라인_반찬!$C$2:$J$597,MATCH($D22,온라인_반찬!$C$2:$C$597,0),8),"")
C23: 반찬4 | G23: =IFERROR(INDEX(온라인_반찬!$C$2:$H$604,MATCH($D23,온라인_반찬!$C$2:$C$604,0),6),"") | H23: =IFERROR(INDEX(온라인_반찬!$D$2:$J$597,MATCH($D23,온라인_반찬!$C$2:$C$597,0),6),"") | I23: 2026-03-10 09:30~ | L23: =IFERROR(INDEX(온라인_반찬!$C$2:$J$597,MATCH($D23,온라인_반찬!$C$2:$C$597,0),8),"")
C24: 보존식 | F24: 1 | J24: 1 | K24: 0.25

Sheet 03-11
B1: 2026-03-11(수) | M1: *한입해쉬브라운 : 9g(개당) | P1: *양송이떡갈비 : 1.5ea, 1.75, 2 | S1: *양배추당근라페 : 20g / 30g
B2: 출고일 | C2: 구분 | D2: 품명 | E2: 중량(g) | F2: 수량(장) | G2: 자재사용내역 | H2: 알러지 표기 | I2: 배송시점 | J2: 제공인원 | K2: 총생산량(Kg) | L2: 메 모 | M2: *샐러드 채소 : 15g, 20g ,25g | P2: *야채고기말이 : 1.1, 1.5, 1.5 | S2: *고구마튀김35g / 45g
B3: 중식 | C3: 밥 | D3: 친환경찰흑미쌀밥 | E3: 140 | G3: =IFERROR(INDEX(온라인_반찬!$C$2:$H$604,MATCH($D3,온라인_반찬!$C$2:$C$604,0),6),"") -> 쌀(국산)90%, 찰흑미(국산.친환경)5%, 정제수 | H3: =IFERROR(INDEX(온라인_반찬!$D$2:$J$597,MATCH($D3,온라인_반찬!$C$2:$C$597,0),6),"") -> 0 | I3: 2026-03-11 09:30~ | J3: 1880 | K3: 297810 | L3: =IFERROR(INDEX(온라인_반찬!$C$2:$J$597,MATCH($D3,온라인_반찬!$C$2:$C$597,0),8),"") -> 0 | M3: *웨지감자 : 25g / 30g | O3: *어묵채구이:12g / 15g | S3: 한입새우튀김 : 30g / 35g / 45g (소스15g)
C4: 국 | D4: 냉이된장국 | E4: 150 | G4: =IFERROR(INDEX(온라인_반찬!$C$2:$H$604,MATCH($D4,온라인_반찬!$C$2:$C$604,0),6),"") -> 냉이(국산)7.8%, 모둠채소[느타리버섯(국산)), 무(국산), 양파(국산) ]13%, 파, 마늘, 된장, 정제수, 멸치육수농축액, 소금 | H4: =IFERROR(INDEX(온라인_반찬!$D$2:$J$597,MATCH($D4,온라인_반찬!$C$2:$C$597,0),6),"") -> .5.18. | I4: 2026-03-11 09:30~ | J4: 1880 | K4: 306630 | L4: =IFERROR(INDEX(온라인_반찬!$C$2:$J$597,MATCH($D4,온라인_반찬!$C$2:$C$597,0),8),"") -> 0 | M4: *꼬마돈까스: 25g, 중구청 35g | P4: *족발:45g / 55g | S4: *갈비만두 : 성분표기 인당1개 / 식수 인당1.5개
C5: 메인 | D5: 소고기소보로 | E5: 50 | G5: =IFERROR(INDEX(온라인_반찬!$C$2:$H$604,MATCH($D5,온라인_반찬!$C$2:$C$604,0),6),"") -> 소고기다짐육(호주산)60%, 스크램블에그(계란:국내산)30%, 부추(국내산), 대두유, 간장, 맛술, 설탕, 후추, 참기름, 참깨 | H5: =IFERROR(INDEX(온라인_반찬!$D$2:$J$597,MATCH($D5,온라인_반찬!$C$2:$C$597,0),6),"") -> .1.2.5.16.21. | I5: 2026-03-11 09:30~ | J5: 1808 | K5: 112465 | L5: =IFERROR(INDEX(온라인_반찬!$C$2:$J$597,MATCH($D5,온라인_반찬!$C$2:$C$597,0),8),"") -> 0 | M5: *오징어볼탕수 : 35g / 45g/ 70g 소스 : 20g | S5: *생선통살탕수 : 40g / 50g / 교사 70g, 소스 25g 개당 12g
C6: 반찬1 | D6: 표고씨앗강정 | E6: 30 | G6: =IFERROR(INDEX(온라인_반찬!$C$2:$H$604,MATCH($D6,온라인_반찬!$C$2:$C$604,0),6),"") -> 표고탕수[표고버섯채(중국산:46.88%), 밀가루:미국산]78%, 강정소스(케찹, 설탕, 물엿, 참기름), 해바라기씨(중국산) | H6: =IFERROR(INDEX(온라인_반찬!$D$2:$J$597,MATCH($D6,온라인_반찬!$C$2:$C$597,0),6),"") -> .1.5.6.18.21. | I6: 2026-03-11 09:30~ | J6: 1880 | K6: 68170 | L6: =IFERROR(INDEX(온라인_반찬!$C$2:$J$597,MATCH($D6,온라인_반찬!$C$2:$C$597,0),8),"") -> 0 | M6: *표고강정 : 30g(35g) | P6: *훈제오리 : 40g / 50g | S6: *해물전:1000680205(삼성웰스토리)
C7: 반찬2 | D7: 크래미미역초무침 | E7: 30 | G7: =IFERROR(INDEX(온라인_반찬!$C$2:$H$604,MATCH($D7,온라인_반찬!$C$2:$C$604,0),6),"") -> 미역(국산)75%, 크래미[명태연육80.26%(미국산), 감자전분(폴란드산, 국내산), 난백액(국내산),게엑기스1.36%(국내산)]10%, 파프리카(국산), 설탕, 식초, 레몬즙, 소금 | H7: =IFERROR(INDEX(온라인_반찬!$D$2:$J$597,MATCH($D7,온라인_반찬!$C$2:$C$597,0),6),"") -> .1.2.5.6.8.12.21. | I7: 2026-03-11 09:30~ | J7: 1880 | K7: 67220 | L7: =IFERROR(INDEX(온라인_반찬!$C$2:$J$597,MATCH($D7,온라인_반찬!$C$2:$C$597,0),8),"") -> 0 | M7: *탕수육40g(중구청50g) ,소스25g | P7: *마카로니.콘샐러드 : 30g | S7: *통등심돈까스:50g / 소스 25g
C8: 반찬3 | D8: 백김치 | E8: 25 | G8: =IFERROR(INDEX(온라인_반찬!$C$2:$H$604,MATCH($D8,온라인_반찬!$C$2:$C$604,0),6),"") -> 배추(국내산)64%, 무채(무:국내산)8%, 양파, 정제수, 생강, 마늘, 생강, 배, 쪽파, 정제염 | H8: =IFERROR(INDEX(온라인_반찬!$D$2:$J$597,MATCH($D8,온라인_반찬!$C$2:$C$597,0),6),"") -> 0 | I8: 2026-03-11 09:30~ | J8: 1808 | K8: 46887 | L8: =IFERROR(INDEX(온라인_반찬!$C$2:$J$597,MATCH($D8,온라인_반찬!$C$2:$C$597,0),8),"") -> 백김치(정우식품) | M8: *건두부무침 : 25g / 35g | P8: *파르펠레냉파스타:30g | S8: *족발부추무침 : 45g, 55g
C9: 보존식 | J9: 1 | K9: 0.25
B10: 글로벌 리더스 . 석식 | C10: 밥 | D10: 친환경찰흑미쌀밥 | E10: 150 | G10: =IFERROR(INDEX(온라인_반찬!$C$2:$H$604,MATCH($D10,온라인_반찬!$C$2:$C$604,0),6),"") -> 쌀(국산)90%, 찰흑미(국산.친환경)5%, 정제수 | H10: =IFERROR(INDEX(온라인_반찬!$D$2:$J$597,MATCH($D10,온라인_반찬!$C$2:$C$597,0),6),"") -> 0 | I10: 2026-03-11 14:30~ | J10: 64 | K10: 6300 | L10: =IFERROR(INDEX(온라인_반찬!$C$2:$J$597,MATCH($D10,온라인_반찬!$C$2:$C$597,0),8),"") -> 0 | M10: *영양찜닭:85g / 95g | P10: *소고기가지볶음 : 30g | S10: *춘장닭불고기 : 70g / 80g
C11: 국 | D11: 냉이된장국 | E11: 160 | G11: =IFERROR(INDEX(온라인_반찬!$C$2:$H$604,MATCH($D11,온라인_반찬!$C$2:$C$604,0),6),"") -> 냉이(국산)7.8%, 모둠채소[느타리버섯(국산)), 무(국산), 양파(국산) ]13%, 파, 마늘, 된장, 정제수, 멸치육수농축액, 소금 | H11: =IFERROR(INDEX(온라인_반찬!$D$2:$J$597,MATCH($D11,온라인_반찬!$C$2:$C$597,0),6),"") -> .5.18. | I11: 2026-03-11 14:30~ | J11: 64 | K11: 6560 | L11: =IFERROR(INDEX(온라인_반찬!$C$2:$J$597,MATCH($D11,온라인_반찬!$C$2:$C$597,0),8),"") -> 0 | M11: *미트볼 : 개당10g | P11: *삼색소고기소보로 : 50g / 70g | S11: *훈제오리잡채 : 55g / 70g
C12: 메인 | D12: 소불고기 | E12: 80 | G12: =IFERROR(INDEX(온라인_반찬!$C$2:$H$604,MATCH($D12,온라인_반찬!$C$2:$C$604,0),6),"") -> 소고기(호주산)77%, 새송이버섯(국산)10%, 당근, 대파, 마늘, 간장, 맛술, 참기름, 후추, 참깨 | H12: =IFERROR(INDEX(온라인_반찬!$D$2:$J$597,MATCH($D12,온라인_반찬!$C$2:$C$597,0),6),"") -> .5.16.21. | I12: 2026-03-11 14:30~ | J12: 136 | K12: 14800 | L12: =IFERROR(INDEX(온라인_반찬!$C$2:$J$597,MATCH($D12,온라인_반찬!$C$2:$C$597,0),8),"") -> 0
C13: 반찬1 | D13: 표고씨앗강정 | E13: 40 | G13: =IFERROR(INDEX(온라인_반찬!$C$2:$H$604,MATCH($D13,온라인_반찬!$C$2:$C$604,0),6),"") -> 표고탕수[표고버섯채(중국산:46.88%), 밀가루:미국산]78%, 강정소스(케찹, 설탕, 물엿, 참기름), 해바라기씨(중국산) | H13: =IFERROR(INDEX(온라인_반찬!$D$2:$J$597,MATCH($D13,온라인_반찬!$C$2:$C$597,0),6),"") -> .1.5.6.18.21. | I13: 2026-03-11 14:30~ | J13: 64 | K13: 2640 | L13: =IFERROR(INDEX(온라인_반찬!$C$2:$J$597,MATCH($D13,온라인_반찬!$C$2:$C$597,0),8),"") -> 0
C14: 반찬2 | D14: 크래미미역초무침 | E14: 35 | G14: =IFERROR(INDEX(온라인_반찬!$C$2:$H$604,MATCH($D14,온라인_반찬!$C$2:$C$604,0),6),"") -> 미역(국산)75%, 크래미[명태연육80.26%(미국산), 감자전분(폴란드산, 국내산), 난백액(국내산),게엑기스1.36%(국내산)]10%, 파프리카(국산), 설탕, 식초, 레몬즙, 소금 | H14: =IFERROR(INDEX(온라인_반찬!$D$2:$J$597,MATCH($D14,온라인_반찬!$C$2:$C$597,0),6),"") -> .1.2.5.6.8.12.21. | I14: 2026-03-11 14:30~ | J14: 64 | K14: 2310 | L14: =IFERROR(INDEX(온라인_반찬!$C$2:$J$597,MATCH($D14,온라인_반찬!$C$2:$C$597,0),8),"") -> 0
C15: 반찬3 | D15: 열무김치 | E15: 35 | G15: =IFERROR(INDEX(온라인_반찬!$C$2:$H$604,MATCH($D15,온라인_반찬!$C$2:$C$604,0),6),"") -> 절임열무51%(열무,식염, 고춧가루, 양파, 대파, 전용풀. 마늘, 다시마농축액.새우액젓.생강:국산) | H15: =IFERROR(INDEX(온라인_반찬!$D$2:$J$597,MATCH($D15,온라인_반찬!$C$2:$C$597,0),6),"") -> .9. | I15: 2026-03-11 14:30~ | J15: 136 | K15: 5910 | L15: =IFERROR(INDEX(온라인_반찬!$C$2:$J$597,MATCH($D15,온라인_반찬!$C$2:$C$597,0),8),"") -> 열무김치(종가김치)
C16: 신당꿈 특식 | D16: 국물떡볶이 | E16: 100 | G16: =IFERROR(INDEX(온라인_반찬!$C$2:$H$604,MATCH($D16,온라인_반찬!$C$2:$C$604,0),6),"") -> 누들떡(밀:수입산)45%, 어묵(원료수입산)10%, 비엔나소세지(돼지고기,닭고기:국산), 메추리알(국산)., 양파, 당근, 파, 마늘, 정제수, 고추장, 설탕, 간장, 물엿 | H16: =IFERROR(INDEX(온라인_반찬!$D$2:$J$597,MATCH($D16,온라인_반찬!$C$2:$C$597,0),6),"") -> .1.5.6.10.15. | I16: 2026-03-11 14:30~ | J16: 0 | K16: 0 | L16: =IFERROR(INDEX(온라인_반찬!$C$2:$J$597,MATCH($D16,온라인_반찬!$C$2:$C$597,0),8),"") -> 0
C17: 보존식 | J17: 1 | K17: 0.25
B18: 강서폴리 소풍 | C18: 밥 | G18: =IFERROR(INDEX(온라인_반찬!$C$2:$H$604,MATCH($D18,온라인_반찬!$C$2:$C$604,0),6),"") | H18: =IFERROR(INDEX(온라인_반찬!$D$2:$J$597,MATCH($D18,온라인_반찬!$C$2:$C$597,0),6),"") | I18: 2026-03-11 09:30~ | L18: =IFERROR(INDEX(온라인_반찬!$C$2:$J$597,MATCH($D18,온라인_반찬!$C$2:$C$597,0),8),"")
C19: 반찬1 | G19: =IFERROR(INDEX(온라인_반찬!$C$2:$H$604,MATCH($D19,온라인_반찬!$C$2:$C$604,0),6),"") | H19: =IFERROR(INDEX(온라인_반찬!$D$2:$J$597,MATCH($D19,온라인_반찬!$C$2:$C$597,0),6),"") | I19: 2026-03-11 09:30~ | L19: =IFERROR(INDEX(온라인_반찬!$C$2:$J$597,MATCH($D19,온라인_반찬!$C$2:$C$597,0),8),"")
G20: =IFERROR(INDEX(온라인_반찬!$C$2:$H$604,MATCH($D20,온라인_반찬!$C$2:$C$604,0),6),"") | H20: =IFERROR(INDEX(온라인_반찬!$D$2:$J$597,MATCH($D20,온라인_반찬!$C$2:$C$597,0),6),"") | I20: 2026-03-11 09:30~ | L20: =IFERROR(INDEX(온라인_반찬!$C$2:$J$597,MATCH($D20,온라인_반찬!$C$2:$C$597,0),8),"")
C21: 반찬2 | G21: =IFERROR(INDEX(온라인_반찬!$C$2:$H$604,MATCH($D21,온라인_반찬!$C$2:$C$604,0),6),"") | H21: =IFERROR(INDEX(온라인_반찬!$D$2:$J$597,MATCH($D21,온라인_반찬!$C$2:$C$597,0),6),"") | I21: 2026-03-11 09:30~ | L21: =IFERROR(INDEX(온라인_반찬!$C$2:$J$597,MATCH($D21,온라인_반찬!$C$2:$C$597,0),8),"")
C22: 반찬3 | G22: =IFERROR(INDEX(온라인_반찬!$C$2:$H$604,MATCH($D22,온라인_반찬!$C$2:$C$604,0),6),"") | H22: =IFERROR(INDEX(온라인_반찬!$D$2:$J$597,MATCH($D22,온라인_반찬!$C$2:$C$597,0),6),"") | I22: 2026-03-11 09:30~ | L22: =IFERROR(INDEX(온라인_반찬!$C$2:$J$597,MATCH($D22,온라인_반찬!$C$2:$C$597,0),8),"")
C23: 반찬4 | G23: =IFERROR(INDEX(온라인_반찬!$C$2:$H$604,MATCH($D23,온라인_반찬!$C$2:$C$604,0),6),"") | H23: =IFERROR(INDEX(온라인_반찬!$D$2:$J$597,MATCH($D23,온라인_반찬!$C$2:$C$597,0),6),"") | I23: 2026-03-11 09:30~ | L23: =IFERROR(INDEX(온라인_반찬!$C$2:$J$597,MATCH($D23,온라인_반찬!$C$2:$C$597,0),8),"")
C24: 보존식 | F24: 1 | J24: 1 | K24: 0.25

Sheet 03-12
B1: 2026-03-12(목) | M1: *한입해쉬브라운 : 9g(개당) | P1: *양송이떡갈비 : 1.5ea, 1.75, 2 | S1: *양배추당근라페 : 20g / 30g
B2: 출고일 | C2: 구분 | D2: 품명 | E2: 중량(g) | F2: 수량(장) | G2: 자재사용내역 | H2: 알러지 표기 | I2: 배송시점 | J2: 제공인원 | K2: 총생산량(Kg) | L2: 메 모 | M2: *샐러드 채소 : 15g, 20g ,25g | P2: *야채고기말이 : 1.1, 1.5, 1.5 | S2: *고구마튀김35g / 45g
B3: 중식 | C3: 밥 | D3: 흰쌀밥 | E3: 140 | G3: =IFERROR(INDEX(온라인_반찬!$C$2:$H$604,MATCH($D3,온라인_반찬!$C$2:$C$604,0),6),"") -> 쌀(국산)95%, 정제수 | H3: =IFERROR(INDEX(온라인_반찬!$D$2:$J$597,MATCH($D3,온라인_반찬!$C$2:$C$597,0),6),"") -> 0 | I3: 2026-03-12 09:30~ | J3: 1775 | K3: 281350 | L3: =IFERROR(INDEX(온라인_반찬!$C$2:$J$597,MATCH($D3,온라인_반찬!$C$2:$C$597,0),8),"") -> 0 | M3: *웨지감자 : 25g / 30g | O3: *어묵채구이:12g / 15g | S3: 한입새우튀김 : 30g / 35g / 45g (소스15g)
C4: 국 | D4: 조랭이떡국 | E4: 150 | G4: =IFERROR(INDEX(온라인_반찬!$C$2:$H$604,MATCH($D4,온라인_반찬!$C$2:$C$604,0),6),"") -> 조랭이떡(쌀:수입산)25%, 소고기(호주산)3.5%, 계란(국내산)1%, 대파, 마늘, 국간장, 정제수, 소금 | H4: =IFERROR(INDEX(온라인_반찬!$D$2:$J$597,MATCH($D4,온라인_반찬!$C$2:$C$597,0),6),"") -> .1.5.16. | I4: 2026-03-12 09:30~ | J4: 1775 | K4: 289520 | L4: =IFERROR(INDEX(온라인_반찬!$C$2:$J$597,MATCH($D4,온라인_반찬!$C$2:$C$597,0),8),"") -> 40g / 50g | M4: *꼬마돈까스: 25g, 중구청 35g | P4: *족발:45g / 55g | S4: *갈비만두 : 성분표기 인당1개 / 식수 인당1.5개
C5: 메인 | D5: 토마토닭볶음탕 | E5: 75 | G5: =IFERROR(INDEX(온라인_반찬!$C$2:$H$604,MATCH($D5,온라인_반찬!$C$2:$C$604,0),6),"") -> 닭정육(국내산)78%, 감자(국내산), 토마토(국내산), 양파, 토마토홀, 대두유, 치킨스톡, 고추장(미량), 마늘, 정제수, 소금, 후추 | H5: =IFERROR(INDEX(온라인_반찬!$D$2:$J$597,MATCH($D5,온라인_반찬!$C$2:$C$597,0),6),"") -> .5.6.12.15. | I5: 2026-03-12 09:30~ | J5: 1775 | K5: 155890 | L5: =IFERROR(INDEX(온라인_반찬!$C$2:$J$597,MATCH($D5,온라인_반찬!$C$2:$C$597,0),8),"") -> 0 | M5: *오징어볼탕수 : 35g / 45g/ 70g 소스 : 20g | S5: *생선통살탕수 : 40g / 50g / 교사 70g, 소스 25g 개당 12g
C6: 반찬1 | D6: 소세지채소볶음 | E6: 40 | G6: =IFERROR(INDEX(온라인_반찬!$C$2:$H$604,MATCH($D6,온라인_반찬!$C$2:$C$604,0),6),"") -> {소시지[닭고기(국산)54.04%, 정제수, 돼지고기(국산)24.22%, 옥수수전분(러시아,헝가리,세르비아등).돈지방(국산),정제수, 정제소금)]80%, 대두유, 당근, 양파, 간장, 올리고당, 참기름, 참께 | H6: =IFERROR(INDEX(온라인_반찬!$D$2:$J$597,MATCH($D6,온라인_반찬!$C$2:$C$597,0),6),"") -> .5.6.10.12.15.16.21. | I6: 2026-03-12 09:30~ | J6: 1775 | K6: 94400 | L6: =IFERROR(INDEX(온라인_반찬!$C$2:$J$597,MATCH($D6,온라인_반찬!$C$2:$C$597,0),8),"") -> 칼집비엔나소시지(이츠웰) | M6: *표고강정 : 30g(35g) | P6: *훈제오리 : 40g / 50g | S6: *해물전:1000680205(삼성웰스토리)
C7: 반찬2 | D7: 삼색콩나물무침 | E7: 25 | G7: =IFERROR(INDEX(온라인_반찬!$C$2:$H$604,MATCH($D7,온라인_반찬!$C$2:$C$604,0),6),"") -> 콩나물(원료수입산)90%, 당근, 부추, 마늘, 대파, 참치액, 소금, 참기름, 참깨 | H7: =IFERROR(INDEX(온라인_반찬!$D$2:$J$597,MATCH($D7,온라인_반찬!$C$2:$C$597,0),6),"") -> .5.21. | I7: 2026-03-12 09:30~ | J7: 1775 | K7: 57300 | L7: =IFERROR(INDEX(온라인_반찬!$C$2:$J$597,MATCH($D7,온라인_반찬!$C$2:$C$597,0),8),"") -> 0 | M7: *탕수육40g(중구청50g) ,소스25g | P7: *마카로니.콘샐러드 : 30g | S7: *통등심돈까스:50g / 소스 25g
C8: 반찬3 | D8: 깍두기 | E8: 25 | G8: =IFERROR(INDEX(온라인_반찬!$C$2:$H$604,MATCH($D8,온라인_반찬!$C$2:$C$604,0),6),"") -> 무(국산)85.2%, 고추가루(국산), 밀가루풀(국산), 파, 마늘, 새우젓 등 양념(국산) | H8: =IFERROR(INDEX(온라인_반찬!$D$2:$J$597,MATCH($D8,온라인_반찬!$C$2:$C$597,0),6),"") -> .6.9. | I8: 2026-03-12 09:30~ | J8: 1775 | K8: 51087.5 | L8: =IFERROR(INDEX(온라인_반찬!$C$2:$J$597,MATCH($D8,온라인_반찬!$C$2:$C$597,0),8),"") -> 0 | M8: *건두부무침 : 25g / 35g | P8: *파르펠레냉파스타:30g | S8: *족발부추무침 : 45g, 55g
C9: 보존식 | G9: 글로벌리더스 : 매콤토마토닭볶음탕 | J9: 1 | K9: 0.25
B10: 위니위니 생파 | C10: 밥 | D10: 주먹밥 | F10: 2 | G10: =IFERROR(INDEX(온라인_반찬!$C$2:$H$604,MATCH($D10,온라인_반찬!$C$2:$C$604,0),6),"") -> 밥(쌀:국산)95%, 후리카케[볶은참깨(참깨:인도산), 밀소맥볼(밀:미국,호주산),조각김(김:국산), 양조간장], 맛소금, 참기름 | H10: =IFERROR(INDEX(온라인_반찬!$D$2:$J$597,MATCH($D10,온라인_반찬!$C$2:$C$597,0),6),"") -> .5.21. | I10: 2026-03-12 09:30~ | J10: 95 | K10: 11380 | L10: =IFERROR(INDEX(온라인_반찬!$C$2:$J$597,MATCH($D10,온라인_반찬!$C$2:$C$597,0),8),"") -> 노리풍후리가케(이엔푸드)
C11: 반찬1 | D11: 스파게티면 | E11: 100 | G11: =IFERROR(INDEX(온라인_반찬!$C$2:$H$604,MATCH($D11,온라인_반찬!$C$2:$C$604,0),6),"") -> 스파게티면(듀럼밀100%)97%, 올리브오일3% | H11: =IFERROR(INDEX(온라인_반찬!$D$2:$J$597,MATCH($D11,온라인_반찬!$C$2:$C$597,0),6),"") -> .6. | I11: 2026-03-12 09:30~ | J11: 95 | K11: 13540 | L11: =IFERROR(INDEX(온라인_반찬!$C$2:$J$597,MATCH($D11,온라인_반찬!$C$2:$C$597,0),8),"") -> 0
D12: & 토마토소스 | E12: 120 | G12: =IFERROR(INDEX(온라인_반찬!$C$2:$H$604,MATCH($D12,온라인_반찬!$C$2:$C$604,0),6),"") -> 양파, 피망, 토마토소스[과채가공품(토마토:이탈리아산),토마토페이스트(토마토:중국산)], 올리브오일, 후추, 파슬리가루 | H12: =IFERROR(INDEX(온라인_반찬!$D$2:$J$597,MATCH($D12,온라인_반찬!$C$2:$C$597,0),6),"") -> .5.12. | I12: 2026-03-12 09:30~ | J12: 95 | K12: 274 | L12: =IFERROR(INDEX(온라인_반찬!$C$2:$J$597,MATCH($D12,온라인_반찬!$C$2:$C$597,0),8),"") -> 토마토소스(이츠웰)
C13: 반찬2 | D13: 불고기피자 | F13: 1 | G13: =IFERROR(INDEX(온라인_반찬!$C$2:$H$604,MATCH($D13,온라인_반찬!$C$2:$C$604,0),6),"") -> 소불고기(소고기:미국.호주산), 밀가루(밀:미국,호주산), 옥수수전분, 토마토케찹, 백설탕, 물엿, 치즈22.7%(우유:프랑스산), 버터, 계란, 슈크림우유(국산), 자연산치즈(수입산), 정제식염, 버터, 계란, 고추가루, 물엿, 양파, 샐러드, 양배추, 피망 | H13: =IFERROR(INDEX(온라인_반찬!$D$2:$J$597,MATCH($D13,온라인_반찬!$C$2:$C$597,0),6),"") -> .1.2.5.6.12.16. | I13: 2026-03-12 09:30~ | J13: 95 | K13: 100 | L13: =IFERROR(INDEX(온라인_반찬!$C$2:$J$597,MATCH($D13,온라인_반찬!$C$2:$C$597,0),8),"") -> 과드라불고기피자(M&F)
C14: 반찬3 | D14: 팝콘치킨 | E14: 30 | G14: =IFERROR(INDEX(온라인_반찬!$C$2:$H$604,MATCH($D14,온라인_반찬!$C$2:$C$604,0),6),"") -> {동물복지닭고기(닭가슴살:국산)63.38%, 정제수, 정제소금, 치킨브레더[옥수수전분(옥수수:외국산), 밀가루(밀:미극산,호주산)], 마늘, 양파, 정제소금, 대두유} | H14: =IFERROR(INDEX(온라인_반찬!$D$2:$J$597,MATCH($D14,온라인_반찬!$C$2:$C$597,0),6),"") -> .2.5.6.12.15.16.18. | I14: 2026-03-12 09:30~ | J14: 95 | K14: 3355 | L14: =IFERROR(INDEX(온라인_반찬!$C$2:$J$597,MATCH($D14,온라인_반찬!$C$2:$C$597,0),8),"") -> 0
C15: 반찬4 | D15: 오이피클 | E15: 25 | G15: =IFERROR(INDEX(온라인_반찬!$C$2:$H$604,MATCH($D15,온라인_반찬!$C$2:$C$604,0),6),"") -> 절임오이(오이:중국산, 정제염, 정제수, 화이트식초) | H15: =IFERROR(INDEX(온라인_반찬!$D$2:$J$597,MATCH($D15,온라인_반찬!$C$2:$C$597,0),6),"") -> 0 | I15: 2026-03-12 09:30~ | J15: 95 | K15: 2675 | L15: =IFERROR(INDEX(온라인_반찬!$C$2:$J$597,MATCH($D15,온라인_반찬!$C$2:$C$597,0),8),"") -> 오이피클(이츠웰)
C16: 보존식 | F16: 1 | J16: 1 | K16: 0.25
B17: 글로벌 리더스 . 석식 | C17: 밥 | D17: 흰쌀밥 | E17: 150 | G17: =IFERROR(INDEX(온라인_반찬!$C$2:$H$604,MATCH($D17,온라인_반찬!$C$2:$C$604,0),6),"") -> 쌀(국산)95%, 정제수 | H17: =IFERROR(INDEX(온라인_반찬!$D$2:$J$597,MATCH($D17,온라인_반찬!$C$2:$C$597,0),6),"") -> 0 | I17: 2026-03-12 14:30~ | J17: 72 | K17: 7800 | L17: =IFERROR(INDEX(온라인_반찬!$C$2:$J$597,MATCH($D17,온라인_반찬!$C$2:$C$597,0),8),"") -> 0 | M17: *영양찜닭:85g / 95g | P17: *소고기가지볶음 : 30g | S17: *춘장닭불고기 : 70g / 80g
C18: 국 | D18: 조랭이떡국 | E18: 160 | G18: =IFERROR(INDEX(온라인_반찬!$C$2:$H$604,MATCH($D18,온라인_반찬!$C$2:$C$604,0),6),"") -> 조랭이떡(쌀:수입산)25%, 소고기(호주산)3.5%, 계란(국내산)1%, 대파, 마늘, 국간장, 정제수, 소금 | H18: =IFERROR(INDEX(온라인_반찬!$D$2:$J$597,MATCH($D18,온라인_반찬!$C$2:$C$597,0),6),"") -> .1.5.16. | I18: 2026-03-12 14:30~ | J18: 72 | K18: 8010 | L18: =IFERROR(INDEX(온라인_반찬!$C$2:$J$597,MATCH($D18,온라인_반찬!$C$2:$C$597,0),8),"") -> 40g / 50g | M18: *미트볼 : 개당10g | P18: *삼색소고기소보로 : 50g / 70g | S18: *훈제오리잡채 : 55g / 70g
C19: 메인 | D19: 토마토닭볶음탕 | E19: 95 | G19: 닭정육(국내산)78%, 감자, 당근, 양파, 토마토홀, 치킨스톡, 고춧가루(국내산), 마늘, 정제수, 소금, 후추 | H19: =IFERROR(INDEX(온라인_반찬!$D$2:$J$597,MATCH($D19,온라인_반찬!$C$2:$C$597,0),6),"") -> .5.6.12.15. | I19: 2026-03-12 14:30~ | J19: 72 | K19: 8130 | L19: =IFERROR(INDEX(온라인_반찬!$C$2:$J$597,MATCH($D19,온라인_반찬!$C$2:$C$597,0),8),"") -> 0
C20: 반찬1 | D20: 소세지채소볶음 | E20: 45 | G20: =IFERROR(INDEX(온라인_반찬!$C$2:$H$604,MATCH($D20,온라인_반찬!$C$2:$C$604,0),6),"") -> {소시지[닭고기(국산)54.04%, 정제수, 돼지고기(국산)24.22%, 옥수수전분(러시아,헝가리,세르비아등).돈지방(국산),정제수, 정제소금)]80%, 대두유, 당근, 양파, 간장, 올리고당, 참기름, 참께 | H20: =IFERROR(INDEX(온라인_반찬!$D$2:$J$597,MATCH($D20,온라인_반찬!$C$2:$C$597,0),6),"") -> .5.6.10.12.15.16.21. | I20: 2026-03-12 14:30~ | J20: 72 | K20: 3700 | L20: =IFERROR(INDEX(온라인_반찬!$C$2:$J$597,MATCH($D20,온라인_반찬!$C$2:$C$597,0),8),"") -> 칼집비엔나소시지(이츠웰)
C21: 반찬2 | D21: 삼색콩나물무침 | E21: 40 | G21: =IFERROR(INDEX(온라인_반찬!$C$2:$H$604,MATCH($D21,온라인_반찬!$C$2:$C$604,0),6),"") -> 콩나물(원료수입산)90%, 당근, 부추, 마늘, 대파, 참치액, 소금, 참기름, 참깨 | H21: =IFERROR(INDEX(온라인_반찬!$D$2:$J$597,MATCH($D21,온라인_반찬!$C$2:$C$597,0),6),"") -> .5.21. | I21: 2026-03-12 14:30~ | J21: 72 | K21: 2960 | L21: =IFERROR(INDEX(온라인_반찬!$C$2:$J$597,MATCH($D21,온라인_반찬!$C$2:$C$597,0),8),"") -> 0
C22: 반찬3 | D22: 깍두기 | E22: 35 | G22: =IFERROR(INDEX(온라인_반찬!$C$2:$H$604,MATCH($D22,온라인_반찬!$C$2:$C$604,0),6),"") -> 무(국산)85.2%, 고추가루(국산), 밀가루풀(국산), 파, 마늘, 새우젓 등 양념(국산) | H22: =IFERROR(INDEX(온라인_반찬!$D$2:$J$597,MATCH($D22,온라인_반찬!$C$2:$C$597,0),6),"") -> .6.9. | I22: 2026-03-12 14:30~ | J22: 72 | K22: 2590 | L22: =IFERROR(INDEX(온라인_반찬!$C$2:$J$597,MATCH($D22,온라인_반찬!$C$2:$C$597,0),8),"") -> 0
C23: 신당꿈 특식 | D23: 과일 | F23: 1 | G23: 골드키위(뉴질랜드산) | H23: =IFERROR(INDEX(온라인_반찬!$D$2:$J$597,MATCH($D23,온라인_반찬!$C$2:$C$597,0),6),"") | I23: 2026-03-12 14:30~ | J23: 28 | K23: 30 | L23: =IFERROR(INDEX(온라인_반찬!$C$2:$J$597,MATCH($D23,온라인_반찬!$C$2:$C$597,0),8),"")
C24: 보존식 | J24: 1 | K24: 0.25

Sheet 03-13
B1: 2026-03-13(금) | M1: *한입해쉬브라운 : 9g(개당) | P1: *양송이떡갈비 : 1.5ea, 1.75, 2 | S1: *양배추당근라페 : 20g / 30g
B2: 출고일 | C2: 구분 | D2: 품명 | E2: 중량(g) | F2: 수량(장) | G2: 자재사용내역 | H2: 알러지 표기 | I2: 배송시점 | J2: 제공인원 | K2: 총생산량(Kg) | L2: 메 모 | M2: *샐러드 채소 : 15g, 20g ,25g | P2: *야채고기말이 : 1.1, 1.5, 1.5 | S2: *고구마튀김35g / 45g
B3: 중식 | C3: 밥 | D3: 친환경찰보리쌀밥 | E3: 140 | G3: =IFERROR(INDEX(온라인_반찬!$C$2:$H$604,MATCH($D3,온라인_반찬!$C$2:$C$604,0),6),"") -> 쌀(국산)90%, 찰보리(국산.친환경)5%, 정제수 | H3: =IFERROR(INDEX(온라인_반찬!$D$2:$J$597,MATCH($D3,온라인_반찬!$C$2:$C$597,0),6),"") -> 0 | I3: 2026-03-13 09:30~ | J3: 1786 | K3: 282690 | L3: =IFERROR(INDEX(온라인_반찬!$C$2:$J$597,MATCH($D3,온라인_반찬!$C$2:$C$597,0),8),"") -> 0 | M3: *웨지감자 : 25g / 30g | O3: *어묵채구이:12g / 15g | S3: 한입새우튀김 : 30g / 35g / 45g (소스15g)
C4: 국 | D4: 황태콩나물국 | E4: 150 | G4: =IFERROR(INDEX(온라인_반찬!$C$2:$H$604,MATCH($D4,온라인_반찬!$C$2:$C$604,0),6),"") -> 콩나물(콩:외국산)16% , 황태채(러시아산)5%, 대파, 마늘, 참기름, 정제수, 소금 | H4: =IFERROR(INDEX(온라인_반찬!$D$2:$J$597,MATCH($D4,온라인_반찬!$C$2:$C$597,0),6),"") -> .5.21. | I4: 2026-03-13 09:30~ | J4: 1786 | K4: 290850 | L4: =IFERROR(INDEX(온라인_반찬!$C$2:$J$597,MATCH($D4,온라인_반찬!$C$2:$C$597,0),8),"") -> 30g / 35g | M4: *꼬마돈까스: 25g, 중구청 35g | P4: *족발:45g / 55g | S4: *갈비만두 : 성분표기 인당1개 / 식수 인당1.5개
C5: 메인 | D5: 불고기잡채 | E5: 60 | G5: =IFERROR(INDEX(온라인_반찬!$C$2:$H$604,MATCH($D5,온라인_반찬!$C$2:$C$604,0),6),"") -> 당면(원료수입산)60%, 소고기(호주산)25%, 양파, 당근, 표고버섯, 부추, 대두유, 간장, 설탕, 참기름, 참깨 | H5: =IFERROR(INDEX(온라인_반찬!$D$2:$J$597,MATCH($D5,온라인_반찬!$C$2:$C$597,0),6),"") -> .5.6.21. | I5: 2026-03-13 09:30~ | J5: 1786 | K5: 136945 | L5: =IFERROR(INDEX(온라인_반찬!$C$2:$J$597,MATCH($D5,온라인_반찬!$C$2:$C$597,0),8),"") -> 잡채용 고기는 1Kg당 55인분(불고기용으로 주문) | M5: *오징어볼탕수 : 35g / 45g/ 70g 소스 : 20g | S5: *생선통살탕수 : 40g / 50g / 교사 70g, 소스 25g 개당 12g
C6: 반찬1 | D6: 두부구이 | F6: 2 | G6: =IFERROR(INDEX(온라인_반찬!$C$2:$H$604,MATCH($D6,온라인_반찬!$C$2:$C$604,0),6),"") -> 두부(대두:미국, 캐나다, 호주등), 대두유 | H6: =IFERROR(INDEX(온라인_반찬!$D$2:$J$597,MATCH($D6,온라인_반찬!$C$2:$C$597,0),6),"") -> .5. | I6: 2026-03-13 09:30~ | J6: 1714 | K6: 4191.3 | L6: =IFERROR(INDEX(온라인_반찬!$C$2:$J$597,MATCH($D6,온라인_반찬!$C$2:$C$597,0),8),"") -> 0 | M6: *표고강정 : 30g(35g) | P6: *훈제오리 : 40g / 50g | S6: *해물전:1000680205(삼성웰스토리)
D7: & 달래양념장 | E7: 10 | G7: =IFERROR(INDEX(온라인_반찬!$C$2:$H$604,MATCH($D7,온라인_반찬!$C$2:$C$604,0),6),"") -> 달래(국산)5%, 마늘, 정제수, 간장, 참기름, 참깨 | H7: =IFERROR(INDEX(온라인_반찬!$D$2:$J$597,MATCH($D7,온라인_반찬!$C$2:$C$597,0),6),"") -> .5.21. | I7: 2026-03-13 09:30~ | J7: 1714 | K7: 19095 | L7: =IFERROR(INDEX(온라인_반찬!$C$2:$J$597,MATCH($D7,온라인_반찬!$C$2:$C$597,0),8),"") -> 0
C8: 반찬2 | D8: 도시락김 | F8: 1 | G8: =IFERROR(INDEX(온라인_반찬!$C$2:$H$604,MATCH($D8,온라인_반찬!$C$2:$C$604,0),6),"") -> 김(국산), 카놀라유(원료:외국산), 참기름, 정제소금 | H8: =IFERROR(INDEX(온라인_반찬!$D$2:$J$597,MATCH($D8,온라인_반찬!$C$2:$C$597,0),6),"") -> .21. | I8: 2026-03-13 09:30~ | J8: 1606 | K8: 1826.2 | L8: =IFERROR(INDEX(온라인_반찬!$C$2:$J$597,MATCH($D8,온라인_반찬!$C$2:$C$597,0),8),"") -> 양반김(동원) | M8: *탕수육40g(중구청50g) ,소스25g | P8: *마카로니.콘샐러드 : 30g | S8: *통등심돈까스:50g / 소스 25g
C9: 반찬3 | D9: 배추김치 | E9: 25 | G9: =IFERROR(INDEX(온라인_반찬!$C$2:$H$604,MATCH($D9,온라인_반찬!$C$2:$C$604,0),6),"") -> 절임배추64.0%[배추(국산),무(국산),종가김치전용풀(쌀:국산)], 토마토페이스트(토마토:미국산)2.7%,[멸치액젓, 양파,다시마농축액,고춧가루,마늘,대파,새우액젓,김치유산균발효액,생강양념,호화쌀혼합분말]국산 | H9: =IFERROR(INDEX(온라인_반찬!$D$2:$J$597,MATCH($D9,온라인_반찬!$C$2:$C$597,0),6),"") -> .9.12. | I9: 2026-03-13 09:30~ | J9: 1786 | K9: 49800 | L9: =IFERROR(INDEX(온라인_반찬!$C$2:$J$597,MATCH($D9,온라인_반찬!$C$2:$C$597,0),8),"") -> 토마토김치(종가집) | M9: *건두부무침 : 25g / 35g | P9: *파르펠레냉파스타:30g | S9: *족발부추무침 : 45g, 55g
C10: 보존식 | G10: 포도클럽 : 백김치 ( 57명 / 1,463g ) BIS수내교사,JCS,위니위니 : 도수릭감 ( 180명 / 181ea ) | J10: 1 | K10: 0.25
B11: 강서폴리 소풍 | C11: 밥 | D11: 조미밥 | E11: 140 | G11: =IFERROR(INDEX(온라인_반찬!$C$2:$H$604,MATCH($D11,온라인_반찬!$C$2:$C$604,0),6),"") -> 밥(쌀:국산)95%, 후리카케[볶은참깨(참깨:인도산), 밀소맥볼(밀:미국,호주산),조각김(김:국산), 양조간장], 맛소금, 참기름 | H11: =IFERROR(INDEX(온라인_반찬!$D$2:$J$597,MATCH($D11,온라인_반찬!$C$2:$C$597,0),6),"") -> .5.21. | I11: 2026-03-13 09:30~ | J11: 86 | K11: 13660 | L11: =IFERROR(INDEX(온라인_반찬!$C$2:$J$597,MATCH($D11,온라인_반찬!$C$2:$C$597,0),8),"") -> 0
C12: 반찬1 | D12: 용가리치킨너겟 | F12: 3 | G12: =IFERROR(INDEX(온라인_반찬!$C$2:$H$604,MATCH($D12,온라인_반찬!$C$2:$C$604,0),6),"") -> 닭고기(국내산)56.83%, 크루스토브레딩(캐나다산:밀가루,식물성유지,설탕소금). 버터믹스, 정제수, 양파, 마늘, 후추 | H12: =IFERROR(INDEX(온라인_반찬!$D$2:$J$597,MATCH($D12,온라인_반찬!$C$2:$C$597,0),6),"") -> .1.2.5.6.15.16. | I12: 2026-03-13 09:30~ | J12: 86 | K12: 284 | L12: =IFERROR(INDEX(온라인_반찬!$C$2:$J$597,MATCH($D12,온라인_반찬!$C$2:$C$597,0),8),"") -> 43ea까지 / 용가리치킨(하림)
C13: 반찬2 | D13: 새우관자딤섬 | F13: 1 | G13: =IFERROR(INDEX(온라인_반찬!$C$2:$H$604,MATCH($D13,온라인_반찬!$C$2:$C$604,0),6),"") -> 딤섬[(새우살36.62%, 정제수, 밀전분 11.47%, 타피오카전분 7.94%, 관자 5.64%, 대두유)원산지: 베트남산] | H13: =IFERROR(INDEX(온라인_반찬!$D$2:$J$597,MATCH($D13,온라인_반찬!$C$2:$C$597,0),6),"") -> .5.6.9.18. | I13: 2026-03-13 09:30~ | J13: 86 | K13: 89 | L13: =IFERROR(INDEX(온라인_반찬!$C$2:$J$597,MATCH($D13,온라인_반찬!$C$2:$C$597,0),8),"") -> 관자쇼마이(세미원푸드)
C14: 반찬3 | D14: 도라에몽만쥬 | F14: 2 | G14: =IFERROR(INDEX(온라인_반찬!$C$2:$H$604,MATCH($D14,온라인_반찬!$C$2:$C$604,0),6),"") -> 빵류{밀가루(밀:미국산.호주산),카스타드크림[설탕,물엿,카놀라유(외국산),유청분말(외국산),마가린(팜유:말레이시아산),대두유,전란액(국내산)등]} | H14: =IFERROR(INDEX(온라인_반찬!$D$2:$J$597,MATCH($D14,온라인_반찬!$C$2:$C$597,0),6),"") -> .1.2.5.6. | I14: 2026-03-13 09:30~ | J14: 86 | K14: 198 | L14: =IFERROR(INDEX(온라인_반찬!$C$2:$J$597,MATCH($D14,온라인_반찬!$C$2:$C$597,0),8),"") -> 0
C15: 반찬4 | D15: 과일 | E15: 30 | G15: 청포도(칠레산) | H15: =IFERROR(INDEX(온라인_반찬!$D$2:$J$597,MATCH($D15,온라인_반찬!$C$2:$C$597,0),6),"") | I15: 2026-03-13 09:30~ | J15: 86 | K15: 2995 | L15: =IFERROR(INDEX(온라인_반찬!$C$2:$J$597,MATCH($D15,온라인_반찬!$C$2:$C$597,0),8),"")
C16: 보존식 | F16: 1 | J16: 1 | K16: 0.25
B17: 글로벌 리더스 . 석식 | C17: 밥 | D17: 친환경찰보리쌀밥 | E17: 150 | G17: =IFERROR(INDEX(온라인_반찬!$C$2:$H$604,MATCH($D17,온라인_반찬!$C$2:$C$604,0),6),"") -> 쌀(국산)90%, 찰보리(국산.친환경)5%, 정제수 | H17: =IFERROR(INDEX(온라인_반찬!$D$2:$J$597,MATCH($D17,온라인_반찬!$C$2:$C$597,0),6),"") -> 0 | I17: 2026-03-13 14:30~ | J17: 72 | K17: 7800 | L17: =IFERROR(INDEX(온라인_반찬!$C$2:$J$597,MATCH($D17,온라인_반찬!$C$2:$C$597,0),8),"") -> 0 | M17: *영양찜닭:85g / 95g | P17: *소고기가지볶음 : 30g | S17: *춘장닭불고기 : 70g / 80g
C18: 국 | D18: 황태콩나물국 | E18: 160 | G18: =IFERROR(INDEX(온라인_반찬!$C$2:$H$604,MATCH($D18,온라인_반찬!$C$2:$C$604,0),6),"") -> 콩나물(콩:외국산)16% , 황태채(러시아산)5%, 대파, 마늘, 참기름, 정제수, 소금 | H18: =IFERROR(INDEX(온라인_반찬!$D$2:$J$597,MATCH($D18,온라인_반찬!$C$2:$C$597,0),6),"") -> .5.21. | I18: 2026-03-13 14:30~ | J18: 72 | K18: 8010 | L18: =IFERROR(INDEX(온라인_반찬!$C$2:$J$597,MATCH($D18,온라인_반찬!$C$2:$C$597,0),8),"") -> 30g / 35g | M18: *미트볼 : 개당10g | P18: *삼색소고기소보로 : 50g / 70g | S18: *훈제오리잡채 : 55g / 70g
C19: 메인 | D19: 불고기잡채 | E19: 80 | G19: =IFERROR(INDEX(온라인_반찬!$C$2:$H$604,MATCH($D19,온라인_반찬!$C$2:$C$604,0),6),"") -> 당면(원료수입산)60%, 소고기(호주산)25%, 양파, 당근, 표고버섯, 부추, 대두유, 간장, 설탕, 참기름, 참깨 | H19: =IFERROR(INDEX(온라인_반찬!$D$2:$J$597,MATCH($D19,온라인_반찬!$C$2:$C$597,0),6),"") -> .5.6.21. | I19: 2026-03-13 14:30~ | J19: 72 | K19: 6504 | L19: =IFERROR(INDEX(온라인_반찬!$C$2:$J$597,MATCH($D19,온라인_반찬!$C$2:$C$597,0),8),"") -> 잡채용 고기는 1Kg당 55인분(불고기용으로 주문) | M19: 7800 | N19: 8010 | O19: 6504 | P19: 5920 | Q19: 79.2 | R19: 2590 | S19: 2590
C20: 반찬1 | D20: 양념두부조림 | E20: 70 | G20: =IFERROR(INDEX(온라인_반찬!$C$2:$H$604,MATCH($D20,온라인_반찬!$C$2:$C$604,0),6),"") -> 두부(대두:미국.캐나다.호주 등), 들기름, 간장, 두반장, 고춧가루, 마늘, 파, 맛술, 전분물, 참깨 | H20: =IFERROR(INDEX(온라인_반찬!$D$2:$J$597,MATCH($D20,온라인_반찬!$C$2:$C$597,0),6),"") -> .5.21.22. | I20: 2026-03-13 14:30~ | J20: 144 | K20: 12400 | L20: =IFERROR(INDEX(온라인_반찬!$C$2:$J$597,MATCH($D20,온라인_반찬!$C$2:$C$597,0),8),"") -> 0
C21: 반찬2 | D21: 도시락김 | F21: 1 | G21: =IFERROR(INDEX(온라인_반찬!$C$2:$H$604,MATCH($D21,온라인_반찬!$C$2:$C$604,0),6),"") -> 김(국산), 카놀라유(원료:외국산), 참기름, 정제소금 | H21: =IFERROR(INDEX(온라인_반찬!$D$2:$J$597,MATCH($D21,온라인_반찬!$C$2:$C$597,0),6),"") -> .21. | I21: 2026-03-13 14:30~ | J21: 72 | K21: 79.2 | L21: =IFERROR(INDEX(온라인_반찬!$C$2:$J$597,MATCH($D21,온라인_반찬!$C$2:$C$597,0),8),"") -> 양반김(동원)
C22: 반찬3 | D22: 배추김치 | E22: 35 | G22: =IFERROR(INDEX(온라인_반찬!$C$2:$H$604,MATCH($D22,온라인_반찬!$C$2:$C$604,0),6),"") -> 절임배추64.0%[배추(국산),무(국산),종가김치전용풀(쌀:국산)], 토마토페이스트(토마토:미국산)2.7%,[멸치액젓, 양파,다시마농축액,고춧가루,마늘,대파,새우액젓,김치유산균발효액,생강양념,호화쌀혼합분말]국산 | H22: =IFERROR(INDEX(온라인_반찬!$D$2:$J$597,MATCH($D22,온라인_반찬!$C$2:$C$597,0),6),"") -> .9.12. | I22: 2026-03-13 14:30~ | J22: 72 | K22: 2590 | L22: =IFERROR(INDEX(온라인_반찬!$C$2:$J$597,MATCH($D22,온라인_반찬!$C$2:$C$597,0),8),"") -> 토마토김치(종가집)
C23: 신당꿈 특식 | D23: 모짜렐라치즈볼 | F23: 3 | G23: =IFERROR(INDEX(온라인_반찬!$C$2:$H$604,MATCH($D23,온라인_반찬!$C$2:$C$604,0),6),"") -> 치즈볼믹스[밀가루(밀:미국,태나다,호주산), 설탕, 재종유(캐나다산)], 정제수, 자연치즈(모짜렐라치즈:외국산), 곡류가공품[밀가루(밀:미국산,캐나다산,호주산), 쇼트닝(말레이시아산), 정제소금, 효모, 대두유], 설탕 | H23: =IFERROR(INDEX(온라인_반찬!$D$2:$J$597,MATCH($D23,온라인_반찬!$C$2:$C$597,0),6),"") -> .2.5.6. | I23: 2026-03-13 14:30~ | J23: 28 | K23: 90 | L23: =IFERROR(INDEX(온라인_반찬!$C$2:$J$597,MATCH($D23,온라인_반찬!$C$2:$C$597,0),8),"") -> 모짜렐라치즈볼(맘스터치)
C24: 보존식 | J24: 1 | K24: 0.25

Sheet 03-16
B1: 2026-03-16(월) | M1: *한입해쉬브라운 : 9g(개당) | P1: *양송이떡갈비 : 1.5ea, 1.75, 2 | S1: *양배추당근라페 : 20g / 30g
B2: 출고일 | C2: 구분 | D2: 품명 | E2: 중량(g) | F2: 수량(장) | G2: 자재사용내역 | H2: 알러지 표기 | I2: 배송시점 | J2: 제공인원 | K2: 총생산량(Kg) | L2: 메 모 | M2: *샐러드 채소 : 15g, 20g ,25g | P2: *야채고기말이 : 1.1, 1.5, 1.5 | S2: *고구마튀김35g / 45g
B3: 중식 | C3: 밥 | D3: 친환경현미쌀밥 | E3: 140 | G3: =IFERROR(INDEX(온라인_반찬!$C$2:$H$604,MATCH($D3,온라인_반찬!$C$2:$C$604,0),6),"") -> 쌀(국산)90%, 현미(국산.친환경)5%, 정제수 | H3: =IFERROR(INDEX(온라인_반찬!$D$2:$J$597,MATCH($D3,온라인_반찬!$C$2:$C$597,0),6),"") -> 0 | I3: 2026-03-16 09:30~ | J3: 1870 | K3: 296140 | L3: =IFERROR(INDEX(온라인_반찬!$C$2:$J$597,MATCH($D3,온라인_반찬!$C$2:$C$597,0),8),"") -> 0 | M3: *웨지감자 : 25g / 30g | O3: *어묵채구이:12g / 15g | S3: 한입새우튀김 : 30g / 35g / 45g (소스15g)
C4: 국 | D4: 소고기미역국 | E4: 150 | G4: =IFERROR(INDEX(온라인_반찬!$C$2:$H$604,MATCH($D4,온라인_반찬!$C$2:$C$604,0),6),"") -> 불린미역(미역:국산)18.3%, 소고기(호주산)5%, 마늘, 정제수, 밥새우, 멸치육수농축액, 소금, 국간장 | H4: =IFERROR(INDEX(온라인_반찬!$D$2:$J$597,MATCH($D4,온라인_반찬!$C$2:$C$597,0),6),"") -> .5.9.16. | I4: 2026-03-16 09:30~ | J4: 1870 | K4: 305120 | L4: =IFERROR(INDEX(온라인_반찬!$C$2:$J$597,MATCH($D4,온라인_반찬!$C$2:$C$597,0),8),"") -> 40g / 50g 멸치육수농축액(면사랑) | M4: *꼬마돈까스: 25g, 중구청 35g | P4: *족발:45g / 55g | S4: *갈비만두 : 성분표기 인당1개 / 식수 인당1.5개
C5: 메인 | D5: 생선통살튀김 | E5: 40 | G5: =IFERROR(INDEX(온라인_반찬!$C$2:$H$604,MATCH($D5,온라인_반찬!$C$2:$C$604,0),6),"") -> 팝콘피쉬볼[명태살(러시아산)63.06%, 옥수수전분, 밀가루, 베이킹파우더, 정제수, 정제소금]97%, 대두유(원료수입산) | H5: =IFERROR(INDEX(온라인_반찬!$D$2:$J$597,MATCH($D5,온라인_반찬!$C$2:$C$597,0),6),"") -> .1.5.6.9.11.12. | I5: 2026-03-16 09:30~ | J5: 1870 | K5: 95195 | L5: =IFERROR(INDEX(온라인_반찬!$C$2:$J$597,MATCH($D5,온라인_반찬!$C$2:$C$597,0),8),"") -> 팝콘피쉬볼(그린푸드) 개당12g | M5: *오징어볼탕수 : 35g / 45g/ 70g 소스 : 20g | S5: *생선통살탕수 : 40g / 50g / 교사 70g, 소스 25g 개당 12g
D6: & 탕수소스 | E6: 20 | G6: =IFERROR(INDEX(온라인_반찬!$C$2:$H$604,MATCH($D6,온라인_반찬!$C$2:$C$604,0),6),"") -> 후르츠칵테일(과채가공품:필리핀산)11%, 식초, 간장, 설탕, 전분, 정제수 | H6: =IFERROR(INDEX(온라인_반찬!$D$2:$J$597,MATCH($D6,온라인_반찬!$C$2:$C$597,0),6),"") -> .5. | I6: 2026-03-16 09:30~ | J6: 1870 | K6: 42230 | L6: =IFERROR(INDEX(온라인_반찬!$C$2:$J$597,MATCH($D6,온라인_반찬!$C$2:$C$597,0),8),"") -> 후르츠칵테일(리치스)
C7: 반찬1 | D7: 햄감자채볶음 | E7: 35 | G7: =IFERROR(INDEX(온라인_반찬!$C$2:$H$604,MATCH($D7,온라인_반찬!$C$2:$C$604,0),6),"") -> 감자(국산)90%, 햄(돼지고기:국내산 88.07%)5%, 대두유, 대파, 마늘, 소금, 참기름, 참깨 | H7: =IFERROR(INDEX(온라인_반찬!$D$2:$J$597,MATCH($D7,온라인_반찬!$C$2:$C$597,0),6),"") -> .2.5.10.21. | I7: 2026-03-16 09:30~ | J7: 1870 | K7: 77760 | L7: =IFERROR(INDEX(온라인_반찬!$C$2:$J$597,MATCH($D7,온라인_반찬!$C$2:$C$597,0),8),"") -> 우리 슬라이스햄(이츠웰) | M7: *표고강정 : 30g(35g) | P7: *훈제오리 : 40g / 50g | S7: *해물전:1000680205(삼성웰스토리)
C8: 반찬2 | D8: 참나물오이무침 | E8: 25 | G8: =IFERROR(INDEX(온라인_반찬!$C$2:$H$604,MATCH($D8,온라인_반찬!$C$2:$C$604,0),6),"") -> 오이(국산)82%, 참나물(국산)4.5%, 파, 마늘, 고추가루, 소금, 설탕, 식초, 참깨 | H8: =IFERROR(INDEX(온라인_반찬!$D$2:$J$597,MATCH($D8,온라인_반찬!$C$2:$C$597,0),6),"") -> .5.21. | I8: 2026-03-16 09:30~ | J8: 1870 | K8: 55325 | L8: =IFERROR(INDEX(온라인_반찬!$C$2:$J$597,MATCH($D8,온라인_반찬!$C$2:$C$597,0),8),"") -> 0 | M8: *탕수육40g(중구청50g) ,소스25g | P8: *마카로니.콘샐러드 : 30g | S8: *통등심돈까스:50g / 소스 25g
C9: 반찬3 | D9: 배추김치 | E9: 25 | G9: =IFERROR(INDEX(온라인_반찬!$C$2:$H$604,MATCH($D9,온라인_반찬!$C$2:$C$604,0),6),"") -> 절임배추64.0%[배추(국산),무(국산),종가김치전용풀(쌀:국산)], 토마토페이스트(토마토:미국산)2.7%,[멸치액젓, 양파,다시마농축액,고춧가루,마늘,대파,새우액젓,김치유산균발효액,생강양념,호화쌀혼합분말]국산 | H9: =IFERROR(INDEX(온라인_반찬!$D$2:$J$597,MATCH($D9,온라인_반찬!$C$2:$C$597,0),6),"") -> .9.12. | I9: 2026-03-16 09:30~ | J9: 1870 | K9: 52200 | L9: =IFERROR(INDEX(온라인_반찬!$C$2:$J$597,MATCH($D9,온라인_반찬!$C$2:$C$597,0),8),"") -> 토마토김치(종가집) | M9: *건두부무침 : 25g / 35g | P9: *파르펠레냉파스타:30g | S9: *족발부추무침 : 45g, 55g
C10: 보존식 | G10: 포도클럽 : 백김치 (57aud / 1,538ㅎ ) 리비어 : 양송이떡갈비 ( 1명 / 10ea ) | J10: 1 | K10: 0.25
B11: 글로벌 리더스 . 석식 | C11: 밥 | D11: 친환경현미쌀밥 | E11: 150 | G11: =IFERROR(INDEX(온라인_반찬!$C$2:$H$604,MATCH($D11,온라인_반찬!$C$2:$C$604,0),6),"") -> 쌀(국산)90%, 현미(국산.친환경)5%, 정제수 | H11: =IFERROR(INDEX(온라인_반찬!$D$2:$J$597,MATCH($D11,온라인_반찬!$C$2:$C$597,0),6),"") -> 0 | I11: 2026-03-16 14:30~ | J11: 92 | K11: 10950 | L11: =IFERROR(INDEX(온라인_반찬!$C$2:$J$597,MATCH($D11,온라인_반찬!$C$2:$C$597,0),8),"") -> 0 | M11: *영양찜닭:85g / 95g | P11: *소고기가지볶음 : 30g | S11: *춘장닭불고기 : 70g / 80g
C12: 국 | D12: 소고기미역국 | E12: 160 | G12: =IFERROR(INDEX(온라인_반찬!$C$2:$H$604,MATCH($D12,온라인_반찬!$C$2:$C$604,0),6),"") -> 불린미역(미역:국산)18.3%, 소고기(호주산)5%, 마늘, 정제수, 밥새우, 멸치육수농축액, 소금, 국간장 | H12: =IFERROR(INDEX(온라인_반찬!$D$2:$J$597,MATCH($D12,온라인_반찬!$C$2:$C$597,0),6),"") -> .5.9.16. | I12: 2026-03-16 14:30~ | J12: 92 | K12: 11210 | L12: =IFERROR(INDEX(온라인_반찬!$C$2:$J$597,MATCH($D12,온라인_반찬!$C$2:$C$597,0),8),"") -> 40g / 50g 멸치육수농축액(면사랑) | M12: *미트볼 : 개당10g | P12: *삼색소고기소보로 : 50g / 70g | S12: *훈제오리잡채 : 55g / 70g
C13: 메인 | D13: 생선통살튀김 | E13: 50 | G13: =IFERROR(INDEX(온라인_반찬!$C$2:$H$604,MATCH($D13,온라인_반찬!$C$2:$C$604,0),6),"") -> 팝콘피쉬볼[명태살(러시아산)63.06%, 옥수수전분, 밀가루, 베이킹파우더, 정제수, 정제소금]97%, 대두유(원료수입산) | H13: =IFERROR(INDEX(온라인_반찬!$D$2:$J$597,MATCH($D13,온라인_반찬!$C$2:$C$597,0),6),"") -> .1.5.6.9.11.12. | I13: 2026-03-16 14:30~ | J13: 92 | K13: 5165 | L13: =IFERROR(INDEX(온라인_반찬!$C$2:$J$597,MATCH($D13,온라인_반찬!$C$2:$C$597,0),8),"") -> 팝콘피쉬볼(그린푸드) 개당12g
D14: & 탕수소스 | E14: 25 | G14: =IFERROR(INDEX(온라인_반찬!$C$2:$H$604,MATCH($D14,온라인_반찬!$C$2:$C$604,0),6),"") -> 후르츠칵테일(과채가공품:필리핀산)11%, 식초, 간장, 설탕, 전분, 정제수 | H14: =IFERROR(INDEX(온라인_반찬!$D$2:$J$597,MATCH($D14,온라인_반찬!$C$2:$C$597,0),6),"") -> .5. | I14: 2026-03-16 14:30~ | J14: 92 | K14: 2350 | L14: =IFERROR(INDEX(온라인_반찬!$C$2:$J$597,MATCH($D14,온라인_반찬!$C$2:$C$597,0),8),"") -> 후르츠칵테일(리치스)
C15: 반찬1 | D15: 햄감자채볶음 | E15: 40 | G15: =IFERROR(INDEX(온라인_반찬!$C$2:$H$604,MATCH($D15,온라인_반찬!$C$2:$C$604,0),6),"") -> 감자(국산)90%, 햄(돼지고기:국내산 88.07%)5%, 대두유, 대파, 마늘, 소금, 참기름, 참깨 | H15: =IFERROR(INDEX(온라인_반찬!$D$2:$J$597,MATCH($D15,온라인_반찬!$C$2:$C$597,0),6),"") -> .2.5.10.21. | I15: 2026-03-16 14:30~ | J15: 92 | K15: 3760 | L15: =IFERROR(INDEX(온라인_반찬!$C$2:$J$597,MATCH($D15,온라인_반찬!$C$2:$C$597,0),8),"") -> 우리 슬라이스햄(이츠웰)
C16: 반찬2 | D16: 참나물오이무침 | E16: 35 | G16: =IFERROR(INDEX(온라인_반찬!$C$2:$H$604,MATCH($D16,온라인_반찬!$C$2:$C$604,0),6),"") -> 오이(국산)82%, 참나물(국산)4.5%, 파, 마늘, 고추가루, 소금, 설탕, 식초, 참깨 | H16: =IFERROR(INDEX(온라인_반찬!$D$2:$J$597,MATCH($D16,온라인_반찬!$C$2:$C$597,0),6),"") -> .5.21. | I16: 2026-03-16 14:30~ | J16: 164 | K16: 6890 | L16: =IFERROR(INDEX(온라인_반찬!$C$2:$J$597,MATCH($D16,온라인_반찬!$C$2:$C$597,0),8),"") -> 0
C17: 반찬3 | D17: 배추김치 | E17: 35 | G17: =IFERROR(INDEX(온라인_반찬!$C$2:$H$604,MATCH($D17,온라인_반찬!$C$2:$C$604,0),6),"") -> 절임배추64.0%[배추(국산),무(국산),종가김치전용풀(쌀:국산)], 토마토페이스트(토마토:미국산)2.7%,[멸치액젓, 양파,다시마농축액,고춧가루,마늘,대파,새우액젓,김치유산균발효액,생강양념,호화쌀혼합분말]국산 | H17: =IFERROR(INDEX(온라인_반찬!$D$2:$J$597,MATCH($D17,온라인_반찬!$C$2:$C$597,0),6),"") -> .9.12. | I17: 2026-03-16 14:30~ | J17: 92 | K17: 3290 | L17: =IFERROR(INDEX(온라인_반찬!$C$2:$J$597,MATCH($D17,온라인_반찬!$C$2:$C$597,0),8),"") -> 토마토김치(종가집)
C18: 신당꿈 특식 | D18: 부채살채소찜 | E18: 80 | G18: =IFERROR(INDEX(온라인_반찬!$C$2:$H$604,MATCH($D18,온라인_반찬!$C$2:$C$604,0),6),"") -> 소고기(부채살:호주산)65%, 무, 당근, 파, 마늘, 정제수, 간장, 설탕, 맛술, 후추, 참기름, 참깨 | H18: =IFERROR(INDEX(온라인_반찬!$D$2:$J$597,MATCH($D18,온라인_반찬!$C$2:$C$597,0),6),"") -> .5.6.18.21. | I18: 2026-03-16 14:30~ | J18: 28 | K18: 2580 | L18: =IFERROR(INDEX(온라인_반찬!$C$2:$J$597,MATCH($D18,온라인_반찬!$C$2:$C$597,0),8),"") -> 0
C19: 보존식 | J19: 1 | K19: 0.25
B20: 강서폴리 소풍 | C20: 밥 | G20: =IFERROR(INDEX(온라인_반찬!$C$2:$H$604,MATCH($D20,온라인_반찬!$C$2:$C$604,0),6),"") | H20: =IFERROR(INDEX(온라인_반찬!$D$2:$J$597,MATCH($D20,온라인_반찬!$C$2:$C$597,0),6),"") | I20: 2026-03-16 09:30~ | L20: =IFERROR(INDEX(온라인_반찬!$C$2:$J$597,MATCH($D20,온라인_반찬!$C$2:$C$597,0),8),"")
C21: 반찬1 | G21: =IFERROR(INDEX(온라인_반찬!$C$2:$H$604,MATCH($D21,온라인_반찬!$C$2:$C$604,0),6),"") | H21: =IFERROR(INDEX(온라인_반찬!$D$2:$J$597,MATCH($D21,온라인_반찬!$C$2:$C$597,0),6),"") | I21: 2026-03-16 09:30~ | L21: =IFERROR(INDEX(온라인_반찬!$C$2:$J$597,MATCH($D21,온라인_반찬!$C$2:$C$597,0),8),"")
G22: =IFERROR(INDEX(온라인_반찬!$C$2:$H$604,MATCH($D22,온라인_반찬!$C$2:$C$604,0),6),"") | H22: =IFERROR(INDEX(온라인_반찬!$D$2:$J$597,MATCH($D22,온라인_반찬!$C$2:$C$597,0),6),"") | I22: 2026-03-16 09:30~ | L22: =IFERROR(INDEX(온라인_반찬!$C$2:$J$597,MATCH($D22,온라인_반찬!$C$2:$C$597,0),8),"")
C23: 반찬2 | G23: =IFERROR(INDEX(온라인_반찬!$C$2:$H$604,MATCH($D23,온라인_반찬!$C$2:$C$604,0),6),"") | H23: =IFERROR(INDEX(온라인_반찬!$D$2:$J$597,MATCH($D23,온라인_반찬!$C$2:$C$597,0),6),"") | I23: 2026-03-16 09:30~ | L23: =IFERROR(INDEX(온라인_반찬!$C$2:$J$597,MATCH($D23,온라인_반찬!$C$2:$C$597,0),8),"")
C24: 반찬3 | G24: =IFERROR(INDEX(온라인_반찬!$C$2:$H$604,MATCH($D24,온라인_반찬!$C$2:$C$604,0),6),"") | H24: =IFERROR(INDEX(온라인_반찬!$D$2:$J$597,MATCH($D24,온라인_반찬!$C$2:$C$597,0),6),"") | I24: 2026-03-16 09:30~ | L24: =IFERROR(INDEX(온라인_반찬!$C$2:$J$597,MATCH($D24,온라인_반찬!$C$2:$C$597,0),8),"")
C25: 반찬4 | G25: =IFERROR(INDEX(온라인_반찬!$C$2:$H$604,MATCH($D25,온라인_반찬!$C$2:$C$604,0),6),"") | H25: =IFERROR(INDEX(온라인_반찬!$D$2:$J$597,MATCH($D25,온라인_반찬!$C$2:$C$597,0),6),"") | I25: 2026-03-16 09:30~ | L25: =IFERROR(INDEX(온라인_반찬!$C$2:$J$597,MATCH($D25,온라인_반찬!$C$2:$C$597,0),8),"")
C26: 보존식 | F26: 1 | J26: 1 | K26: 0.25

Sheet 03-17
B1: 2026-03-17(화) | M1: *한입해쉬브라운 : 9g(개당) | P1: *양송이떡갈비 : 1.5ea, 1.75, 2 | S1: *양배추당근라페 : 20g / 30g
B2: 출고일 | C2: 구분 | D2: 품명 | E2: 중량(g) | F2: 수량(장) | G2: 자재사용내역 | H2: 알러지 표기 | I2: 배송시점 | J2: 제공인원 | K2: 총생산량(Kg) | L2: 메 모 | M2: *샐러드 채소 : 15g, 20g ,25g | P2: *야채고기말이 : 1.1, 1.5, 1.5 | S2: *고구마튀김35g / 45g
B3: 중식 | C3: 밥 | D3: 친환경귀리쌀밥 | E3: 140 | G3: =IFERROR(INDEX(온라인_반찬!$C$2:$H$604,MATCH($D3,온라인_반찬!$C$2:$C$604,0),6),"") -> 쌀(국산)90%, 귀리(국산.친환경)5%, 정제수 | H3: =IFERROR(INDEX(온라인_반찬!$D$2:$J$597,MATCH($D3,온라인_반찬!$C$2:$C$597,0),6),"") -> 0 | I3: 2026-03-17 09:30~ | L3: =IFERROR(INDEX(온라인_반찬!$C$2:$J$597,MATCH($D3,온라인_반찬!$C$2:$C$597,0),8),"") -> 0 | M3: *웨지감자 : 25g / 30g | O3: *어묵채구이:12g / 15g | S3: 한입새우튀김 : 30g / 35g / 45g (소스15g)
C4: 국 | D4: 논우렁살된장찌개 | E4: 150 | G4: =IFERROR(INDEX(온라인_반찬!$C$2:$H$604,MATCH($D4,온라인_반찬!$C$2:$C$604,0),6),"") -> 논우렁살(우렁:베트남산), 모둠채소(호박, 양파, 감자:국산)25%, 두부(콩:미국,호주,캐나다등)8%, 파, 마늘, 된장, 멸치육수농축액, 정제수, 소금 | H4: =IFERROR(INDEX(온라인_반찬!$D$2:$J$597,MATCH($D4,온라인_반찬!$C$2:$C$597,0),6),"") -> .5. | I4: 2026-03-17 09:30~ | L4: =IFERROR(INDEX(온라인_반찬!$C$2:$J$597,MATCH($D4,온라인_반찬!$C$2:$C$597,0),8),"") -> 50g / 60g | M4: *꼬마돈까스: 25g, 중구청 35g | P4: *족발:45g / 55g | S4: *갈비만두 : 성분표기 인당1개 / 식수 인당1.5개
C5: 메인 | D5: 돈채피망볶음 | E5: 60 | G5: =IFERROR(INDEX(온라인_반찬!$C$2:$H$604,MATCH($D5,온라인_반찬!$C$2:$C$604,0),6),"") -> 돼지고기(국산)80%, 피망(국내산)5%, 양파, 당근, 마늘, 간장, 굴소스, 대두유, , 후추, 참기름, 참깨 | H5: =IFERROR(INDEX(온라인_반찬!$D$2:$J$597,MATCH($D5,온라인_반찬!$C$2:$C$597,0),6),"") -> .5.10.18.21. | I5: 2026-03-17 09:30~ | L5: =IFERROR(INDEX(온라인_반찬!$C$2:$J$597,MATCH($D5,온라인_반찬!$C$2:$C$597,0),8),"") -> 0 | M5: *오징어볼탕수 : 35g / 45g/ 70g 소스 : 20g | S5: *생선통살탕수 : 40g / 50g / 교사 70g, 소스 25g 개당 12g
C6: 반찬1 | D6: 구운어묵볶음 | E6: 35 | G6: =IFERROR(INDEX(온라인_반찬!$C$2:$H$604,MATCH($D6,온라인_반찬!$C$2:$C$604,0),6),"") -> 구운어묵(원료수입)75%, 양파(국산) , 당근, 파, 마늘, 대두유, 간장, 참기름, 참깨 | H6: =IFERROR(INDEX(온라인_반찬!$D$2:$J$597,MATCH($D6,온라인_반찬!$C$2:$C$597,0),6),"") -> .2.5.6.10.12.16.21. | I6: 2026-03-17 09:30~ | L6: =IFERROR(INDEX(온라인_반찬!$C$2:$J$597,MATCH($D6,온라인_반찬!$C$2:$C$597,0),8),"") -> 구운어묵(대림) | M6: *표고강정 : 30g(35g) | P6: *훈제오리 : 40g / 50g | S6: *해물전:1000680205(삼성웰스토리)
C7: 반찬2 | D7: 콘샐러드 | E7: 35 | G7: =IFERROR(INDEX(온라인_반찬!$C$2:$H$604,MATCH($D7,온라인_반찬!$C$2:$C$604,0),6),"") -> 스위트콘 [옥수수:62.71% (원산지:태국)]81%, 양파(국산)7%, 파프리카(국산)7%, 소금, 설탕, 마요네즈 | H7: =IFERROR(INDEX(온라인_반찬!$D$2:$J$597,MATCH($D7,온라인_반찬!$C$2:$C$597,0),6),"") -> .1.5.16. | I7: 2026-03-17 09:30~ | L7: =IFERROR(INDEX(온라인_반찬!$C$2:$J$597,MATCH($D7,온라인_반찬!$C$2:$C$597,0),8),"") -> 스위트콘 (리치즈), 마요네즈(오뚜기) | M7: *탕수육40g(중구청50g) ,소스25g | P7: *마카로니.콘샐러드 : 30g | S7: *통등심돈까스:50g / 소스 25g
C8: 반찬3 | D8: 깍두기 | E8: 25 | G8: =IFERROR(INDEX(온라인_반찬!$C$2:$H$604,MATCH($D8,온라인_반찬!$C$2:$C$604,0),6),"") -> 무(국산)85.2%, 고추가루(국산), 밀가루풀(국산), 파, 마늘, 새우젓 등 양념(국산) | H8: =IFERROR(INDEX(온라인_반찬!$D$2:$J$597,MATCH($D8,온라인_반찬!$C$2:$C$597,0),6),"") -> .6.9. | I8: 2026-03-17 09:30~ | L8: =IFERROR(INDEX(온라인_반찬!$C$2:$J$597,MATCH($D8,온라인_반찬!$C$2:$C$597,0),8),"") -> 0 | M8: *건두부무침 : 25g / 35g | P8: *파르펠레냉파스타:30g | S8: *족발부추무침 : 45g, 55g
C9: 보존식 | J9: 1 | K9: 0.25
B10: 글로벌 리더스 . 석식 | C10: 밥 | D10: 친환경귀리쌀밥 | E10: 150 | G10: =IFERROR(INDEX(온라인_반찬!$C$2:$H$604,MATCH($D10,온라인_반찬!$C$2:$C$604,0),6),"") -> 쌀(국산)90%, 귀리(국산.친환경)5%, 정제수 | H10: =IFERROR(INDEX(온라인_반찬!$D$2:$J$597,MATCH($D10,온라인_반찬!$C$2:$C$597,0),6),"") -> 0 | I10: 2026-03-17 14:30~ | L10: =IFERROR(INDEX(온라인_반찬!$C$2:$J$597,MATCH($D10,온라인_반찬!$C$2:$C$597,0),8),"") -> 0 | M10: *영양찜닭:85g / 95g | P10: *소고기가지볶음 : 30g | S10: *춘장닭불고기 : 70g / 80g
C11: 국 | D11: 논우렁살된장찌개 | E11: 160 | G11: 논우렁살(우렁:베트남산), 모둠채소(호박, 양파, 감자:국산)25%, 두부(콩:미국,호주,캐나다등)8%, 파, 마늘, 된장, 고춧가루(국내산), 멸치육수농축액, 정제수, 소금 | H11: =IFERROR(INDEX(온라인_반찬!$D$2:$J$597,MATCH($D11,온라인_반찬!$C$2:$C$597,0),6),"") -> .5. | I11: 2026-03-17 14:30~ | L11: =IFERROR(INDEX(온라인_반찬!$C$2:$J$597,MATCH($D11,온라인_반찬!$C$2:$C$597,0),8),"") -> 50g / 60g | M11: *미트볼 : 개당10g | P11: *삼색소고기소보로 : 50g / 70g | S11: *훈제오리잡채 : 55g / 70g
C12: 메인 | D12: 돈채피망볶음 | E12: 80 | G12: =IFERROR(INDEX(온라인_반찬!$C$2:$H$604,MATCH($D12,온라인_반찬!$C$2:$C$604,0),6),"") -> 돼지고기(국산)80%, 피망(국내산)5%, 양파, 당근, 마늘, 간장, 굴소스, 대두유, , 후추, 참기름, 참깨 | H12: =IFERROR(INDEX(온라인_반찬!$D$2:$J$597,MATCH($D12,온라인_반찬!$C$2:$C$597,0),6),"") -> .5.10.18.21. | I12: 2026-03-17 14:30~ | L12: =IFERROR(INDEX(온라인_반찬!$C$2:$J$597,MATCH($D12,온라인_반찬!$C$2:$C$597,0),8),"") -> 0
C13: 반찬1 | D13: 구운어묵볶음 | E13: 40 | G13: 구운어묵(원료수입)75%, 양파(국산) , 당근, 파, 마늘, 대두유, 고춧가루(국내산), 간장, 참기름, 참깨 | H13: =IFERROR(INDEX(온라인_반찬!$D$2:$J$597,MATCH($D13,온라인_반찬!$C$2:$C$597,0),6),"") -> .2.5.6.10.12.16.21. | I13: 2026-03-17 14:30~ | L13: =IFERROR(INDEX(온라인_반찬!$C$2:$J$597,MATCH($D13,온라인_반찬!$C$2:$C$597,0),8),"") -> 구운어묵(대림)
C14: 반찬2 | D14: 콘샐러드 | E14: 40 | G14: =IFERROR(INDEX(온라인_반찬!$C$2:$H$604,MATCH($D14,온라인_반찬!$C$2:$C$604,0),6),"") -> 스위트콘 [옥수수:62.71% (원산지:태국)]81%, 양파(국산)7%, 파프리카(국산)7%, 소금, 설탕, 마요네즈 | H14: =IFERROR(INDEX(온라인_반찬!$D$2:$J$597,MATCH($D14,온라인_반찬!$C$2:$C$597,0),6),"") -> .1.5.16. | I14: 2026-03-17 14:30~ | L14: =IFERROR(INDEX(온라인_반찬!$C$2:$J$597,MATCH($D14,온라인_반찬!$C$2:$C$597,0),8),"") -> 스위트콘 (리치즈), 마요네즈(오뚜기)
C15: 반찬3 | D15: 깍두기 | E15: 35 | G15: =IFERROR(INDEX(온라인_반찬!$C$2:$H$604,MATCH($D15,온라인_반찬!$C$2:$C$604,0),6),"") -> 무(국산)85.2%, 고추가루(국산), 밀가루풀(국산), 파, 마늘, 새우젓 등 양념(국산) | H15: =IFERROR(INDEX(온라인_반찬!$D$2:$J$597,MATCH($D15,온라인_반찬!$C$2:$C$597,0),6),"") -> .6.9. | I15: 2026-03-17 14:30~ | L15: =IFERROR(INDEX(온라인_반찬!$C$2:$J$597,MATCH($D15,온라인_반찬!$C$2:$C$597,0),8),"") -> 0
C16: 신당꿈 특식 | D16: 과일 | G16: =IFERROR(INDEX(온라인_반찬!$C$2:$H$604,MATCH($D16,온라인_반찬!$C$2:$C$604,0),6),"") | H16: =IFERROR(INDEX(온라인_반찬!$D$2:$J$597,MATCH($D16,온라인_반찬!$C$2:$C$597,0),6),"") | I16: 2026-03-17 14:30~ | L16: =IFERROR(INDEX(온라인_반찬!$C$2:$J$597,MATCH($D16,온라인_반찬!$C$2:$C$597,0),8),"")
C17: 보존식 | J17: 1 | K17: 0.25
B18: 강서폴리 소풍 | C18: 밥 | G18: =IFERROR(INDEX(온라인_반찬!$C$2:$H$604,MATCH($D18,온라인_반찬!$C$2:$C$604,0),6),"") | H18: =IFERROR(INDEX(온라인_반찬!$D$2:$J$597,MATCH($D18,온라인_반찬!$C$2:$C$597,0),6),"") | I18: 2026-03-17 09:30~ | L18: =IFERROR(INDEX(온라인_반찬!$C$2:$J$597,MATCH($D18,온라인_반찬!$C$2:$C$597,0),8),"")
C19: 반찬1 | G19: =IFERROR(INDEX(온라인_반찬!$C$2:$H$604,MATCH($D19,온라인_반찬!$C$2:$C$604,0),6),"") | H19: =IFERROR(INDEX(온라인_반찬!$D$2:$J$597,MATCH($D19,온라인_반찬!$C$2:$C$597,0),6),"") | I19: 2026-03-17 09:30~ | L19: =IFERROR(INDEX(온라인_반찬!$C$2:$J$597,MATCH($D19,온라인_반찬!$C$2:$C$597,0),8),"")
G20: =IFERROR(INDEX(온라인_반찬!$C$2:$H$604,MATCH($D20,온라인_반찬!$C$2:$C$604,0),6),"") | H20: =IFERROR(INDEX(온라인_반찬!$D$2:$J$597,MATCH($D20,온라인_반찬!$C$2:$C$597,0),6),"") | I20: 2026-03-17 09:30~ | L20: =IFERROR(INDEX(온라인_반찬!$C$2:$J$597,MATCH($D20,온라인_반찬!$C$2:$C$597,0),8),"")
C21: 반찬2 | G21: =IFERROR(INDEX(온라인_반찬!$C$2:$H$604,MATCH($D21,온라인_반찬!$C$2:$C$604,0),6),"") | H21: =IFERROR(INDEX(온라인_반찬!$D$2:$J$597,MATCH($D21,온라인_반찬!$C$2:$C$597,0),6),"") | I21: 2026-03-17 09:30~ | L21: =IFERROR(INDEX(온라인_반찬!$C$2:$J$597,MATCH($D21,온라인_반찬!$C$2:$C$597,0),8),"")
C22: 반찬3 | G22: =IFERROR(INDEX(온라인_반찬!$C$2:$H$604,MATCH($D22,온라인_반찬!$C$2:$C$604,0),6),"") | H22: =IFERROR(INDEX(온라인_반찬!$D$2:$J$597,MATCH($D22,온라인_반찬!$C$2:$C$597,0),6),"") | I22: 2026-03-17 09:30~ | L22: =IFERROR(INDEX(온라인_반찬!$C$2:$J$597,MATCH($D22,온라인_반찬!$C$2:$C$597,0),8),"")
C23: 반찬4 | G23: =IFERROR(INDEX(온라인_반찬!$C$2:$H$604,MATCH($D23,온라인_반찬!$C$2:$C$604,0),6),"") | H23: =IFERROR(INDEX(온라인_반찬!$D$2:$J$597,MATCH($D23,온라인_반찬!$C$2:$C$597,0),6),"") | I23: 2026-03-17 09:30~ | L23: =IFERROR(INDEX(온라인_반찬!$C$2:$J$597,MATCH($D23,온라인_반찬!$C$2:$C$597,0),8),"")
C24: 보존식 | F24: 1 | J24: 1 | K24: 0.25

Sheet 03-18
B1: 2026-03-18(수) | M1: *한입해쉬브라운 : 9g(개당) | P1: *양송이떡갈비 : 1.5ea, 1.75, 2 | S1: *양배추당근라페 : 20g / 30g
B2: 출고일 | C2: 구분 | D2: 품명 | E2: 중량(g) | F2: 수량(장) | G2: 자재사용내역 | H2: 알러지 표기 | I2: 배송시점 | J2: 제공인원 | K2: 총생산량(Kg) | L2: 메 모 | M2: *샐러드 채소 : 15g, 20g ,25g | P2: *야채고기말이 : 1.1, 1.5, 1.5 | S2: *고구마튀김35g / 45g
B3: 중식 | C3: 밥 | D3: 친환경찰흑미쌀밥 | E3: 140 | G3: =IFERROR(INDEX(온라인_반찬!$C$2:$H$604,MATCH($D3,온라인_반찬!$C$2:$C$604,0),6),"") -> 쌀(국산)90%, 찰흑미(국산.친환경)5%, 정제수 | H3: =IFERROR(INDEX(온라인_반찬!$D$2:$J$597,MATCH($D3,온라인_반찬!$C$2:$C$597,0),6),"") -> 0 | I3: 2026-03-18 09:30~ | L3: =IFERROR(INDEX(온라인_반찬!$C$2:$J$597,MATCH($D3,온라인_반찬!$C$2:$C$597,0),8),"") -> 0 | M3: *웨지감자 : 25g / 30g | O3: *어묵채구이:12g / 15g | S3: 한입새우튀김 : 30g / 35g / 45g (소스15g)
C4: 국 | D4: 어묵양배추국 | E4: 150 | G4: =IFERROR(INDEX(온라인_반찬!$C$2:$H$604,MATCH($D4,온라인_반찬!$C$2:$C$604,0),6),"") -> 어묵(원료수입산)15%, 양배추(국산)10%, 양파, 대파, 마늘, 정제수, 국간장, 소금 | H4: =IFERROR(INDEX(온라인_반찬!$D$2:$J$597,MATCH($D4,온라인_반찬!$C$2:$C$597,0),6),"") -> .5. | I4: 2026-03-18 09:30~ | L4: =IFERROR(INDEX(온라인_반찬!$C$2:$J$597,MATCH($D4,온라인_반찬!$C$2:$C$597,0),8),"") -> 0 | M4: *꼬마돈까스: 25g, 중구청 35g | P4: *족발:45g / 55g | S4: *갈비만두 : 성분표기 인당1개 / 식수 인당1.5개
C5: 메인 | D5: 닭안심카레조림 | E5: 70 | G5: =IFERROR(INDEX(온라인_반찬!$C$2:$H$604,MATCH($D5,온라인_반찬!$C$2:$C$604,0),6),"") -> 닭고기(국내산)85%, 양파, 당근, 마늘, 카레가루, 소금, 후추, 참깨 | H5: =IFERROR(INDEX(온라인_반찬!$D$2:$J$597,MATCH($D5,온라인_반찬!$C$2:$C$597,0),6),"") -> .2.5.6.12.15.16.18. | I5: 2026-03-18 09:30~ | L5: =IFERROR(INDEX(온라인_반찬!$C$2:$J$597,MATCH($D5,온라인_반찬!$C$2:$C$597,0),8),"") -> 0 | M5: *오징어볼탕수 : 35g / 45g/ 70g 소스 : 20g | S5: *생선통살탕수 : 40g / 50g / 교사 70g, 소스 25g 개당 12g
C6: 반찬1 | D6: 베이컨스크램블에그 | E6: 35 | G6: =IFERROR(INDEX(온라인_반찬!$C$2:$H$604,MATCH($D6,온라인_반찬!$C$2:$C$604,0),6),"") -> 계란(국산)90%, 베이컨(돼지고기:외국산)5%, 대두유, 우유, 소금, 백후추 | H6: =IFERROR(INDEX(온라인_반찬!$D$2:$J$597,MATCH($D6,온라인_반찬!$C$2:$C$597,0),6),"") -> .1.2.5.10. | I6: 2026-03-18 09:30~ | L6: =IFERROR(INDEX(온라인_반찬!$C$2:$J$597,MATCH($D6,온라인_반찬!$C$2:$C$597,0),8),"") -> 우리 슬라이스햄(이츠웰) | M6: *표고강정 : 30g(35g) | P6: *훈제오리 : 40g / 50g | S6: *해물전:1000680205(삼성웰스토리)
C7: 반찬2 | D7: 애호박버섯볶음 | E7: 30 | G7: =IFERROR(INDEX(온라인_반찬!$C$2:$H$604,MATCH($D7,온라인_반찬!$C$2:$C$604,0),6),"") -> 호박(국산)70%, 느타리버섯(국산)15%, 당근, 파, 마늘, 대두유, 소금, 참치액, 참기름, 참깨 | H7: =IFERROR(INDEX(온라인_반찬!$D$2:$J$597,MATCH($D7,온라인_반찬!$C$2:$C$597,0),6),"") -> .5.21. | I7: 2026-03-18 09:30~ | L7: =IFERROR(INDEX(온라인_반찬!$C$2:$J$597,MATCH($D7,온라인_반찬!$C$2:$C$597,0),8),"") -> 0 | M7: *탕수육40g(중구청50g) ,소스25g | P7: *마카로니.콘샐러드 : 30g | S7: *통등심돈까스:50g / 소스 25g
C8: 반찬3 | D8: 백김치 | E8: 25 | G8: =IFERROR(INDEX(온라인_반찬!$C$2:$H$604,MATCH($D8,온라인_반찬!$C$2:$C$604,0),6),"") -> 배추(국내산)64%, 무채(무:국내산)8%, 양파, 정제수, 생강, 마늘, 생강, 배, 쪽파, 정제염 | H8: =IFERROR(INDEX(온라인_반찬!$D$2:$J$597,MATCH($D8,온라인_반찬!$C$2:$C$597,0),6),"") -> 0 | I8: 2026-03-18 09:30~ | L8: =IFERROR(INDEX(온라인_반찬!$C$2:$J$597,MATCH($D8,온라인_반찬!$C$2:$C$597,0),8),"") -> 백김치(정우식품) | M8: *건두부무침 : 25g / 35g | P8: *파르펠레냉파스타:30g | S8: *족발부추무침 : 45g, 55g
C9: 보존식 | G9: 글로벌리더스 : 열무김치 어묵양배추국 | J9: 1 | K9: 0.25
B10: 글로벌 리더스 . 석식 | C10: 밥 | D10: 친환경찰흑미쌀밥 | E10: 150 | G10: =IFERROR(INDEX(온라인_반찬!$C$2:$H$604,MATCH($D10,온라인_반찬!$C$2:$C$604,0),6),"") -> 쌀(국산)90%, 찰흑미(국산.친환경)5%, 정제수 | H10: =IFERROR(INDEX(온라인_반찬!$D$2:$J$597,MATCH($D10,온라인_반찬!$C$2:$C$597,0),6),"") -> 0 | I10: 2026-03-18 14:30~ | L10: =IFERROR(INDEX(온라인_반찬!$C$2:$J$597,MATCH($D10,온라인_반찬!$C$2:$C$597,0),8),"") -> 0 | M10: *영양찜닭:85g / 95g | P10: *소고기가지볶음 : 30g | S10: *춘장닭불고기 : 70g / 80g
C11: 국 | D11: 어묵양배추국 | E11: 160 | G11: 어묵(원료수입산)15%, 양배추(국산)10%, 양파, 대파, 마늘, 정제수, 국간장, 소금 | H11: =IFERROR(INDEX(온라인_반찬!$D$2:$J$597,MATCH($D11,온라인_반찬!$C$2:$C$597,0),6),"") -> .5. | I11: 2026-03-18 14:30~ | L11: =IFERROR(INDEX(온라인_반찬!$C$2:$J$597,MATCH($D11,온라인_반찬!$C$2:$C$597,0),8),"") -> 0 | M11: *미트볼 : 개당10g | P11: *삼색소고기소보로 : 50g / 70g | S11: *훈제오리잡채 : 55g / 70g
C12: 메인 | D12: 닭안심카레조림 | E12: 90 | G12: =IFERROR(INDEX(온라인_반찬!$C$2:$H$604,MATCH($D12,온라인_반찬!$C$2:$C$604,0),6),"") -> 닭고기(국내산)85%, 양파, 당근, 마늘, 카레가루, 소금, 후추, 참깨 | H12: =IFERROR(INDEX(온라인_반찬!$D$2:$J$597,MATCH($D12,온라인_반찬!$C$2:$C$597,0),6),"") -> .2.5.6.12.15.16.18. | I12: 2026-03-18 14:30~ | L12: =IFERROR(INDEX(온라인_반찬!$C$2:$J$597,MATCH($D12,온라인_반찬!$C$2:$C$597,0),8),"") -> 0
C13: 반찬1 | D13: 베이컨스크램블에그 | E13: 40 | G13: =IFERROR(INDEX(온라인_반찬!$C$2:$H$604,MATCH($D13,온라인_반찬!$C$2:$C$604,0),6),"") -> 계란(국산)90%, 베이컨(돼지고기:외국산)5%, 대두유, 우유, 소금, 백후추 | H13: =IFERROR(INDEX(온라인_반찬!$D$2:$J$597,MATCH($D13,온라인_반찬!$C$2:$C$597,0),6),"") -> .1.2.5.10. | I13: 2026-03-18 14:30~ | L13: =IFERROR(INDEX(온라인_반찬!$C$2:$J$597,MATCH($D13,온라인_반찬!$C$2:$C$597,0),8),"") -> 우리 슬라이스햄(이츠웰)
C14: 반찬2 | D14: 애호박버섯볶음 | E14: 35 | G14: =IFERROR(INDEX(온라인_반찬!$C$2:$H$604,MATCH($D14,온라인_반찬!$C$2:$C$604,0),6),"") -> 호박(국산)70%, 느타리버섯(국산)15%, 당근, 파, 마늘, 대두유, 소금, 참치액, 참기름, 참깨 | H14: =IFERROR(INDEX(온라인_반찬!$D$2:$J$597,MATCH($D14,온라인_반찬!$C$2:$C$597,0),6),"") -> .5.21. | I14: 2026-03-18 14:30~ | L14: =IFERROR(INDEX(온라인_반찬!$C$2:$J$597,MATCH($D14,온라인_반찬!$C$2:$C$597,0),8),"") -> 0
C15: 반찬3 | D15: 열무김치 | E15: 35 | G15: =IFERROR(INDEX(온라인_반찬!$C$2:$H$604,MATCH($D15,온라인_반찬!$C$2:$C$604,0),6),"") -> 절임열무51%(열무,식염, 고춧가루, 양파, 대파, 전용풀. 마늘, 다시마농축액.새우액젓.생강:국산) | H15: =IFERROR(INDEX(온라인_반찬!$D$2:$J$597,MATCH($D15,온라인_반찬!$C$2:$C$597,0),6),"") -> .9. | I15: 2026-03-18 14:30~ | L15: =IFERROR(INDEX(온라인_반찬!$C$2:$J$597,MATCH($D15,온라인_반찬!$C$2:$C$597,0),8),"") -> 열무김치(종가김치)
C16: 신당꿈 특식 | D16: 목화솜탕수육 | E16: 60 | G16: =IFERROR(INDEX(온라인_반찬!$C$2:$H$604,MATCH($D16,온라인_반찬!$C$2:$C$604,0),6),"") -> {돼지고기(국산/등심), 전분가공품[소맥전분(밀:호주,프랑스,리투아니아 등), 탕수베이스(찰옥수수:미국산),찰옥수수전분,밀가루,난맥분],대두유[대두:아르헨티나,미국,브라질 등)], 정제수, 아쿠아민에프(영국산/해조100%)0.31%} | H16: =IFERROR(INDEX(온라인_반찬!$D$2:$J$597,MATCH($D16,온라인_반찬!$C$2:$C$597,0),6),"") -> .1.5.6.10. | I16: 2026-03-18 14:30~ | L16: =IFERROR(INDEX(온라인_반찬!$C$2:$J$597,MATCH($D16,온라인_반찬!$C$2:$C$597,0),8),"") -> 450g/900g/목화솜 등심탕수육(이츠웰.하늘푸드)
D17: & 스위트칠리소스 | E17: 25 | G17: =IFERROR(INDEX(온라인_반찬!$C$2:$H$604,MATCH($D17,온라인_반찬!$C$2:$C$604,0),6),"") -> 파프리카(국산)5%, 완두콩, 마늘, 정제수, 대두유, 케첩, 설탕, 식초, 전분(외국산) | H17: =IFERROR(INDEX(온라인_반찬!$D$2:$J$597,MATCH($D17,온라인_반찬!$C$2:$C$597,0),6),"") -> .5.12. | I17: 2026-03-18 14:30~ | L17: =IFERROR(INDEX(온라인_반찬!$C$2:$J$597,MATCH($D17,온라인_반찬!$C$2:$C$597,0),8),"") -> 칠리소스(이츠웰), 케찹(오뚜기)
C18: 보존식 | J18: 1 | K18: 0.25
B19: 강서폴리 소풍 | C19: 밥 | G19: =IFERROR(INDEX(온라인_반찬!$C$2:$H$604,MATCH($D19,온라인_반찬!$C$2:$C$604,0),6),"") | H19: =IFERROR(INDEX(온라인_반찬!$D$2:$J$597,MATCH($D19,온라인_반찬!$C$2:$C$597,0),6),"") | I19: 2026-03-18 09:30~ | L19: =IFERROR(INDEX(온라인_반찬!$C$2:$J$597,MATCH($D19,온라인_반찬!$C$2:$C$597,0),8),"")
C20: 반찬1 | G20: =IFERROR(INDEX(온라인_반찬!$C$2:$H$604,MATCH($D20,온라인_반찬!$C$2:$C$604,0),6),"") | H20: =IFERROR(INDEX(온라인_반찬!$D$2:$J$597,MATCH($D20,온라인_반찬!$C$2:$C$597,0),6),"") | I20: 2026-03-18 09:30~ | L20: =IFERROR(INDEX(온라인_반찬!$C$2:$J$597,MATCH($D20,온라인_반찬!$C$2:$C$597,0),8),"")
G21: =IFERROR(INDEX(온라인_반찬!$C$2:$H$604,MATCH($D21,온라인_반찬!$C$2:$C$604,0),6),"") | H21: =IFERROR(INDEX(온라인_반찬!$D$2:$J$597,MATCH($D21,온라인_반찬!$C$2:$C$597,0),6),"") | I21: 2026-03-18 09:30~ | L21: =IFERROR(INDEX(온라인_반찬!$C$2:$J$597,MATCH($D21,온라인_반찬!$C$2:$C$597,0),8),"")
C22: 반찬2 | G22: =IFERROR(INDEX(온라인_반찬!$C$2:$H$604,MATCH($D22,온라인_반찬!$C$2:$C$604,0),6),"") | H22: =IFERROR(INDEX(온라인_반찬!$D$2:$J$597,MATCH($D22,온라인_반찬!$C$2:$C$597,0),6),"") | I22: 2026-03-18 09:30~ | L22: =IFERROR(INDEX(온라인_반찬!$C$2:$J$597,MATCH($D22,온라인_반찬!$C$2:$C$597,0),8),"")
C23: 반찬3 | G23: =IFERROR(INDEX(온라인_반찬!$C$2:$H$604,MATCH($D23,온라인_반찬!$C$2:$C$604,0),6),"") | H23: =IFERROR(INDEX(온라인_반찬!$D$2:$J$597,MATCH($D23,온라인_반찬!$C$2:$C$597,0),6),"") | I23: 2026-03-18 09:30~ | L23: =IFERROR(INDEX(온라인_반찬!$C$2:$J$597,MATCH($D23,온라인_반찬!$C$2:$C$597,0),8),"")
C24: 반찬4 | G24: =IFERROR(INDEX(온라인_반찬!$C$2:$H$604,MATCH($D24,온라인_반찬!$C$2:$C$604,0),6),"") | H24: =IFERROR(INDEX(온라인_반찬!$D$2:$J$597,MATCH($D24,온라인_반찬!$C$2:$C$597,0),6),"") | I24: 2026-03-18 09:30~ | L24: =IFERROR(INDEX(온라인_반찬!$C$2:$J$597,MATCH($D24,온라인_반찬!$C$2:$C$597,0),8),"")
C25: 보존식 | F25: 1 | J25: 1 | K25: 0.25

Sheet 03-19
B1: 2026-03-19(목) | M1: *한입해쉬브라운 : 9g(개당) | P1: *양송이떡갈비 : 1.5ea, 1.75, 2 | S1: *양배추당근라페 : 20g / 30g
B2: 출고일 | C2: 구분 | D2: 품명 | E2: 중량(g) | F2: 수량(장) | G2: 자재사용내역 | H2: 알러지 표기 | I2: 배송시점 | J2: 제공인원 | K2: 총생산량(Kg) | L2: 메 모 | M2: *샐러드 채소 : 15g, 20g ,25g | P2: *야채고기말이 : 1.1, 1.5, 1.5 | S2: *고구마튀김35g / 45g
B3: 중식 | C3: 밥 | D3: 흰쌀밥 | E3: 140 | G3: =IFERROR(INDEX(온라인_반찬!$C$2:$H$604,MATCH($D3,온라인_반찬!$C$2:$C$604,0),6),"") -> 쌀(국산)95%, 정제수 | H3: =IFERROR(INDEX(온라인_반찬!$D$2:$J$597,MATCH($D3,온라인_반찬!$C$2:$C$597,0),6),"") -> 0 | I3: 2026-03-19 09:30~ | L3: =IFERROR(INDEX(온라인_반찬!$C$2:$J$597,MATCH($D3,온라인_반찬!$C$2:$C$597,0),8),"") -> 0 | M3: *웨지감자 : 25g / 30g | O3: *어묵채구이:12g / 15g | S3: 한입새우튀김 : 30g / 35g / 45g (소스15g)
C4: 국 | D4: 채소계란국 | E4: 150 | G4: =IFERROR(INDEX(온라인_반찬!$C$2:$H$604,MATCH($D4,온라인_반찬!$C$2:$C$604,0),6),"") -> 계란(국산)13%, 채소[양파, 당근, 부추:국산]10%, 정제수, 멸치육수농축액, 대파, 마늘, 소금 | H4: =IFERROR(INDEX(온라인_반찬!$D$2:$J$597,MATCH($D4,온라인_반찬!$C$2:$C$597,0),6),"") -> .1.5. | I4: 2026-03-19 09:30~ | L4: =IFERROR(INDEX(온라인_반찬!$C$2:$J$597,MATCH($D4,온라인_반찬!$C$2:$C$597,0),8),"") -> 0 | M4: *꼬마돈까스: 25g, 중구청 35g | P4: *족발:45g / 55g | S4: *갈비만두 : 성분표기 인당1개 / 식수 인당1.5개
C5: 메인 | D5: 미소불고기 | E5: 60 | G5: =IFERROR(INDEX(온라인_반찬!$C$2:$H$604,MATCH($D5,온라인_반찬!$C$2:$C$604,0),6),"") -> 소고기(호주산)78%, 미소된장[국내생산(대두:외국산,쌀:외국산)], 정제수, 양파, 피망, 마늘, 간장, 설탕, 맛술, 후추, 참기름, 참깨 | H5: =IFERROR(INDEX(온라인_반찬!$D$2:$J$597,MATCH($D5,온라인_반찬!$C$2:$C$597,0),6),"") -> .5.16.21. | I5: 2026-03-19 09:30~ | L5: =IFERROR(INDEX(온라인_반찬!$C$2:$J$597,MATCH($D5,온라인_반찬!$C$2:$C$597,0),8),"") -> 0 | M5: *오징어볼탕수 : 35g / 45g/ 70g 소스 : 20g | S5: *생선통살탕수 : 40g / 50g / 교사 70g, 소스 25g 개당 12g
C6: 반찬1 | D6: 김말이 | F6: 2 | G6: =IFERROR(INDEX(온라인_반찬!$C$2:$H$604,MATCH($D6,온라인_반찬!$C$2:$C$604,0),6),"") -> 이츠웰찰당면(고구마전분:중국산), 튀김가루(밀가루(밀:미국산), 옥수수전분(옥수수:외국산), 옥수수가루, 정제소금, 혼합식용유(대두유, 현미유, 팜올레인유), 부추, 김, 당근, 마늘, 간장,설탕, 후추가루 | H6: =IFERROR(INDEX(온라인_반찬!$D$2:$J$597,MATCH($D6,온라인_반찬!$C$2:$C$597,0),6),"") -> .5.6.16. | I6: 2026-03-19 09:30~ | L6: =IFERROR(INDEX(온라인_반찬!$C$2:$J$597,MATCH($D6,온라인_반찬!$C$2:$C$597,0),8),"") -> 김말이(크레잇) | M6: *표고강정 : 30g(35g) | P6: *훈제오리 : 40g / 50g | S6: *해물전:1000680205(삼성웰스토리)
C7: 반찬2 | D7: 건새우마늘쫑볶음 | E7: 20 | G7: =IFERROR(INDEX(온라인_반찬!$C$2:$H$604,MATCH($D7,온라인_반찬!$C$2:$C$604,0),6),"") -> 건새우(국산)23%, 마늘쫑(중국산)68%, 간장, 설탕, 물엿, 참깨 | H7: =IFERROR(INDEX(온라인_반찬!$D$2:$J$597,MATCH($D7,온라인_반찬!$C$2:$C$597,0),6),"") -> .5.9.21. | I7: 2026-03-19 09:30~ | L7: =IFERROR(INDEX(온라인_반찬!$C$2:$J$597,MATCH($D7,온라인_반찬!$C$2:$C$597,0),8),"") -> 0 | M7: *탕수육40g(중구청50g) ,소스25g | P7: *마카로니.콘샐러드 : 30g | S7: *통등심돈까스:50g / 소스 25g
C8: 반찬3 | D8: 깍두기 | E8: 25 | G8: =IFERROR(INDEX(온라인_반찬!$C$2:$H$604,MATCH($D8,온라인_반찬!$C$2:$C$604,0),6),"") -> 무(국산)85.2%, 고추가루(국산), 밀가루풀(국산), 파, 마늘, 새우젓 등 양념(국산) | H8: =IFERROR(INDEX(온라인_반찬!$D$2:$J$597,MATCH($D8,온라인_반찬!$C$2:$C$597,0),6),"") -> .6.9. | I8: 2026-03-19 09:30~ | L8: =IFERROR(INDEX(온라인_반찬!$C$2:$J$597,MATCH($D8,온라인_반찬!$C$2:$C$597,0),8),"") -> 0 | M8: *건두부무침 : 25g / 35g | P8: *파르펠레냉파스타:30g | S8: *족발부추무침 : 45g, 55g
C9: 보존식 | G9: 글로벌리더스 : 고추장제육 | J9: 1 | K9: 0.25
B10: 글로벌 리더스 . 석식 | C10: 밥 | D10: 흰쌀밥 | E10: 150 | G10: =IFERROR(INDEX(온라인_반찬!$C$2:$H$604,MATCH($D10,온라인_반찬!$C$2:$C$604,0),6),"") -> 쌀(국산)95%, 정제수 | H10: =IFERROR(INDEX(온라인_반찬!$D$2:$J$597,MATCH($D10,온라인_반찬!$C$2:$C$597,0),6),"") -> 0 | I10: 2026-03-19 14:30~ | L10: =IFERROR(INDEX(온라인_반찬!$C$2:$J$597,MATCH($D10,온라인_반찬!$C$2:$C$597,0),8),"") -> 0 | M10: *영양찜닭:85g / 95g | P10: *소고기가지볶음 : 30g | S10: *춘장닭불고기 : 70g / 80g
C11: 국 | D11: 채소계란국 | E11: 160 | G11: =IFERROR(INDEX(온라인_반찬!$C$2:$H$604,MATCH($D11,온라인_반찬!$C$2:$C$604,0),6),"") -> 계란(국산)13%, 채소[양파, 당근, 부추:국산]10%, 정제수, 멸치육수농축액, 대파, 마늘, 소금 | H11: =IFERROR(INDEX(온라인_반찬!$D$2:$J$597,MATCH($D11,온라인_반찬!$C$2:$C$597,0),6),"") -> .1.5. | I11: 2026-03-19 14:30~ | L11: =IFERROR(INDEX(온라인_반찬!$C$2:$J$597,MATCH($D11,온라인_반찬!$C$2:$C$597,0),8),"") -> 0 | M11: *미트볼 : 개당10g | P11: *삼색소고기소보로 : 50g / 70g | S11: *훈제오리잡채 : 55g / 70g
C12: 메인 | D12: 고추장제육 | E12: 80 | G12: =IFERROR(INDEX(온라인_반찬!$C$2:$H$604,MATCH($D12,온라인_반찬!$C$2:$C$604,0),6),"") -> 돼지고기(국산)65%, 양파(국산)10%, 당근, 대파, 마늘, 고추장, 간장, , 맛술, 후추, 설탕, 참기름, 참깨 | H12: =IFERROR(INDEX(온라인_반찬!$D$2:$J$597,MATCH($D12,온라인_반찬!$C$2:$C$597,0),6),"") -> .5.6.10.21. | I12: 2026-03-19 14:30~ | L12: =IFERROR(INDEX(온라인_반찬!$C$2:$J$597,MATCH($D12,온라인_반찬!$C$2:$C$597,0),8),"") -> 0
C13: 반찬1 | D13: 김말이 | F13: 3 | G13: =IFERROR(INDEX(온라인_반찬!$C$2:$H$604,MATCH($D13,온라인_반찬!$C$2:$C$604,0),6),"") -> 이츠웰찰당면(고구마전분:중국산), 튀김가루(밀가루(밀:미국산), 옥수수전분(옥수수:외국산), 옥수수가루, 정제소금, 혼합식용유(대두유, 현미유, 팜올레인유), 부추, 김, 당근, 마늘, 간장,설탕, 후추가루 | H13: =IFERROR(INDEX(온라인_반찬!$D$2:$J$597,MATCH($D13,온라인_반찬!$C$2:$C$597,0),6),"") -> .5.6.16. | I13: 2026-03-19 14:30~ | L13: =IFERROR(INDEX(온라인_반찬!$C$2:$J$597,MATCH($D13,온라인_반찬!$C$2:$C$597,0),8),"") -> 김말이(크레잇)
C14: 반찬2 | D14: 건새우마늘쫑볶음 | E14: 23 | G14: =IFERROR(INDEX(온라인_반찬!$C$2:$H$604,MATCH($D14,온라인_반찬!$C$2:$C$604,0),6),"") -> 건새우(국산)23%, 마늘쫑(중국산)68%, 간장, 설탕, 물엿, 참깨 | H14: =IFERROR(INDEX(온라인_반찬!$D$2:$J$597,MATCH($D14,온라인_반찬!$C$2:$C$597,0),6),"") -> .5.9.21. | I14: 2026-03-19 14:30~ | L14: =IFERROR(INDEX(온라인_반찬!$C$2:$J$597,MATCH($D14,온라인_반찬!$C$2:$C$597,0),8),"") -> 0
C15: 반찬3 | D15: 깍두기 | E15: 35 | G15: =IFERROR(INDEX(온라인_반찬!$C$2:$H$604,MATCH($D15,온라인_반찬!$C$2:$C$604,0),6),"") -> 무(국산)85.2%, 고추가루(국산), 밀가루풀(국산), 파, 마늘, 새우젓 등 양념(국산) | H15: =IFERROR(INDEX(온라인_반찬!$D$2:$J$597,MATCH($D15,온라인_반찬!$C$2:$C$597,0),6),"") -> .6.9. | I15: 2026-03-19 14:30~ | L15: =IFERROR(INDEX(온라인_반찬!$C$2:$J$597,MATCH($D15,온라인_반찬!$C$2:$C$597,0),8),"") -> 0
C16: 신당꿈 특식 | D16: 과일 | G16: =IFERROR(INDEX(온라인_반찬!$C$2:$H$604,MATCH($D16,온라인_반찬!$C$2:$C$604,0),6),"") | H16: =IFERROR(INDEX(온라인_반찬!$D$2:$J$597,MATCH($D16,온라인_반찬!$C$2:$C$597,0),6),"") | I16: 2026-03-19 14:30~ | L16: =IFERROR(INDEX(온라인_반찬!$C$2:$J$597,MATCH($D16,온라인_반찬!$C$2:$C$597,0),8),"")
C17: 보존식 | J17: 1 | K17: 0.25
B18: 강서폴리 소풍 | C18: 밥 | G18: =IFERROR(INDEX(온라인_반찬!$C$2:$H$604,MATCH($D18,온라인_반찬!$C$2:$C$604,0),6),"") | H18: =IFERROR(INDEX(온라인_반찬!$D$2:$J$597,MATCH($D18,온라인_반찬!$C$2:$C$597,0),6),"") | I18: 2026-03-19 09:30~ | L18: =IFERROR(INDEX(온라인_반찬!$C$2:$J$597,MATCH($D18,온라인_반찬!$C$2:$C$597,0),8),"")
C19: 반찬1 | G19: =IFERROR(INDEX(온라인_반찬!$C$2:$H$604,MATCH($D19,온라인_반찬!$C$2:$C$604,0),6),"") | H19: =IFERROR(INDEX(온라인_반찬!$D$2:$J$597,MATCH($D19,온라인_반찬!$C$2:$C$597,0),6),"") | I19: 2026-03-19 09:30~ | L19: =IFERROR(INDEX(온라인_반찬!$C$2:$J$597,MATCH($D19,온라인_반찬!$C$2:$C$597,0),8),"")
G20: =IFERROR(INDEX(온라인_반찬!$C$2:$H$604,MATCH($D20,온라인_반찬!$C$2:$C$604,0),6),"") | H20: =IFERROR(INDEX(온라인_반찬!$D$2:$J$597,MATCH($D20,온라인_반찬!$C$2:$C$597,0),6),"") | I20: 2026-03-19 09:30~ | L20: =IFERROR(INDEX(온라인_반찬!$C$2:$J$597,MATCH($D20,온라인_반찬!$C$2:$C$597,0),8),"")
C21: 반찬2 | G21: =IFERROR(INDEX(온라인_반찬!$C$2:$H$604,MATCH($D21,온라인_반찬!$C$2:$C$604,0),6),"") | H21: =IFERROR(INDEX(온라인_반찬!$D$2:$J$597,MATCH($D21,온라인_반찬!$C$2:$C$597,0),6),"") | I21: 2026-03-19 09:30~ | L21: =IFERROR(INDEX(온라인_반찬!$C$2:$J$597,MATCH($D21,온라인_반찬!$C$2:$C$597,0),8),"")
C22: 반찬3 | G22: =IFERROR(INDEX(온라인_반찬!$C$2:$H$604,MATCH($D22,온라인_반찬!$C$2:$C$604,0),6),"") | H22: =IFERROR(INDEX(온라인_반찬!$D$2:$J$597,MATCH($D22,온라인_반찬!$C$2:$C$597,0),6),"") | I22: 2026-03-19 09:30~ | L22: =IFERROR(INDEX(온라인_반찬!$C$2:$J$597,MATCH($D22,온라인_반찬!$C$2:$C$597,0),8),"")
C23: 반찬4 | G23: =IFERROR(INDEX(온라인_반찬!$C$2:$H$604,MATCH($D23,온라인_반찬!$C$2:$C$604,0),6),"") | H23: =IFERROR(INDEX(온라인_반찬!$D$2:$J$597,MATCH($D23,온라인_반찬!$C$2:$C$597,0),6),"") | I23: 2026-03-19 09:30~ | L23: =IFERROR(INDEX(온라인_반찬!$C$2:$J$597,MATCH($D23,온라인_반찬!$C$2:$C$597,0),8),"")
C24: 보존식 | F24: 1 | J24: 1 | K24: 0.25

Sheet 03-20
B1: 2026-03-20(금) | M1: *한입해쉬브라운 : 9g(개당) | P1: *양송이떡갈비 : 1.5ea, 1.75, 2 | S1: *양배추당근라페 : 20g / 30g
B2: 출고일 | C2: 구분 | D2: 품명 | E2: 중량(g) | F2: 수량(장) | G2: 자재사용내역 | H2: 알러지 표기 | I2: 배송시점 | J2: 제공인원 | K2: 총생산량(Kg) | L2: 메 모 | M2: *샐러드 채소 : 15g, 20g ,25g | P2: *야채고기말이 : 1.1, 1.5, 1.5 | S2: *고구마튀김35g / 45g
B3: 중식 | C3: 밥 | D3: 소고기볶음밥 | E3: 60 | G3: =IFERROR(INDEX(온라인_반찬!$C$2:$H$604,MATCH($D3,온라인_반찬!$C$2:$C$604,0),6),"") -> 쌀밥(쌀:국산)85%, 소민찌(소고기:호주산)2.5%, 감자, 당근, 양파, 피망, 대두유, 간장, 소금, 참기름, 참깨 | H3: =IFERROR(INDEX(온라인_반찬!$D$2:$J$597,MATCH($D3,온라인_반찬!$C$2:$C$597,0),6),"") -> .1.5.16.18.21. | I3: 2026-03-20 09:30~ | L3: =IFERROR(INDEX(온라인_반찬!$C$2:$J$597,MATCH($D3,온라인_반찬!$C$2:$C$597,0),8),"") -> 0 | M3: *웨지감자 : 25g / 30g | O3: *어묵채구이:12g / 15g | S3: 한입새우튀김 : 30g / 35g / 45g (소스15g)
C4: 메뉴1 | D4: 스파게티면 | E4: 100 | G4: =IFERROR(INDEX(온라인_반찬!$C$2:$H$604,MATCH($D4,온라인_반찬!$C$2:$C$604,0),6),"") -> 스파게티면(듀럼밀100%)97%, 올리브오일3% | H4: =IFERROR(INDEX(온라인_반찬!$D$2:$J$597,MATCH($D4,온라인_반찬!$C$2:$C$597,0),6),"") -> .6. | I4: 2026-03-20 09:30~ | L4: =IFERROR(INDEX(온라인_반찬!$C$2:$J$597,MATCH($D4,온라인_반찬!$C$2:$C$597,0),8),"") -> 0 | M4: *꼬마돈까스: 25g, 중구청 35g | P4: *족발:45g / 55g | S4: *갈비만두 : 성분표기 인당1개 / 식수 인당1.5개
D5: & 미트소스 | E5: 120 | G5: =IFERROR(INDEX(온라인_반찬!$C$2:$H$604,MATCH($D5,온라인_반찬!$C$2:$C$604,0),6),"") -> 미트소스[소고기(호주산)10%,돼지고기(국산)8%,토마토페이스트(토마토:미국산)10%], 양파, 피망, 토마토스파게티소스, 올리브오일, 후추, 파슬리가루 | H5: =IFERROR(INDEX(온라인_반찬!$D$2:$J$597,MATCH($D5,온라인_반찬!$C$2:$C$597,0),6),"") -> .1.5.6.10.12.15. | I5: 2026-03-20 09:30~ | L5: =IFERROR(INDEX(온라인_반찬!$C$2:$J$597,MATCH($D5,온라인_반찬!$C$2:$C$597,0),8),"") -> 미트소스(이츠웰), 토마토소스(오뚜기) | M5: *오징어볼탕수 : 35g / 45g/ 70g 소스 : 20g | S5: *생선통살탕수 : 40g / 50g / 교사 70g, 소스 25g 개당 12g
C6: 메뉴2 | D6: 눈꽃치즈치킨 | E6: 55 | G6: =IFERROR(INDEX(온라인_반찬!$C$2:$H$604,MATCH($D6,온라인_반찬!$C$2:$C$604,0),6),"") -> 순살치킨[닭고기(닭다리살:브라질산)64.76%,밀가루(밀:호주산,미국산),옥수수전분(옥수수:외국산), 대두유]98%, 눈꽃치즈(모짜렐라99%)2% | H6: =IFERROR(INDEX(온라인_반찬!$D$2:$J$597,MATCH($D6,온라인_반찬!$C$2:$C$597,0),6),"") -> .1.2.5.6.15.16. | I6: 2026-03-20 09:30~ | L6: =IFERROR(INDEX(온라인_반찬!$C$2:$J$597,MATCH($D6,온라인_반찬!$C$2:$C$597,0),8),"") -> 순살치킨가라아게(하림) | M6: *표고강정 : 30g(35g) | P6: *훈제오리 : 40g / 50g | S6: *해물전:1000680205(삼성웰스토리)
C7: 메뉴3 | D7: 캐릭터찐빵 | F7: 1 | G7: =IFERROR(INDEX(온라인_반찬!$C$2:$H$604,MATCH($D7,온라인_반찬!$C$2:$C$604,0),6),"") -> 밀가루(밀)42.91%, 팥28%, 정제수, 설탕 8.68%, 팜유1.04%,/원산지:중국 | H7: =IFERROR(INDEX(온라인_반찬!$D$2:$J$597,MATCH($D7,온라인_반찬!$C$2:$C$597,0),6),"") -> .5.17. | I7: 2026-03-20 09:30~ | L7: =IFERROR(INDEX(온라인_반찬!$C$2:$J$597,MATCH($D7,온라인_반찬!$C$2:$C$597,0),8),"") -> 이솝찐빵(세미원푸드) | M7: *탕수육40g(중구청50g) ,소스25g | P7: *마카로니.콘샐러드 : 30g | S7: *통등심돈까스:50g / 소스 25g
C8: 메뉴4 | D8: 수제피클 | E8: 25 | G8: =IFERROR(INDEX(온라인_반찬!$C$2:$H$604,MATCH($D8,온라인_반찬!$C$2:$C$604,0),6),"") -> 무(국산)35%, 양배추, 적채, 오이, 정제수, 식초, 소금, 설탕 | H8: =IFERROR(INDEX(온라인_반찬!$D$2:$J$597,MATCH($D8,온라인_반찬!$C$2:$C$597,0),6),"") -> 0 | I8: 2026-03-20 09:30~ | L8: =IFERROR(INDEX(온라인_반찬!$C$2:$J$597,MATCH($D8,온라인_반찬!$C$2:$C$597,0),8),"") -> 0 | M8: *건두부무침 : 25g / 35g | P8: *파르펠레냉파스타:30g | S8: *족발부추무침 : 45g, 55g
C9: 메뉴5 | D9: 딸기짜요 | F9: 1 | G9: =IFERROR(INDEX(온라인_반찬!$C$2:$H$604,MATCH($D9,온라인_반찬!$C$2:$C$604,0),6),"") -> 원유(국산)72.8%, 탈지분유(국산)2.4%, 딸기젤리시럽(딸기:국산)15%, 백설탕 | H9: =IFERROR(INDEX(온라인_반찬!$D$2:$J$597,MATCH($D9,온라인_반찬!$C$2:$C$597,0),6),"") -> .2. | I9: 2026-03-20 09:30~ | L9: =IFERROR(INDEX(온라인_반찬!$C$2:$J$597,MATCH($D9,온라인_반찬!$C$2:$C$597,0),8),"") -> 짜요짜요(서울우유)/짜먹는요구르트
C10: 보존식 | G10: 폴리셋팅 : 치킨.캐릭터찐빵.바나나.짜먹는요거트 | J10: 1 | K10: 0.25
B11: 글로벌 리더스 . 석식 | C11: 밥 | D11: 소고기볶음밥 | E11: 80 | G11: =IFERROR(INDEX(온라인_반찬!$C$2:$H$604,MATCH($D11,온라인_반찬!$C$2:$C$604,0),6),"") -> 쌀밥(쌀:국산)85%, 소민찌(소고기:호주산)2.5%, 감자, 당근, 양파, 피망, 대두유, 간장, 소금, 참기름, 참깨 | H11: =IFERROR(INDEX(온라인_반찬!$D$2:$J$597,MATCH($D11,온라인_반찬!$C$2:$C$597,0),6),"") -> .1.5.16.18.21. | I11: 2026-03-20 14:30~ | L11: =IFERROR(INDEX(온라인_반찬!$C$2:$J$597,MATCH($D11,온라인_반찬!$C$2:$C$597,0),8),"") -> 0 | M11: *영양찜닭:85g / 95g | P11: *소고기가지볶음 : 30g | S11: *춘장닭불고기 : 70g / 80g
C12: 메뉴1 | D12: 스파게티면 | E12: 110 | G12: =IFERROR(INDEX(온라인_반찬!$C$2:$H$604,MATCH($D12,온라인_반찬!$C$2:$C$604,0),6),"") -> 스파게티면(듀럼밀100%)97%, 올리브오일3% | H12: =IFERROR(INDEX(온라인_반찬!$D$2:$J$597,MATCH($D12,온라인_반찬!$C$2:$C$597,0),6),"") -> .6. | I12: 2026-03-20 14:30~ | L12: =IFERROR(INDEX(온라인_반찬!$C$2:$J$597,MATCH($D12,온라인_반찬!$C$2:$C$597,0),8),"") -> 0 | M12: *미트볼 : 개당10g | P12: *삼색소고기소보로 : 50g / 70g | S12: *훈제오리잡채 : 55g / 70g
D13: & 미트소스 | E13: 130 | G13: =IFERROR(INDEX(온라인_반찬!$C$2:$H$604,MATCH($D13,온라인_반찬!$C$2:$C$604,0),6),"") -> 미트소스[소고기(호주산)10%,돼지고기(국산)8%,토마토페이스트(토마토:미국산)10%], 양파, 피망, 토마토스파게티소스, 올리브오일, 후추, 파슬리가루 | H13: =IFERROR(INDEX(온라인_반찬!$D$2:$J$597,MATCH($D13,온라인_반찬!$C$2:$C$597,0),6),"") -> .1.5.6.10.12.15. | I13: 2026-03-20 14:30~ | L13: =IFERROR(INDEX(온라인_반찬!$C$2:$J$597,MATCH($D13,온라인_반찬!$C$2:$C$597,0),8),"") -> 미트소스(이츠웰), 토마토소스(오뚜기)
C14: 메뉴2 | D14: 눈꽃치즈치킨 | E14: 70 | G14: =IFERROR(INDEX(온라인_반찬!$C$2:$H$604,MATCH($D14,온라인_반찬!$C$2:$C$604,0),6),"") -> 순살치킨[닭고기(닭다리살:브라질산)64.76%,밀가루(밀:호주산,미국산),옥수수전분(옥수수:외국산), 대두유]98%, 눈꽃치즈(모짜렐라99%)2% | H14: =IFERROR(INDEX(온라인_반찬!$D$2:$J$597,MATCH($D14,온라인_반찬!$C$2:$C$597,0),6),"") -> .1.2.5.6.15.16. | I14: 2026-03-20 14:30~ | L14: =IFERROR(INDEX(온라인_반찬!$C$2:$J$597,MATCH($D14,온라인_반찬!$C$2:$C$597,0),8),"") -> 순살치킨가라아게(하림)
C15: 메뉴3 | D15: 캐릭터찐빵 | F15: 1 | G15: =IFERROR(INDEX(온라인_반찬!$C$2:$H$604,MATCH($D15,온라인_반찬!$C$2:$C$604,0),6),"") -> 밀가루(밀)42.91%, 팥28%, 정제수, 설탕 8.68%, 팜유1.04%,/원산지:중국 | H15: =IFERROR(INDEX(온라인_반찬!$D$2:$J$597,MATCH($D15,온라인_반찬!$C$2:$C$597,0),6),"") -> .5.17. | I15: 2026-03-20 14:30~ | L15: =IFERROR(INDEX(온라인_반찬!$C$2:$J$597,MATCH($D15,온라인_반찬!$C$2:$C$597,0),8),"") -> 이솝찐빵(세미원푸드)
C16: 메뉴4 | D16: 수제피클 | E16: 30 | G16: =IFERROR(INDEX(온라인_반찬!$C$2:$H$604,MATCH($D16,온라인_반찬!$C$2:$C$604,0),6),"") -> 무(국산)35%, 양배추, 적채, 오이, 정제수, 식초, 소금, 설탕 | H16: =IFERROR(INDEX(온라인_반찬!$D$2:$J$597,MATCH($D16,온라인_반찬!$C$2:$C$597,0),6),"") -> 0 | I16: 2026-03-20 14:30~ | L16: =IFERROR(INDEX(온라인_반찬!$C$2:$J$597,MATCH($D16,온라인_반찬!$C$2:$C$597,0),8),"") -> 0
C17: 메뉴5 | D17: 딸기짜요 | F17: 1 | G17: =IFERROR(INDEX(온라인_반찬!$C$2:$H$604,MATCH($D17,온라인_반찬!$C$2:$C$604,0),6),"") -> 원유(국산)72.8%, 탈지분유(국산)2.4%, 딸기젤리시럽(딸기:국산)15%, 백설탕 | H17: =IFERROR(INDEX(온라인_반찬!$D$2:$J$597,MATCH($D17,온라인_반찬!$C$2:$C$597,0),6),"") -> .2. | I17: 2026-03-20 14:30~ | L17: =IFERROR(INDEX(온라인_반찬!$C$2:$J$597,MATCH($D17,온라인_반찬!$C$2:$C$597,0),8),"") -> 짜요짜요(서울우유)/짜먹는요구르트
C18: 신당꿈 특식 | D18: 전복버터구이 | F18: 1 | G18: =IFERROR(INDEX(온라인_반찬!$C$2:$H$604,MATCH($D18,온라인_반찬!$C$2:$C$604,0),6),"") -> 전복(국산)97%, 버터, 소금, 파슬리가루 | H18: =IFERROR(INDEX(온라인_반찬!$D$2:$J$597,MATCH($D18,온라인_반찬!$C$2:$C$597,0),6),"") -> .2.18. | I18: 2026-03-20 14:30~ | L18: =IFERROR(INDEX(온라인_반찬!$C$2:$J$597,MATCH($D18,온라인_반찬!$C$2:$C$597,0),8),"") -> 0
C19: 보존식 | J19: 1 | K19: 0.25
B20: 강서폴리 소풍 | C20: 밥 | G20: =IFERROR(INDEX(온라인_반찬!$C$2:$H$604,MATCH($D20,온라인_반찬!$C$2:$C$604,0),6),"") | H20: =IFERROR(INDEX(온라인_반찬!$D$2:$J$597,MATCH($D20,온라인_반찬!$C$2:$C$597,0),6),"") | I20: 2026-03-20 09:30~ | L20: =IFERROR(INDEX(온라인_반찬!$C$2:$J$597,MATCH($D20,온라인_반찬!$C$2:$C$597,0),8),"")
C21: 반찬1 | G21: =IFERROR(INDEX(온라인_반찬!$C$2:$H$604,MATCH($D21,온라인_반찬!$C$2:$C$604,0),6),"") | H21: =IFERROR(INDEX(온라인_반찬!$D$2:$J$597,MATCH($D21,온라인_반찬!$C$2:$C$597,0),6),"") | I21: 2026-03-20 09:30~ | L21: =IFERROR(INDEX(온라인_반찬!$C$2:$J$597,MATCH($D21,온라인_반찬!$C$2:$C$597,0),8),"")
G22: =IFERROR(INDEX(온라인_반찬!$C$2:$H$604,MATCH($D22,온라인_반찬!$C$2:$C$604,0),6),"") | H22: =IFERROR(INDEX(온라인_반찬!$D$2:$J$597,MATCH($D22,온라인_반찬!$C$2:$C$597,0),6),"") | I22: 2026-03-20 09:30~ | L22: =IFERROR(INDEX(온라인_반찬!$C$2:$J$597,MATCH($D22,온라인_반찬!$C$2:$C$597,0),8),"")
C23: 반찬2 | G23: =IFERROR(INDEX(온라인_반찬!$C$2:$H$604,MATCH($D23,온라인_반찬!$C$2:$C$604,0),6),"") | H23: =IFERROR(INDEX(온라인_반찬!$D$2:$J$597,MATCH($D23,온라인_반찬!$C$2:$C$597,0),6),"") | I23: 2026-03-20 09:30~ | L23: =IFERROR(INDEX(온라인_반찬!$C$2:$J$597,MATCH($D23,온라인_반찬!$C$2:$C$597,0),8),"")
C24: 반찬3 | G24: =IFERROR(INDEX(온라인_반찬!$C$2:$H$604,MATCH($D24,온라인_반찬!$C$2:$C$604,0),6),"") | H24: =IFERROR(INDEX(온라인_반찬!$D$2:$J$597,MATCH($D24,온라인_반찬!$C$2:$C$597,0),6),"") | I24: 2026-03-20 09:30~ | L24: =IFERROR(INDEX(온라인_반찬!$C$2:$J$597,MATCH($D24,온라인_반찬!$C$2:$C$597,0),8),"")
C25: 반찬4 | G25: =IFERROR(INDEX(온라인_반찬!$C$2:$H$604,MATCH($D25,온라인_반찬!$C$2:$C$604,0),6),"") | H25: =IFERROR(INDEX(온라인_반찬!$D$2:$J$597,MATCH($D25,온라인_반찬!$C$2:$C$597,0),6),"") | I25: 2026-03-20 09:30~ | L25: =IFERROR(INDEX(온라인_반찬!$C$2:$J$597,MATCH($D25,온라인_반찬!$C$2:$C$597,0),8),"")
C26: 보존식 | F26: 1 | J26: 1 | K26: 0.25

Sheet 03-23
B1: 2026-03-23(월) | M1: *한입해쉬브라운 : 9g(개당) | P1: *양송이떡갈비 : 1.5ea, 1.75, 2 | S1: *양배추당근라페 : 20g / 30g
B2: 출고일 | C2: 구분 | D2: 품명 | E2: 중량(g) | F2: 수량(장) | G2: 자재사용내역 | H2: 알러지 표기 | I2: 배송시점 | J2: 제공인원 | K2: 총생산량(Kg) | L2: 메 모 | M2: *샐러드 채소 : 15g, 20g ,25g | P2: *야채고기말이 : 1.1, 1.5, 1.5 | S2: *고구마튀김35g / 45g
B3: 중식 | C3: 밥 | D3: 친환경현미쌀밥 | E3: 140 | G3: =IFERROR(INDEX(온라인_반찬!$C$2:$H$604,MATCH($D3,온라인_반찬!$C$2:$C$604,0),6),"") -> 쌀(국산)90%, 현미(국산.친환경)5%, 정제수 | H3: =IFERROR(INDEX(온라인_반찬!$D$2:$J$597,MATCH($D3,온라인_반찬!$C$2:$C$597,0),6),"") -> 0 | I3: 2026-03-23 09:30~ | L3: =IFERROR(INDEX(온라인_반찬!$C$2:$J$597,MATCH($D3,온라인_반찬!$C$2:$C$597,0),8),"") -> 0 | M3: *웨지감자 : 25g / 30g | O3: *어묵채구이:12g / 15g | S3: 한입새우튀김 : 30g / 35g / 45g (소스15g)
C4: 국 | D4: 유부무국 | E4: 150 | G4: =IFERROR(INDEX(온라인_반찬!$C$2:$H$604,MATCH($D4,온라인_반찬!$C$2:$C$604,0),6),"") -> 무(국산_)18.3%, 유부(원료수입산)7%, 정제수, 국간장, 파, 마늘, 소금 | H4: =IFERROR(INDEX(온라인_반찬!$D$2:$J$597,MATCH($D4,온라인_반찬!$C$2:$C$597,0),6),"") -> .5. | I4: 2026-03-23 09:30~ | L4: =IFERROR(INDEX(온라인_반찬!$C$2:$J$597,MATCH($D4,온라인_반찬!$C$2:$C$597,0),8),"") -> 0 | M4: *꼬마돈까스: 25g, 중구청 35g | P4: *족발:45g / 55g | S4: *갈비만두 : 성분표기 인당1개 / 식수 인당1.5개
C5: 메인 | D5: 소고기장조림 | E5: 60 | G5: =IFERROR(INDEX(온라인_반찬!$C$2:$H$604,MATCH($D5,온라인_반찬!$C$2:$C$604,0),6),"") -> 메추리알(국산)70%, 소고기(호주산)7%, 정제수, 맛술, 통후추, 월계수잎, 간장, 설탕, 물엿, 참기름, 참깨 | H5: =IFERROR(INDEX(온라인_반찬!$D$2:$J$597,MATCH($D5,온라인_반찬!$C$2:$C$597,0),6),"") -> .1.5.16.21. | I5: 2026-03-23 09:30~ | L5: =IFERROR(INDEX(온라인_반찬!$C$2:$J$597,MATCH($D5,온라인_반찬!$C$2:$C$597,0),8),"") -> 0 | M5: *오징어볼탕수 : 35g / 45g/ 70g 소스 : 20g | S5: *생선통살탕수 : 40g / 50g / 교사 70g, 소스 25g 개당 12g
C6: 반찬1 | D6: 동그랑땡 | F6: 1 | G6: =IFERROR(INDEX(온라인_반찬!$C$2:$H$604,MATCH($D6,온라인_반찬!$C$2:$C$604,0),6),"") -> 고기완자[돼지고기(국산), 두부(대두(미국,캐나다,호주 등), 양파(중국산), 정제수, 돼지지방(국산), 당근, 대두유, 파, 부추, 곡류가공품, 전란분(미국산), 간장,설탕, 정제소금, 전란액(국산), 치자황색소], 대두유 | H6: =IFERROR(INDEX(온라인_반찬!$D$2:$J$597,MATCH($D6,온라인_반찬!$C$2:$C$597,0),6),"") -> .1.2.5.6.10.12.16. | I6: 2026-03-23 09:30~ | L6: =IFERROR(INDEX(온라인_반찬!$C$2:$J$597,MATCH($D6,온라인_반찬!$C$2:$C$597,0),8),"") -> 계란옷 입은 고기완자(사옹원) | M6: *표고강정 : 30g(35g) | P6: *훈제오리 : 40g / 50g | S6: *해물전:1000680205(삼성웰스토리)
C7: 반찬2 | D7: 숙주나물 | E7: 25 | G7: =IFERROR(INDEX(온라인_반찬!$C$2:$H$604,MATCH($D7,온라인_반찬!$C$2:$C$604,0),6),"") -> 숙주(원료수입산)90%, 당근, 마늘, 대파, 참치액, 소금, 참기름, 참깨 | H7: =IFERROR(INDEX(온라인_반찬!$D$2:$J$597,MATCH($D7,온라인_반찬!$C$2:$C$597,0),6),"") -> .5.21. | I7: 2026-03-23 09:30~ | L7: =IFERROR(INDEX(온라인_반찬!$C$2:$J$597,MATCH($D7,온라인_반찬!$C$2:$C$597,0),8),"") -> 0 | M7: *탕수육40g(중구청50g) ,소스25g | P7: *마카로니.콘샐러드 : 30g | S7: *통등심돈까스:50g / 소스 25g
C8: 반찬3 | D8: 배추김치 | E8: 25 | G8: =IFERROR(INDEX(온라인_반찬!$C$2:$H$604,MATCH($D8,온라인_반찬!$C$2:$C$604,0),6),"") -> 절임배추64.0%[배추(국산),무(국산),종가김치전용풀(쌀:국산)], 토마토페이스트(토마토:미국산)2.7%,[멸치액젓, 양파,다시마농축액,고춧가루,마늘,대파,새우액젓,김치유산균발효액,생강양념,호화쌀혼합분말]국산 | H8: =IFERROR(INDEX(온라인_반찬!$D$2:$J$597,MATCH($D8,온라인_반찬!$C$2:$C$597,0),6),"") -> .9.12. | I8: 2026-03-23 09:30~ | L8: =IFERROR(INDEX(온라인_반찬!$C$2:$J$597,MATCH($D8,온라인_반찬!$C$2:$C$597,0),8),"") -> 토마토김치(종가집) | M8: *건두부무침 : 25g / 35g | P8: *파르펠레냉파스타:30g | S8: *족발부추무침 : 45g, 55g
C9: 보존식 | G9: 포도클럽 : 백김치 | J9: 1 | K9: 0.25
B10: 글로벌 리더스 . 석식 | C10: 밥 | D10: 친환경현미쌀밥 | E10: 150 | G10: =IFERROR(INDEX(온라인_반찬!$C$2:$H$604,MATCH($D10,온라인_반찬!$C$2:$C$604,0),6),"") -> 쌀(국산)90%, 현미(국산.친환경)5%, 정제수 | H10: =IFERROR(INDEX(온라인_반찬!$D$2:$J$597,MATCH($D10,온라인_반찬!$C$2:$C$597,0),6),"") -> 0 | I10: 2026-03-23 14:30~ | L10: =IFERROR(INDEX(온라인_반찬!$C$2:$J$597,MATCH($D10,온라인_반찬!$C$2:$C$597,0),8),"") -> 0 | M10: *영양찜닭:85g / 95g | P10: *소고기가지볶음 : 30g | S10: *춘장닭불고기 : 70g / 80g
C11: 국 | D11: 유부무국 | E11: 160 | G11: =IFERROR(INDEX(온라인_반찬!$C$2:$H$604,MATCH($D11,온라인_반찬!$C$2:$C$604,0),6),"") -> 무(국산_)18.3%, 유부(원료수입산)7%, 정제수, 국간장, 파, 마늘, 소금 | H11: =IFERROR(INDEX(온라인_반찬!$D$2:$J$597,MATCH($D11,온라인_반찬!$C$2:$C$597,0),6),"") -> .5. | I11: 2026-03-23 14:30~ | L11: =IFERROR(INDEX(온라인_반찬!$C$2:$J$597,MATCH($D11,온라인_반찬!$C$2:$C$597,0),8),"") -> 0 | M11: *미트볼 : 개당10g | P11: *삼색소고기소보로 : 50g / 70g | S11: *훈제오리잡채 : 55g / 70g
C12: 메인 | D12: 소고기장조림 | E12: 80 | G12: =IFERROR(INDEX(온라인_반찬!$C$2:$H$604,MATCH($D12,온라인_반찬!$C$2:$C$604,0),6),"") -> 메추리알(국산)70%, 소고기(호주산)7%, 정제수, 맛술, 통후추, 월계수잎, 간장, 설탕, 물엿, 참기름, 참깨 | H12: =IFERROR(INDEX(온라인_반찬!$D$2:$J$597,MATCH($D12,온라인_반찬!$C$2:$C$597,0),6),"") -> .1.5.16.21. | I12: 2026-03-23 14:30~ | L12: =IFERROR(INDEX(온라인_반찬!$C$2:$J$597,MATCH($D12,온라인_반찬!$C$2:$C$597,0),8),"") -> 0
C13: 반찬1 | D13: 동그랑땡 | F13: 2 | G13: =IFERROR(INDEX(온라인_반찬!$C$2:$H$604,MATCH($D13,온라인_반찬!$C$2:$C$604,0),6),"") -> 고기완자[돼지고기(국산), 두부(대두(미국,캐나다,호주 등), 양파(중국산), 정제수, 돼지지방(국산), 당근, 대두유, 파, 부추, 곡류가공품, 전란분(미국산), 간장,설탕, 정제소금, 전란액(국산), 치자황색소], 대두유 | H13: =IFERROR(INDEX(온라인_반찬!$D$2:$J$597,MATCH($D13,온라인_반찬!$C$2:$C$597,0),6),"") -> .1.2.5.6.10.12.16. | I13: 2026-03-23 14:30~ | L13: =IFERROR(INDEX(온라인_반찬!$C$2:$J$597,MATCH($D13,온라인_반찬!$C$2:$C$597,0),8),"") -> 계란옷 입은 고기완자(사옹원)
C14: 반찬2 | D14: 숙주나물 | E14: 40 | G14: =IFERROR(INDEX(온라인_반찬!$C$2:$H$604,MATCH($D14,온라인_반찬!$C$2:$C$604,0),6),"") -> 숙주(원료수입산)90%, 당근, 마늘, 대파, 참치액, 소금, 참기름, 참깨 | H14: =IFERROR(INDEX(온라인_반찬!$D$2:$J$597,MATCH($D14,온라인_반찬!$C$2:$C$597,0),6),"") -> .5.21. | I14: 2026-03-23 14:30~ | L14: =IFERROR(INDEX(온라인_반찬!$C$2:$J$597,MATCH($D14,온라인_반찬!$C$2:$C$597,0),8),"") -> 0
C15: 반찬3 | D15: 배추김치 | E15: 35 | G15: =IFERROR(INDEX(온라인_반찬!$C$2:$H$604,MATCH($D15,온라인_반찬!$C$2:$C$604,0),6),"") -> 절임배추64.0%[배추(국산),무(국산),종가김치전용풀(쌀:국산)], 토마토페이스트(토마토:미국산)2.7%,[멸치액젓, 양파,다시마농축액,고춧가루,마늘,대파,새우액젓,김치유산균발효액,생강양념,호화쌀혼합분말]국산 | H15: =IFERROR(INDEX(온라인_반찬!$D$2:$J$597,MATCH($D15,온라인_반찬!$C$2:$C$597,0),6),"") -> .9.12. | I15: 2026-03-23 14:30~ | L15: =IFERROR(INDEX(온라인_반찬!$C$2:$J$597,MATCH($D15,온라인_반찬!$C$2:$C$597,0),8),"") -> 토마토김치(종가집)
C16: 신당꿈 특식 | D16: 불고기피자 | F16: 1 | G16: =IFERROR(INDEX(온라인_반찬!$C$2:$H$604,MATCH($D16,온라인_반찬!$C$2:$C$604,0),6),"") -> 소불고기(소고기:미국.호주산), 밀가루(밀:미국,호주산), 옥수수전분, 토마토케찹, 백설탕, 물엿, 치즈22.7%(우유:프랑스산), 버터, 계란, 슈크림우유(국산), 자연산치즈(수입산), 정제식염, 버터, 계란, 고추가루, 물엿, 양파, 샐러드, 양배추, 피망 | H16: =IFERROR(INDEX(온라인_반찬!$D$2:$J$597,MATCH($D16,온라인_반찬!$C$2:$C$597,0),6),"") -> .1.2.5.6.12.16. | I16: 2026-03-23 14:30~ | L16: =IFERROR(INDEX(온라인_반찬!$C$2:$J$597,MATCH($D16,온라인_반찬!$C$2:$C$597,0),8),"") -> 과드라불고기피자(M&F)
C17: 보존식 | J17: 1 | K17: 0.25
B18: 강서폴리 소풍 | C18: 밥 | G18: =IFERROR(INDEX(온라인_반찬!$C$2:$H$604,MATCH($D18,온라인_반찬!$C$2:$C$604,0),6),"") | H18: =IFERROR(INDEX(온라인_반찬!$D$2:$J$597,MATCH($D18,온라인_반찬!$C$2:$C$597,0),6),"") | I18: 2026-03-23 09:30~ | L18: =IFERROR(INDEX(온라인_반찬!$C$2:$J$597,MATCH($D18,온라인_반찬!$C$2:$C$597,0),8),"")
C19: 반찬1 | G19: =IFERROR(INDEX(온라인_반찬!$C$2:$H$604,MATCH($D19,온라인_반찬!$C$2:$C$604,0),6),"") | H19: =IFERROR(INDEX(온라인_반찬!$D$2:$J$597,MATCH($D19,온라인_반찬!$C$2:$C$597,0),6),"") | I19: 2026-03-23 09:30~ | L19: =IFERROR(INDEX(온라인_반찬!$C$2:$J$597,MATCH($D19,온라인_반찬!$C$2:$C$597,0),8),"")
G20: =IFERROR(INDEX(온라인_반찬!$C$2:$H$604,MATCH($D20,온라인_반찬!$C$2:$C$604,0),6),"") | H20: =IFERROR(INDEX(온라인_반찬!$D$2:$J$597,MATCH($D20,온라인_반찬!$C$2:$C$597,0),6),"") | I20: 2026-03-23 09:30~ | L20: =IFERROR(INDEX(온라인_반찬!$C$2:$J$597,MATCH($D20,온라인_반찬!$C$2:$C$597,0),8),"")
C21: 반찬2 | G21: =IFERROR(INDEX(온라인_반찬!$C$2:$H$604,MATCH($D21,온라인_반찬!$C$2:$C$604,0),6),"") | H21: =IFERROR(INDEX(온라인_반찬!$D$2:$J$597,MATCH($D21,온라인_반찬!$C$2:$C$597,0),6),"") | I21: 2026-03-23 09:30~ | L21: =IFERROR(INDEX(온라인_반찬!$C$2:$J$597,MATCH($D21,온라인_반찬!$C$2:$C$597,0),8),"")
C22: 반찬3 | G22: =IFERROR(INDEX(온라인_반찬!$C$2:$H$604,MATCH($D22,온라인_반찬!$C$2:$C$604,0),6),"") | H22: =IFERROR(INDEX(온라인_반찬!$D$2:$J$597,MATCH($D22,온라인_반찬!$C$2:$C$597,0),6),"") | I22: 2026-03-23 09:30~ | L22: =IFERROR(INDEX(온라인_반찬!$C$2:$J$597,MATCH($D22,온라인_반찬!$C$2:$C$597,0),8),"")
C23: 반찬4 | G23: =IFERROR(INDEX(온라인_반찬!$C$2:$H$604,MATCH($D23,온라인_반찬!$C$2:$C$604,0),6),"") | H23: =IFERROR(INDEX(온라인_반찬!$D$2:$J$597,MATCH($D23,온라인_반찬!$C$2:$C$597,0),6),"") | I23: 2026-03-23 09:30~ | L23: =IFERROR(INDEX(온라인_반찬!$C$2:$J$597,MATCH($D23,온라인_반찬!$C$2:$C$597,0),8),"")
C24: 보존식 | F24: 1 | J24: 1 | K24: 0.25

Sheet 03-24
B1: 2026-03-24(화) | M1: *한입해쉬브라운 : 9g(개당) | P1: *양송이떡갈비 : 1.5ea, 1.75, 2 | S1: *양배추당근라페 : 20g / 30g
B2: 출고일 | C2: 구분 | D2: 품명 | E2: 중량(g) | F2: 수량(장) | G2: 자재사용내역 | H2: 알러지 표기 | I2: 배송시점 | J2: 제공인원 | K2: 총생산량(Kg) | L2: 메 모 | M2: *샐러드 채소 : 15g, 20g ,25g | P2: *야채고기말이 : 1.1, 1.5, 1.5 | S2: *고구마튀김35g / 45g
B3: 중식 | C3: 밥 | D3: 친환경귀리쌀밥 | E3: 140 | G3: =IFERROR(INDEX(온라인_반찬!$C$2:$H$604,MATCH($D3,온라인_반찬!$C$2:$C$604,0),6),"") -> 쌀(국산)90%, 귀리(국산.친환경)5%, 정제수 | H3: =IFERROR(INDEX(온라인_반찬!$D$2:$J$597,MATCH($D3,온라인_반찬!$C$2:$C$597,0),6),"") -> 0 | I3: 2026-03-24 09:30~ | L3: =IFERROR(INDEX(온라인_반찬!$C$2:$J$597,MATCH($D3,온라인_반찬!$C$2:$C$597,0),8),"") -> 0 | M3: *웨지감자 : 25g / 30g | O3: *어묵채구이:12g / 15g | S3: 한입새우튀김 : 30g / 35g / 45g (소스15g)
C4: 국 | D4: 들깨미역국 | E4: 150 | G4: =IFERROR(INDEX(온라인_반찬!$C$2:$H$604,MATCH($D4,온라인_반찬!$C$2:$C$604,0),6),"") -> 불린미역(국산)23%, 정제수, 거피들깨(중국산), 참기름, 국간장, 밥새우, 멸치육수농축액, 마늘, 소금 | H4: =IFERROR(INDEX(온라인_반찬!$D$2:$J$597,MATCH($D4,온라인_반찬!$C$2:$C$597,0),6),"") -> .5.9.21.22. | I4: 2026-03-24 09:30~ | L4: =IFERROR(INDEX(온라인_반찬!$C$2:$J$597,MATCH($D4,온라인_반찬!$C$2:$C$597,0),8),"") -> 25g / 30g | M4: *꼬마돈까스: 25g, 중구청 35g | P4: *족발:45g / 55g | S4: *갈비만두 : 성분표기 인당1개 / 식수 인당1.5개
C5: 메인 | D5: 오삼불고기 | E5: 60 | G5: =IFERROR(INDEX(온라인_반찬!$C$2:$H$604,MATCH($D5,온라인_반찬!$C$2:$C$604,0),6),"") -> 돼지고기(국산)55%, 오징어(원양산)10%, 양파, 당근, 대파, 마늘, 간장, 맛술, 후추, 설탕, 참기름, 참깨 | H5: =IFERROR(INDEX(온라인_반찬!$D$2:$J$597,MATCH($D5,온라인_반찬!$C$2:$C$597,0),6),"") -> .5.6.10.17.21. | I5: 2026-03-24 09:30~ | L5: =IFERROR(INDEX(온라인_반찬!$C$2:$J$597,MATCH($D5,온라인_반찬!$C$2:$C$597,0),8),"") -> 0 | M5: *오징어볼탕수 : 35g / 45g/ 70g 소스 : 20g | S5: *생선통살탕수 : 40g / 50g / 교사 70g, 소스 25g 개당 12g
C6: 반찬1 | D6: 고구마전 | E6: 35 | G6: =IFERROR(INDEX(온라인_반찬!$C$2:$H$604,MATCH($D6,온라인_반찬!$C$2:$C$604,0),6),"") -> 고구마(중국산), 쌀가루(쌀:국산), 튀김가루(밀:미국산), 정제수, 소금, 대두유 | H6: =IFERROR(INDEX(온라인_반찬!$D$2:$J$597,MATCH($D6,온라인_반찬!$C$2:$C$597,0),6),"") -> .1.6. | I6: 2026-03-24 09:30~ | L6: =IFERROR(INDEX(온라인_반찬!$C$2:$J$597,MATCH($D6,온라인_반찬!$C$2:$C$597,0),8),"") -> 고구마튀김(맘으로) | M6: *표고강정 : 30g(35g) | P6: *훈제오리 : 40g / 50g | S6: *해물전:1000680205(삼성웰스토리)
C7: 반찬2 | D7: 양배추찜 | E7: 30 | G7: =IFERROR(INDEX(온라인_반찬!$C$2:$H$604,MATCH($D7,온라인_반찬!$C$2:$C$604,0),6),"") -> 양배추(국산)99% | H7: =IFERROR(INDEX(온라인_반찬!$D$2:$J$597,MATCH($D7,온라인_반찬!$C$2:$C$597,0),6),"") -> 0 | I7: 2026-03-24 09:30~ | L7: =IFERROR(INDEX(온라인_반찬!$C$2:$J$597,MATCH($D7,온라인_반찬!$C$2:$C$597,0),8),"") -> 0 | M7: *탕수육40g(중구청50g) ,소스25g | P7: *마카로니.콘샐러드 : 30g | S7: *통등심돈까스:50g / 소스 25g
D8: & 저염쌈장 | E8: 10 | G8: =IFERROR(INDEX(온라인_반찬!$C$2:$H$604,MATCH($D8,온라인_반찬!$C$2:$C$604,0),6),"") -> 쌈장(대두:미국,캐나다,호주등)93%, 마늘, 파, 마요네즈, 레몬즙, 참기름, 참깨 | H8: =IFERROR(INDEX(온라인_반찬!$D$2:$J$597,MATCH($D8,온라인_반찬!$C$2:$C$597,0),6),"") -> .1.5.6.21. | I8: 2026-03-24 09:30~ | L8: =IFERROR(INDEX(온라인_반찬!$C$2:$J$597,MATCH($D8,온라인_반찬!$C$2:$C$597,0),8),"") -> 사계절쌈장(해찬들) | M8: *건두부무침 : 25g / 35g | P8: *파르펠레냉파스타:30g | S8: *족발부추무침 : 45g, 55g
C9: 반찬3 | D9: 깍두기 | E9: 25 | G9: =IFERROR(INDEX(온라인_반찬!$C$2:$H$604,MATCH($D9,온라인_반찬!$C$2:$C$604,0),6),"") -> 무(국산)85.2%, 고추가루(국산), 밀가루풀(국산), 파, 마늘, 새우젓 등 양념(국산) | H9: =IFERROR(INDEX(온라인_반찬!$D$2:$J$597,MATCH($D9,온라인_반찬!$C$2:$C$597,0),6),"") -> .6.9. | I9: 2026-03-24 09:30~ | L9: =IFERROR(INDEX(온라인_반찬!$C$2:$J$597,MATCH($D9,온라인_반찬!$C$2:$C$597,0),8),"") -> 0
C10: 보존식 | G10: 글로벌리더스 : 매콤오삼불고기 | J10: 1 | K10: 0.25
B11: 글로벌 리더스 . 석식 | C11: 밥 | D11: 친환경귀리쌀밥 | E11: 150 | G11: =IFERROR(INDEX(온라인_반찬!$C$2:$H$604,MATCH($D11,온라인_반찬!$C$2:$C$604,0),6),"") -> 쌀(국산)90%, 귀리(국산.친환경)5%, 정제수 | H11: =IFERROR(INDEX(온라인_반찬!$D$2:$J$597,MATCH($D11,온라인_반찬!$C$2:$C$597,0),6),"") -> 0 | I11: 2026-03-24 14:30~ | L11: =IFERROR(INDEX(온라인_반찬!$C$2:$J$597,MATCH($D11,온라인_반찬!$C$2:$C$597,0),8),"") -> 0 | M11: *영양찜닭:85g / 95g | P11: *소고기가지볶음 : 30g | S11: *춘장닭불고기 : 70g / 80g
C12: 국 | D12: 들깨미역국 | E12: 160 | G12: =IFERROR(INDEX(온라인_반찬!$C$2:$H$604,MATCH($D12,온라인_반찬!$C$2:$C$604,0),6),"") -> 불린미역(국산)23%, 정제수, 거피들깨(중국산), 참기름, 국간장, 밥새우, 멸치육수농축액, 마늘, 소금 | H12: =IFERROR(INDEX(온라인_반찬!$D$2:$J$597,MATCH($D12,온라인_반찬!$C$2:$C$597,0),6),"") -> .5.9.21.22. | I12: 2026-03-24 14:30~ | L12: =IFERROR(INDEX(온라인_반찬!$C$2:$J$597,MATCH($D12,온라인_반찬!$C$2:$C$597,0),8),"") -> 25g / 30g | M12: *미트볼 : 개당10g | P12: *삼색소고기소보로 : 50g / 70g | S12: *훈제오리잡채 : 55g / 70g
C13: 메인 | D13: 오삼불고기 | E13: 80 | G13: 돼지고기(국산)55%, 오징어(원양산)10%, 양파, 당근, 대파, 마늘, 고춧가루(국내산), 간장, 맛술, 후추, 설탕, 참기름, 참깨 | H13: =IFERROR(INDEX(온라인_반찬!$D$2:$J$597,MATCH($D13,온라인_반찬!$C$2:$C$597,0),6),"") -> .5.6.10.17.21. | I13: 2026-03-24 14:30~ | L13: =IFERROR(INDEX(온라인_반찬!$C$2:$J$597,MATCH($D13,온라인_반찬!$C$2:$C$597,0),8),"") -> 0
C14: 반찬1 | D14: 고구마전 | E14: 40 | G14: =IFERROR(INDEX(온라인_반찬!$C$2:$H$604,MATCH($D14,온라인_반찬!$C$2:$C$604,0),6),"") -> 고구마(중국산), 쌀가루(쌀:국산), 튀김가루(밀:미국산), 정제수, 소금, 대두유 | H14: =IFERROR(INDEX(온라인_반찬!$D$2:$J$597,MATCH($D14,온라인_반찬!$C$2:$C$597,0),6),"") -> .1.6. | I14: 2026-03-24 14:30~ | L14: =IFERROR(INDEX(온라인_반찬!$C$2:$J$597,MATCH($D14,온라인_반찬!$C$2:$C$597,0),8),"") -> 고구마튀김(맘으로)
C15: 반찬2 | D15: 양배추찜 | E15: 40 | G15: =IFERROR(INDEX(온라인_반찬!$C$2:$H$604,MATCH($D15,온라인_반찬!$C$2:$C$604,0),6),"") -> 양배추(국산)99% | H15: =IFERROR(INDEX(온라인_반찬!$D$2:$J$597,MATCH($D15,온라인_반찬!$C$2:$C$597,0),6),"") -> 0 | I15: 2026-03-24 14:30~ | L15: =IFERROR(INDEX(온라인_반찬!$C$2:$J$597,MATCH($D15,온라인_반찬!$C$2:$C$597,0),8),"") -> 0
D16: & 저염쌈장 | E16: 10 | G16: =IFERROR(INDEX(온라인_반찬!$C$2:$H$604,MATCH($D16,온라인_반찬!$C$2:$C$604,0),6),"") -> 쌈장(대두:미국,캐나다,호주등)93%, 마늘, 파, 마요네즈, 레몬즙, 참기름, 참깨 | H16: =IFERROR(INDEX(온라인_반찬!$D$2:$J$597,MATCH($D16,온라인_반찬!$C$2:$C$597,0),6),"") -> .1.5.6.21. | I16: 2026-03-24 14:30~ | L16: =IFERROR(INDEX(온라인_반찬!$C$2:$J$597,MATCH($D16,온라인_반찬!$C$2:$C$597,0),8),"") -> 사계절쌈장(해찬들)
C17: 반찬3 | D17: 깍두기 | E17: 35 | G17: =IFERROR(INDEX(온라인_반찬!$C$2:$H$604,MATCH($D17,온라인_반찬!$C$2:$C$604,0),6),"") -> 무(국산)85.2%, 고추가루(국산), 밀가루풀(국산), 파, 마늘, 새우젓 등 양념(국산) | H17: =IFERROR(INDEX(온라인_반찬!$D$2:$J$597,MATCH($D17,온라인_반찬!$C$2:$C$597,0),6),"") -> .6.9. | I17: 2026-03-24 14:30~ | L17: =IFERROR(INDEX(온라인_반찬!$C$2:$J$597,MATCH($D17,온라인_반찬!$C$2:$C$597,0),8),"") -> 0
C18: 신당꿈 특식 | D18: 과일 | G18: =IFERROR(INDEX(온라인_반찬!$C$2:$H$604,MATCH($D18,온라인_반찬!$C$2:$C$604,0),6),"") | H18: =IFERROR(INDEX(온라인_반찬!$D$2:$J$597,MATCH($D18,온라인_반찬!$C$2:$C$597,0),6),"") | I18: 2026-03-24 14:30~ | L18: =IFERROR(INDEX(온라인_반찬!$C$2:$J$597,MATCH($D18,온라인_반찬!$C$2:$C$597,0),8),"")
C19: 보존식 | J19: 1 | K19: 0.25
B20: 강서폴리 소풍 | C20: 밥 | G20: =IFERROR(INDEX(온라인_반찬!$C$2:$H$604,MATCH($D20,온라인_반찬!$C$2:$C$604,0),6),"") | H20: =IFERROR(INDEX(온라인_반찬!$D$2:$J$597,MATCH($D20,온라인_반찬!$C$2:$C$597,0),6),"") | I20: 2026-03-24 09:30~ | L20: =IFERROR(INDEX(온라인_반찬!$C$2:$J$597,MATCH($D20,온라인_반찬!$C$2:$C$597,0),8),"")
C21: 반찬1 | G21: =IFERROR(INDEX(온라인_반찬!$C$2:$H$604,MATCH($D21,온라인_반찬!$C$2:$C$604,0),6),"") | H21: =IFERROR(INDEX(온라인_반찬!$D$2:$J$597,MATCH($D21,온라인_반찬!$C$2:$C$597,0),6),"") | I21: 2026-03-24 09:30~ | L21: =IFERROR(INDEX(온라인_반찬!$C$2:$J$597,MATCH($D21,온라인_반찬!$C$2:$C$597,0),8),"")
G22: =IFERROR(INDEX(온라인_반찬!$C$2:$H$604,MATCH($D22,온라인_반찬!$C$2:$C$604,0),6),"") | H22: =IFERROR(INDEX(온라인_반찬!$D$2:$J$597,MATCH($D22,온라인_반찬!$C$2:$C$597,0),6),"") | I22: 2026-03-24 09:30~ | L22: =IFERROR(INDEX(온라인_반찬!$C$2:$J$597,MATCH($D22,온라인_반찬!$C$2:$C$597,0),8),"")
C23: 반찬2 | G23: =IFERROR(INDEX(온라인_반찬!$C$2:$H$604,MATCH($D23,온라인_반찬!$C$2:$C$604,0),6),"") | H23: =IFERROR(INDEX(온라인_반찬!$D$2:$J$597,MATCH($D23,온라인_반찬!$C$2:$C$597,0),6),"") | I23: 2026-03-24 09:30~ | L23: =IFERROR(INDEX(온라인_반찬!$C$2:$J$597,MATCH($D23,온라인_반찬!$C$2:$C$597,0),8),"")
C24: 반찬3 | G24: =IFERROR(INDEX(온라인_반찬!$C$2:$H$604,MATCH($D24,온라인_반찬!$C$2:$C$604,0),6),"") | H24: =IFERROR(INDEX(온라인_반찬!$D$2:$J$597,MATCH($D24,온라인_반찬!$C$2:$C$597,0),6),"") | I24: 2026-03-24 09:30~ | L24: =IFERROR(INDEX(온라인_반찬!$C$2:$J$597,MATCH($D24,온라인_반찬!$C$2:$C$597,0),8),"")
C25: 반찬4 | G25: =IFERROR(INDEX(온라인_반찬!$C$2:$H$604,MATCH($D25,온라인_반찬!$C$2:$C$604,0),6),"") | H25: =IFERROR(INDEX(온라인_반찬!$D$2:$J$597,MATCH($D25,온라인_반찬!$C$2:$C$597,0),6),"") | I25: 2026-03-24 09:30~ | L25: =IFERROR(INDEX(온라인_반찬!$C$2:$J$597,MATCH($D25,온라인_반찬!$C$2:$C$597,0),8),"")
C26: 보존식 | F26: 1 | J26: 1 | K26: 0.25

Sheet 03-25
B1: 2026-03-25(수) | M1: *한입해쉬브라운 : 9g(개당) | P1: *양송이떡갈비 : 1.5ea, 1.75, 2 | S1: *양배추당근라페 : 20g / 30g
B2: 출고일 | C2: 구분 | D2: 품명 | E2: 중량(g) | F2: 수량(장) | G2: 자재사용내역 | H2: 알러지 표기 | I2: 배송시점 | J2: 제공인원 | K2: 총생산량(Kg) | L2: 메 모 | M2: *샐러드 채소 : 15g, 20g ,25g | P2: *야채고기말이 : 1.1, 1.5, 1.5 | S2: *고구마튀김35g / 45g
