Workbook
Name 급식국: #REF!
Name 급식밥: #REF!
Name 김치: 급식_반찬!$C$27:$C$28
Name 반찬1: 온라인_반찬!$C$127:$C$291
Name 반찬2: 온라인_반찬!$C$292:$C$389
Name 반찬3: 온라인_반찬!$C$375:$C$426
Name 반찬4: 온라인_반찬!$C$343:$C$491
Name 온라인국: 온라인_반찬!$C$2:$C$90

Sheet 글로벌리더스&석식식단표
A1: 07월 식단표
A2: 요일 | B2: 월 | D2: 화 | F2: 수 | H2: 목 | J2: 금 | M2: 왕새우튀김 | N2: 크로와상샌드위치
A3: 날짜 | F3: 46204 | H3: 46205 | J3: 46206 | M3: 케이준샐러드&허니머스터드S | N3: 레몬크림탕수육
A4: 주차 | B4: 메뉴 | C4: 알레르기표기 | D4: 메뉴 | E4: 알레르기표기 | F4: 메뉴 | G4: 알레르기표기 | H4: 메뉴 | I4: 알레르기표기 | J4: 메뉴 | K4: 알레르기표기 | M4: 눈꽃치즈치킨 | N4: 국물떡볶이
A5: 1주 | C5: =IFERROR(INDEX(온라인_반찬!$C$2:$I$605,MATCH($B5,온라인_반찬!$C$2:$C$605,0),7),"") | E5: =IFERROR(INDEX(온라인_반찬!$C$2:$I$605,MATCH($D5,온라인_반찬!$C$2:$C$605,0),7),"") | F5: 친환경찰흑미쌀밥 | G5: =IFERROR(INDEX(온라인_반찬!$C$2:$I$605,MATCH($F5,온라인_반찬!$C$2:$C$605,0),7),"") -> 0 | H5: 흰쌀밥 | I5: =IFERROR(INDEX(온라인_반찬!$C$2:$I$605,MATCH($H5,온라인_반찬!$C$2:$C$605,0),7),"") -> 0 | J5: 친환경찰보리쌀밥 | K5: =IFERROR(INDEX(온라인_반찬!$C$2:$I$605,MATCH($J5,온라인_반찬!$C$2:$C$605,0),7),"") -> 0 | M5: 오징어콩나물찜 | N5: 훈제오리볶음
C6: =IFERROR(INDEX(온라인_반찬!$C$2:$I$605,MATCH($B6,온라인_반찬!$C$2:$C$605,0),7),"") | E6: =IFERROR(INDEX(온라인_반찬!$C$2:$I$605,MATCH($D6,온라인_반찬!$C$2:$C$605,0),7),"") | F6: 김치제육 | G6: =IFERROR(INDEX(온라인_반찬!$C$2:$I$605,MATCH($F6,온라인_반찬!$C$2:$C$605,0),7),"") -> .5.6.9.10.21. | H6: 춘장닭볶음 | I6: =IFERROR(INDEX(온라인_반찬!$C$2:$I$605,MATCH($H6,온라인_반찬!$C$2:$C$605,0),7),"") -> .5.15.21. | J6: 비프찹스테이크 | K6: =IFERROR(INDEX(온라인_반찬!$C$2:$I$605,MATCH($J6,온라인_반찬!$C$2:$C$605,0),7),"") -> .2.5.6.12.16.21. | M6: 소떡꼬치 | N6: 칠리새우
C7: =IFERROR(INDEX(온라인_반찬!$C$2:$I$605,MATCH($B7,온라인_반찬!$C$2:$C$605,0),7),"") | E7: =IFERROR(INDEX(온라인_반찬!$C$2:$I$605,MATCH($D7,온라인_반찬!$C$2:$C$605,0),7),"") | F7: 세멸치엿장조림 | G7: =IFERROR(INDEX(온라인_반찬!$C$2:$I$605,MATCH($F7,온라인_반찬!$C$2:$C$605,0),7),"") -> .5.21. | H7: 녹두전 | I7: =IFERROR(INDEX(온라인_반찬!$C$2:$I$605,MATCH($H7,온라인_반찬!$C$2:$C$605,0),7),"") -> .2.5.6.8.9.17.18. | J7: 양념진미채 | K7: =IFERROR(INDEX(온라인_반찬!$C$2:$I$605,MATCH($J7,온라인_반찬!$C$2:$C$605,0),7),"") -> .1.5.6.21. | M7: 보쌈수육 | N7: 모짜렐라치즈볼
C8: =IFERROR(INDEX(온라인_반찬!$C$2:$I$605,MATCH($B8,온라인_반찬!$C$2:$C$605,0),7),"") | E8: =IFERROR(INDEX(온라인_반찬!$C$2:$I$605,MATCH($D8,온라인_반찬!$C$2:$C$605,0),7),"") | F8: 고사리나물 | G8: =IFERROR(INDEX(온라인_반찬!$C$2:$I$605,MATCH($F8,온라인_반찬!$C$2:$C$605,0),7),"") -> .5.21. | H8: 우엉조림 | I8: =IFERROR(INDEX(온라인_반찬!$C$2:$I$605,MATCH($H8,온라인_반찬!$C$2:$C$605,0),7),"") -> .5.21. | J8: 오이깨소스무침 | K8: =IFERROR(INDEX(온라인_반찬!$C$2:$I$605,MATCH($J8,온라인_반찬!$C$2:$C$605,0),7),"") -> .21. | M8: 고등어카레구이 | N8: 비프찹스테이크
C9: =IFERROR(INDEX(온라인_반찬!$C$2:$I$605,MATCH($B9,온라인_반찬!$C$2:$C$605,0),7),"") | E9: =IFERROR(INDEX(온라인_반찬!$C$2:$I$605,MATCH($D9,온라인_반찬!$C$2:$C$605,0),7),"") | F9: 백김치 | G9: =IFERROR(INDEX(온라인_반찬!$C$2:$I$605,MATCH($F9,온라인_반찬!$C$2:$C$605,0),7),"") -> 0 | H9: 깍두기 | I9: =IFERROR(INDEX(온라인_반찬!$C$2:$I$605,MATCH($H9,온라인_반찬!$C$2:$C$605,0),7),"") -> .6.9. | J9: 배추김치 | K9: =IFERROR(INDEX(온라인_반찬!$C$2:$I$605,MATCH($J9,온라인_반찬!$C$2:$C$605,0),7),"") -> .9.12. | M9: 라코타치즈샐러드&발사믹S | N9: 족발냉채
C10: =IFERROR(INDEX(온라인_반찬!$C$2:$I$605,MATCH($B10,온라인_반찬!$C$2:$C$605,0),7),"") | E10: =IFERROR(INDEX(온라인_반찬!$C$2:$I$605,MATCH($D10,온라인_반찬!$C$2:$C$605,0),7),"") | F10: 황태계란국 | G10: =IFERROR(INDEX(온라인_반찬!$C$2:$I$605,MATCH($F10,온라인_반찬!$C$2:$C$605,0),7),"") -> .1.5.21. | H10: 시래기된장국 | I10: =IFERROR(INDEX(온라인_반찬!$C$2:$I$605,MATCH($H10,온라인_반찬!$C$2:$C$605,0),7),"") -> .5. | J10: 다시마무채국 | K10: =IFERROR(INDEX(온라인_반찬!$C$2:$I$605,MATCH($J10,온라인_반찬!$C$2:$C$605,0),7),"") -> .5. | M10: 전복버터구이 | N10: 닭날개오븐구이
C11: =IFERROR(INDEX(온라인_반찬!$C$2:$I$605,MATCH($B11,온라인_반찬!$C$2:$C$605,0),7),"") | E11: =IFERROR(INDEX(온라인_반찬!$C$2:$I$605,MATCH($D11,온라인_반찬!$C$2:$C$605,0),7),"") | G11: =IFERROR(INDEX(온라인_반찬!$C$2:$I$605,MATCH($F11,온라인_반찬!$C$2:$C$605,0),7),"") | I11: =IFERROR(INDEX(온라인_반찬!$C$2:$I$605,MATCH($H11,온라인_반찬!$C$2:$C$605,0),7),"") | K11: =IFERROR(INDEX(온라인_반찬!$C$2:$I$605,MATCH($J11,온라인_반찬!$C$2:$C$605,0),7),"") | M11: 잠봉샐러드&홀그레인S | N11: 양념치킨
C12: =IFERROR(INDEX(온라인_반찬!$C$2:$I$605,MATCH($B12,온라인_반찬!$C$2:$C$605,0),7),"") | K12: =IFERROR(INDEX(온라인_반찬!$C$2:$I$605,MATCH($J12,온라인_반찬!$C$2:$C$605,0),7),"") | M12: 불고기피자 | N12: 삼겹살소금구이
A13: 날짜 | B13: 46209 | D13: 46210 | F13: 46211 | H13: 46212 | J13: 46213 | M13: 우삼겹떡볶이 | N13: 등갈비김치찜
A14: 주차 | B14: 메뉴 | C14: 알레르기표기 | D14: 메뉴 | E14: 알레르기표기 | F14: 메뉴 | G14: 알레르기표기 | H14: 메뉴 | I14: 알레르기표기 | J14: 메뉴 | K14: 알레르기표기 | M14: 새우감바스&바게트 | N14: 칠리탕수육
A15: 2주 | B15: 친환경찰보리쌀밥 | C15: =IFERROR(INDEX(온라인_반찬!$C$2:$I$605,MATCH($B15,온라인_반찬!$C$2:$C$605,0),7),"") -> 0 | D15: 친환경귀리쌀밥 | E15: =IFERROR(INDEX(온라인_반찬!$C$2:$I$605,MATCH($D15,온라인_반찬!$C$2:$C$605,0),7),"") -> 0 | F15: 친환경찰흑미쌀밥 | G15: =IFERROR(INDEX(온라인_반찬!$C$2:$I$605,MATCH($F15,온라인_반찬!$C$2:$C$605,0),7),"") -> 0 | H15: 흰쌀밥 | I15: =IFERROR(INDEX(온라인_반찬!$C$2:$I$605,MATCH($H15,온라인_반찬!$C$2:$C$605,0),7),"") -> 0 | J15: 친환경찰보리쌀밥 | K15: =IFERROR(INDEX(온라인_반찬!$C$2:$I$605,MATCH($J15,온라인_반찬!$C$2:$C$605,0),7),"") -> 0 | N15: 차돌숙주볶음
B16: 소고기계란덮밥소스 | C16: =IFERROR(INDEX(온라인_반찬!$C$2:$I$605,MATCH($B16,온라인_반찬!$C$2:$C$605,0),7),"") -> .1.2.5.6.16. | D16: 닭볶음탕 | E16: =IFERROR(INDEX(온라인_반찬!$C$2:$I$605,MATCH($D16,온라인_반찬!$C$2:$C$605,0),7),"") -> .5.6.15. | F16: 황금팽이소불고기 | G16: =IFERROR(INDEX(온라인_반찬!$C$2:$I$605,MATCH($F16,온라인_반찬!$C$2:$C$605,0),7),"") -> .5.16.21. | H16: 돈사태양념찜 | I16: =IFERROR(INDEX(온라인_반찬!$C$2:$I$605,MATCH($H16,온라인_반찬!$C$2:$C$605,0),7),"") -> .5.10.19.21. | J16: 훈제오리잡채 | K16: =IFERROR(INDEX(온라인_반찬!$C$2:$I$605,MATCH($J16,온라인_반찬!$C$2:$C$605,0),7),"") -> .5.6.21. | N16: 족발부추무침
B17: 갈비만두찜 | C17: =IFERROR(INDEX(온라인_반찬!$C$2:$I$605,MATCH($B17,온라인_반찬!$C$2:$C$605,0),7),"") -> .2.5.6.10.16.21. | D17: 미니떡갈비 | E17: =IFERROR(INDEX(온라인_반찬!$C$2:$I$605,MATCH($D17,온라인_반찬!$C$2:$C$605,0),7),"") -> .5.6.10.16. | F17: 치즈계란찜 | G17: =IFERROR(INDEX(온라인_반찬!$C$2:$I$605,MATCH($F17,온라인_반찬!$C$2:$C$605,0),7),"") -> .1.2. | H17: 어묵채소볶음 | I17: =IFERROR(INDEX(온라인_반찬!$C$2:$I$605,MATCH($H17,온라인_반찬!$C$2:$C$605,0),7),"") -> .5.6.21. | J17: 메추리알장조림 | K17: =IFERROR(INDEX(온라인_반찬!$C$2:$I$605,MATCH($J17,온라인_반찬!$C$2:$C$605,0),7),"") -> .1.5.21. | N17: 프리미엄떡갈비
B18: 감자채볶음 | C18: =IFERROR(INDEX(온라인_반찬!$C$2:$I$605,MATCH($B18,온라인_반찬!$C$2:$C$605,0),7),"") -> .5.21. | D18: 당근숙주나물 | E18: =IFERROR(INDEX(온라인_반찬!$C$2:$I$605,MATCH($D18,온라인_반찬!$C$2:$C$605,0),7),"") -> .5.21. | F18: 미역무채무침 | G18: =IFERROR(INDEX(온라인_반찬!$C$2:$I$605,MATCH($F18,온라인_반찬!$C$2:$C$605,0),7),"") -> .5.21. | H18: 양배추오렌지샐러드 | I18: =IFERROR(INDEX(온라인_반찬!$C$2:$I$605,MATCH($H18,온라인_반찬!$C$2:$C$605,0),7),"") -> .5. | J18: 도시락김 | K18: =IFERROR(INDEX(온라인_반찬!$C$2:$I$605,MATCH($J18,온라인_반찬!$C$2:$C$605,0),7),"") -> .21. | N18: 로제순살치킨떡볶이
B19: 배추김치 | C19: =IFERROR(INDEX(온라인_반찬!$C$2:$I$605,MATCH($B19,온라인_반찬!$C$2:$C$605,0),7),"") -> .9.12. | D19: 깍두기 | E19: =IFERROR(INDEX(온라인_반찬!$C$2:$I$605,MATCH($D19,온라인_반찬!$C$2:$C$605,0),7),"") -> .6.9. | F19: 열무김치 | G19: =IFERROR(INDEX(온라인_반찬!$C$2:$I$605,MATCH($F19,온라인_반찬!$C$2:$C$605,0),7),"") -> .9. | H19: 깍두기 | I19: =IFERROR(INDEX(온라인_반찬!$C$2:$I$605,MATCH($H19,온라인_반찬!$C$2:$C$605,0),7),"") -> .6.9. | J19: 열무김치 | K19: =IFERROR(INDEX(온라인_반찬!$C$2:$I$605,MATCH($J19,온라인_반찬!$C$2:$C$605,0),7),"") -> .9. | N19: 돈사태양념찜
B20: 볼어묵국 | C20: =IFERROR(INDEX(온라인_반찬!$C$2:$I$605,MATCH($B20,온라인_반찬!$C$2:$C$605,0),7),"") -> .5.6. | D20: 소고기탕국 | E20: =IFERROR(INDEX(온라인_반찬!$C$2:$I$605,MATCH($D20,온라인_반찬!$C$2:$C$605,0),7),"") -> .5.16. | F20: 모둠채소된장국 | G20: =IFERROR(INDEX(온라인_반찬!$C$2:$I$605,MATCH($F20,온라인_반찬!$C$2:$C$605,0),7),"") -> .5. | H20: 닭고기버섯국 | I20: =IFERROR(INDEX(온라인_반찬!$C$2:$I$605,MATCH($H20,온라인_반찬!$C$2:$C$605,0),7),"") -> .5.15. | J20: 돈육김치찌개 | K20: =IFERROR(INDEX(온라인_반찬!$C$2:$I$605,MATCH($J20,온라인_반찬!$C$2:$C$605,0),7),"") -> .5.10. | N20: 크리스피쌀핫도그
C21: =IFERROR(INDEX(온라인_반찬!$C$2:$I$605,MATCH($B21,온라인_반찬!$C$2:$C$605,0),7),"") | E21: =IFERROR(INDEX(온라인_반찬!$C$2:$I$605,MATCH($D21,온라인_반찬!$C$2:$C$605,0),7),"") | G21: =IFERROR(INDEX(온라인_반찬!$C$2:$I$605,MATCH($F21,온라인_반찬!$C$2:$C$605,0),7),"") | I21: =IFERROR(INDEX(온라인_반찬!$C$2:$I$605,MATCH($H21,온라인_반찬!$C$2:$C$605,0),7),"") | K21: =IFERROR(INDEX(온라인_반찬!$C$2:$I$605,MATCH($J21,온라인_반찬!$C$2:$C$605,0),7),"") | N21: 닭봉떡간장조림
K22: =IFERROR(INDEX(온라인_반찬!$C$2:$I$605,MATCH($J22,온라인_반찬!$C$2:$C$605,0),7),"") | N22: 부채살채소찜
A23: 날짜 | B23: 46216 | D23: 46217 | F23: 46218 | H23: 46219 | J23: 46220 | N23: 눈꽃치즈치킨
A24: 주차 | B24: 메뉴 | C24: 알레르기표기 | D24: 메뉴 | E24: 알레르기표기 | F24: 메뉴 | G24: 알레르기표기 | H24: 메뉴 | I24: 알레르기표기 | J24: 메뉴 | K24: 알레르기표기 | N24: 훈제닭다리살
A25: 3주 | B25: 친환경찰보리쌀밥 | C25: =IFERROR(INDEX(온라인_반찬!$C$2:$I$605,MATCH($B25,온라인_반찬!$C$2:$C$605,0),7),"") -> 0 | D25: 친환경귀리쌀밥 | E25: =IFERROR(INDEX(온라인_반찬!$C$2:$I$605,MATCH($D25,온라인_반찬!$C$2:$C$605,0),7),"") -> 0 | F25: 친환경찰흑미쌀밥 | G25: =IFERROR(INDEX(온라인_반찬!$C$2:$I$605,MATCH($F25,온라인_반찬!$C$2:$C$605,0),7),"") -> 0 | H25: 버터계란볶음밥 | I25: =IFERROR(INDEX(온라인_반찬!$C$2:$I$605,MATCH($H25,온라인_반찬!$C$2:$C$605,0),7),"") -> .1.2.5.18.21. | K25: =IFERROR(INDEX(온라인_반찬!$C$2:$I$605,MATCH($J25,온라인_반찬!$C$2:$C$605,0),7),"") | N25: 왕새우튀김
B26: 생선까스 | C26: =IFERROR(INDEX(온라인_반찬!$C$2:$I$605,MATCH($B26,온라인_반찬!$C$2:$C$605,0),7),"") -> 1.5. | D26: 닭감자고추장조림 | E26: .5.15.21. | F26: 돈채마늘쫑볶음 | G26: =IFERROR(INDEX(온라인_반찬!$C$2:$I$605,MATCH($F26,온라인_반찬!$C$2:$C$605,0),7),"") -> .5.6.10.21. | H26: 스파게티면 | I26: =IFERROR(INDEX(온라인_반찬!$C$2:$I$605,MATCH($H26,온라인_반찬!$C$2:$C$605,0),7),"") -> .6. | K26: =IFERROR(INDEX(온라인_반찬!$C$2:$I$605,MATCH($J26,온라인_반찬!$C$2:$C$605,0),7),"") | N26: 소떡꼬치
B27: & 타르타르소스 | C27: =IFERROR(INDEX(온라인_반찬!$C$2:$I$605,MATCH($B27,온라인_반찬!$C$2:$C$605,0),7),"") -> .1.5.19. | D27: 김말이떡강정 | E27: =IFERROR(INDEX(온라인_반찬!$C$2:$I$605,MATCH($D27,온라인_반찬!$C$2:$C$605,0),7),"") -> .5.6.12.16.21. | F27: 계란말이 | G27: =IFERROR(INDEX(온라인_반찬!$C$2:$I$605,MATCH($F27,온라인_반찬!$C$2:$C$605,0),7),"") -> .1.2.5.6.16.18. | H27: & 베이컨토마토소스 | I27: =IFERROR(INDEX(온라인_반찬!$C$2:$I$605,MATCH($H27,온라인_반찬!$C$2:$C$605,0),7),"") -> .5.10.12. | K27: =IFERROR(INDEX(온라인_반찬!$C$2:$I$605,MATCH($J27,온라인_반찬!$C$2:$C$605,0),7),"") | N27: 보쌈수육
B28: 라구숏파스타 | C28: =IFERROR(INDEX(온라인_반찬!$C$2:$I$605,MATCH($B28,온라인_반찬!$C$2:$C$605,0),7),"") -> .5.6.10.12.15.16. | D28: 건새우무채나물 | E28: =IFERROR(INDEX(온라인_반찬!$C$2:$I$605,MATCH($D28,온라인_반찬!$C$2:$C$605,0),7),"") -> .5.9.21. | F28: 김자반 | G28: =IFERROR(INDEX(온라인_반찬!$C$2:$I$605,MATCH($F28,온라인_반찬!$C$2:$C$605,0),7),"") -> .5.21.22. | H28: 용가리치킨너겟 | I28: =IFERROR(INDEX(온라인_반찬!$C$2:$I$605,MATCH($H28,온라인_반찬!$C$2:$C$605,0),7),"") -> .1.2.5.6.15.16. | K28: =IFERROR(INDEX(온라인_반찬!$C$2:$I$605,MATCH($J28,온라인_반찬!$C$2:$C$605,0),7),"") | N28: 우삼겹떡볶이
B29: 단호박샐러드 | C29: =IFERROR(INDEX(온라인_반찬!$C$2:$I$605,MATCH($B29,온라인_반찬!$C$2:$C$605,0),7),"") -> .1.5. | D29: 백김치 | E29: =IFERROR(INDEX(온라인_반찬!$C$2:$I$605,MATCH($D29,온라인_반찬!$C$2:$C$605,0),7),"") -> 0 | F29: 깍두기 | G29: =IFERROR(INDEX(온라인_반찬!$C$2:$I$605,MATCH($F29,온라인_반찬!$C$2:$C$605,0),7),"") -> .6.9. | H29: 카프레제샐러드 | I29: =IFERROR(INDEX(온라인_반찬!$C$2:$I$605,MATCH($H29,온라인_반찬!$C$2:$C$605,0),7),"") -> .2.5.6.12.13. | K29: =IFERROR(INDEX(온라인_반찬!$C$2:$I$605,MATCH($J29,온라인_반찬!$C$2:$C$605,0),7),"") | N29: 불고기피자
B30: 배추김치 | C30: =IFERROR(INDEX(온라인_반찬!$C$2:$I$605,MATCH($B30,온라인_반찬!$C$2:$C$605,0),7),"") -> .9.12. | D30: 순두부된장찌개 | E30: =IFERROR(INDEX(온라인_반찬!$C$2:$I$605,MATCH($D30,온라인_반찬!$C$2:$C$605,0),7),"") -> .5. | F30: 닭봉삼계탕 | G30: =IFERROR(INDEX(온라인_반찬!$C$2:$I$605,MATCH($F30,온라인_반찬!$C$2:$C$605,0),7),"") -> .5.15. | H30: 수제피클 | I30: =IFERROR(INDEX(온라인_반찬!$C$2:$I$605,MATCH($H30,온라인_반찬!$C$2:$C$605,0),7),"") -> 0 | K30: =IFERROR(INDEX(온라인_반찬!$C$2:$I$605,MATCH($J30,온라인_반찬!$C$2:$C$605,0),7),"") | N30: 목살소금구이
B31: 얼큰소고기무국 | C31: =IFERROR(INDEX(온라인_반찬!$C$2:$I$605,MATCH($B31,온라인_반찬!$C$2:$C$605,0),7),"") -> .5.16. | E31: =IFERROR(INDEX(온라인_반찬!$C$2:$I$605,MATCH($D31,온라인_반찬!$C$2:$C$605,0),7),"") | G31: =IFERROR(INDEX(온라인_반찬!$C$2:$I$605,MATCH($F31,온라인_반찬!$C$2:$C$605,0),7),"") | H31: 비타포도스틱젤리 | I31: =IFERROR(INDEX(온라인_반찬!$C$2:$I$605,MATCH($H31,온라인_반찬!$C$2:$C$605,0),7),"") -> 0 | K31: =IFERROR(INDEX(온라인_반찬!$C$2:$I$605,MATCH($J31,온라인_반찬!$C$2:$C$605,0),7),"") | N31: 돈육강정
K32: =IFERROR(INDEX(온라인_반찬!$C$2:$I$605,MATCH($J32,온라인_반찬!$C$2:$C$605,0),7),"") | N32: 전복버터구이
A33: 날짜 | B33: 46223 | D33: 46224 | F33: 46225 | H33: 46226 | J33: 46227 | N33: 오리엔탈파닭
A34: 주차 | B34: 메뉴 | C34: 알레르기표기 | D34: 메뉴 | E34: 알레르기표기 | F34: 메뉴 | G34: 알레르기표기 | H34: 메뉴 | I34: 알레르기표기 | J34: 메뉴 | K34: 알레르기표기 | N34: 닭다리오븐구이
A35: 4주 | B35: 친환경찰보리쌀밥 | C35: =IFERROR(INDEX(온라인_반찬!$C$2:$I$605,MATCH($B35,온라인_반찬!$C$2:$C$605,0),7),"") -> 0 | D35: 친환경귀리쌀밥 | E35: =IFERROR(INDEX(온라인_반찬!$C$2:$I$605,MATCH($D35,온라인_반찬!$C$2:$C$605,0),7),"") -> 0 | F35: 친환경찰흑미쌀밥 | G35: =IFERROR(INDEX(온라인_반찬!$C$2:$I$605,MATCH($F35,온라인_반찬!$C$2:$C$605,0),7),"") -> 0 | H35: 흰쌀밥 | I35: =IFERROR(INDEX(온라인_반찬!$C$2:$I$605,MATCH($H35,온라인_반찬!$C$2:$C$605,0),7),"") -> 0 | J35: 친환경찰보리쌀밥 | K35: =IFERROR(INDEX(온라인_반찬!$C$2:$I$605,MATCH($J35,온라인_반찬!$C$2:$C$605,0),7),"") -> 0 | N35: 새우감바스&바게트
B36: 비프토마토스튜 | C36: =IFERROR(INDEX(온라인_반찬!$C$2:$I$605,MATCH($B36,온라인_반찬!$C$2:$C$605,0),7),"") -> .2.5.6.12.16. | D36: 닭안심채소구이 | E36: =IFERROR(INDEX(온라인_반찬!$C$2:$I$605,MATCH($D36,온라인_반찬!$C$2:$C$605,0),7),"") -> .5.15.21. | F36: 소고기고사리볶음 | G36: =IFERROR(INDEX(온라인_반찬!$C$2:$I$605,MATCH($F36,온라인_반찬!$C$2:$C$605,0),7),"") -> .5.16.21.22. | H36: 몽골리안포크 | I36: =IFERROR(INDEX(온라인_반찬!$C$2:$I$605,MATCH($H36,온라인_반찬!$C$2:$C$605,0),7),"") -> .5.6.10.21. | J36: 마라로제닭볶음 | K36: =IFERROR(INDEX(온라인_반찬!$C$2:$I$605,MATCH($J36,온라인_반찬!$C$2:$C$605,0),7),"") -> .1.5.6.10.15.16.
B37: 뿌링클감자구이 | C37: =IFERROR(INDEX(온라인_반찬!$C$2:$I$605,MATCH($B37,온라인_반찬!$C$2:$C$605,0),7),"") -> .2.5.6. | D37: 양념건맛살채볶음 | E37: .1.5.8.21. | F37: 궁중떡볶이 | G37: =IFERROR(INDEX(온라인_반찬!$C$2:$I$605,MATCH($F37,온라인_반찬!$C$2:$C$605,0),7),"") -> .5.16.21. | H37: 해물동그랑땡 | I37: =IFERROR(INDEX(온라인_반찬!$C$2:$I$605,MATCH($H37,온라인_반찬!$C$2:$C$605,0),7),"") -> .1.2.5.6.10.15.17. | J37: 미트볼케찹조림 | K37: =IFERROR(INDEX(온라인_반찬!$C$2:$I$605,MATCH($J37,온라인_반찬!$C$2:$C$605,0),7),"") -> .1.2.5.6.10.12.16.
B38: 청포묵무침 | C38: =IFERROR(INDEX(온라인_반찬!$C$2:$I$605,MATCH($B38,온라인_반찬!$C$2:$C$605,0),7),"") -> .1.5.21. | D38: 검은콩해바라기씨조림 | E38: =IFERROR(INDEX(온라인_반찬!$C$2:$I$605,MATCH($D38,온라인_반찬!$C$2:$C$605,0),7),"") -> .5.21. | F38: 연두부 | G38: =IFERROR(INDEX(온라인_반찬!$C$2:$I$605,MATCH($F38,온라인_반찬!$C$2:$C$605,0),7),"") -> .5. | H38: 미역줄기볶음 | I38: =IFERROR(INDEX(온라인_반찬!$C$2:$I$605,MATCH($H38,온라인_반찬!$C$2:$C$605,0),7),"") -> .5.21. | J38: 도시락김 | K38: =IFERROR(INDEX(온라인_반찬!$C$2:$I$605,MATCH($J38,온라인_반찬!$C$2:$C$605,0),7),"") -> .21.
B39: 배추김치 | C39: =IFERROR(INDEX(온라인_반찬!$C$2:$I$605,MATCH($B39,온라인_반찬!$C$2:$C$605,0),7),"") -> .9.12. | D39: 깍두기 | E39: =IFERROR(INDEX(온라인_반찬!$C$2:$I$605,MATCH($D39,온라인_반찬!$C$2:$C$605,0),7),"") -> .6.9. | F39: & 양념장 | G39: =IFERROR(INDEX(온라인_반찬!$C$2:$I$605,MATCH($F39,온라인_반찬!$C$2:$C$605,0),7),"") -> .5.21. | H39: 깍두기 | I39: =IFERROR(INDEX(온라인_반찬!$C$2:$I$605,MATCH($H39,온라인_반찬!$C$2:$C$605,0),7),"") -> .6.9. | J39: 배추김치 | K39: =IFERROR(INDEX(온라인_반찬!$C$2:$I$605,MATCH($J39,온라인_반찬!$C$2:$C$605,0),7),"") -> .9.12.
B40: 굴림만두국 | C40: =IFERROR(INDEX(온라인_반찬!$C$2:$I$605,MATCH($B40,온라인_반찬!$C$2:$C$605,0),7),"") -> .1.2.5.6.10.16.21. | D40: 사골미역국 | E40: =IFERROR(INDEX(온라인_반찬!$C$2:$I$605,MATCH($D40,온라인_반찬!$C$2:$C$605,0),7),"") -> .2.5.6.9.12.16. | F40: 백김치 | G40: =IFERROR(INDEX(온라인_반찬!$C$2:$I$605,MATCH($F40,온라인_반찬!$C$2:$C$605,0),7),"") -> 0 | H40: 대파계란탕 | I40: =IFERROR(INDEX(온라인_반찬!$C$2:$I$605,MATCH($H40,온라인_반찬!$C$2:$C$605,0),7),"") -> .1.5. | J40: 소고기숙주국 | K40: =IFERROR(INDEX(온라인_반찬!$C$2:$I$605,MATCH($J40,온라인_반찬!$C$2:$C$605,0),7),"") -> .5.16.
E41: =IFERROR(INDEX(온라인_반찬!$C$2:$I$605,MATCH($D41,온라인_반찬!$C$2:$C$605,0),7),"") | F41: 참치김치찌개 | G41: =IFERROR(INDEX(온라인_반찬!$C$2:$I$605,MATCH($F41,온라인_반찬!$C$2:$C$605,0),7),"") -> .5.9. | I41: =IFERROR(INDEX(온라인_반찬!$C$2:$I$605,MATCH($H41,온라인_반찬!$C$2:$C$605,0),7),"")
A43: 날짜 | B43: 46230 | D43: 46231 | F43: 46232 | H43: 46233 | J43: 46234
A44: 주차 | B44: 메뉴 | C44: 알레르기표기 | D44: 메뉴 | E44: 알레르기표기 | F44: 메뉴 | G44: 알레르기표기 | H44: 메뉴 | I44: 알레르기표기 | J44: 메뉴 | K44: 알레르기표기
A45: 5주 | B45: 친환경찰보리쌀밥 | C45: =IFERROR(INDEX(온라인_반찬!$C$2:$I$605,MATCH($B45,온라인_반찬!$C$2:$C$605,0),7),"") -> 0 | D45: 친환경귀리쌀밥 | E45: =IFERROR(INDEX(온라인_반찬!$C$2:$I$605,MATCH($D45,온라인_반찬!$C$2:$C$605,0),7),"") -> 0 | F45: 친환경찰흑미쌀밥 | G45: =IFERROR(INDEX(온라인_반찬!$C$2:$I$605,MATCH($F45,온라인_반찬!$C$2:$C$605,0),7),"") -> 0 | H45: 흰쌀밥 | I45: =IFERROR(INDEX(온라인_반찬!$C$2:$I$605,MATCH($H45,온라인_반찬!$C$2:$C$605,0),7),"") -> 0 | J45: 친환경찰보리쌀밥 | K45: =IFERROR(INDEX(온라인_반찬!$C$2:$I$605,MATCH($J45,온라인_반찬!$C$2:$C$605,0),7),"") -> 0
B46: 돈육장조림 | C46: =IFERROR(INDEX(온라인_반찬!$C$2:$I$605,MATCH($B46,온라인_반찬!$C$2:$C$605,0),7),"") -> .1.5.10.19.21. | D46: 중식소고기볶음 | E46: =IFERROR(INDEX(온라인_반찬!$C$2:$I$605,MATCH($D46,온라인_반찬!$C$2:$C$605,0),7),"") -> .5.16.21. | F46: 족발냉채 | G46: =IFERROR(INDEX(온라인_반찬!$C$2:$I$605,MATCH($F46,온라인_반찬!$C$2:$C$605,0),7),"") -> .1.2.5.6.10.21. | H46: 훈제닭볶음 | I46: =IFERROR(INDEX(온라인_반찬!$C$2:$I$605,MATCH($H46,온라인_반찬!$C$2:$C$605,0),7),"") -> .2.5.6.15.16.21. | J46: 돈채버섯볶음 | K46: =IFERROR(INDEX(온라인_반찬!$C$2:$I$605,MATCH($J46,온라인_반찬!$C$2:$C$605,0),7),"") -> .5.10.21.
B47: 두부튀김 | C47: =IFERROR(INDEX(온라인_반찬!$C$2:$I$605,MATCH($B47,온라인_반찬!$C$2:$C$605,0),7),"") -> .5.6. | D47: 비엔나채소볶음 | E47: =IFERROR(INDEX(온라인_반찬!$C$2:$I$605,MATCH($D47,온라인_반찬!$C$2:$C$605,0),7),"") -> .5.6.10.12.15.16.21. | F47: 오징어볼튀김 | G47: =IFERROR(INDEX(온라인_반찬!$C$2:$I$605,MATCH($F47,온라인_반찬!$C$2:$C$605,0),7),"") -> 1.5.6.17. | H47: 샌드어묵조림 | I47: =IFERROR(INDEX(온라인_반찬!$C$2:$I$605,MATCH($H47,온라인_반찬!$C$2:$C$605,0),7),"") | J47: 치킨너겟 | K47: =IFERROR(INDEX(온라인_반찬!$C$2:$I$605,MATCH($J47,온라인_반찬!$C$2:$C$605,0),7),"") -> .1.2.5.6.15.16.
B48: 코울슬로 | C48: =IFERROR(INDEX(온라인_반찬!$C$2:$I$605,MATCH($B48,온라인_반찬!$C$2:$C$605,0),7),"") -> .1.5.16. | D48: 치커리오이무침 | E48: =IFERROR(INDEX(온라인_반찬!$C$2:$I$605,MATCH($D48,온라인_반찬!$C$2:$C$605,0),7),"") -> .5.21. | F48: 고구마조림 | G48: =IFERROR(INDEX(온라인_반찬!$C$2:$I$605,MATCH($F48,온라인_반찬!$C$2:$C$605,0),7),"") -> .5.21. | H48: 콩나물무침 | I48: =IFERROR(INDEX(온라인_반찬!$C$2:$I$605,MATCH($H48,온라인_반찬!$C$2:$C$605,0),7),"") -> .5.21. | J48: 흑임자연근샐러드 | K48: =IFERROR(INDEX(온라인_반찬!$C$2:$I$605,MATCH($J48,온라인_반찬!$C$2:$C$605,0),7),"") -> .1.5.6.21.
B49: 배추김치 | C49: =IFERROR(INDEX(온라인_반찬!$C$2:$I$605,MATCH($B49,온라인_반찬!$C$2:$C$605,0),7),"") -> .9.12. | D49: 깍두기 | E49: =IFERROR(INDEX(온라인_반찬!$C$2:$I$605,MATCH($D49,온라인_반찬!$C$2:$C$605,0),7),"") -> .6.9. | F49: 백김치 | G49: =IFERROR(INDEX(온라인_반찬!$C$2:$I$605,MATCH($F49,온라인_반찬!$C$2:$C$605,0),7),"") -> 0 | H49: 깍두기 | I49: =IFERROR(INDEX(온라인_반찬!$C$2:$I$605,MATCH($H49,온라인_반찬!$C$2:$C$605,0),7),"") -> .6.9. | J49: 배추김치 | K49: =IFERROR(INDEX(온라인_반찬!$C$2:$I$605,MATCH($J49,온라인_반찬!$C$2:$C$605,0),7),"") -> .9.12.
B50: 얼큰오징어무국 | C50: =IFERROR(INDEX(온라인_반찬!$C$2:$I$605,MATCH($B50,온라인_반찬!$C$2:$C$605,0),7),"") -> .5.17. | D50: 열무된장국 | E50: =IFERROR(INDEX(온라인_반찬!$C$2:$I$605,MATCH($D50,온라인_반찬!$C$2:$C$605,0),7),"") -> .5. | F50: 유부다시국 | G50: =IFERROR(INDEX(온라인_반찬!$C$2:$I$605,MATCH($F50,온라인_반찬!$C$2:$C$605,0),7),"") -> .5.21. | H50: 돈육우거지탕 | I50: =IFERROR(INDEX(온라인_반찬!$C$2:$I$605,MATCH($H50,온라인_반찬!$C$2:$C$605,0),7),"") -> .5.10.15.16.. | J50: 소고기미역국 | K50: =IFERROR(INDEX(온라인_반찬!$C$2:$I$605,MATCH($J50,온라인_반찬!$C$2:$C$605,0),7),"") -> .5.9.16.
C51: =IFERROR(INDEX(온라인_반찬!$C$2:$I$605,MATCH($B51,온라인_반찬!$C$2:$C$605,0),7),"") | E51: =IFERROR(INDEX(온라인_반찬!$C$2:$I$605,MATCH($D51,온라인_반찬!$C$2:$C$605,0),7),"") | G51: =IFERROR(INDEX(온라인_반찬!$C$2:$I$605,MATCH($F51,온라인_반찬!$C$2:$C$605,0),7),"") | I51: =IFERROR(INDEX(온라인_반찬!$C$2:$I$605,MATCH($H51,온라인_반찬!$C$2:$C$605,0),7),"")
A53: 원산지 안내 쌀(국산),현미(국산. 친환경), 찰흑미(국산. 친환경), 찰보리(국산. 친환경), 소고기(호주산), 돈육(국산), 목살(폭찹스테이크:미국산), 닭고기(국산. 무항생제), 닭정육(닭다리살:국산, 브라질산), 훈제오리(무항생제.국산) 배추김치(국산 종가집.하선정), 깍두기(무,고추가루:국산), 오징어(국산,페루산,미국산, 칠레산), 낙지(베트남산), 새우젓(새우:국내산), 바지락살(중국산), 채소류(국산), 국용채소류(국산/단,기후변화 등 이슈로 국산 수급이 어려울경우:중국산) *위의 메뉴는 재료 수급 사정에 따라 변경 될 수 있습니다 *알레르기 정보 - 1.난류 2.우유 3.메밀 4.견과류(땅콩.아몬드.잣.코코넛등) 5.대두 6.밀 7.고등어 8.게 9.새우 10.돼지고기 11.복숭아 12.토마토 13.아황산류 14.호두 15.닭고기 16.쇠고기 17.오징어 18.조개류(굴.전복.홍합 포함) 19.파인애플 20.키위 21.참깨 영양사 : 천은혜

Sheet 유아식단표
A1: 07월 식단표
A2: 요일 | B2: 월 | D2: 화 | F2: 수 | H2: 목 | J2: 금
F3: 46204 | H3: 46205 | J3: 46206
A4: 주차 | B4: 메뉴 | C4: 알레르기표기 | D4: 메뉴 | E4: 알레르기표기 | F4: 메뉴 | G4: 알레르기표기 | H4: 메뉴 | I4: 알레르기표기 | J4: 메뉴 | K4: 알레르기표기 | L4: 메뉴 | M4: 알레르기표기
A5: 1주 | C5: =IFERROR(INDEX(온라인_반찬!$C$2:$I$605,MATCH($B5,온라인_반찬!$C$2:$C$605,0),7),"") | E5: =IFERROR(INDEX(온라인_반찬!$C$2:$I$605,MATCH($D5,온라인_반찬!$C$2:$C$605,0),7),"") | F5: 친환경찰흑미쌀밥 | G5: =IFERROR(INDEX(온라인_반찬!$C$2:$I$605,MATCH($F5,온라인_반찬!$C$2:$C$605,0),7),"") -> 0 | H5: 흰쌀밥 | I5: =IFERROR(INDEX(온라인_반찬!$C$2:$I$605,MATCH($H5,온라인_반찬!$C$2:$C$605,0),7),"") -> 0 | J5: 친환경찰보리쌀밥 | K5: =IFERROR(INDEX(온라인_반찬!$C$2:$I$605,MATCH($J5,온라인_반찬!$C$2:$C$605,0),7),"") -> 0
C6: =IFERROR(INDEX(온라인_반찬!$C$2:$I$605,MATCH($B6,온라인_반찬!$C$2:$C$605,0),7),"") | E6: =IFERROR(INDEX(온라인_반찬!$C$2:$I$605,MATCH($D6,온라인_반찬!$C$2:$C$605,0),7),"") | F6: 제육쌈장두루치기 | G6: =IFERROR(INDEX(온라인_반찬!$C$2:$I$605,MATCH($F6,온라인_반찬!$C$2:$C$605,0),7),"") -> .5.10.21. | H6: 춘장닭볶음 | I6: =IFERROR(INDEX(온라인_반찬!$C$2:$I$605,MATCH($H6,온라인_반찬!$C$2:$C$605,0),7),"") -> .5.15.21. | J6: 비프찹스테이크 | K6: =IFERROR(INDEX(온라인_반찬!$C$2:$I$605,MATCH($J6,온라인_반찬!$C$2:$C$605,0),7),"") -> .2.5.6.12.16.21.
C7: =IFERROR(INDEX(온라인_반찬!$C$2:$I$605,MATCH($B7,온라인_반찬!$C$2:$C$605,0),7),"") | E7: =IFERROR(INDEX(온라인_반찬!$C$2:$I$605,MATCH($D7,온라인_반찬!$C$2:$C$605,0),7),"") | F7: 세멸치엿장조림 | G7: =IFERROR(INDEX(온라인_반찬!$C$2:$I$605,MATCH($F7,온라인_반찬!$C$2:$C$605,0),7),"") -> .5.21. | H7: 녹두전 | I7: =IFERROR(INDEX(온라인_반찬!$C$2:$I$605,MATCH($H7,온라인_반찬!$C$2:$C$605,0),7),"") -> .2.5.6.8.9.17.18. | J7: 진미채 | K7: =IFERROR(INDEX(온라인_반찬!$C$2:$I$605,MATCH($J7,온라인_반찬!$C$2:$C$605,0),7),"") -> .1.5.21.
C8: =IFERROR(INDEX(온라인_반찬!$C$2:$I$605,MATCH($B8,온라인_반찬!$C$2:$C$605,0),7),"") | E8: =IFERROR(INDEX(온라인_반찬!$C$2:$I$605,MATCH($D8,온라인_반찬!$C$2:$C$605,0),7),"") | F8: 고사리나물 | G8: =IFERROR(INDEX(온라인_반찬!$C$2:$I$605,MATCH($F8,온라인_반찬!$C$2:$C$605,0),7),"") -> .5.21. | H8: 우엉조림 | I8: =IFERROR(INDEX(온라인_반찬!$C$2:$I$605,MATCH($H8,온라인_반찬!$C$2:$C$605,0),7),"") -> .5.21. | J8: 오이깨소스무침 | K8: =IFERROR(INDEX(온라인_반찬!$C$2:$I$605,MATCH($J8,온라인_반찬!$C$2:$C$605,0),7),"") -> .21.
C9: =IFERROR(INDEX(온라인_반찬!$C$2:$I$605,MATCH($B9,온라인_반찬!$C$2:$C$605,0),7),"") | E9: =IFERROR(INDEX(온라인_반찬!$C$2:$I$605,MATCH($D9,온라인_반찬!$C$2:$C$605,0),7),"") | F9: 백김치 | G9: =IFERROR(INDEX(온라인_반찬!$C$2:$I$605,MATCH($F9,온라인_반찬!$C$2:$C$605,0),7),"") -> 0 | H9: 깍두기 | I9: =IFERROR(INDEX(온라인_반찬!$C$2:$I$605,MATCH($H9,온라인_반찬!$C$2:$C$605,0),7),"") -> .6.9. | J9: 배추김치 | K9: =IFERROR(INDEX(온라인_반찬!$C$2:$I$605,MATCH($J9,온라인_반찬!$C$2:$C$605,0),7),"") -> .9.12.
C10: =IFERROR(INDEX(온라인_반찬!$C$2:$I$605,MATCH($B10,온라인_반찬!$C$2:$C$605,0),7),"") | E10: =IFERROR(INDEX(온라인_반찬!$C$2:$I$605,MATCH($D10,온라인_반찬!$C$2:$C$605,0),7),"") | F10: 황태계란국 | G10: =IFERROR(INDEX(온라인_반찬!$C$2:$I$605,MATCH($F10,온라인_반찬!$C$2:$C$605,0),7),"") -> .1.5.21. | H10: 시래기된장국 | I10: =IFERROR(INDEX(온라인_반찬!$C$2:$I$605,MATCH($H10,온라인_반찬!$C$2:$C$605,0),7),"") -> .5. | J10: 다시마무채국 | K10: =IFERROR(INDEX(온라인_반찬!$C$2:$I$605,MATCH($J10,온라인_반찬!$C$2:$C$605,0),7),"") -> .5.
C11: =IFERROR(INDEX(온라인_반찬!$C$2:$I$605,MATCH($B11,온라인_반찬!$C$2:$C$605,0),7),"") | E11: =IFERROR(INDEX(온라인_반찬!$C$2:$I$605,MATCH($D11,온라인_반찬!$C$2:$C$605,0),7),"") | G11: =IFERROR(INDEX(온라인_반찬!$C$2:$I$605,MATCH($F11,온라인_반찬!$C$2:$C$605,0),7),"") | I11: =IFERROR(INDEX(온라인_반찬!$C$2:$I$605,MATCH($H11,온라인_반찬!$C$2:$C$605,0),7),"") | K11: =IFERROR(INDEX(온라인_반찬!$C$2:$I$605,MATCH($J11,온라인_반찬!$C$2:$C$605,0),7),"")
C12: =IFERROR(INDEX(온라인_반찬!$C$2:$I$605,MATCH($B12,온라인_반찬!$C$2:$C$605,0),7),"") | G12: =IFERROR(INDEX(온라인_반찬!$C$2:$I$605,MATCH($F12,온라인_반찬!$C$2:$C$605,0),7),"") | K12: =IFERROR(INDEX(온라인_반찬!$C$2:$I$605,MATCH($J12,온라인_반찬!$C$2:$C$605,0),7),"")
A13: 날짜 | B13: 46209 | D13: 46210 | F13: 46211 | H13: 46212 | J13: 46213
A14: 주차 | B14: 메뉴 | C14: 알레르기표기 | D14: 메뉴 | E14: 알레르기표기 | F14: 메뉴 | G14: 알레르기표기 | H14: 메뉴 | I14: 알레르기표기 | J14: 메뉴 | K14: 알레르기표기 | L14: 메뉴 | M14: 알레르기표기 | N14: 메뉴 | O14: 알레르기표기
A15: 2주 | B15: 친환경찰보리쌀밥 | C15: =IFERROR(INDEX(온라인_반찬!$C$2:$I$605,MATCH($B15,온라인_반찬!$C$2:$C$605,0),7),"") -> 0 | D15: 친환경귀리쌀밥 | E15: =IFERROR(INDEX(온라인_반찬!$C$2:$I$605,MATCH($D15,온라인_반찬!$C$2:$C$605,0),7),"") -> 0 | F15: 친환경찰흑미쌀밥 | G15: =IFERROR(INDEX(온라인_반찬!$C$2:$I$605,MATCH($F15,온라인_반찬!$C$2:$C$605,0),7),"") -> 0 | H15: 흰쌀밥 | I15: =IFERROR(INDEX(온라인_반찬!$C$2:$I$605,MATCH($H15,온라인_반찬!$C$2:$C$605,0),7),"") -> 0 | J15: 친환경찰보리쌀밥 | K15: =IFERROR(INDEX(온라인_반찬!$C$2:$I$605,MATCH($J15,온라인_반찬!$C$2:$C$605,0),7),"") -> 0
B16: 소고기계란덮밥소스 | C16: =IFERROR(INDEX(온라인_반찬!$C$2:$I$605,MATCH($B16,온라인_반찬!$C$2:$C$605,0),7),"") -> .1.2.5.6.16. | D16: 브로콜리닭볶음 | E16: =IFERROR(INDEX(온라인_반찬!$C$2:$I$605,MATCH($D16,온라인_반찬!$C$2:$C$605,0),7),"") -> .5.15.21. | F16: 황금팽이소불고기 | G16: =IFERROR(INDEX(온라인_반찬!$C$2:$I$605,MATCH($F16,온라인_반찬!$C$2:$C$605,0),7),"") -> .5.16.21. | H16: 돈사태찜 | I16: =IFERROR(INDEX(온라인_반찬!$C$2:$I$605,MATCH($H16,온라인_반찬!$C$2:$C$605,0),7),"") -> .5.6.10.19.21. | J16: 훈제오리잡채 | K16: =IFERROR(INDEX(온라인_반찬!$C$2:$I$605,MATCH($J16,온라인_반찬!$C$2:$C$605,0),7),"") -> .5.6.21.
B17: 갈비만두찜 | C17: =IFERROR(INDEX(온라인_반찬!$C$2:$I$605,MATCH($B17,온라인_반찬!$C$2:$C$605,0),7),"") -> .2.5.6.10.16.21. | D17: 미니떡갈비 | E17: =IFERROR(INDEX(온라인_반찬!$C$2:$I$605,MATCH($D17,온라인_반찬!$C$2:$C$605,0),7),"") -> .5.6.10.16. | F17: 치즈계란찜 | G17: =IFERROR(INDEX(온라인_반찬!$C$2:$I$605,MATCH($F17,온라인_반찬!$C$2:$C$605,0),7),"") -> .1.2. | H17: 어묵채소볶음 | I17: =IFERROR(INDEX(온라인_반찬!$C$2:$I$605,MATCH($H17,온라인_반찬!$C$2:$C$605,0),7),"") -> .5.6.21. | J17: 메추리알장조림 | K17: =IFERROR(INDEX(온라인_반찬!$C$2:$I$605,MATCH($J17,온라인_반찬!$C$2:$C$605,0),7),"") -> .1.5.21.
B18: 감자채볶음 | C18: =IFERROR(INDEX(온라인_반찬!$C$2:$I$605,MATCH($B18,온라인_반찬!$C$2:$C$605,0),7),"") -> .5.21. | D18: 당근숙주나물 | E18: =IFERROR(INDEX(온라인_반찬!$C$2:$I$605,MATCH($D18,온라인_반찬!$C$2:$C$605,0),7),"") -> .5.21. | F18: 미역무채무침 | G18: =IFERROR(INDEX(온라인_반찬!$C$2:$I$605,MATCH($F18,온라인_반찬!$C$2:$C$605,0),7),"") -> .5.21. | H18: 양배추오렌지샐러드 | I18: =IFERROR(INDEX(온라인_반찬!$C$2:$I$605,MATCH($H18,온라인_반찬!$C$2:$C$605,0),7),"") -> .5. | J18: 도시락김 | K18: =IFERROR(INDEX(온라인_반찬!$C$2:$I$605,MATCH($J18,온라인_반찬!$C$2:$C$605,0),7),"") -> .21.
B19: 배추김치 | C19: =IFERROR(INDEX(온라인_반찬!$C$2:$I$605,MATCH($B19,온라인_반찬!$C$2:$C$605,0),7),"") -> .9.12. | D19: 깍두기 | E19: =IFERROR(INDEX(온라인_반찬!$C$2:$I$605,MATCH($D19,온라인_반찬!$C$2:$C$605,0),7),"") -> .6.9. | F19: 백김치 | G19: =IFERROR(INDEX(온라인_반찬!$C$2:$I$605,MATCH($F19,온라인_반찬!$C$2:$C$605,0),7),"") -> 0 | H19: 깍두기 | I19: =IFERROR(INDEX(온라인_반찬!$C$2:$I$605,MATCH($H19,온라인_반찬!$C$2:$C$605,0),7),"") -> .6.9. | J19: 배추김치 | K19: =IFERROR(INDEX(온라인_반찬!$C$2:$I$605,MATCH($J19,온라인_반찬!$C$2:$C$605,0),7),"") -> .9.12.
B20: 볼어묵국 | C20: =IFERROR(INDEX(온라인_반찬!$C$2:$I$605,MATCH($B20,온라인_반찬!$C$2:$C$605,0),7),"") -> .5.6. | D20: 소고기탕국 | E20: =IFERROR(INDEX(온라인_반찬!$C$2:$I$605,MATCH($D20,온라인_반찬!$C$2:$C$605,0),7),"") -> .5.16. | F20: 모둠채소된장국 | G20: =IFERROR(INDEX(온라인_반찬!$C$2:$I$605,MATCH($F20,온라인_반찬!$C$2:$C$605,0),7),"") -> .5. | H20: 닭고기버섯국 | I20: =IFERROR(INDEX(온라인_반찬!$C$2:$I$605,MATCH($H20,온라인_반찬!$C$2:$C$605,0),7),"") -> .5.15. | J20: 조랭이떡국 | K20: =IFERROR(INDEX(온라인_반찬!$C$2:$I$605,MATCH($J20,온라인_반찬!$C$2:$C$605,0),7),"") -> .1.5.16.
C21: =IFERROR(INDEX(온라인_반찬!$C$2:$I$605,MATCH($B21,온라인_반찬!$C$2:$C$605,0),7),"") | E21: =IFERROR(INDEX(온라인_반찬!$C$2:$I$605,MATCH($D21,온라인_반찬!$C$2:$C$605,0),7),"") | G21: =IFERROR(INDEX(온라인_반찬!$C$2:$I$605,MATCH($F21,온라인_반찬!$C$2:$C$605,0),7),"") | I21: =IFERROR(INDEX(온라인_반찬!$C$2:$I$605,MATCH($H21,온라인_반찬!$C$2:$C$605,0),7),"") | K21: =IFERROR(INDEX(온라인_반찬!$C$2:$I$605,MATCH($J21,온라인_반찬!$C$2:$C$605,0),7),"")
C22: =IFERROR(INDEX(온라인_반찬!$C$2:$I$605,MATCH($B22,온라인_반찬!$C$2:$C$605,0),7),"") | G22: =IFERROR(INDEX(온라인_반찬!$C$2:$I$605,MATCH($F22,온라인_반찬!$C$2:$C$605,0),7),"") | K22: =IFERROR(INDEX(온라인_반찬!$C$2:$I$605,MATCH($J22,온라인_반찬!$C$2:$C$605,0),7),"")
A23: 날짜 | B23: 46216 | D23: 46217 | F23: 46218 | H23: 46219 | J23: 46220
A24: 주차 | B24: 메뉴 | C24: 알레르기표기 | D24: 메뉴 | E24: 알레르기표기 | F24: 메뉴 | G24: 알레르기표기 | H24: 메뉴 | I24: 알레르기표기 | J24: 메뉴 | K24: 알레르기표기
A25: 3주 | B25: 친환경찰보리쌀밥 | C25: =IFERROR(INDEX(온라인_반찬!$C$2:$I$605,MATCH($B25,온라인_반찬!$C$2:$C$605,0),7),"") -> 0 | D25: 친환경귀리쌀밥 | E25: =IFERROR(INDEX(온라인_반찬!$C$2:$I$605,MATCH($D25,온라인_반찬!$C$2:$C$605,0),7),"") -> 0 | F25: 친환경찰흑미쌀밥 | G25: =IFERROR(INDEX(온라인_반찬!$C$2:$I$605,MATCH($F25,온라인_반찬!$C$2:$C$605,0),7),"") -> 0 | H25: 버터계란볶음밥 | I25: =IFERROR(INDEX(온라인_반찬!$C$2:$I$605,MATCH($H25,온라인_반찬!$C$2:$C$605,0),7),"") -> .1.2.5.18.21. | K25: =IFERROR(INDEX(온라인_반찬!$C$2:$I$605,MATCH($J25,온라인_반찬!$C$2:$C$605,0),7),"")
B26: 생선까스 | C26: =IFERROR(INDEX(온라인_반찬!$C$2:$I$605,MATCH($B26,온라인_반찬!$C$2:$C$605,0),7),"") -> 1.5. | D26: 닭감자조림 | E26: =IFERROR(INDEX(온라인_반찬!$C$2:$I$605,MATCH($D26,온라인_반찬!$C$2:$C$605,0),7),"") -> .5.15.21. | F26: 돈채마늘쫑볶음 | G26: =IFERROR(INDEX(온라인_반찬!$C$2:$I$605,MATCH($F26,온라인_반찬!$C$2:$C$605,0),7),"") -> .5.6.10.21. | H26: 스파게티면 | I26: =IFERROR(INDEX(온라인_반찬!$C$2:$I$605,MATCH($H26,온라인_반찬!$C$2:$C$605,0),7),"") -> .6. | K26: =IFERROR(INDEX(온라인_반찬!$C$2:$I$605,MATCH($J26,온라인_반찬!$C$2:$C$605,0),7),"")
B27: & 타르타르소스 | C27: =IFERROR(INDEX(온라인_반찬!$C$2:$I$605,MATCH($B27,온라인_반찬!$C$2:$C$605,0),7),"") -> .1.5.19. | D27: 김말이떡강정 | E27: =IFERROR(INDEX(온라인_반찬!$C$2:$I$605,MATCH($D27,온라인_반찬!$C$2:$C$605,0),7),"") -> .5.6.12.16.21. | F27: 계란말이 | G27: =IFERROR(INDEX(온라인_반찬!$C$2:$I$605,MATCH($F27,온라인_반찬!$C$2:$C$605,0),7),"") -> .1.2.5.6.16.18. | H27: & 베이컨토마토소스 | I27: =IFERROR(INDEX(온라인_반찬!$C$2:$I$605,MATCH($H27,온라인_반찬!$C$2:$C$605,0),7),"") -> .5.10.12. | K27: =IFERROR(INDEX(온라인_반찬!$C$2:$I$605,MATCH($J27,온라인_반찬!$C$2:$C$605,0),7),"")
B28: 라구숏파스타 | C28: =IFERROR(INDEX(온라인_반찬!$C$2:$I$605,MATCH($B28,온라인_반찬!$C$2:$C$605,0),7),"") -> .5.6.10.12.15.16. | D28: 건새우무채나물 | E28: =IFERROR(INDEX(온라인_반찬!$C$2:$I$605,MATCH($D28,온라인_반찬!$C$2:$C$605,0),7),"") -> .5.9.21. | F28: 김자반 | G28: =IFERROR(INDEX(온라인_반찬!$C$2:$I$605,MATCH($F28,온라인_반찬!$C$2:$C$605,0),7),"") -> .5.21.22. | H28: 용가리치킨너겟 | I28: =IFERROR(INDEX(온라인_반찬!$C$2:$I$605,MATCH($H28,온라인_반찬!$C$2:$C$605,0),7),"") -> .1.2.5.6.15.16. | K28: =IFERROR(INDEX(온라인_반찬!$C$2:$I$605,MATCH($J28,온라인_반찬!$C$2:$C$605,0),7),"")
B29: 단호박샐러드 | C29: =IFERROR(INDEX(온라인_반찬!$C$2:$I$605,MATCH($B29,온라인_반찬!$C$2:$C$605,0),7),"") -> .1.5. | D29: 백김치 | E29: =IFERROR(INDEX(온라인_반찬!$C$2:$I$605,MATCH($D29,온라인_반찬!$C$2:$C$605,0),7),"") -> 0 | F29: 깍두기 | G29: =IFERROR(INDEX(온라인_반찬!$C$2:$I$605,MATCH($F29,온라인_반찬!$C$2:$C$605,0),7),"") -> .6.9. | H29: 카프레제샐러드 | I29: =IFERROR(INDEX(온라인_반찬!$C$2:$I$605,MATCH($H29,온라인_반찬!$C$2:$C$605,0),7),"") -> .2.5.6.12.13. | K29: =IFERROR(INDEX(온라인_반찬!$C$2:$I$605,MATCH($J29,온라인_반찬!$C$2:$C$605,0),7),"")
B30: 배추김치 | C30: =IFERROR(INDEX(온라인_반찬!$C$2:$I$605,MATCH($B30,온라인_반찬!$C$2:$C$605,0),7),"") -> .9.12. | D30: 순두부된장찌개 | E30: =IFERROR(INDEX(온라인_반찬!$C$2:$I$605,MATCH($D30,온라인_반찬!$C$2:$C$605,0),7),"") -> .5. | F30: 닭봉삼계탕 | G30: =IFERROR(INDEX(온라인_반찬!$C$2:$I$605,MATCH($F30,온라인_반찬!$C$2:$C$605,0),7),"") -> .5.15. | H30: 수제피클 | I30: =IFERROR(INDEX(온라인_반찬!$C$2:$I$605,MATCH($H30,온라인_반찬!$C$2:$C$605,0),7),"") -> 0 | K30: =IFERROR(INDEX(온라인_반찬!$C$2:$I$605,MATCH($J30,온라인_반찬!$C$2:$C$605,0),7),"") | M30: 0
B31: 소고기무국 | C31: =IFERROR(INDEX(온라인_반찬!$C$2:$I$605,MATCH($B31,온라인_반찬!$C$2:$C$605,0),7),"") -> .5.16. | E31: =IFERROR(INDEX(온라인_반찬!$C$2:$I$605,MATCH($D31,온라인_반찬!$C$2:$C$605,0),7),"") | G31: =IFERROR(INDEX(온라인_반찬!$C$2:$I$605,MATCH($F31,온라인_반찬!$C$2:$C$605,0),7),"") | H31: 비타포도스틱젤리 | I31: =IFERROR(INDEX(온라인_반찬!$C$2:$I$605,MATCH($H31,온라인_반찬!$C$2:$C$605,0),7),"") -> 0 | K31: =IFERROR(INDEX(온라인_반찬!$C$2:$I$605,MATCH($J31,온라인_반찬!$C$2:$C$605,0),7),"")
C32: =IFERROR(INDEX(온라인_반찬!$C$2:$I$605,MATCH($B32,온라인_반찬!$C$2:$C$605,0),7),"") | G32: =IFERROR(INDEX(온라인_반찬!$C$2:$I$605,MATCH($F32,온라인_반찬!$C$2:$C$605,0),7),"") | K32: =IFERROR(INDEX(온라인_반찬!$C$2:$I$605,MATCH($J32,온라인_반찬!$C$2:$C$605,0),7),"")
A33: 날짜 | B33: 46223 | D33: 46224 | F33: 46225 | H33: 46226 | J33: 46227
A34: 주차 | C34: 알레르기표기 | D34: 메뉴 | E34: 알레르기표기 | F34: 메뉴 | G34: 알레르기표기 | H34: 메뉴 | I34: 알레르기표기 | J34: 메뉴 | K34: 알레르기표기
A35: 4주 | B35: 친환경찰보리쌀밥 | C35: =IFERROR(INDEX(온라인_반찬!$C$2:$I$605,MATCH($B35,온라인_반찬!$C$2:$C$605,0),7),"") -> 0 | D35: 친환경귀리쌀밥 | E35: =IFERROR(INDEX(온라인_반찬!$C$2:$I$605,MATCH($D35,온라인_반찬!$C$2:$C$605,0),7),"") -> 0 | F35: 친환경찰흑미쌀밥 | G35: =IFERROR(INDEX(온라인_반찬!$C$2:$I$605,MATCH($F35,온라인_반찬!$C$2:$C$605,0),7),"") -> 0 | H35: 흰쌀밥 | I35: =IFERROR(INDEX(온라인_반찬!$C$2:$I$605,MATCH($H35,온라인_반찬!$C$2:$C$605,0),7),"") -> 0 | J35: 친환경찰보리쌀밥 | K35: =IFERROR(INDEX(온라인_반찬!$C$2:$I$605,MATCH($J35,온라인_반찬!$C$2:$C$605,0),7),"") -> 0
B36: 비프토마토스튜 | C36: =IFERROR(INDEX(온라인_반찬!$C$2:$I$605,MATCH($B36,온라인_반찬!$C$2:$C$605,0),7),"") -> .2.5.6.12.16. | D36: 닭안심채소구이 | E36: =IFERROR(INDEX(온라인_반찬!$C$2:$I$605,MATCH($D36,온라인_반찬!$C$2:$C$605,0),7),"") -> .5.15.21. | F36: 소고기고사리볶음 | G36: =IFERROR(INDEX(온라인_반찬!$C$2:$I$605,MATCH($F36,온라인_반찬!$C$2:$C$605,0),7),"") -> .5.16.21.22. | H36: 몽골리안포크 | I36: =IFERROR(INDEX(온라인_반찬!$C$2:$I$605,MATCH($H36,온라인_반찬!$C$2:$C$605,0),7),"") -> .5.6.10.21. | J36: 로제닭볶음 | K36: =IFERROR(INDEX(온라인_반찬!$C$2:$I$605,MATCH($J36,온라인_반찬!$C$2:$C$605,0),7),"") -> .2.5.6.12.15.
B37: 뿌링클감자구이 | C37: =IFERROR(INDEX(온라인_반찬!$C$2:$I$605,MATCH($B37,온라인_반찬!$C$2:$C$605,0),7),"") -> .2.5.6. | D37: 건맛살채볶음 | E37: =IFERROR(INDEX(온라인_반찬!$C$2:$I$605,MATCH($D37,온라인_반찬!$C$2:$C$605,0),7),"") -> .1.5.8.21. | F37: 궁중떡볶이 | G37: =IFERROR(INDEX(온라인_반찬!$C$2:$I$605,MATCH($F37,온라인_반찬!$C$2:$C$605,0),7),"") -> .5.16.21. | H37: 해물동그랑땡 | I37: =IFERROR(INDEX(온라인_반찬!$C$2:$I$605,MATCH($H37,온라인_반찬!$C$2:$C$605,0),7),"") -> .1.2.5.6.10.15.17. | J37: 미트볼케찹조림 | K37: =IFERROR(INDEX(온라인_반찬!$C$2:$I$605,MATCH($J37,온라인_반찬!$C$2:$C$605,0),7),"") -> .1.2.5.6.10.12.16.
B38: 청포묵무침 | C38: =IFERROR(INDEX(온라인_반찬!$C$2:$I$605,MATCH($B38,온라인_반찬!$C$2:$C$605,0),7),"") -> .1.5.21. | D38: 검은콩해바라기씨조림 | E38: =IFERROR(INDEX(온라인_반찬!$C$2:$I$605,MATCH($D38,온라인_반찬!$C$2:$C$605,0),7),"") -> .5.21. | F38: 연두부 | G38: =IFERROR(INDEX(온라인_반찬!$C$2:$I$605,MATCH($F38,온라인_반찬!$C$2:$C$605,0),7),"") -> .5. | H38: 미역줄기볶음 | I38: =IFERROR(INDEX(온라인_반찬!$C$2:$I$605,MATCH($H38,온라인_반찬!$C$2:$C$605,0),7),"") -> .5.21. | J38: 도시락김 | K38: =IFERROR(INDEX(온라인_반찬!$C$2:$I$605,MATCH($J38,온라인_반찬!$C$2:$C$605,0),7),"") -> .21.
B39: 배추김치 | C39: =IFERROR(INDEX(온라인_반찬!$C$2:$I$605,MATCH($B39,온라인_반찬!$C$2:$C$605,0),7),"") -> .9.12. | D39: 깍두기 | E39: =IFERROR(INDEX(온라인_반찬!$C$2:$I$605,MATCH($D39,온라인_반찬!$C$2:$C$605,0),7),"") -> .6.9. | F39: & 양념장 | G39: =IFERROR(INDEX(온라인_반찬!$C$2:$I$605,MATCH($F39,온라인_반찬!$C$2:$C$605,0),7),"") -> .5.21. | H39: 깍두기 | I39: =IFERROR(INDEX(온라인_반찬!$C$2:$I$605,MATCH($H39,온라인_반찬!$C$2:$C$605,0),7),"") -> .6.9. | J39: 배추김치 | K39: =IFERROR(INDEX(온라인_반찬!$C$2:$I$605,MATCH($J39,온라인_반찬!$C$2:$C$605,0),7),"") -> .9.12.
B40: 굴림만두국 | C40: =IFERROR(INDEX(온라인_반찬!$C$2:$I$605,MATCH($B40,온라인_반찬!$C$2:$C$605,0),7),"") -> .1.2.5.6.10.16.21. | D40: 사골미역국 | E40: =IFERROR(INDEX(온라인_반찬!$C$2:$I$605,MATCH($D40,온라인_반찬!$C$2:$C$605,0),7),"") -> .2.5.6.9.12.16. | F40: 백김치 | G40: =IFERROR(INDEX(온라인_반찬!$C$2:$I$605,MATCH($F40,온라인_반찬!$C$2:$C$605,0),7),"") -> 0 | H40: 대파계란탕 | I40: =IFERROR(INDEX(온라인_반찬!$C$2:$I$605,MATCH($H40,온라인_반찬!$C$2:$C$605,0),7),"") -> .1.5. | J40: 소고기숙주국 | K40: =IFERROR(INDEX(온라인_반찬!$C$2:$I$605,MATCH($J40,온라인_반찬!$C$2:$C$605,0),7),"") -> .5.16.
C41: =IFERROR(INDEX(온라인_반찬!$C$2:$I$605,MATCH($B41,온라인_반찬!$C$2:$C$605,0),7),"") | E41: =IFERROR(INDEX(온라인_반찬!$C$2:$I$605,MATCH($D41,온라인_반찬!$C$2:$C$605,0),7),"") | F41: 북어국 | G41: =IFERROR(INDEX(온라인_반찬!$C$2:$I$605,MATCH($F41,온라인_반찬!$C$2:$C$605,0),7),"") -> .5.21. | I41: =IFERROR(INDEX(온라인_반찬!$C$2:$I$605,MATCH($H41,온라인_반찬!$C$2:$C$605,0),7),"") | K41: =IFERROR(INDEX(온라인_반찬!$C$2:$I$605,MATCH($J41,온라인_반찬!$C$2:$C$605,0),7),"")
C42: =IFERROR(INDEX(온라인_반찬!$C$2:$I$605,MATCH($B42,온라인_반찬!$C$2:$C$605,0),7),"") | G42: =IFERROR(INDEX(온라인_반찬!$C$2:$I$605,MATCH($F42,온라인_반찬!$C$2:$C$605,0),7),"") | K42: =IFERROR(INDEX(온라인_반찬!$C$2:$I$605,MATCH($J42,온라인_반찬!$C$2:$C$605,0),7),"")
A43: 날짜 | B43: 46230 | D43: 46231 | F43: 46232 | H43: 46233 | J43: 46234
A44: 주차 | B44: 메뉴 | C44: 알레르기표기 | D44: 메뉴 | E44: 알레르기표기 | F44: 메뉴 | G44: 알레르기표기 | H44: 메뉴 | I44: 알레르기표기 | J44: 메뉴 | K44: 알레르기표기
A45: 5주 | B45: 친환경찰보리쌀밥 | C45: =IFERROR(INDEX(온라인_반찬!$C$2:$I$605,MATCH($B45,온라인_반찬!$C$2:$C$605,0),7),"") -> 0 | D45: 친환경귀리쌀밥 | E45: =IFERROR(INDEX(온라인_반찬!$C$2:$I$605,MATCH($D45,온라인_반찬!$C$2:$C$605,0),7),"") -> 0 | F45: 친환경찰흑미쌀밥 | G45: =IFERROR(INDEX(온라인_반찬!$C$2:$I$605,MATCH($F45,온라인_반찬!$C$2:$C$605,0),7),"") -> 0 | H45: 흰쌀밥 | I45: =IFERROR(INDEX(온라인_반찬!$C$2:$I$605,MATCH($H45,온라인_반찬!$C$2:$C$605,0),7),"") -> 0 | J45: 친환경찰보리쌀밥 | K45: =IFERROR(INDEX(온라인_반찬!$C$2:$I$605,MATCH($J45,온라인_반찬!$C$2:$C$605,0),7),"") -> 0
B46: 돈육장조림 | C46: =IFERROR(INDEX(온라인_반찬!$C$2:$I$605,MATCH($B46,온라인_반찬!$C$2:$C$605,0),7),"") -> .1.5.10.19.21. | D46: 중식소고기볶음 | E46: =IFERROR(INDEX(온라인_반찬!$C$2:$I$605,MATCH($D46,온라인_반찬!$C$2:$C$605,0),7),"") -> .5.16.21. | F46: 족발채소무침 | G46: =IFERROR(INDEX(온라인_반찬!$C$2:$I$605,MATCH($F46,온라인_반찬!$C$2:$C$605,0),7),"") -> .2.5.6.10.16.21. | H46: 훈제닭볶음 | I46: =IFERROR(INDEX(온라인_반찬!$C$2:$I$605,MATCH($H46,온라인_반찬!$C$2:$C$605,0),7),"") -> .2.5.6.15.16.21. | J46: 돈채버섯볶음 | K46: =IFERROR(INDEX(온라인_반찬!$C$2:$I$605,MATCH($J46,온라인_반찬!$C$2:$C$605,0),7),"") -> .5.10.21.
B47: 두부튀김 | C47: =IFERROR(INDEX(온라인_반찬!$C$2:$I$605,MATCH($B47,온라인_반찬!$C$2:$C$605,0),7),"") -> .5.6. | D47: 비엔나채소볶음 | E47: =IFERROR(INDEX(온라인_반찬!$C$2:$I$605,MATCH($D47,온라인_반찬!$C$2:$C$605,0),7),"") -> .5.6.10.12.15.16.21. | F47: 오징어볼튀김 | G47: =IFERROR(INDEX(온라인_반찬!$C$2:$I$605,MATCH($F47,온라인_반찬!$C$2:$C$605,0),7),"") -> 1.5.6.17. | H47: 샌드어묵조림 | I47: =IFERROR(INDEX(온라인_반찬!$C$2:$I$605,MATCH($H47,온라인_반찬!$C$2:$C$605,0),7),"") | J47: 치킨너겟 | K47: =IFERROR(INDEX(온라인_반찬!$C$2:$I$605,MATCH($J47,온라인_반찬!$C$2:$C$605,0),7),"") -> .1.2.5.6.15.16.
B48: 코울슬로 | C48: =IFERROR(INDEX(온라인_반찬!$C$2:$I$605,MATCH($B48,온라인_반찬!$C$2:$C$605,0),7),"") -> .1.5.16. | D48: 치커리오이무침 | E48: =IFERROR(INDEX(온라인_반찬!$C$2:$I$605,MATCH($D48,온라인_반찬!$C$2:$C$605,0),7),"") -> .5.21. | F48: 고구마조림 | G48: =IFERROR(INDEX(온라인_반찬!$C$2:$I$605,MATCH($F48,온라인_반찬!$C$2:$C$605,0),7),"") -> .5.21. | H48: 콩나물무침 | I48: =IFERROR(INDEX(온라인_반찬!$C$2:$I$605,MATCH($H48,온라인_반찬!$C$2:$C$605,0),7),"") -> .5.21. | J48: 흑임자연근샐러드 | K48: =IFERROR(INDEX(온라인_반찬!$C$2:$I$605,MATCH($J48,온라인_반찬!$C$2:$C$605,0),7),"") -> .1.5.6.21.
B49: 배추김치 | C49: =IFERROR(INDEX(온라인_반찬!$C$2:$I$605,MATCH($B49,온라인_반찬!$C$2:$C$605,0),7),"") -> .9.12. | D49: 깍두기 | E49: =IFERROR(INDEX(온라인_반찬!$C$2:$I$605,MATCH($D49,온라인_반찬!$C$2:$C$605,0),7),"") -> .6.9. | F49: 백김치 | G49: =IFERROR(INDEX(온라인_반찬!$C$2:$I$605,MATCH($F49,온라인_반찬!$C$2:$C$605,0),7),"") -> 0 | H49: 깍두기 | I49: =IFERROR(INDEX(온라인_반찬!$C$2:$I$605,MATCH($H49,온라인_반찬!$C$2:$C$605,0),7),"") -> .6.9. | J49: 배추김치 | K49: =IFERROR(INDEX(온라인_반찬!$C$2:$I$605,MATCH($J49,온라인_반찬!$C$2:$C$605,0),7),"") -> .9.12.
B50: 오징어무국 | C50: =IFERROR(INDEX(온라인_반찬!$C$2:$I$605,MATCH($B50,온라인_반찬!$C$2:$C$605,0),7),"") -> .5.17. | D50: 열무된장국 | E50: =IFERROR(INDEX(온라인_반찬!$C$2:$I$605,MATCH($D50,온라인_반찬!$C$2:$C$605,0),7),"") -> .5. | F50: 유부다시국 | G50: =IFERROR(INDEX(온라인_반찬!$C$2:$I$605,MATCH($F50,온라인_반찬!$C$2:$C$605,0),7),"") -> .5.21. | H50: 돈육우거지탕 | I50: =IFERROR(INDEX(온라인_반찬!$C$2:$I$605,MATCH($H50,온라인_반찬!$C$2:$C$605,0),7),"") -> .5.10.15.16.. | J50: 소고기미역국 | K50: =IFERROR(INDEX(온라인_반찬!$C$2:$I$605,MATCH($J50,온라인_반찬!$C$2:$C$605,0),7),"") -> .5.9.16.
C51: =IFERROR(INDEX(온라인_반찬!$C$2:$I$605,MATCH($B51,온라인_반찬!$C$2:$C$605,0),7),"") | E51: =IFERROR(INDEX(온라인_반찬!$C$2:$I$605,MATCH($D51,온라인_반찬!$C$2:$C$605,0),7),"") | G51: =IFERROR(INDEX(온라인_반찬!$C$2:$I$605,MATCH($F51,온라인_반찬!$C$2:$C$605,0),7),"") | I51: =IFERROR(INDEX(온라인_반찬!$C$2:$I$605,MATCH($H51,온라인_반찬!$C$2:$C$605,0),7),"") | K51: =IFERROR(INDEX(온라인_반찬!$C$2:$I$605,MATCH($J51,온라인_반찬!$C$2:$C$605,0),7),"")
C52: =IFERROR(INDEX(온라인_반찬!$C$2:$I$605,MATCH($B52,온라인_반찬!$C$2:$C$605,0),7),"") | G52: =IFERROR(INDEX(온라인_반찬!$C$2:$I$605,MATCH($F52,온라인_반찬!$C$2:$C$605,0),7),"") | K52: =IFERROR(INDEX(온라인_반찬!$C$2:$I$605,MATCH($J52,온라인_반찬!$C$2:$C$605,0),7),"")
A53: 원산지 안내 쌀(국산),현미(국산. 친환경), 찰흑미(국산. 친환경), 찰보리(국산. 친환경), 소고기(호주산), 돈육(국산), 목살(폭찹스테이크:미국산), 닭고기(국산. 무항생제), 닭정육(닭다리살:국산, 브라질산), 훈제오리(무항생제.국산) 배추김치(국산 종가집.하선정), 깍두기(무,고추가루:국산), 오징어(국산,페루산,미국산, 칠레산), 낙지(베트남산), 새우젓(새우:국내산), 바지락살(중국산), 채소류(국산), 국용채소류(국산/단,기후변화 등 이슈로 국산 수급이 어려울경우:중국산) *위의 메뉴는 재료 수급 사정에 따라 변경 될 수 있습니다 *알레르기 정보 - 1.난류 2.우유 3.메밀 4.견과류(땅콩.아몬드.잣.코코넛등) 5.대두 6.밀 7.고등어 8.게 9.새우 10.돼지고기 11.복숭아 12.토마토 13.아황산류 14.호두 15.닭고기 16.쇠고기 17.오징어 18.조개류(굴.전복.홍합 포함) 19.파인애플 20.키위 21.참깨 영양사 : 천은혜

Sheet 온라인_반찬
A1: No. | B1: 품목 | C1: 품명 | D1: 온라인(g) | E1: 급식(g) | F1: 온라인 중/대(EA) | G1: 급식(EA) | H1: 자재사용내역 | I1: 알러지표기 | K1: 상품코드 | L1: 출고량 (g 또는 수량) | M1: 로스율 (5%) | N1: 총생산량 (g 또는 수량) | O1: 급식 (g) | P1: 중 (g) | Q1: 대 (g) | R1: 단위 | S1: 급식 (EA) | T1: 중 (EA) | U1: 대 (EA) | V1: 단위 | W1: 상품코드 | X1: 상품명 M10 | Y1: 구매단위 (g) | Z1: 구매단위 (EA) | AA1: 발주 1인량 | AB1: (중) 1인량 | AC1: (대) 1인량 | AD1: 자재 Mix% | AE1: 상품코드 | AF1: 상품명 S10 | AG1: 발주 1인량 | AH1: (중) 1인량 | AI1: (대) 1인량 | AJ1: 자재 Mix% | AK1: 상품코드 | AL1: 상품명 S20 | AM1: 발주 1인량 | AN1: (중) 1인량 | AO1: (대) 1인량 | AP1: 자재 Mix%
A2: 1 | C2: 유부다시국 | H2: 유부[(대두:캐나다, 호주, 미국등), 대두유(대두:미국,프바질, 파라과이등)]21%, 건더기스프{볶음참께(인도산), 정제염(국산), 김조각(국산), 가쓰오브시(필리핀산)등]5%, 정제수, 마늘, 가스오우동소스, 소금 | I2: .5.21. | J2: 가스오우동소스(면사랑), 유부(이츠웰 슬라이스유부)
A3: 2 | C3: 올갱이미역국 | H3: 불린미역(국산)21%, 다슬기(국내산)2%, 마늘, 정제수, 국간장, 참치액, 소금 | I3: .5.9. | J3: 28g / 30g
A4: 3 | C4: 북어콩나물국 | H4: 콩나물(콩:외국산)16% , 북어채(러시아산)5%, 두부(콩:미국,호주,캐나다등), 대파, 마늘, 참기름, 정제수, 소금 | I4: .5. | J4: 25g / 28g | L4: 23450 | M4: 1172.5 | N4: 24622.5 | O4: =E4 -> 0 | P4: =D4 -> 0 | Q4: =D4 -> 0 | R4: g | S4: =E4 -> 0 | T4: =D4 -> 0 | U4: =D4 -> 0 | W4: 192872 | X4: =IFERROR(INDEX([1]Sheet1!$A$2:$X$1948,MATCH($W$2:$W$268,[1]Sheet1!$G$2:$G$1948,0),8),"") -> 소이원 콩나물(곱슬이_단채 4Kg/BOX) | Y4: 4000 | AA4: 25 | AB4: =T4*AD4 -> #DIV/0! | AC4: =U4*AD4 -> #DIV/0! | AD4: =AA4/E4 -> #DIV/0! | AE4: 313570 | AF4: =IFERROR(INDEX([1]Sheet1!$A$2:$X$1948,MATCH($AE$2:$AE$268,[1]Sheet1!$G$2:$G$1948,0),8),"") -> 프레시웨이 북어채(1Kg/EA) | AG4: 5 | AH4: =P4*AJ4 -> #DIV/0! | AI4: =Q4*AJ4 -> #DIV/0! | AJ4: =AG4/$E4 -> #DIV/0! | AL4: =IFERROR(INDEX([1]Sheet1!$A$2:$X$1948,MATCH($AK$2:$AK$268,[1]Sheet1!$G$2:$G$1948,0),8),"") -> 0 | AM4: 5 | AN4: =P4*AP4 -> #DIV/0! | AO4: =Q4*AP4 -> #DIV/0! | AP4: =AM4/$E4 -> #DIV/0!
A5: 4 | C5: 모둠어묵국 | H5: 무(국산)15%, 모둠어묵(어육:수입산)10%, 파, 마늘, 국간장, 멸치육수농축액, 정제수, 소금 | I5: .5.6. | J5: 40g / 45g종합어묵(사조대림)
A6: 5 | C6: 근대된장국 | H6: 근대(국산)22.8%, 양파(국산), 정제수, 된장, 대파, 마늘, 멸치육수농축액, 소금 | I6: .5. | J6: 40g / 45g | L6: 21960 | M6: 1098 | N6: 23058 | O6: =E6 -> 0 | P6: =D6 -> 0 | Q6: =D6 -> 0 | R6: g | S6: =E6 -> 0 | T6: =D6 -> 0 | U6: =D6 -> 0 | W6: 223306 | X6: =IFERROR(INDEX([1]Sheet1!$A$2:$X$1948,MATCH($W$2:$W$268,[1]Sheet1!$G$2:$G$1948,0),8),"") -> 냉동근대(IQF 1Kg/EA) | Y6: 1000 | AA6: 35 | AB6: =T6*AD6 -> #DIV/0! | AC6: =U6*AD6 -> #DIV/0! | AD6: =AA6/E6 -> #DIV/0! | AE6: 138570 | AF6: =IFERROR(INDEX([1]Sheet1!$A$2:$X$1948,MATCH($AE$2:$AE$268,[1]Sheet1!$G$2:$G$1948,0),8),"") -> 면사랑 멸치육수(1.8L_보급형 1.8Kg/EA) | AH6: =P6*AJ6 -> #DIV/0! | AI6: =Q6*AJ6 -> #DIV/0! | AJ6: =AG6/$E6 -> #DIV/0! | AL6: =IFERROR(INDEX([1]Sheet1!$A$2:$X$1948,MATCH($AK$2:$AK$268,[1]Sheet1!$G$2:$G$1948,0),8),"") -> 0
A7: 6 | C7: 오징어무국 | H7: 무(국산)20%, 오징어(미국산, 국산)5%, 양파, 대파, 마늘, 정제수, 멸치육수농축액, 국간장, 소금 | I7: .5.17. | J7: 40g / 50g
A8: 7 | C8: 얼큰오징어무국 | H8: 무(국산)20%, 오징어(미국산, 국산)5%, 양파, 대파, 마늘, 정제수, 멸치육수농축액, 국간장, 고춧가루, 소금 | I8: .5.17. | J8: 40g / 50g
A9: 8 | C9: 소고기샤브국 | H9: 소고기(호주산)12%, 알배추(국산)7%, 느타리(국산), 청경채(국산), 대파, 마늘, 간장, 정제수, 소금 | I9: .5.16. | J9: 40g / 45g
A10: 9 | C10: 소고기된장찌개 | H10: 모둠채소(호박, 양파, 새송이:국산)20%, 두부(콩:미국,호주,캐나다등)8%, 소고기(호주산)3%, 파, 마늘, 된장, 멸치육수농축액, 정제수, 소금 | I10: .5.16. | O10: =E10 -> 0 | P10: =D10 -> 0 | Q10: =D10 -> 0 | R10: g | S10: =E10 -> 0 | T10: =D10 -> 0 | U10: =D10 -> 0 | W10: 204623 | X10: =IFERROR(INDEX([1]Sheet1!$A$2:$X$1948,MATCH($W$2:$W$268,[1]Sheet1!$G$2:$G$1948,0),8),"") -> 애호박(특품 인큐베이터 KG) | Y10: 1000 | AA10: 30 | AB10: =T10*AD10 -> #DIV/0! | AC10: =U10*AD10 -> #DIV/0! | AD10: =AA10/E10 -> #DIV/0! | AE10: 168257 | AF10: =IFERROR(INDEX([1]Sheet1!$A$2:$X$1948,MATCH($AE$2:$AE$268,[1]Sheet1!$G$2:$G$1948,0),8),"") -> 명품 판두부(찌개용 3Kg/EA) | AG10: 15 | AH10: =P10*AJ10 -> #DIV/0! | AI10: =Q10*AJ10 -> #DIV/0! | AJ10: =AG10/$E10 -> #DIV/0! | AL10: =IFERROR(INDEX([1]Sheet1!$A$2:$X$1948,MATCH($AK$2:$AK$268,[1]Sheet1!$G$2:$G$1948,0),8),"") -> 0
A11: 10 | C11: 채소계란국 | H11: 계란(국산)13%, 채소[양파, 당근, 부추:국산]10%, 정제수, 멸치육수농축액, 대파, 마늘, 소금 | I11: .1.5. | L11: 600 | M11: 30 | N11: 630 | O11: =E11 -> 0 | P11: =D11 -> 0 | Q11: =D11 -> 0 | R11: g | S11: =E11 -> 0 | T11: =D11 -> 0 | U11: =D11 -> 0 | W11: 193090 | X11: =IFERROR(INDEX([1]Sheet1!$A$2:$X$1948,MATCH($W$2:$W$268,[1]Sheet1!$G$2:$G$1948,0),8),"") -> 냉동감자(절단_3~4cm 1Kg/EA) | Y11: 1000 | AA11: 22 | AB11: =T11*AD11 -> #DIV/0! | AC11: =U11*AD11 -> #DIV/0! | AD11: =AA11/E11 -> #DIV/0! | AE11: 204623 | AF11: =IFERROR(INDEX([1]Sheet1!$A$2:$X$1948,MATCH($AE$2:$AE$268,[1]Sheet1!$G$2:$G$1948,0),8),"") -> 애호박(특품 인큐베이터 KG) | AH11: =P11*AJ11 -> #DIV/0! | AI11: =Q11*AJ11 -> #DIV/0! | AJ11: =AG11/$E11 -> #DIV/0! | AK11: 420010 | AL11: =IFERROR(INDEX([1]Sheet1!$A$2:$X$1948,MATCH($AK$2:$AK$268,[1]Sheet1!$G$2:$G$1948,0),8),"") -> 알로팜 계란(왕란_무항생제_68g*30입 2.04Kg/EA)
A12: 11 | C12: 순살동태국 | H12: 순살동태(러시아산)7.2%, 무(국산)13%,두부, 쑥갓, 양파, 대파, 마늘, 멸치육수농축액, 국간장, 소금 | I12: .5.9.10. | J12: 40g / 50g
A13: 12 | C13: 소고기미역국 | H13: 불린미역(미역:국산)18.3%, 소고기(호주산)5%, 마늘, 정제수, 밥새우, 멸치육수농축액, 소금, 국간장 | I13: .5.9.16. | J13: 40g / 50g 멸치육수농축액(면사랑)
A14: 13 | C14: 소고기무국 | H14: 무(국산)18.3%, 소고기(호주산)10.7%, 양파, 대파, 마늘, 정제수, 소금, 멸치육수농축액, 국간장, 후추 | I14: .5.16. | J14: 40g | L14: 16590 | M14: 829.5 | N14: 17419.5 | O14: =E14 -> 0 | P14: =D14 -> 0 | Q14: =D14 -> 0 | R14: g | S14: =E14 -> 0 | T14: =D14 -> 0 | U14: =D14 -> 0 | W14: 145349 | X14: =IFERROR(INDEX([1]Sheet1!$A$2:$X$1948,MATCH($W$2:$W$268,[1]Sheet1!$G$2:$G$1948,0),8),"") -> 이츠웰 사골엑기스(1Kg/EA) | Y14: 1000 | AB14: =T14*AD14 -> #DIV/0! | AC14: =U14*AD14 -> #DIV/0! | AD14: =AA14/E14 -> #DIV/0! | AE14: 424285 | AF14: =IFERROR(INDEX([1]Sheet1!$A$2:$X$1948,MATCH($AE$2:$AE$268,[1]Sheet1!$G$2:$G$1948,0),8),"") -> 소양지(3*2*0.3cm_저지방 키즈용_국거리용 KG) | AH14: =P14*AJ14 -> #DIV/0! | AI14: =Q14*AJ14 -> #DIV/0! | AJ14: =AG14/$E14 -> #DIV/0! | AK14: 204418 | AL14: =IFERROR(INDEX([1]Sheet1!$A$2:$X$1948,MATCH($AK$2:$AK$268,[1]Sheet1!$G$2:$G$1948,0),8),"") -> 무우(특품 9~12개입 18Kg/BOX)
A15: 14 | C15: 얼큰소고기무국 | H15: 무(국산)18.3%, 소고기(호주산)10.7%, 양파, 대파, 마늘, 정제수, 소금, 고춧가루, 멸치육수농축액, 국간장, 후추 | I15: .5.16.
A16: 15 | C16: 맑은순두부국 | H16: 순두부(대두:수입산)15%, 호박, 파, 마늘, 새우젓(새우,소금:국산), 멸치육수농축액, 정제수, 소금 | I16: .5.9.
A17: 16 | C17: 소고기장국 | H17: 열갈이(국산)10%, 소고기(호주산)7%, 무(국산)5%, 콩나물(원료수입산)5%, 정제수, 된장, 대파, 마늘, 국간장, 멸치육수농축액, 소금 | I17: .5.16. | J17: 멸치육수농축액(면사랑) 40g / 45g )
A18: 17 | C18: 두부탕국 | H18: 두부(원료수입산)18%, 무(국산)10%,, 파, 마늘, 정제수, 멸치육수농축액, 국간장, 소금 | I18: .5. | J18: 멸치육수농축액(면사랑) 40g / 45g )
A19: 18 | C19: 맑은미역국 | H19: 불린미역(국산)23%, 정제수, 참기름, 국간장, 밥새우, 멸치육수농축액, 마늘, 소금 | I19: .5.9. | J19: 25g / 30g | L19: 2565 | M19: 128.25 | N19: 2693.25 | O19: =E19 -> 0 | P19: =D19 -> 0 | Q19: =D19 -> 0 | R19: g | S19: =E19 -> 0 | T19: =D19 -> 0 | U19: =D19 -> 0 | W19: 206631 | X19: =IFERROR(INDEX([1]Sheet1!$A$2:$X$1948,MATCH($W$2:$W$268,[1]Sheet1!$G$2:$G$1948,0),8),"") -> 냉동아욱(상품 1Kg/PAC) | Y19: 1000 | AA19: 32 | AB19: =T19*AD19 -> #DIV/0! | AC19: =U19*AD19 -> #DIV/0! | AD19: =AA19/E19 -> #DIV/0! | AE19: 313633 | AF19: =IFERROR(INDEX([1]Sheet1!$A$2:$X$1948,MATCH($AE$2:$AE$268,[1]Sheet1!$G$2:$G$1948,0),8),"") -> 현대푸드 두절건새우(중 1Kg/EA) | AH19: =P19*AJ19 -> #DIV/0! | AI19: =Q19*AJ19 -> #DIV/0! | AJ19: =AG19/$E19 -> #DIV/0! | AL19: =IFERROR(INDEX([1]Sheet1!$A$2:$X$1948,MATCH($AK$2:$AK$268,[1]Sheet1!$G$2:$G$1948,0),8),"") -> 0
A20: 19 | C20: 미소장국 | H20: 두부(콩:미국,호주,캐나다등)18%, 팽이버섯(국산)5%, 실파(국산), 정제수, 미소된장(국산), 멸치육수농축액, 소금 | I20: .5. | J20: 멸치육수농축액(면사랑)
A21: 20 | C21: 맑은콩나물국 | H21: 콩나물(콩:외국산)25%, 정제수, 국간장, 마늘, 대파, 멸치육수농축액, 소금 | I21: .5. | J21: 25g / 28g
A22: 21 | C22: 양배추두부된장국 | H22: 양배추(국내산)20%, 두부(대두:외국산)7%, 정제수, 파, 마늘, 국간장, 멸치육수농축액, 소금 | I22: .5. | L22: 1200 | M22: 60 | N22: 1260 | O22: =E22 -> 0 | P22: =D22 -> 0 | Q22: =D22 -> 0 | R22: g | S22: =E22 -> 0 | T22: =D22 -> 0 | U22: =D22 -> 0 | W22: 192872 | X22: =IFERROR(INDEX([1]Sheet1!$A$2:$X$1948,MATCH($W$2:$W$268,[1]Sheet1!$G$2:$G$1948,0),8),"") -> 소이원 콩나물(곱슬이_단채 4Kg/BOX) | AB22: =T22*AD22 -> #DIV/0! | AC22: =U22*AD22 -> #DIV/0! | AD22: =AA22/E22 -> #DIV/0! | AE22: 168257 | AF22: =IFERROR(INDEX([1]Sheet1!$A$2:$X$1948,MATCH($AE$2:$AE$268,[1]Sheet1!$G$2:$G$1948,0),8),"") -> 명품 판두부(찌개용 3Kg/EA) | AH22: =P22*AJ22 -> #DIV/0! | AI22: =Q22*AJ22 -> #DIV/0! | AJ22: =AG22/$E22 -> #DIV/0! | AL22: =IFERROR(INDEX([1]Sheet1!$A$2:$X$1948,MATCH($AK$2:$AK$268,[1]Sheet1!$G$2:$G$1948,0),8),"") -> 0
A23: 23 | C23: 짬뽕국 | H23: 숙주(녹두:외국산)12%, 해산물(대왕오징어:페루산, 홍합.바지락.새우살:중국산)7%, 양파, 청경채, 파, 마늘, 정제수, 고춧가루, 고추기름, 치킨스톡, 소금 | I23: .5.9.15.17.18.
A24: 24 | C24: 감자된장국 | H24: 감자(국산)20%, 두부(대두:외국산)5%, 양파, 파, 마늘, 멸치육수농축액, 된장, 정제수, 소금 | I24: .5.6. | J24: 50g/55g
A25: 25 | C25: 설렁탕 | H25: 소고기(호주산)14.3%, 사골육수 [잡뼈(한우), 사골(한우), 사골액기스 {정제수, 사골농축액17% (사골:호주산) 천일염}, 정제수], 생대파(국산), 후추, 소금 | I25: .5.16. | O25: =E25 -> 0 | P25: =D25 -> 0 | Q25: =D25 -> 0 | R25: g | S25: =E25 -> 0 | T25: =D25 -> 0 | U25: =D25 -> 0 | W25: 223307 | X25: =IFERROR(INDEX([1]Sheet1!$A$2:$X$1948,MATCH($W$2:$W$268,[1]Sheet1!$G$2:$G$1948,0),8),"") -> 냉동얼갈이(IQF 1Kg/EA) | Y25: 1000 | AA25: 42 | AB25: =T25*AD25 -> #DIV/0! | AC25: =U25*AD25 -> #DIV/0! | AD25: =AA25/E25 -> #DIV/0! | AE25: 145349 | AF25: =IFERROR(INDEX([1]Sheet1!$A$2:$X$1948,MATCH($AE$2:$AE$268,[1]Sheet1!$G$2:$G$1948,0),8),"") -> 이츠웰 사골엑기스(1Kg/EA) | AH25: =P25*AJ25 -> #DIV/0! | AI25: =Q25*AJ25 -> #DIV/0! | AJ25: =AG25/$E25 -> #DIV/0! | AL25: =IFERROR(INDEX([1]Sheet1!$A$2:$X$1948,MATCH($AK$2:$AK$268,[1]Sheet1!$G$2:$G$1948,0),8),"") -> 0
A26: 26 | C26: 유부미소국 | H26: 유부(원료수입산)10%, 팽이버섯(국산)2%, 미소된장(국내산), 정제수, 멸치육수농축액, 실파, 마늘, 소금 | I26: .5. | J26: 20g / 25g
A27: 27 | C27: 전복소라미역국 | H27: 불린미역(국산)20%, 전복소라다이스[피뿔고동살(불가리아,터키,루마니아등)50%, 논우렁살(베트남산)30%, 전복살(말레이시아,인도네시아,중국 등)20%]5%, 정제수, 밥새우, 멸치육수농축액, 국간장, 참기름, 마늘, 소금 | I27: .5.9.18.21. | J27: 25g / 30g
A28: 28 | C28: 조랭이떡국 | H28: 조랭이떡(쌀:국내산)25%, 소고기(호주산)3.5%, 계란(국내산)1%, 대파, 마늘, 국간장, 정제수, 소금 | I28: .1.5.16. | J28: 40g / 50g | O28: =E28 -> 0 | P28: =D28 -> 0 | Q28: =D28 -> 0 | R28: g | S28: =E28 -> 0 | T28: =D28 -> 0 | U28: =D28 -> 0 | W28: 192918 | X28: =IFERROR(INDEX([1]Sheet1!$A$2:$X$1948,MATCH($W$2:$W$268,[1]Sheet1!$G$2:$G$1948,0),8),"") -> 양배추(겉잎제거 KG) | Y28: 1000 | AA28: 35 | AB28: =T28*AD28 -> #DIV/0! | AC28: =U28*AD28 -> #DIV/0! | AD28: =AA28/E28 -> #DIV/0! | AE28: 424285 | AF28: =IFERROR(INDEX([1]Sheet1!$A$2:$X$1948,MATCH($AE$2:$AE$268,[1]Sheet1!$G$2:$G$1948,0),8),"") -> 소양지(3*2*0.3cm_저지방 키즈용_국거리용 KG) | AG28: 16 | AH28: =P28*AJ28 -> #DIV/0! | AI28: =Q28*AJ28 -> #DIV/0! | AJ28: =AG28/$E28 -> #DIV/0! | AL28: =IFERROR(INDEX([1]Sheet1!$A$2:$X$1948,MATCH($AK$2:$AK$268,[1]Sheet1!$G$2:$G$1948,0),8),"") -> 0
A29: 29 | C29: 소고기탕국 | H29: 무(국산)15%, 소고기(호주산)8%, 두부(원료수입산)5%, 양파, 대파, 마늘, 정제수, 멸치육수농축액, 국간장, 소금 | I29: .5.16. | J29: 40g / 50g
A30: 30 | C30: 북어국 | H30: 북어채(러시아산)5%, 두부(원료수입산)12%, 무8%, 양파, 정제수, 대파, 마늘, 참기름, 국간장, 소금 | I30: .5.21. | J30: 40g / 50g | L30: 2535 | M30: 126.75 | N30: 2661.75 | O30: =E30 -> 0 | P30: =D30 -> 0 | Q30: =D30 -> 0 | R30: g | S30: =E30 -> 0 | T30: =D30 -> 0 | U30: =D30 -> 0 | W30: 211037 | X30: =IFERROR(INDEX([1]Sheet1!$A$2:$X$1948,MATCH($W$2:$W$268,[1]Sheet1!$G$2:$G$1948,0),8),"") -> 느타리버섯(실속 균상 2Kg/EA) | Y30: 2000 | AA30: 23 | AB30: =T30*AD30 -> #DIV/0! | AC30: =U30*AD30 -> #DIV/0! | AD30: =AA30/E30 -> #DIV/0! | AE30: 205745 | AF30: =IFERROR(INDEX([1]Sheet1!$A$2:$X$1948,MATCH($AE$2:$AE$268,[1]Sheet1!$G$2:$G$1948,0),8),"") -> 총알새송이버섯(실속 2Kg/BOX) | AG30: 11 | AH30: =P30*AJ30 -> #DIV/0! | AI30: =Q30*AJ30 -> #DIV/0! | AJ30: =AG30/$E30 -> #DIV/0! | AL30: =IFERROR(INDEX([1]Sheet1!$A$2:$X$1948,MATCH($AK$2:$AK$268,[1]Sheet1!$G$2:$G$1948,0),8),"") -> 0
A31: 31 | C31: 순두부된장국 | H31: 순두부(콩:미국,캐나다,호주등)25%, 된장(국산), 파, 마늘, 정제수, 멸치육수농축액, 소금 | I31: .5. | O31: =E31 -> 0 | P31: =D31 -> 0 | Q31: =D31 -> 0 | R31: g | S31: =E31 -> 0 | T31: =D31 -> 0 | U31: =D31 -> 0 | W31: 193090 | X31: =IFERROR(INDEX([1]Sheet1!$A$2:$X$1948,MATCH($W$2:$W$268,[1]Sheet1!$G$2:$G$1948,0),8),"") -> 냉동감자(절단_3~4cm 1Kg/EA) | Y31: 1000 | AA31: 30 | AB31: =T31*AD31 -> #DIV/0! | AC31: =U31*AD31 -> #DIV/0! | AD31: =AA31/E31 -> #DIV/0! | AE31: 204964 | AF31: =IFERROR(INDEX([1]Sheet1!$A$2:$X$1948,MATCH($AE$2:$AE$268,[1]Sheet1!$G$2:$G$1948,0),8),"") -> 냉동표고버섯(슬라이스 1Kg/PAC) | AG31: 13 | AH31: =P31*AJ31 -> #DIV/0! | AI31: =Q31*AJ31 -> #DIV/0! | AJ31: =AG31/$E31 -> #DIV/0! | AL31: =IFERROR(INDEX([1]Sheet1!$A$2:$X$1948,MATCH($AK$2:$AK$268,[1]Sheet1!$G$2:$G$1948,0),8),"") -> 0 | AN31: =P31*AP31 -> #DIV/0! | AO31: =Q31*AP31 -> #DIV/0! | AP31: =AM31/$E31 -> #DIV/0!
A32: 32 | C32: 맑은닭곰탕 | H32: 닭고기(국산)12%, 무(국산)10%, 정제수, 파, 마늘, 소금 | I32: .5.16.
A33: 33 | C33: 숙주닭곰탕 | H33: 닭고기(국내산)12%, 숙주(녹두:외국산), 파, 마늘, 소금, 치킨스톡 | I33: .5.16. | J33: 35g /40g
A34: 34 | C34: 우거지된장국 | H34: 우거지(국산)17%, 두부(원료수입산)10.7%, 양파, 대파, 마늘, 된장, 정제수, 멸치육수농축액, 소금 | I34: .5.
A35: 35 | C35: 대파계란탕 | H35: 계란(국산)20%, 대파(국산)2%, 마늘, 멸치육수농축액, 정제수, 소금 | I35: .1.5. | J35: 멸치육수농축액(면사랑)
A36: 36 | C36: 게살계란탕 | H36: 계란(국산)18.7%, 게살(국산)3.5%, 팽이버섯, 파, 마늘, 멸치육수농축액, 정제수, 녹말가루, 소금, 참기름 | I36: .1.2.5.8.21.
A37: 37 | C37: 논우렁살된장찌개 | H37: 논우렁살(우렁:베트남산), 모둠채소(호박, 양파, 감자:국산)25%, 두부(콩:미국,호주,캐나다등)8%, 파, 마늘, 된장, 멸치육수농축액, 정제수, 소금 | I37: .5. | J37: 50g / 60g
A38: 38 | C38: 순두부된장찌개 | H38: 모둠채소(호박, 양파, 감자:국산)20%, 순두부(콩:미국,호주,캐나다등)12%, 파, 마늘, 된장, 멸치육수농축액, 정제수, 소금 | I38: .5. | J38: 50g / 60g
C39: 된장찌개 | H39: 모둠채소(호박, 양파, 감자:국산)20%, 두부(콩:미국,호주,캐나다등)12%, 파, 마늘, 된장, 멸치육수농축액, 정제수, 소금 | I39: .5.
A40: 37 | C40: 호박잎된장찌개 | H40: 호박잎(국내산)5%, 모둠채소(호박, 양파, 감자:국산)20%, 두부(콩:미국,호주,캐나다등)8%, 파, 마늘, 된장, 멸치육수농축액, 정제수, 소금 | I40: .5.
C41: 꽃게된장찌개 | H41: 꽃게(중국산)18%, 모듬채소(호박,양파,감자:국산)12%, 두부(대두:외국산), 마늘, 된장, 멸치육수농축액, 정제수, 국간장, 소금 | I41: .5.8.
A42: 38 | C42: 콩나물된장국 | H42: 콩나물(콩:수입산)20%, 두부(콩:수입산)8%, 양파, 파, 마늘, 정제수, 된장, 소금 | I42: .5. | O42: =E42 -> 0 | P42: 120 | R42: g | S42: 2 | T42: 6 | U42: 10 | V42: 개 | W42: 127359 | X42: =IFERROR(INDEX([1]Sheet1!$A$2:$X$1948,MATCH($W$2:$W$268,[1]Sheet1!$G$2:$G$1948,0),8),"") -> 사조대림 사각잡채군만두(32±1개입 800g/EA) | Y42: 800 | Z42: 32 | AA42: 2 | AB42: =T42 -> 6 | AC42: =U42 -> 10 | AF42: =IFERROR(INDEX([1]Sheet1!$A$2:$X$1948,MATCH($AE$2:$AE$268,[1]Sheet1!$G$2:$G$1948,0),8),"") -> 0 | AH42: =P42*AJ42 -> #DIV/0! | AI42: =Q42*AJ42 -> #DIV/0! | AJ42: =AG42/$E42 -> #DIV/0! | AL42: =IFERROR(INDEX([1]Sheet1!$A$2:$X$1948,MATCH($AK$2:$AK$268,[1]Sheet1!$G$2:$G$1948,0),8),"") -> 0 | AN42: =P42*AP42 -> #DIV/0! | AO42: =Q42*AP42 -> #DIV/0! | AP42: =AM42/$E42 -> #DIV/0!
A43: 39 | C43: 소고기양배추국 | H43: 양배추(국산)19.6%, 소고기(호주산)5.4%, 정제수, 대파, 마늘, 소금,멸치육수농축액, 국간장 | I43: .5.16. | J43: 35g / 40g(2026.05.12) | O43: =E43 -> 0 | P43: =D43 -> 0 | Q43: =D43 -> 0 | R43: g | S43: =E43 -> 0 | T43: =D43 -> 0 | U43: =D43 -> 0 | W43: 211037 | X43: =IFERROR(INDEX([1]Sheet1!$A$2:$X$1948,MATCH($W$2:$W$268,[1]Sheet1!$G$2:$G$1948,0),8),"") -> 느타리버섯(실속 균상 2Kg/EA) | Y43: 2000 | AA43: 15 | AB43: =T43*AD43 -> #DIV/0! | AC43: =U43*AD43 -> #DIV/0! | AD43: =AA43/E43 -> #DIV/0! | AE43: 204964 | AF43: =IFERROR(INDEX([1]Sheet1!$A$2:$X$1948,MATCH($AE$2:$AE$268,[1]Sheet1!$G$2:$G$1948,0),8),"") -> 냉동표고버섯(슬라이스 1Kg/PAC) | AG43: 15 | AH43: =P43*AJ43 -> #DIV/0! | AI43: =Q43*AJ43 -> #DIV/0! | AJ43: =AG43/$E43 -> #DIV/0! | AK43: 226247 | AL43: =IFERROR(INDEX([1]Sheet1!$A$2:$X$1948,MATCH($AK$2:$AK$268,[1]Sheet1!$G$2:$G$1948,0),8),"") -> 냉동표고버섯(1.5*1.5cm다이스 1Kg/EA)
A44: 40 | C44: 열무된장국 | H44: 열무(국산)18%, 두부(대두:수입산), 양파, 파, 마늘, 된장, 멸치육수농축액, 국간장, 정제수, 소금 | I44: .5. | J44: 40g / 50g
A45: 41 | C45: 닭봉삼계탕 | H45: 닭봉(국산)36%, 무(국산)7%, 약재(황기, 대추, 당귀, 허개나무, 엄나무, 오가피 : 국산)3%, 정제수, 파, 마늘, 후추가루, 소금 | I45: .5.15.
A46: 42 | C46: 황태미역국 | H46: 미역(국산)18%, 황태(러시아산)5%, 정제수, 밥새우, 멸치육수농축액, 국간장, 참기름, 마늘, 소금 | I46: .5.9.21. | J46: 28g / 30g | L46: 320 | M46: 16 | N46: 336 | O46: =E46 -> 0 | P46: =D46 -> 0 | Q46: =D46 -> 0 | R46: g | S46: =E46 -> 0 | T46: =D46 -> 0 | U46: =D46 -> 0 | W46: 318643 | X46: =IFERROR(INDEX([1]Sheet1!$A$2:$X$1948,MATCH($W$2:$W$268,[1]Sheet1!$G$2:$G$1948,0),8),"") -> 아이누리 자른건미역(상품 200g/EA) | Y46: 200 | AA46: 3 | AB46: =T46*AD46 -> #DIV/0! | AC46: =U46*AD46 -> #DIV/0! | AD46: =AA46/E46 -> #DIV/0! | AE46: 193090 | AF46: =IFERROR(INDEX([1]Sheet1!$A$2:$X$1948,MATCH($AE$2:$AE$268,[1]Sheet1!$G$2:$G$1948,0),8),"") -> 냉동감자(절단_3~4cm 1Kg/EA) | AG46: 17 | AH46: =P46*AJ46 -> #DIV/0! | AI46: =Q46*AJ46 -> #DIV/0! | AJ46: =AG46/$E46 -> #DIV/0! | AL46: =IFERROR(INDEX([1]Sheet1!$A$2:$X$1948,MATCH($AK$2:$AK$268,[1]Sheet1!$G$2:$G$1948,0),8),"") -> 0
A47: 43 | C47: 소고기숙주국 | H47: 숙주(녹두:외국산)20%, 소고기(호주산)8%, 정제수, 대파, 마늘, 멸치육수농축액, 국간장, 소금 | I47: .5.16. | J47: 멸치육수농축액(면사랑)
A48: 44 | C48: 순살아귀탕 | H48: 아귀(국산)8%, 콩나물(콩:수입산), 무(국내산), 파, 마늘, 정제수, 국간장, 소금 | I48: .5. | J48: 45g / 50g
A49: 45 | C49: 시금치된장국 | H49: 시금치(중국산)23%, 양파, 대파, 마늘, 정제수, 된장, 국간장, 멸치육수농축액, 소금 | I49: .5. | J49: 멸치육수농축액(면사랑) 40g / 55g
A50: 46 | C50: 들깨무채국 | H50: 무(국산)20%, 두부(콩:미국,호주,캐나다등), 거피들깨(중국산), 대파, 마늘, 멸치육수농축액, 정제수, 소금 | I50: .5.22. | J50: 45g / 50g
A51: 47 | C51: 건새우무채국 | H51: 무(국산)25%, 건새우(국산)3%, 대파, 마늘, 멸치육수농축액, 정제수, 소금 | I51: .5.9.
C52: 다시마무채국 | H52: 무(국산)25%, 다시마(국산)3%, 대파, 마늘, 멸치육수농축액, 정제수, 소금 | I52: .5.
A53: 48 | C53: 모둠채소된장국 | H53: 모둠채소[(호박.감자.양파.느타리버섯:국산),.표고버섯(중국산)]20%, 두부(원료수입산)5%, 정제수, 된장, 대파, 마늘, 소금 | I53: .5. | J53: 50g / 60g
A54: 49 | C54: 볼어묵양배추국 | H54: 양배추(국산)15%, 볼어묵{연육53.29%(어육:중국산, 베트남산), 밀가루(밀:호주산, 미국산), 정제소금(국산), 대두유}10.5%, 정제수, 대파, 마늘, 소금, 국간장, 멸치육수농축액 | I54: .1.5.6. | J54: 볼어묵(이츠웰)40g / 45g | L54: 12870 | M54: 643.5 | N54: 13513.5 | O54: =E54 -> 0 | P54: 200 | Q54: 300 | R54: g | W54: 193090 | X54: =IFERROR(INDEX([1]Sheet1!$A$2:$X$1948,MATCH($W$2:$W$268,[1]Sheet1!$G$2:$G$1948,0),8),"") -> 냉동감자(절단_3~4cm 1Kg/EA) | Y54: 1000 | AA54: 23 | AB54: =P54*AD54 -> #DIV/0! | AC54: =Q54*AD54 -> #DIV/0! | AD54: =AA54/E54 -> #DIV/0! | AE54: 410401 | AF54: =IFERROR(INDEX([1]Sheet1!$A$2:$X$1948,MATCH($AE$2:$AE$268,[1]Sheet1!$G$2:$G$1948,0),8),"") -> 체리부로 닭다리살(무항생_100±10g/덩어리_껍질있음 KG) | AG54: 9 | AH54: =P54*AJ54 -> #DIV/0! | AI54: =Q54*AJ54 -> #DIV/0! | AJ54: =AG54/$E54 -> #DIV/0! | AL54: =IFERROR(INDEX([1]Sheet1!$A$2:$X$1948,MATCH($AK$2:$AK$268,[1]Sheet1!$G$2:$G$1948,0),8),"") -> 0 | AN54: =P54*AP54 -> #DIV/0! | AO54: =Q54*AP54 -> #DIV/0! | AP54: =AM54/$E54 -> #DIV/0!
A55: 50 | C55: 시래기된장국 | H55: 시래기(무청시래기:국산)25%, 양파, 대파, 마늘, 정제수, 된장, 멸치육수농축액, 소금 | I55: .5. | J55: 35g / 40g | O55: =E55 -> 0 | R55: g | W55: 223307 | X55: =IFERROR(INDEX([1]Sheet1!$A$2:$X$1948,MATCH($W$2:$W$268,[1]Sheet1!$G$2:$G$1948,0),8),"") -> 냉동얼갈이(IQF 1Kg/EA) | Y55: 1000 | AA55: 26 | AB55: =P55*AD55 -> #DIV/0! | AC55: =Q55*AD55 -> #DIV/0! | AD55: =AA55/E55 -> #DIV/0! | AF55: =IFERROR(INDEX([1]Sheet1!$A$2:$X$1948,MATCH($AE$2:$AE$268,[1]Sheet1!$G$2:$G$1948,0),8),"") -> 0 | AH55: =P55*AJ55 -> #DIV/0! | AI55: =Q55*AJ55 -> #DIV/0! | AJ55: =AG55/$E55 -> #DIV/0! | AL55: =IFERROR(INDEX([1]Sheet1!$A$2:$X$1948,MATCH($AK$2:$AK$268,[1]Sheet1!$G$2:$G$1948,0),8),"") -> 0 | AN55: =P55*AP55 -> #DIV/0! | AO55: =Q55*AP55 -> #DIV/0! | AP55: =AM55/$E55 -> #DIV/0!
A56: 51 | C56: 소고기콩나물국 | H56: 콩나물(원료수입산)20%, 소고기(호주산)10.5%, 정제수, 대파, 마늘, 소금,멸치육수농축액, 국간장 | I56: .5.16. | J56: 35g / 45g
A57: 52 | C57: 올갱이된장국 | H57: 얼갈이(국산) 20%, 다슬기(국산)3%, 된장(콩:원료수입산), 파, 마늘, 양파, 정제수, 국간장, 소금, | I57: .5. | J57: 30g / 35g
A58: 53 | C58: 표고계란탕 | H58: 계란(국산)20%, 표고(국산)3%, 파, 마늘, 멸치육수농축액, 정제수, 소금 | I58: .1.5.
A59: 54 | C59: 사골미역국 | H59: 불린미역(국내산)25%, 사골육수 [우잡뼈(한우)사골액기스 {정제수, 사골농축액17%(호주산) 천일염}, 정제수], 참기름, 국간장, 밥새우, 소금 | I59: .2.5.6.9.12.16. | J59: 28g / 30g
A60: 55 | C60: 한방닭곰탕 | H60: 닭고기(국산)12%, 무(국산)10%, 곰탕육수(정제수, 황기, 대추, 당귀, 헛개나무, 엄나무, 오가피:국산), 파, 마늘, 소금 | I60: .5.16. | J60: 40g / 50g
A61: 56 | C61: 순두부탕 | H61: 순두부(대두:미국,태나다.중국 등)70%, 정제수, 멸치육수농축액, 국간장 | I61: .5. | J61: 몽글순두부(풀무원)
A62: 57 | C62: 부대찌개 | H62: 모둠햄{켄터키후랑크[닭고기(국산)20%,돼지고기(국산)],스모크햄[돼지고기(국산),닭고기(국산)]}18%, 카보트후랑크소세지(미국산)7%, 베이키드빈스[강낭콩(중국산),토마토페이스트(중국산)]2%, 배추김치[배추(국내산),고춧가루(국내산)]5%, 사골액기스,양파, 파, 마늘, 정제수, 고춧가루(국내산), 국간장, 소금, 후추 | I62: .2.5.6.10.15.16. | J62: 사골엑기스(이츠웰), 모둠햄(대림선) | L62: 42080 | M62: 2104 | N62: 44184 | O62: =E62 -> 0 | P62: =D62 -> 0 | Q62: =D62 -> 0 | R62: g | S62: =E62 -> 0 | T62: =D62 -> 0 | U62: =D62 -> 0 | W62: 204418 | X62: =IFERROR(INDEX([1]Sheet1!$A$2:$X$1948,MATCH($W$2:$W$268,[1]Sheet1!$G$2:$G$1948,0),8),"") -> 무우(특품 9~12개입 18Kg/BOX) | Y62: 18000 | AA62: 32 | AB62: =T62*AD62 -> #DIV/0! | AC62: =U62*AD62 -> #DIV/0! | AD62: =AA62/E62 -> #DIV/0! | AE62: 313064 | AF62: =IFERROR(INDEX([1]Sheet1!$A$2:$X$1948,MATCH($AE$2:$AE$268,[1]Sheet1!$G$2:$G$1948,0),8),"") -> 아이누리 오징어몸채(500g/EA) | AG62: 20 | AH62: =P62*AJ62 -> #DIV/0! | AI62: =Q62*AJ62 -> #DIV/0! | AJ62: =AG62/$E62 -> #DIV/0! | AL62: =IFERROR(INDEX([1]Sheet1!$A$2:$X$1948,MATCH($AK$2:$AK$268,[1]Sheet1!$G$2:$G$1948,0),8),"") -> 0
A63: 58 | C63: 부대햄볶음 | H63: 모둠햄{켄터키후랑크[닭고기(국산)20%,돼지고기(국산)],스모크햄[돼지고기(국산),닭고기(국산)]}18%, 베이크드빈(원료수입산)3%, 양배추, 양파, 파, 마늘, 대두유, 케첩, 간장, 설탕, 고춧가루, 치킨스톡, 물엿, 후추 | I63: .2.5.6.10.12.15.16. | J63: 사골엑기스(이츠웰), 모둠햄(선진)
A64: 59 | C64: 황태감자국 | H64: 감자(국산)17%, 황태(러시아산)3%, 양파, 파, 마늘, 멸치육수농축액, 정제수, 소금 | I64: .5.
A65: 60 | C65: 두부된장국 | H65: 두부(콩:미국,캐나다,호주등)13%, 모둠버섯[새송이(국산), 표고(중국산),]10%, 양파, 파, 마늘, 된장, 멸치육수농축액, 정제수, 소금 | I65: .5. | J65: 판두부(이츠웰)
A66: 61 | C66: 팽이미소국 | H66: 미역(국산)10%, 팽이버섯(국산)8%, 미소된장(국산), 멸치육수농축액, 정제수, 소금 | I66: .5. | O66: =E66 -> 0 | P66: =D66 -> 0 | Q66: =D66 -> 0 | R66: g | S66: =E66 -> 0 | T66: =D66 -> 0 | U66: =D66 -> 0 | W66: 105902 | X66: =IFERROR(INDEX([1]Sheet1!$A$2:$X$1948,MATCH($W$2:$W$268,[1]Sheet1!$G$2:$G$1948,0),8),"") -> 아와세 아까미소(일식용 1Kg/EA) | Y66: 1000 | AA66: 15 | AB66: =T66*AD66 -> #DIV/0! | AC66: =U66*AD66 -> #DIV/0! | AD66: =AA66/E66 -> #DIV/0! | AE66: 318643 | AF66: =IFERROR(INDEX([1]Sheet1!$A$2:$X$1948,MATCH($AE$2:$AE$268,[1]Sheet1!$G$2:$G$1948,0),8),"") -> 아이누리 자른건미역(상품 200g/EA) | AG66: 3 | AH66: =P66*AJ66 -> #DIV/0! | AI66: =Q66*AJ66 -> #DIV/0! | AJ66: =AG66/$E66 -> #DIV/0! | AK66: 266412 | AL66: =IFERROR(INDEX([1]Sheet1!$A$2:$X$1948,MATCH($AK$2:$AK$268,[1]Sheet1!$G$2:$G$1948,0),8),"") -> 한미식품 유부(슬라이스 1Kg/EA)
A67: 62 | C67: 오징어콩나물국 | H67: 콩나물(원료수입산)13%, 무(국산)10%, 오징어(미국산,국산)5%, 대파, 마늘, 정제수, 멸치육수농축액, 국간장, 소금 | I67: .5.17. | J67: 30g / 35g
A68: 63 | C68: 얼갈이된장국 | H68: 얼갈이(국산) 23%, 된장(콩:원료수입산), 파, 마늘, 양파, 정제수, 멸치육수농축액, 국간장, 소금, | I68: .5. | J68: 30g / 35g | O68: =E68 -> 0 | P68: =D68 -> 0 | Q68: =D68 -> 0 | R68: g | S68: =E68 -> 0 | T68: =D68 -> 0 | U68: =D68 -> 0 | W68: 219387 | X68: =IFERROR(INDEX([1]Sheet1!$A$2:$X$1948,MATCH($W$2:$W$268,[1]Sheet1!$G$2:$G$1948,0),8),"") -> 냉동배추우거지(1Kg/EA) | Y68: 1000 | AA68: 26 | AB68: =T68*AD68 -> #DIV/0! | AC68: =U68*AD68 -> #DIV/0! | AD68: =AA68/E68 -> #DIV/0! | AE68: 168257 | AF68: =IFERROR(INDEX([1]Sheet1!$A$2:$X$1948,MATCH($AE$2:$AE$268,[1]Sheet1!$G$2:$G$1948,0),8),"") -> 명품 판두부(찌개용 3Kg/EA) | AG68: 17 | AH68: =P68*AJ68 -> #DIV/0! | AI68: =Q68*AJ68 -> #DIV/0! | AJ68: =AG68/$E68 -> #DIV/0! | AL68: =IFERROR(INDEX([1]Sheet1!$A$2:$X$1948,MATCH($AK$2:$AK$268,[1]Sheet1!$G$2:$G$1948,0),8),"") -> 0
A69: 64 | C69: 소고기버섯국 | H69: 버섯 [느타리,새송이:국산)]18%, 소고기(호주산)10%, 양파, 정제수, 마늘, 대파, 국간장, 소금 | I69: .5.16. | O69: =E69 -> 0 | P69: =D69 -> 0 | Q69: =D69 -> 0 | R69: g | S69: =E69 -> 0 | T69: =D69 -> 0 | U69: =D69 -> 0 | W69: 318643 | X69: =IFERROR(INDEX([1]Sheet1!$A$2:$X$1948,MATCH($W$2:$W$268,[1]Sheet1!$G$2:$G$1948,0),8),"") -> 아이누리 자른건미역(상품 200g/EA) | Y69: 200 | AA69: 3 | AB69: =T69*AD69 -> #DIV/0! | AC69: =U69*AD69 -> #DIV/0! | AD69: =AA69/E69 -> #DIV/0! | AE69: 424285 | AF69: =IFERROR(INDEX([1]Sheet1!$A$2:$X$1948,MATCH($AE$2:$AE$268,[1]Sheet1!$G$2:$G$1948,0),8),"") -> 소양지(3*2*0.3cm_저지방 키즈용_국거리용 KG) | AG69: 10 | AH69: =P69*AJ69 -> #DIV/0! | AI69: =Q69*AJ69 -> #DIV/0! | AJ69: =AG69/$E69 -> #DIV/0! | AL69: =IFERROR(INDEX([1]Sheet1!$A$2:$X$1948,MATCH($AK$2:$AK$268,[1]Sheet1!$G$2:$G$1948,0),8),"") -> 0
C70: 닭고기버섯국 | H70: 닭고기(국내산)7%, 버섯 [느타리,새송이:국산)]5%, 무(국산), 양파, 정제수, 마늘, 대파, 치킨스톡, 국간장, 소금 | I70: .5.15. | J70: 40g / 50g
A71: 65 | C71: 소고기감자국 | H71: 감자(국내산)18%, 소고기(호주산,미국산)7%, 양파, 정제수, 마늘, 대파, 국간장, 소금 | I71: .5.16.
A72: 66 | C72: 냉이된장국 | H72: 냉이(국산)7.8%, 모둠채소[느타리버섯(국산)), 무(국산), 양파(국산) ]13%, 파, 마늘, 된장, 정제수, 멸치육수농축액, 소금 | I72: .5.18.
A73: 67 | C73: 황태콩나물국 | H73: 콩나물(콩:외국산)16% , 황태채(러시아산)5%, 대파, 마늘, 참기름, 정제수, 소금 | I73: .5.21. | J73: 30g / 35g
A74: 68 | C74: 황태계란국 | H74: 계란(국산)10%, 황태채(러시아산)5%, 양파, 파, 마늘, 정제수, 참기름, 국간장, 소금 | I74: .1.5.21. | O74: =E74 -> 0 | P74: =D74 -> 0 | Q74: =D74 -> 0 | R74: g | S74: =E74 -> 0 | T74: =D74 -> 0 | U74: =D74 -> 0 | W74: 143422 | X74: =IFERROR(INDEX([1]Sheet1!$A$2:$X$1948,MATCH($W$2:$W$268,[1]Sheet1!$G$2:$G$1948,0),8),"") -> 이츠웰 순두부(1Kg/EA) | Y74: 1000 | AA74: 43 | AB74: =T74*AD74 -> #DIV/0! | AC74: =U74*AD74 -> #DIV/0! | AD74: =AA74/E74 -> #DIV/0! | AE74: 138570 | AF74: =IFERROR(INDEX([1]Sheet1!$A$2:$X$1948,MATCH($AE$2:$AE$268,[1]Sheet1!$G$2:$G$1948,0),8),"") -> 면사랑 멸치육수(1.8L_보급형 1.8Kg/EA) | AH74: =P74*AJ74 -> #DIV/0! | AI74: =Q74*AJ74 -> #DIV/0! | AJ74: =AG74/$E74 -> #DIV/0! | AL74: =IFERROR(INDEX([1]Sheet1!$A$2:$X$1948,MATCH($AK$2:$AK$268,[1]Sheet1!$G$2:$G$1948,0),8),"") -> 0
A75: 69 | C75: 모둠채소맑은국 | H75: 모둠채소[호박,감자,무,양파:국내산]25%, 파, 마늘, 정제수, 멸치육수농축액, 국간장, 소금 | I75: .5. | L75: 540 | M75: 27 | N75: 567 | O75: =E75 -> 0 | P75: =D75 -> 0 | Q75: =D75 -> 0 | R75: g | S75: =E75 -> 0 | T75: =D75 -> 0 | U75: =D75 -> 0 | W75: 318643 | X75: =IFERROR(INDEX([1]Sheet1!$A$2:$X$1948,MATCH($W$2:$W$268,[1]Sheet1!$G$2:$G$1948,0),8),"") -> 아이누리 자른건미역(상품 200g/EA) | Y75: 200 | AA75: 3 | AB75: =T75*AD75 -> #DIV/0! | AC75: =U75*AD75 -> #DIV/0! | AD75: =AA75/E75 -> #DIV/0! | AF75: =IFERROR(INDEX([1]Sheet1!$A$2:$X$1948,MATCH($AE$2:$AE$268,[1]Sheet1!$G$2:$G$1948,0),8),"") -> 0 | AH75: =P75*AJ75 -> #DIV/0! | AI75: =Q75*AJ75 -> #DIV/0! | AJ75: =AG75/$E75 -> #DIV/0! | AL75: =IFERROR(INDEX([1]Sheet1!$A$2:$X$1948,MATCH($AK$2:$AK$268,[1]Sheet1!$G$2:$G$1948,0),8),"") -> 0
A76: 70 | C76: 들깨미역국 | H76: 불린미역(국산)23%, 정제수, 거피들깨(중국산), 참기름, 국간장, 밥새우, 멸치육수농축액, 마늘, 소금 | I76: .5.9.21.22. | J76: 25g / 30g | L76: 16590 | M76: 829.5 | N76: 17419.5 | O76: =E76 -> 0 | P76: =D76 -> 0 | Q76: =D76 -> 0 | R76: g | S76: =E76 -> 0 | T76: =D76 -> 0 | U76: =D76 -> 0 | W76: 204418 | X76: =IFERROR(INDEX([1]Sheet1!$A$2:$X$1948,MATCH($W$2:$W$268,[1]Sheet1!$G$2:$G$1948,0),8),"") -> 무우(특품 9~12개입 18Kg/BOX) | Y76: 18000 | AA76: 28 | AB76: =T76*AD76 -> #DIV/0! | AC76: =U76*AD76 -> #DIV/0! | AD76: =AA76/E76 -> #DIV/0! | AE76: 424285 | AF76: =IFERROR(INDEX([1]Sheet1!$A$2:$X$1948,MATCH($AE$2:$AE$268,[1]Sheet1!$G$2:$G$1948,0),8),"") -> 소양지(3*2*0.3cm_저지방 키즈용_국거리용 KG) | AG76: 17 | AH76: =P76*AJ76 -> #DIV/0! | AI76: =Q76*AJ76 -> #DIV/0! | AJ76: =AG76/$E76 -> #DIV/0! | AL76: =IFERROR(INDEX([1]Sheet1!$A$2:$X$1948,MATCH($AK$2:$AK$268,[1]Sheet1!$G$2:$G$1948,0),8),"") -> 0
C77: 건새우미역국 | H77: 불린미역(국산)23%, 건새우(국내산),3%, 정제수, 참기름, 국간장, 밥새우, 멸치육수농축액, 마늘, 소금 | I77: .5.9.21.
A78: 71 | C78: 조랭이떡미역국 | H78: 미역(국산)18.6%, 조랭이떡(쌀:국내산)12%, 정제수, 밥새우, 멸치육수농축액, 국간장, 참기름, 소금 | I78: .5.9.21. | J78: 40g / 50g
A79: 72 | C79: 바지락살무국 | H79: 무(국산)20%, 바지락살(중국산)5%, 두부(콩:미국.호주.캐나다등), 대파, 마늘, 국간장, 정제수, 소금
A80: 73 | C80: 유부무국 | H80: 무(국산_)18.3%, 유부(원료수입산)7%, 정제수, 국간장, 파, 마늘, 소금 | I80: .5. | J80: 30g / 35g | O80: =E80 -> 0 | P80: =D80 -> 0 | Q80: =D80 -> 0 | R80: g | S80: =E80 -> 0 | T80: =D80 -> 0 | U80: =D80 -> 0 | W80: 193090 | X80: =IFERROR(INDEX([1]Sheet1!$A$2:$X$1948,MATCH($W$2:$W$268,[1]Sheet1!$G$2:$G$1948,0),8),"") -> 냉동감자(절단_3~4cm 1Kg/EA) | Y80: 1000 | AA80: 28 | AB80: =T80*AD80 -> #DIV/0! | AC80: =U80*AD80 -> #DIV/0! | AD80: =AA80/E80 -> #DIV/0! | AE80: 226247 | AF80: =IFERROR(INDEX([1]Sheet1!$A$2:$X$1948,MATCH($AE$2:$AE$268,[1]Sheet1!$G$2:$G$1948,0),8),"") -> 냉동표고버섯(1.5*1.5cm다이스 1Kg/EA) | AH80: =P80*AJ80 -> #DIV/0! | AI80: =Q80*AJ80 -> #DIV/0! | AJ80: =AG80/$E80 -> #DIV/0! | AK80: 420010 | AL80: =IFERROR(INDEX([1]Sheet1!$A$2:$X$1948,MATCH($AK$2:$AK$268,[1]Sheet1!$G$2:$G$1948,0),8),"") -> 알로팜 계란(왕란_무항생제_68g*30입 2.04Kg/EA)
A81: 74 | C81: 감자계란국 | H81: 감자(국산)15%, 계란(국산)3.5%, 양파, 파, 마늘, 멸치육수농축액, 정제수, 소금 | I81: .1.5. | J81: 40g / 45g
A82: 75 | C82: 육개장 | H82: 소고기(호주산)8.3%, 무(국산)10%, 고사리(중국산), 숙주(녹두:외국산), 느타리버섯, 파, 마늘, 정제수, 국간장, 소금, 후추 | I82: .5.16.
A83: 76 | C83: 두부계란국 | H83: 두부(대두:수입산)18%, 계란(국내산)3.5%, 파, 마늘, 멸치육수농축액, 정제수, 소금 | I83: .1.5.
A84: 77 | C84: 어묵양배추국 | H84: 어묵(원료수입산)15%, 양배추(국산)10%, 양파, 대파, 마늘, 정제수, 국간장, 소금 | I84: .5.
A85: 78 | C85: 호박잎된장국 | H85: 채소[호박잎, 호박, 감자]25%, 정제수, 파, 마늘, 된장, 멸치육수농축액, 국간장, 소금 | I85: .5.
A86: 79 | C86: 얼큰어묵탕 | H86: 볼어묵[연육(:중국산, 베트남산)53.29%, 설탕, 밀가루(밀:미국산, 호주산), 정제소금(국산)]18%, 무(국산)10%, 양파, 대파, 고춧가루, 멸치육수농축액, 마늘, 정제수, 국간장, 소금 | I86: .5.6. | J86: 볼어묵(이츠웰)
A87: 80 | C87: 볼어묵국 | H87: 볼어묵[연육(:중국산, 베트남산)]18%, 무(국산)7%, 양파, 대파, 마늘, 정제수, 국간장, 소금 | I87: .5.6. | J87: 40g / 45g볼어묵(이츠웰) | L87: 480 | M87: 24 | N87: 504 | O87: =E87 -> 0 | P87: =D87 -> 0 | Q87: =D87 -> 0 | R87: g | S87: =E87 -> 0 | T87: =D87 -> 0 | U87: =D87 -> 0 | W87: 221871 | X87: =IFERROR(INDEX([1]Sheet1!$A$2:$X$1948,MATCH($W$2:$W$268,[1]Sheet1!$G$2:$G$1948,0),8),"") -> 냉동시금치(IQF 1Kg/EA) | Y87: 1000 | AA87: 21 | AB87: =T87*AD87 -> #DIV/0! | AC87: =U87*AD87 -> #DIV/0! | AD87: =AA87/E87 -> #DIV/0! | AE87: 168384 | AF87: =IFERROR(INDEX([1]Sheet1!$A$2:$X$1948,MATCH($AE$2:$AE$268,[1]Sheet1!$G$2:$G$1948,0),8),"") -> 사조대림 사각어묵(알뜰 1Kg/EA) | AG87: 17 | AH87: =P87*AJ87 -> #DIV/0! | AI87: =Q87*AJ87 -> #DIV/0! | AJ87: =AG87/$E87 -> #DIV/0! | AL87: =IFERROR(INDEX([1]Sheet1!$A$2:$X$1948,MATCH($AK$2:$AK$268,[1]Sheet1!$G$2:$G$1948,0),8),"") -> 0
A88: 81 | C88: 배추된장국 | H88: 데친배추(배추:국산)18%, 두부(대두:수입산), 양파, 대파, 마늘, 된장, 정제수, 멸치육수농축액, 국간장 | I88: .5. | J88: 멸치육수농축액(면사랑) | L88: 25650 | M88: 1282.5 | N88: 26932.5 | O88: =E88 -> 0 | P88: =D88 -> 0 | Q88: =D88 -> 0 | R88: g | S88: =E88 -> 0 | T88: =D88 -> 0 | U88: =D88 -> 0 | W88: 211696 | X88: =IFERROR(INDEX([1]Sheet1!$A$2:$X$1948,MATCH($W$2:$W$268,[1]Sheet1!$G$2:$G$1948,0),8),"") -> 건시래기(데친것 KG) | Y88: 1000 | AA88: 24 | AB88: =T88*AD88 -> #DIV/0! | AC88: =U88*AD88 -> #DIV/0! | AD88: =AA88/E88 -> #DIV/0! | AE88: 313570 | AF88: =IFERROR(INDEX([1]Sheet1!$A$2:$X$1948,MATCH($AE$2:$AE$268,[1]Sheet1!$G$2:$G$1948,0),8),"") -> 프레시웨이 북어채(1Kg/EA) | AG88: 8 | AH88: =P88*AJ88 -> #DIV/0! | AI88: =Q88*AJ88 -> #DIV/0! | AJ88: =AG88/$E88 -> #DIV/0! | AL88: =IFERROR(INDEX([1]Sheet1!$A$2:$X$1948,MATCH($AK$2:$AK$268,[1]Sheet1!$G$2:$G$1948,0),8),"") -> 0
A89: 82 | C89: 봄동바지락된장국 | H89: 봄동(국산)18.8%, 바지락(중국산)5%, 정제수, 양파, 마늘, 파, 된장, 멸치육수농축액, 국간장, 소금 | I89: .5.18. | O89: =E89 -> 0 | P89: =D89 -> 0 | Q89: =D89 -> 0 | R89: g | S89: =E89 -> 0 | T89: =D89 -> 0 | U89: =D89 -> 0 | W89: 221871 | X89: =IFERROR(INDEX([1]Sheet1!$A$2:$X$1948,MATCH($W$2:$W$268,[1]Sheet1!$G$2:$G$1948,0),8),"") -> 냉동시금치(IQF 1Kg/EA) | Y89: 1000 | AA89: 42 | AB89: =T89*AD89 -> #DIV/0! | AC89: =U89*AD89 -> #DIV/0! | AD89: =AA89/E89 -> #DIV/0! | AE89: 105943 | AF89: =IFERROR(INDEX([1]Sheet1!$A$2:$X$1948,MATCH($AE$2:$AE$268,[1]Sheet1!$G$2:$G$1948,0),8),"") -> 대상 재래된장(지함_재래식숙성 14Kg/EA) | AH89: =P89*AJ89 -> #DIV/0! | AI89: =Q89*AJ89 -> #DIV/0! | AJ89: =AG89/$E89 -> #DIV/0! | AL89: =IFERROR(INDEX([1]Sheet1!$A$2:$X$1948,MATCH($AK$2:$AK$268,[1]Sheet1!$G$2:$G$1948,0),8),"") -> 0
A90: 83 | C90: 감자버섯된장국 | H90: 감자(국내산)10%, 모둠버섯(표고:중국산, 새송이, 느타리:국산)7%, 두부(대두:수입산), 양파, 정제수, 된장(콩:수입산), 멸치육수농축액, 마늘, 파, 소금 | I90: .5. | J90: 겨울시즌 : 냉이 추가
A91: 84 | C91: 바지락콩나물국 | H91: 콩나물(원료수입산)16%, 바지락(중국산)7%, 바지락육수, 대파, 마늘, 고추가루, 정제수, 국간장, 소금 | I91: .5.
A92: 85 | C92: 콩나물어묵국 | H92: 콩나물(콩:수입산)15%, 어묵(원료수입산)10%, 양파, 파, 마늘, 정제수, 국간장, 소금 | I92: .5.6. | L92: 350 | M92: 17.5 | N92: 367.5 | O92: =E92 -> 0 | P92: =D92 -> 0 | Q92: =D92 -> 0 | R92: g | S92: =E92 -> 0 | T92: =D92 -> 0 | U92: =D92 -> 0 | W92: 197120 | X92: =IFERROR(INDEX([1]Sheet1!$A$2:$X$1948,MATCH($W$2:$W$268,[1]Sheet1!$G$2:$G$1948,0),8),"") -> 종가집 포기김치(숙성 10Kg/BOX) | Y92: 10000 | AA92: 21 | AB92: =T92*AD92 -> #DIV/0! | AC92: =U92*AD92 -> #DIV/0! | AD92: =AA92/E92 -> #DIV/0! | AE92: 192872 | AF92: =IFERROR(INDEX([1]Sheet1!$A$2:$X$1948,MATCH($AE$2:$AE$268,[1]Sheet1!$G$2:$G$1948,0),8),"") -> 소이원 콩나물(곱슬이_단채 4Kg/BOX) | AG92: 15 | AH92: =P92*AJ92 -> #DIV/0! | AI92: =Q92*AJ92 -> #DIV/0! | AJ92: =AG92/$E92 -> #DIV/0! | AL92: =IFERROR(INDEX([1]Sheet1!$A$2:$X$1948,MATCH($AK$2:$AK$268,[1]Sheet1!$G$2:$G$1948,0),8),"") -> 0
A93: 86 | C93: 순두부계란탕 | H93: 순두부(원료수입산)42.9%, 계란(국내산)7%, 당근, 파, 마늘, 정제수, 멸치육수농축액, 국간장, 소금 | I93: .1.5.
A94: 87 | C94: 얼큰순두부찌개 | H94: 순두부(원료수입산)42.9%, 바지락살(중국산)3%, 호박, 양파, 파, 마늘, 정제수, 고춧가루, 고추기름, 국간장, 참치액, 소금 | I94: .5.9.18.
A95: 88 | C95: 해물순두부찌개 | H95: 순두부(대두:수입산)42.9%, 해물[바지락살(중국산), 칵테일새우(베트남산), 오징어(미국산)]7%, 양파, 파, 마늘, 정제수, 멸치육수농축액, 고춧가루, 국간장,소금 | I95: .5.9.17.18.
A96: 89 | C96: 굴림만두국 | H96: 굴림만두(돼지고기:국산), 두부, 양배추, 양파, 부추, 대파, 난백, 밀가루, 참기름)35%, 계란(국산), 정제수, 멸치육수농축액, 마늘, 파, 소금 | I96: .1.2.5.6.10.16.21.
A97: 90 | C97: 통다리삼계탕 | H97: 닭다리(장각:국산)60%, 삼계탕육수(정제수, 황기,대추,당귀,헛개나무, 엄나무,오가피:국산)38%, 소금, 대파, 마늘, 후추 | I97: .15.
A98: 91 | C98: 무채콩나물국 | H98: 콩나물(원료수입산)16%, 무(국산)10%, 대파, 마늘, 정제수, 멸치육수농축액, 국간장, 소금 | I98: .5.
A99: 92 | C99: 꼬치어묵국 | H99: 어묵[연육:베트남산, 밀가루(밀:호주산, 미국산)]21.3%, 무(국산)5%, 양파, 파, 마늘, 정제수, 멸치육수농축액, 소금 | I99: .5.6. | J99: 꼬치어묵(삼호)
A100: 93 | C100: 두부고추장찌개 | H100: 돈육(국산)8%, 두부(원료수입산)7%, 애호박, 양파, 파, 마늘, 고추장, 고추가루, 국간장, 소금 | I100: .5.6.10. | J100: 70g
...

Sheet 07-01
B1: 2026-07-01(수) | M1: *한입해쉬브라운 : 9g(개당) | P1: *양송이떡갈비 : 1.5ea, 1.75, 2 | S1: *양배추당근라페 : 20g / 30g
B2: 출고일 | C2: 구분 | D2: 품명 | E2: 중량(g) | F2: 수량(장) | G2: 자재사용내역 | H2: 알러지 표기 | I2: 배송시점 | J2: 제공인원 | K2: 총생산량(Kg) | L2: 메 모 | M2: *샐러드 채소 : 15g, 20g ,25g | P2: *야채고기말이 : 1.1, 1.5, 1.5 | S2: *고구마튀김35g / 45g
B3: 중식 | C3: 밥 | D3: 친환경찰흑미쌀밥 | E3: 140 | G3: =IFERROR(INDEX(온라인_반찬!$C$2:$H$612,MATCH($D3,온라인_반찬!$C$2:$C$612,0),6),"") -> 쌀(국산)90%, 찰흑미(국산.친환경)5%, 정제수 | H3: =IFERROR(INDEX(온라인_반찬!$D$2:$J$605,MATCH($D3,온라인_반찬!$C$2:$C$605,0),6),"") -> 0 | I3: 2026-07-01 09:30~ | J3: 1440 | K3: 231090 | L3: =IFERROR(INDEX(온라인_반찬!$C$2:$J$605,MATCH($D3,온라인_반찬!$C$2:$C$605,0),8),"") -> 0 | M3: *웨지감자 : 25g / 30g | O3: *어묵채구이:12g / 15g | S3: 한입새우튀김 : 30g / 40g / 50g (소스15g)
C4: 국 | D4: 황태계란국 | E4: 150 | G4: =IFERROR(INDEX(온라인_반찬!$C$2:$H$612,MATCH($D4,온라인_반찬!$C$2:$C$612,0),6),"") -> 계란(국산)10%, 황태채(러시아산)5%, 양파, 파, 마늘, 정제수, 참기름, 국간장, 소금 | H4: =IFERROR(INDEX(온라인_반찬!$D$2:$J$605,MATCH($D4,온라인_반찬!$C$2:$C$605,0),6),"") -> .1.5.21. | I4: 2026-07-01 09:30~ | J4: 1440 | K4: 238020 | L4: =IFERROR(INDEX(온라인_반찬!$C$2:$J$605,MATCH($D4,온라인_반찬!$C$2:$C$605,0),8),"") -> 0 | M4: *꼬마돈까스: 25g, 중구청 35g | P4: *족발:45g / 55g | S4: *갈비만두 : 성분표기 인당1개 / 식수 인당1.5개
C5: 메인 | D5: 제육쌈장두루치기 | E5: 60 | G5: =IFERROR(INDEX(온라인_반찬!$C$2:$H$612,MATCH($D5,온라인_반찬!$C$2:$C$612,0),6),"") -> 돼지고기(국산)80%, 양배추(국산)5%, 정제수,, 당근, 대파, 마늘, 쌈장, 간장, 맛술, 참기름, 후추 | H5: =IFERROR(INDEX(온라인_반찬!$D$2:$J$605,MATCH($D5,온라인_반찬!$C$2:$C$605,0),6),"") -> .5.10.21. | I5: 2026-07-01 09:30~ | J5: 1440 | K5: 103500 | L5: =IFERROR(INDEX(온라인_반찬!$C$2:$J$538,MATCH($D5,온라인_반찬!$C$2:$C$538,0),8),"") -> 0 | M5: *오징어볼탕수 : 35g / 45g/ 70g 소스 : 20g | S5: *생선통살탕수 : 40g / 50g / 교사 70g, 소스 25g 개당 12g
C6: 반찬1 | D6: 세멸치엿장조림 | E6: 12 | G6: =IFERROR(INDEX(온라인_반찬!$C$2:$H$612,MATCH($D6,온라인_반찬!$C$2:$C$612,0),6),"") -> 멸치(국산)79.9%, 대두유, 간장, 맛술, 물엿, 참기름, 참깨 | H6: =IFERROR(INDEX(온라인_반찬!$D$2:$J$605,MATCH($D6,온라인_반찬!$C$2:$C$605,0),6),"") -> .5.21. | I6: 2026-07-01 09:30~ | J6: 1440 | K6: 21130 | L6: =IFERROR(INDEX(온라인_반찬!$C$2:$J$605,MATCH($D6,온라인_반찬!$C$2:$C$605,0),8),"") -> 0 | M6: *표고강정 : 30g(35g) | P6: *훈제오리 : 40g / 50g | S6: *해물전:1000680205(삼성웰스토리)
C7: 반찬2 | D7: 고사리나물 | E7: 25 | G7: =IFERROR(INDEX(온라인_반찬!$C$2:$H$612,MATCH($D7,온라인_반찬!$C$2:$C$612,0),6),"") -> 고사리(중국산)88.6%, 마늘, 대파, 대두유, 국간장, 소금, 참기름, 참깨 | H7: =IFERROR(INDEX(온라인_반찬!$D$2:$J$605,MATCH($D7,온라인_반찬!$C$2:$C$605,0),6),"") -> .5.21. | I7: 2026-07-01 09:30~ | J7: 1440 | K7: 46437.5 | L7: =IFERROR(INDEX(온라인_반찬!$C$2:$J$605,MATCH($D7,온라인_반찬!$C$2:$C$605,0),8),"") -> 0 | M7: *탕수육40g(중구청50g) ,소스25g | P7: *마카로니.콘샐러드 : 30g | S7: *통등심돈까스:50g / 소스 25g
C8: 반찬3 | D8: 백김치 | E8: 25 | G8: =IFERROR(INDEX(온라인_반찬!$C$2:$H$612,MATCH($D8,온라인_반찬!$C$2:$C$612,0),6),"") -> 배추(국내산)70&, 무(국내산)10%, 마늘, 생강, 양파, 설탕, 정제수, 소금 | H8: =IFERROR(INDEX(온라인_반찬!$D$2:$J$605,MATCH($D8,온라인_반찬!$C$2:$C$605,0),6),"") -> 0 | I8: 2026-07-01 09:30~ | J8: 1440 | K8: 41787.5 | L8: =IFERROR(INDEX(온라인_반찬!$C$2:$J$605,MATCH($D8,온라인_반찬!$C$2:$C$605,0),8),"") -> 백김치(정우식품) | M8: *건두부무침 : 25g / 35g | P8: *파르펠레냉파스타:30g | S8: *족발부추무침 : 45g, 55g
C9: 보존식 | G9: 글로벌리더스 : 김치제육 | J9: 1 | K9: 0.25
B10: 글로벌 리더스 . 석식 | C10: 밥 | D10: 친환경찰흑미쌀밥 | E10: 150 | G10: =IFERROR(INDEX(온라인_반찬!$C$2:$H$612,MATCH($D10,온라인_반찬!$C$2:$C$612,0),6),"") -> 쌀(국산)90%, 찰흑미(국산.친환경)5%, 정제수 | H10: =IFERROR(INDEX(온라인_반찬!$D$2:$J$605,MATCH($D10,온라인_반찬!$C$2:$C$605,0),6),"") -> 0 | I10: 2026-07-01 14:30~ | J10: 66 | K10: 10350 | L10: =IFERROR(INDEX(온라인_반찬!$C$2:$J$605,MATCH($D10,온라인_반찬!$C$2:$C$605,0),8),"") -> 0 | M10: *영양찜닭:85g / 95g | P10: *소고기가지볶음 : 30g | S10: *춘장닭불고기 : 70g / 80g
C11: 국 | D11: 황태계란국 | E11: 160 | G11: =IFERROR(INDEX(온라인_반찬!$C$2:$H$612,MATCH($D11,온라인_반찬!$C$2:$C$612,0),6),"") -> 계란(국산)10%, 황태채(러시아산)5%, 양파, 파, 마늘, 정제수, 참기름, 국간장, 소금 | H11: =IFERROR(INDEX(온라인_반찬!$D$2:$J$605,MATCH($D11,온라인_반찬!$C$2:$C$605,0),6),"") -> .1.5.21. | I11: 2026-07-01 14:30~ | J11: 66 | K11: 10610 | L11: =IFERROR(INDEX(온라인_반찬!$C$2:$J$605,MATCH($D11,온라인_반찬!$C$2:$C$605,0),8),"") -> 0 | M11: *미트볼 : 개당10g | P11: *삼색소고기소보로 : 50g / 70g | S11: *훈제오리잡채 : 55g / 70g
C12: 메인 | D12: 김치제육 | E12: 80 | G12: =IFERROR(INDEX(온라인_반찬!$C$2:$H$612,MATCH($D12,온라인_반찬!$C$2:$C$612,0),6),"") -> 돼지고기(국산)65%, 배추김치(국내산)25%, 양파, 대파, 마늘, 고춧가루(국내산), 설탕, 소금, 참기름, 참깨 | H12: =IFERROR(INDEX(온라인_반찬!$D$2:$J$605,MATCH($D12,온라인_반찬!$C$2:$C$605,0),6),"") -> .5.6.9.10.21. | I12: 2026-07-01 14:30~ | J12: 66 | K12: 5800 | L12: =IFERROR(INDEX(온라인_반찬!$C$2:$J$605,MATCH($D12,온라인_반찬!$C$2:$C$605,0),8),"") -> 0
C13: 반찬1 | D13: 세멸치엿장조림 | E13: 15 | G13: =IFERROR(INDEX(온라인_반찬!$C$2:$H$612,MATCH($D13,온라인_반찬!$C$2:$C$612,0),6),"") -> 멸치(국산)79.9%, 대두유, 간장, 맛술, 물엿, 참기름, 참깨 | H13: =IFERROR(INDEX(온라인_반찬!$D$2:$J$605,MATCH($D13,온라인_반찬!$C$2:$C$605,0),6),"") -> .5.21. | I13: 2026-07-01 14:30~ | J13: 66 | K13: 990 | L13: =IFERROR(INDEX(온라인_반찬!$C$2:$J$605,MATCH($D13,온라인_반찬!$C$2:$C$605,0),8),"") -> 0
C14: 반찬2 | D14: 고사리나물 | E14: 35 | G14: =IFERROR(INDEX(온라인_반찬!$C$2:$H$612,MATCH($D14,온라인_반찬!$C$2:$C$612,0),6),"") -> 고사리(중국산)88.6%, 마늘, 대파, 대두유, 국간장, 소금, 참기름, 참깨 | H14: =IFERROR(INDEX(온라인_반찬!$D$2:$J$605,MATCH($D14,온라인_반찬!$C$2:$C$605,0),6),"") -> .5.21. | I14: 2026-07-01 14:30~ | J14: 66 | K14: 2310 | L14: =IFERROR(INDEX(온라인_반찬!$C$2:$J$605,MATCH($D14,온라인_반찬!$C$2:$C$605,0),8),"") -> 0
C15: 반찬3 | D15: 백김치 | E15: 35 | G15: =IFERROR(INDEX(온라인_반찬!$C$2:$H$612,MATCH($D15,온라인_반찬!$C$2:$C$612,0),6),"") -> 배추(국내산)70&, 무(국내산)10%, 마늘, 생강, 양파, 설탕, 정제수, 소금 | H15: =IFERROR(INDEX(온라인_반찬!$D$2:$J$605,MATCH($D15,온라인_반찬!$C$2:$C$605,0),6),"") -> 0 | I15: 2026-07-01 14:30~ | J15: 66 | K15: 2310 | L15: =IFERROR(INDEX(온라인_반찬!$C$2:$J$605,MATCH($D15,온라인_반찬!$C$2:$C$605,0),8),"") -> 백김치(정우식품)
C16: 신당꿈 특식 | D16: 왕새우튀김 | F16: 3 | G16: =IFERROR(INDEX(온라인_반찬!$C$2:$H$612,MATCH($D16,온라인_반찬!$C$2:$C$612,0),6),"") -> 새우튀김[밀가루, 새우, 정제수, 타피오카전분, 옥수수가루, 옥수수전분, 설탕, 소금]베트남산 | H16: =IFERROR(INDEX(온라인_반찬!$D$2:$J$605,MATCH($D16,온라인_반찬!$C$2:$C$605,0),6),"") -> .5.6.9. | I16: 2026-07-01 14:30~ | J16: 28 | K16: 90 | L16: =IFERROR(INDEX(온라인_반찬!$C$2:$J$605,MATCH($D16,온라인_반찬!$C$2:$C$605,0),8),"") -> 왕새우튀김(사세통상)/수산물 가공품
C17: 보존식 | J17: 1 | K17: 0.25
B18: 강서폴리 소풍 | C18: 밥 | G18: =IFERROR(INDEX(온라인_반찬!$C$2:$H$612,MATCH($D18,온라인_반찬!$C$2:$C$612,0),6),"") | H18: =IFERROR(INDEX(온라인_반찬!$D$2:$J$605,MATCH($D18,온라인_반찬!$C$2:$C$605,0),6),"") | I18: 2026-07-01 09:30~ | L18: =IFERROR(INDEX(온라인_반찬!$C$2:$J$605,MATCH($D18,온라인_반찬!$C$2:$C$605,0),8),"")
C19: 반찬1 | G19: =IFERROR(INDEX(온라인_반찬!$C$2:$H$612,MATCH($D19,온라인_반찬!$C$2:$C$612,0),6),"") | H19: =IFERROR(INDEX(온라인_반찬!$D$2:$J$605,MATCH($D19,온라인_반찬!$C$2:$C$605,0),6),"") | I19: 2026-07-01 09:30~ | L19: =IFERROR(INDEX(온라인_반찬!$C$2:$J$605,MATCH($D19,온라인_반찬!$C$2:$C$605,0),8),"")
G20: =IFERROR(INDEX(온라인_반찬!$C$2:$H$612,MATCH($D20,온라인_반찬!$C$2:$C$612,0),6),"") | H20: =IFERROR(INDEX(온라인_반찬!$D$2:$J$605,MATCH($D20,온라인_반찬!$C$2:$C$605,0),6),"") | I20: 2026-07-01 09:30~ | L20: =IFERROR(INDEX(온라인_반찬!$C$2:$J$605,MATCH($D20,온라인_반찬!$C$2:$C$605,0),8),"")
C21: 반찬2 | G21: =IFERROR(INDEX(온라인_반찬!$C$2:$H$612,MATCH($D21,온라인_반찬!$C$2:$C$612,0),6),"") | H21: =IFERROR(INDEX(온라인_반찬!$D$2:$J$605,MATCH($D21,온라인_반찬!$C$2:$C$605,0),6),"") | I21: 2026-07-01 09:30~ | L21: =IFERROR(INDEX(온라인_반찬!$C$2:$J$605,MATCH($D21,온라인_반찬!$C$2:$C$605,0),8),"")
C22: 반찬3 | G22: =IFERROR(INDEX(온라인_반찬!$C$2:$H$612,MATCH($D22,온라인_반찬!$C$2:$C$612,0),6),"") | H22: =IFERROR(INDEX(온라인_반찬!$D$2:$J$605,MATCH($D22,온라인_반찬!$C$2:$C$605,0),6),"") | I22: 2026-07-01 09:30~ | L22: =IFERROR(INDEX(온라인_반찬!$C$2:$J$605,MATCH($D22,온라인_반찬!$C$2:$C$605,0),8),"")
C23: 반찬4 | G23: =IFERROR(INDEX(온라인_반찬!$C$2:$H$612,MATCH($D23,온라인_반찬!$C$2:$C$612,0),6),"") | H23: =IFERROR(INDEX(온라인_반찬!$D$2:$J$605,MATCH($D23,온라인_반찬!$C$2:$C$605,0),6),"") | I23: 2026-07-01 09:30~ | L23: =IFERROR(INDEX(온라인_반찬!$C$2:$J$605,MATCH($D23,온라인_반찬!$C$2:$C$605,0),8),"")
C24: 보존식 | F24: 1 | J24: 1 | K24: 0.25

Sheet 07-02
B1: 2026-07-02(목) | M1: *한입해쉬브라운 : 9g(개당) | P1: *양송이떡갈비 : 1.5ea, 1.75, 2 | S1: *양배추당근라페 : 20g / 30g
B2: 출고일 | C2: 구분 | D2: 품명 | E2: 중량(g) | F2: 수량(장) | G2: 자재사용내역 | H2: 알러지 표기 | I2: 배송시점 | J2: 제공인원 | K2: 총생산량(Kg) | L2: 메 모 | M2: *샐러드 채소 : 15g, 20g ,25g | P2: *야채고기말이 : 1.1, 1.5, 1.5 | S2: *고구마튀김35g / 45g
B3: 중식 | C3: 밥 | D3: 흰쌀밥 | E3: 140 | G3: =IFERROR(INDEX(온라인_반찬!$C$2:$H$612,MATCH($D3,온라인_반찬!$C$2:$C$612,0),6),"") -> 쌀(국산)95%, 정제수 | H3: =IFERROR(INDEX(온라인_반찬!$D$2:$J$605,MATCH($D3,온라인_반찬!$C$2:$C$605,0),6),"") -> 0 | I3: 2026-07-02 09:30~ | J3: 1419 | K3: 228000 | L3: =IFERROR(INDEX(온라인_반찬!$C$2:$J$605,MATCH($D3,온라인_반찬!$C$2:$C$605,0),8),"") -> 0 | M3: *웨지감자 : 25g / 30g | O3: *어묵채구이:12g / 15g | S3: 한입새우튀김 : 30g / 40g / 50g (소스15g)
C4: 국 | D4: 시래기된장국 | E4: 150 | G4: =IFERROR(INDEX(온라인_반찬!$C$2:$H$612,MATCH($D4,온라인_반찬!$C$2:$C$612,0),6),"") -> 시래기(무청시래기:국산)25%, 양파, 대파, 마늘, 정제수, 된장, 멸치육수농축액, 소금 | H4: =IFERROR(INDEX(온라인_반찬!$D$2:$J$605,MATCH($D4,온라인_반찬!$C$2:$C$605,0),6),"") -> .5. | I4: 2026-07-02 09:30~ | J4: 1419 | K4: 234750 | L4: =IFERROR(INDEX(온라인_반찬!$C$2:$J$605,MATCH($D4,온라인_반찬!$C$2:$C$605,0),8),"") -> 35g / 40g | M4: *꼬마돈까스: 25g, 중구청 35g | P4: *족발:45g / 55g | S4: *갈비만두 : 성분표기 인당1개 / 식수 인당1.5개
C5: 메인 | D5: 춘장닭볶음 | E5: 70 | G5: =IFERROR(INDEX(온라인_반찬!$C$2:$H$612,MATCH($D5,온라인_반찬!$C$2:$C$612,0),6),"") -> 닭정육(닭가슴살.닭다리살:국산)75%, 양배추, 양파, 당근, 부추, 대두유, 맛술, 후추, 춘장, 소금, 설탕, 파, 마늘, 참기름, 참깨 | H5: =IFERROR(INDEX(온라인_반찬!$D$2:$J$605,MATCH($D5,온라인_반찬!$C$2:$C$605,0),6),"") -> .5.15.21. | I5: 2026-07-02 09:30~ | J5: 1419 | K5: 126845 | L5: =IFERROR(INDEX(온라인_반찬!$C$2:$J$605,MATCH($D5,온라인_반찬!$C$2:$C$605,0),8),"") -> 0 | M5: *오징어볼탕수 : 35g / 45g/ 70g 소스 : 20g | S5: *생선통살탕수 : 40g / 50g / 교사 70g, 소스 25g 개당 12g
C6: 반찬1 | D6: 녹두전 | F6: 1 | G6: =IFERROR(INDEX(온라인_반찬!$C$2:$H$612,MATCH($D6,온라인_반찬!$C$2:$C$612,0),6),"") -> [불린동부(동부콩:미얀마,미국,중국)38.2%, 숙주(녹두:중국산), 불린녹두(녹두:미얀마,호주,중국),배추김치, 마늘, 파, 새우젓, 정제수, 정제소금, 대두유] | H6: =IFERROR(INDEX(온라인_반찬!$D$2:$J$605,MATCH($D6,온라인_반찬!$C$2:$C$605,0),6),"") -> .2.5.6.8.9.17.18. | I6: 2026-07-02 09:30~ | J6: 1419 | K6: 1941.5 | L6: =IFERROR(INDEX(온라인_반찬!$C$2:$J$605,MATCH($D6,온라인_반찬!$C$2:$C$605,0),8),"") -> 알찬녹두전(사옹원) | M6: *표고강정 : 30g(35g) | P6: *훈제오리 : 40g / 50g | S6: *해물전:1000680205(삼성웰스토리)
C7: 반찬2 | D7: 우엉조림 | E7: 20 | G7: =IFERROR(INDEX(온라인_반찬!$C$2:$H$612,MATCH($D7,온라인_반찬!$C$2:$C$612,0),6),"") -> 우엉채(중국산)72%, 대두유, 맛술, 정제수, 간장, 설탕, 물엿, 참기름, 참깨 | H7: =IFERROR(INDEX(온라인_반찬!$D$2:$J$605,MATCH($D7,온라인_반찬!$C$2:$C$605,0),6),"") -> .5.21. | I7: 2026-07-02 09:30~ | J7: 1419 | K7: 34725 | L7: =IFERROR(INDEX(온라인_반찬!$C$2:$J$605,MATCH($D7,온라인_반찬!$C$2:$C$605,0),8),"") -> 0 | M7: *탕수육40g(중구청50g) ,소스25g | P7: *마카로니.콘샐러드 : 30g | S7: *통등심돈까스:50g / 소스 25g
C8: 반찬3 | D8: 깍두기 | E8: 25 | G8: =IFERROR(INDEX(온라인_반찬!$C$2:$H$612,MATCH($D8,온라인_반찬!$C$2:$C$612,0),6),"") -> 무(국산)85.2%, 고추가루(국산), 밀가루풀(국산), 파, 마늘, 새우젓 등 양념(국산) | H8: =IFERROR(INDEX(온라인_반찬!$D$2:$J$605,MATCH($D8,온라인_반찬!$C$2:$C$605,0),6),"") -> .6.9. | I8: 2026-07-02 09:30~ | J8: 1419 | K8: 40987.5 | L8: =IFERROR(INDEX(온라인_반찬!$C$2:$J$605,MATCH($D8,온라인_반찬!$C$2:$C$605,0),8),"") -> 0 | M8: *건두부무침 : 25g / 35g | P8: *파르펠레냉파스타:30g | S8: *족발부추무침 : 45g, 55g
C9: 보존식 | J9: 1 | K9: 0.25
B10: 글로벌 리더스 . 석식 | C10: 밥 | D10: 흰쌀밥 | E10: 150 | G10: =IFERROR(INDEX(온라인_반찬!$C$2:$H$612,MATCH($D10,온라인_반찬!$C$2:$C$612,0),6),"") -> 쌀(국산)95%, 정제수 | H10: =IFERROR(INDEX(온라인_반찬!$D$2:$J$605,MATCH($D10,온라인_반찬!$C$2:$C$605,0),6),"") -> 0 | I10: 2026-07-02 14:30~ | J10: 66 | K10: 10350 | L10: =IFERROR(INDEX(온라인_반찬!$C$2:$J$605,MATCH($D10,온라인_반찬!$C$2:$C$605,0),8),"") -> 0 | M10: *영양찜닭:85g / 95g | P10: *소고기가지볶음 : 30g | S10: *춘장닭불고기 : 70g / 80g
C11: 국 | D11: 시래기된장국 | E11: 160 | G11: =IFERROR(INDEX(온라인_반찬!$C$2:$H$612,MATCH($D11,온라인_반찬!$C$2:$C$612,0),6),"") -> 시래기(무청시래기:국산)25%, 양파, 대파, 마늘, 정제수, 된장, 멸치육수농축액, 소금 | H11: =IFERROR(INDEX(온라인_반찬!$D$2:$J$605,MATCH($D11,온라인_반찬!$C$2:$C$605,0),6),"") -> .5. | I11: 2026-07-02 14:30~ | J11: 66 | K11: 10610 | L11: =IFERROR(INDEX(온라인_반찬!$C$2:$J$605,MATCH($D11,온라인_반찬!$C$2:$C$605,0),8),"") -> 35g / 40g | M11: *미트볼 : 개당10g | P11: *삼색소고기소보로 : 50g / 70g | S11: *훈제오리잡채 : 55g / 70g
C12: 메인 | D12: 춘장닭볶음 | E12: 85 | G12: =IFERROR(INDEX(온라인_반찬!$C$2:$H$612,MATCH($D12,온라인_반찬!$C$2:$C$612,0),6),"") -> 닭정육(닭가슴살.닭다리살:국산)75%, 양배추, 양파, 당근, 부추, 대두유, 맛술, 후추, 춘장, 소금, 설탕, 파, 마늘, 참기름, 참깨 | H12: =IFERROR(INDEX(온라인_반찬!$D$2:$J$605,MATCH($D12,온라인_반찬!$C$2:$C$605,0),6),"") -> .5.15.21. | I12: 2026-07-02 14:30~ | J12: 66 | K12: 6525 | L12: =IFERROR(INDEX(온라인_반찬!$C$2:$J$605,MATCH($D12,온라인_반찬!$C$2:$C$605,0),8),"") -> 0
C13: 반찬1 | D13: 녹두전 | F13: 1 | G13: =IFERROR(INDEX(온라인_반찬!$C$2:$H$612,MATCH($D13,온라인_반찬!$C$2:$C$612,0),6),"") -> [불린동부(동부콩:미얀마,미국,중국)38.2%, 숙주(녹두:중국산), 불린녹두(녹두:미얀마,호주,중국),배추김치, 마늘, 파, 새우젓, 정제수, 정제소금, 대두유] | H13: =IFERROR(INDEX(온라인_반찬!$D$2:$J$605,MATCH($D13,온라인_반찬!$C$2:$C$605,0),6),"") -> .2.5.6.8.9.17.18. | I13: 2026-07-02 14:30~ | J13: 66 | K13: 79.2 | L13: =IFERROR(INDEX(온라인_반찬!$C$2:$J$605,MATCH($D13,온라인_반찬!$C$2:$C$605,0),8),"") -> 알찬녹두전(사옹원)
C14: 반찬2 | D14: 우엉조림 | E14: 23 | G14: =IFERROR(INDEX(온라인_반찬!$C$2:$H$612,MATCH($D14,온라인_반찬!$C$2:$C$612,0),6),"") -> 우엉채(중국산)72%, 대두유, 맛술, 정제수, 간장, 설탕, 물엿, 참기름, 참깨 | H14: =IFERROR(INDEX(온라인_반찬!$D$2:$J$605,MATCH($D14,온라인_반찬!$C$2:$C$605,0),6),"") -> .5.21. | I14: 2026-07-02 14:30~ | J14: 66 | K14: 1518 | L14: =IFERROR(INDEX(온라인_반찬!$C$2:$J$605,MATCH($D14,온라인_반찬!$C$2:$C$605,0),8),"") -> 0
C15: 반찬3 | D15: 깍두기 | E15: 35 | G15: =IFERROR(INDEX(온라인_반찬!$C$2:$H$612,MATCH($D15,온라인_반찬!$C$2:$C$612,0),6),"") -> 무(국산)85.2%, 고추가루(국산), 밀가루풀(국산), 파, 마늘, 새우젓 등 양념(국산) | H15: =IFERROR(INDEX(온라인_반찬!$D$2:$J$605,MATCH($D15,온라인_반찬!$C$2:$C$605,0),6),"") -> .6.9. | I15: 2026-07-02 14:30~ | J15: 66 | K15: 2310 | L15: =IFERROR(INDEX(온라인_반찬!$C$2:$J$605,MATCH($D15,온라인_반찬!$C$2:$C$605,0),8),"") -> 0
C16: 신당꿈 특식 | D16: 과일 | G16: 수박(국내산) | H16: =IFERROR(INDEX(온라인_반찬!$D$2:$J$605,MATCH($D16,온라인_반찬!$C$2:$C$605,0),6),"") | I16: 2026-07-02 14:30~ | J16: 25 | K16: 28 | L16: =IFERROR(INDEX(온라인_반찬!$C$2:$J$605,MATCH($D16,온라인_반찬!$C$2:$C$605,0),8),"")
C17: 보존식 | J17: 1 | K17: 0.25
B18: 강서폴리 소풍 | C18: 밥 | G18: =IFERROR(INDEX(온라인_반찬!$C$2:$H$612,MATCH($D18,온라인_반찬!$C$2:$C$612,0),6),"") | H18: =IFERROR(INDEX(온라인_반찬!$D$2:$J$605,MATCH($D18,온라인_반찬!$C$2:$C$605,0),6),"") | I18: 2026-07-02 09:30~ | L18: =IFERROR(INDEX(온라인_반찬!$C$2:$J$605,MATCH($D18,온라인_반찬!$C$2:$C$605,0),8),"")
C19: 반찬1 | G19: =IFERROR(INDEX(온라인_반찬!$C$2:$H$612,MATCH($D19,온라인_반찬!$C$2:$C$612,0),6),"") | H19: =IFERROR(INDEX(온라인_반찬!$D$2:$J$605,MATCH($D19,온라인_반찬!$C$2:$C$605,0),6),"") | I19: 2026-07-02 09:30~ | L19: =IFERROR(INDEX(온라인_반찬!$C$2:$J$605,MATCH($D19,온라인_반찬!$C$2:$C$605,0),8),"")
G20: =IFERROR(INDEX(온라인_반찬!$C$2:$H$612,MATCH($D20,온라인_반찬!$C$2:$C$612,0),6),"") | H20: =IFERROR(INDEX(온라인_반찬!$D$2:$J$605,MATCH($D20,온라인_반찬!$C$2:$C$605,0),6),"") | I20: 2026-07-02 09:30~ | L20: =IFERROR(INDEX(온라인_반찬!$C$2:$J$605,MATCH($D20,온라인_반찬!$C$2:$C$605,0),8),"")
C21: 반찬2 | G21: =IFERROR(INDEX(온라인_반찬!$C$2:$H$612,MATCH($D21,온라인_반찬!$C$2:$C$612,0),6),"") | H21: =IFERROR(INDEX(온라인_반찬!$D$2:$J$605,MATCH($D21,온라인_반찬!$C$2:$C$605,0),6),"") | I21: 2026-07-02 09:30~ | L21: =IFERROR(INDEX(온라인_반찬!$C$2:$J$605,MATCH($D21,온라인_반찬!$C$2:$C$605,0),8),"")
C22: 반찬3 | G22: =IFERROR(INDEX(온라인_반찬!$C$2:$H$612,MATCH($D22,온라인_반찬!$C$2:$C$612,0),6),"") | H22: =IFERROR(INDEX(온라인_반찬!$D$2:$J$605,MATCH($D22,온라인_반찬!$C$2:$C$605,0),6),"") | I22: 2026-07-02 09:30~ | L22: =IFERROR(INDEX(온라인_반찬!$C$2:$J$605,MATCH($D22,온라인_반찬!$C$2:$C$605,0),8),"")
C23: 반찬4 | G23: =IFERROR(INDEX(온라인_반찬!$C$2:$H$612,MATCH($D23,온라인_반찬!$C$2:$C$612,0),6),"") | H23: =IFERROR(INDEX(온라인_반찬!$D$2:$J$605,MATCH($D23,온라인_반찬!$C$2:$C$605,0),6),"") | I23: 2026-07-02 09:30~ | L23: =IFERROR(INDEX(온라인_반찬!$C$2:$J$605,MATCH($D23,온라인_반찬!$C$2:$C$605,0),8),"")
C24: 보존식 | F24: 1 | J24: 1 | K24: 0.25

Sheet 07-03
B1: 2026-07-03(금) | M1: *한입해쉬브라운 : 9g(개당) | P1: *양송이떡갈비 : 1.5ea, 1.75, 2 | S1: *양배추당근라페 : 20g / 30g
B2: 출고일 | C2: 구분 | D2: 품명 | E2: 중량(g) | F2: 수량(장) | G2: 자재사용내역 | H2: 알러지 표기 | I2: 배송시점 | J2: 제공인원 | K2: 총생산량(Kg) | L2: 메 모 | M2: *샐러드 채소 : 15g, 20g ,25g | P2: *야채고기말이 : 1.1, 1.5, 1.5 | S2: *고구마튀김35g / 45g
B3: 중식 | C3: 밥 | D3: 친환경찰보리쌀밥 | E3: 140 | G3: =IFERROR(INDEX(온라인_반찬!$C$2:$H$612,MATCH($D3,온라인_반찬!$C$2:$C$612,0),6),"") -> 쌀(국산)90%, 찰보리(국산.친환경)5%, 정제수 | H3: =IFERROR(INDEX(온라인_반찬!$D$2:$J$605,MATCH($D3,온라인_반찬!$C$2:$C$605,0),6),"") -> 0 | I3: 2026-07-03 09:30~ | J3: 1364 | K3: 218140 | L3: =IFERROR(INDEX(온라인_반찬!$C$2:$J$605,MATCH($D3,온라인_반찬!$C$2:$C$605,0),8),"") -> 0 | M3: *웨지감자 : 25g / 30g | O3: *어묵채구이:12g / 15g | S3: 한입새우튀김 : 30g / 40g / 50g (소스15g)
C4: 국 | D4: 다시마무채국 | E4: 150 | G4: =IFERROR(INDEX(온라인_반찬!$C$2:$H$612,MATCH($D4,온라인_반찬!$C$2:$C$612,0),6),"") -> 무(국산)25%, 다시마(국산)3%, 대파, 마늘, 멸치육수농축액, 정제수, 소금 | H4: =IFERROR(INDEX(온라인_반찬!$D$2:$J$605,MATCH($D4,온라인_반찬!$C$2:$C$605,0),6),"") -> .5. | I4: 2026-07-03 09:30~ | J4: 1364 | K4: 225360 | L4: =IFERROR(INDEX(온라인_반찬!$C$2:$J$605,MATCH($D4,온라인_반찬!$C$2:$C$605,0),8),"") -> 0 | M4: *꼬마돈까스: 25g, 중구청 35g | P4: *족발:45g / 55g | S4: *갈비만두 : 성분표기 인당1개 / 식수 인당1.5개
C5: 메인 | D5: 비프찹스테이크 | E5: 60 | G5: =IFERROR(INDEX(온라인_반찬!$C$2:$H$612,MATCH($D5,온라인_반찬!$C$2:$C$612,0),6),"") -> 소고기(호주산)70%, 양파(국산)7%, 아스파라거스(중국산), 파프리카, 피망, 마늘, 스테이크소스, 생크림, 우유, 간장, 설탕, 소금, 후추, 참깨 | H5: =IFERROR(INDEX(온라인_반찬!$D$2:$J$605,MATCH($D5,온라인_반찬!$C$2:$C$605,0),6),"") -> .2.5.6.12.16.21. | I5: 2026-07-03 09:30~ | J5: 1364 | K5: 105680 | L5: =IFERROR(INDEX(온라인_반찬!$C$2:$J$605,MATCH($D5,온라인_반찬!$C$2:$C$605,0),8),"") -> 스테이크소스(오뚜기) | M5: *오징어볼탕수 : 35g / 45g/ 70g 소스 : 20g | S5: *생선통살탕수 : 40g / 50g / 교사 70g, 소스 25g 개당 12g
C6: 반찬1 | D6: 진미채 | E6: 15 | G6: =IFERROR(INDEX(온라인_반찬!$C$2:$H$612,MATCH($D6,온라인_반찬!$C$2:$C$612,0),6),"") -> 진미채(페루산)85%, 간장, 물엿, 참기름, 마요네즈, 참깨 | H6: =IFERROR(INDEX(온라인_반찬!$D$2:$J$605,MATCH($D6,온라인_반찬!$C$2:$C$605,0),6),"") -> .1.5.21. | I6: 2026-07-03 09:30~ | J6: 1299 | K6: 23432.5 | L6: =IFERROR(INDEX(온라인_반찬!$C$2:$J$605,MATCH($D6,온라인_반찬!$C$2:$C$605,0),8),"") -> 0 | M6: *표고강정 : 30g(35g) | P6: *훈제오리 : 40g / 50g | S6: *해물전:1000680205(삼성웰스토리)
C7: 반찬2 | D7: 오이깨소스무침 | E7: 30 | G7: =IFERROR(INDEX(온라인_반찬!$C$2:$H$612,MATCH($D7,온라인_반찬!$C$2:$C$612,0),6),"") -> 오이(국산)80%, 홍파프리카(국산), 깨소스(깨소금(참깨:외국산), 소금, 참기름, 설탕) | H7: =IFERROR(INDEX(온라인_반찬!$D$2:$J$605,MATCH($D7,온라인_반찬!$C$2:$C$605,0),6),"") -> .21. | I7: 2026-07-03 09:30~ | J7: 1364 | K7: 43807.5 | L7: =IFERROR(INDEX(온라인_반찬!$C$2:$J$605,MATCH($D7,온라인_반찬!$C$2:$C$605,0),8),"") -> 0 | M7: *탕수육40g(중구청50g) ,소스25g | P7: *마카로니.콘샐러드 : 30g | S7: *통등심돈까스:50g / 소스 25g
C8: 반찬3 | D8: 배추김치 | E8: 25 | G8: =IFERROR(INDEX(온라인_반찬!$C$2:$H$612,MATCH($D8,온라인_반찬!$C$2:$C$612,0),6),"") -> 절임배추64.0%[배추(국산),무(국산),종가김치전용풀(쌀:국산)], 토마토페이스트(토마토:미국산)2.7%,[멸치액젓, 양파,다시마농축액,고춧가루,마늘,대파,새우액젓,김치유산균발효액,생강양념,호화쌀혼합분말]국산 | H8: =IFERROR(INDEX(온라인_반찬!$D$2:$J$605,MATCH($D8,온라인_반찬!$C$2:$C$605,0),6),"") -> .9.12. | I8: 2026-07-03 09:30~ | J8: 1364 | K8: 37675 | L8: =IFERROR(INDEX(온라인_반찬!$C$2:$J$605,MATCH($D8,온라인_반찬!$C$2:$C$605,0),8),"") -> 토마토김치(종가집) | M8: *건두부무침 : 25g / 35g | P8: *파르펠레냉파스타:30g | S8: *족발부추무침 : 45g, 55g
C9: 보존식 | G9: 글로벌리더스 : 양념진미채 포도클럽 : 백김치 | J9: 1 | K9: 0.25
B10: 강서폴리 소풍 | C10: 밥 | D10: 조미밥 | E10: 140 | G10: =IFERROR(INDEX(온라인_반찬!$C$2:$H$612,MATCH($D10,온라인_반찬!$C$2:$C$612,0),6),"") -> 밥(쌀:국산)95%, 후리카케[볶은참깨(참깨:인도산), 밀소맥볼(밀:미국,호주산),조각김(김:국산), 양조간장], 맛소금, 참기름 | H10: =IFERROR(INDEX(온라인_반찬!$D$2:$J$605,MATCH($D10,온라인_반찬!$C$2:$C$605,0),6),"") -> .5.21. | I10: 2026-07-03 09:30~ | J10: 91 | K10: 14290 | L10: =IFERROR(INDEX(온라인_반찬!$C$2:$J$605,MATCH($D10,온라인_반찬!$C$2:$C$605,0),8),"") -> 0
C11: 반찬1 | D11: 눈꽃치즈치킨 | E11: 60 | G11: =IFERROR(INDEX(온라인_반찬!$C$2:$H$612,MATCH($D11,온라인_반찬!$C$2:$C$612,0),6),"") -> 순살치킨[닭고기(닭다리살:브라질산)64.76%,밀가루(밀:호주산,미국산),옥수수전분(옥수수:외국산), 대두유]98%, 눈꽃치즈(모짜렐라치즈:외국산99%)2% | H11: =IFERROR(INDEX(온라인_반찬!$D$2:$J$605,MATCH($D11,온라인_반찬!$C$2:$C$605,0),6),"") -> .1.2.5.6.15.16. | I11: 2026-07-03 09:30~ | J11: 91 | K11: 6710 | L11: =IFERROR(INDEX(온라인_반찬!$C$2:$J$605,MATCH($D11,온라인_반찬!$C$2:$C$605,0),8),"") -> 순살치킨가라아게(하림)
C12: 반찬2 | D12: 문어모양소떡구이 | F12: 2 | G12: =IFERROR(INDEX(온라인_반찬!$C$2:$H$612,MATCH($D12,온라인_반찬!$C$2:$C$612,0),6),"") -> 떡류[쌀(국산)98%, 정제수, 정제소금(국산)]55%, 소시지[돼지고기(지방일부사용.국산)85.22%,옥수수전분, 정제소금,떡갈비양념장]45% | H12: =IFERROR(INDEX(온라인_반찬!$D$2:$J$605,MATCH($D12,온라인_반찬!$C$2:$C$605,0),6),"") -> .5.6.10.12.15.18.21. | I12: 2026-07-03 09:30~ | J12: 91 | K12: 207 | L12: =IFERROR(INDEX(온라인_반찬!$C$2:$J$605,MATCH($D12,온라인_반찬!$C$2:$C$605,0),8),"") -> 문어모양소떡구이(유빛)
C13: 반찬3 | D13: 캐릭터찐빵 | F13: 1 | G13: =IFERROR(INDEX(온라인_반찬!$C$2:$H$612,MATCH($D13,온라인_반찬!$C$2:$C$612,0),6),"") -> 밀가루(밀)42.91%, 팥28%, 정제수, 설탕 8.68%, 팜유1.04%,/원산지:중국 | H13: =IFERROR(INDEX(온라인_반찬!$D$2:$J$605,MATCH($D13,온라인_반찬!$C$2:$C$605,0),6),"") -> .5.17. | I13: 2026-07-03 09:30~ | J13: 91 | K13: 93 | L13: =IFERROR(INDEX(온라인_반찬!$C$2:$J$605,MATCH($D13,온라인_반찬!$C$2:$C$605,0),8),"") -> 이솝찐빵(세미원푸드)
C14: 반찬4 | D14: 과일 | E14: 30 | G14: 방울토마토(국내산) | H14: .12. | I14: 2026-07-03 09:30~ | J14: 91 | K14: 3180 | L14: =IFERROR(INDEX(온라인_반찬!$C$2:$J$605,MATCH($D14,온라인_반찬!$C$2:$C$605,0),8),"")
C15: 보존식 | J15: 1 | K15: 0.25
B16: 글로벌 리더스 . 석식 | C16: 밥 | D16: 친환경찰보리쌀밥 | E16: 150 | G16: =IFERROR(INDEX(온라인_반찬!$C$2:$H$612,MATCH($D16,온라인_반찬!$C$2:$C$612,0),6),"") -> 쌀(국산)90%, 찰보리(국산.친환경)5%, 정제수 | H16: =IFERROR(INDEX(온라인_반찬!$D$2:$J$605,MATCH($D16,온라인_반찬!$C$2:$C$605,0),6),"") -> 0 | I16: 2026-07-03 14:30~ | J16: 46 | K16: 7200 | L16: =IFERROR(INDEX(온라인_반찬!$C$2:$J$605,MATCH($D16,온라인_반찬!$C$2:$C$605,0),8),"") -> 0 | M16: *영양찜닭:85g / 95g | P16: *소고기가지볶음 : 30g | S16: *춘장닭불고기 : 70g / 80g
C17: 국 | D17: 다시마무채국 | E17: 160 | G17: =IFERROR(INDEX(온라인_반찬!$C$2:$H$612,MATCH($D17,온라인_반찬!$C$2:$C$612,0),6),"") -> 무(국산)25%, 다시마(국산)3%, 대파, 마늘, 멸치육수농축액, 정제수, 소금 | H17: =IFERROR(INDEX(온라인_반찬!$D$2:$J$605,MATCH($D17,온라인_반찬!$C$2:$C$605,0),6),"") -> .5. | I17: 2026-07-03 14:30~ | J17: 46 | K17: 7410 | L17: =IFERROR(INDEX(온라인_반찬!$C$2:$J$605,MATCH($D17,온라인_반찬!$C$2:$C$605,0),8),"") -> 0 | M17: *미트볼 : 개당10g | P17: *삼색소고기소보로 : 50g / 70g | S17: *훈제오리잡채 : 55g / 70g
C18: 메인 | D18: 비프찹스테이크 | E18: 80 | G18: =IFERROR(INDEX(온라인_반찬!$C$2:$H$612,MATCH($D18,온라인_반찬!$C$2:$C$612,0),6),"") -> 소고기(호주산)70%, 양파(국산)7%, 아스파라거스(중국산), 파프리카, 피망, 마늘, 스테이크소스, 생크림, 우유, 간장, 설탕, 소금, 후추, 참깨 | H18: =IFERROR(INDEX(온라인_반찬!$D$2:$J$605,MATCH($D18,온라인_반찬!$C$2:$C$605,0),6),"") -> .2.5.6.12.16.21. | I18: 2026-07-03 14:30~ | J18: 46 | K18: 4040 | L18: =IFERROR(INDEX(온라인_반찬!$C$2:$J$605,MATCH($D18,온라인_반찬!$C$2:$C$605,0),8),"") -> 스테이크소스(오뚜기)
C19: 반찬1 | D19: 양념진미채 | E19: 20 | G19: =IFERROR(INDEX(온라인_반찬!$C$2:$H$612,MATCH($D19,온라인_반찬!$C$2:$C$612,0),6),"") -> 진미채(페루산)85%, 고추장, 마요네즈, 대두유, 간장, 물엿, 참기름, 참깨 | H19: =IFERROR(INDEX(온라인_반찬!$D$2:$J$605,MATCH($D19,온라인_반찬!$C$2:$C$605,0),6),"") -> .1.5.6.21. | I19: 2026-07-03 14:30~ | J19: 111 | K19: 2545 | L19: =IFERROR(INDEX(온라인_반찬!$C$2:$J$605,MATCH($D19,온라인_반찬!$C$2:$C$605,0),8),"") -> .1.5.6.21.
C20: 반찬2 | D20: 오이깨소스무침 | E20: 35 | G20: =IFERROR(INDEX(온라인_반찬!$C$2:$H$612,MATCH($D20,온라인_반찬!$C$2:$C$612,0),6),"") -> 오이(국산)80%, 홍파프리카(국산), 깨소스(깨소금(참깨:외국산), 소금, 참기름, 설탕) | H20: =IFERROR(INDEX(온라인_반찬!$D$2:$J$605,MATCH($D20,온라인_반찬!$C$2:$C$605,0),6),"") -> .21. | I20: 2026-07-03 14:30~ | J20: 46 | K20: 1610 | L20: =IFERROR(INDEX(온라인_반찬!$C$2:$J$605,MATCH($D20,온라인_반찬!$C$2:$C$605,0),8),"") -> 0
C21: 반찬3 | D21: 배추김치 | E21: 35 | G21: =IFERROR(INDEX(온라인_반찬!$C$2:$H$612,MATCH($D21,온라인_반찬!$C$2:$C$612,0),6),"") -> 절임배추64.0%[배추(국산),무(국산),종가김치전용풀(쌀:국산)], 토마토페이스트(토마토:미국산)2.7%,[멸치액젓, 양파,다시마농축액,고춧가루,마늘,대파,새우액젓,김치유산균발효액,생강양념,호화쌀혼합분말]국산 | H21: =IFERROR(INDEX(온라인_반찬!$D$2:$J$605,MATCH($D21,온라인_반찬!$C$2:$C$605,0),6),"") -> .9.12. | I21: 2026-07-03 14:30~ | J21: 46 | K21: 1610 | L21: =IFERROR(INDEX(온라인_반찬!$C$2:$J$605,MATCH($D21,온라인_반찬!$C$2:$C$605,0),8),"") -> 토마토김치(종가집)
C22: 신당꿈 특식 | D22: 케이준샐러드 | E22: 70 | G22: =IFERROR(INDEX(온라인_반찬!$C$2:$H$612,MATCH($D22,온라인_반찬!$C$2:$C$612,0),6),"") -> 샐러드채소[국내산(양상추, 치커리, 적채)]75%, 치킨텐더(닭고기:국내산)25%, | H22: =IFERROR(INDEX(온라인_반찬!$D$2:$J$605,MATCH($D22,온라인_반찬!$C$2:$C$605,0),6),"") -> .1.5.6.15.16. | I22: 2026-07-03 14:30~ | J22: 25 | K22: 2040 | L22: =IFERROR(INDEX(온라인_반찬!$C$2:$J$605,MATCH($D22,온라인_반찬!$C$2:$C$605,0),8),"") -> 골든치킨텐더(이츠웰)
D23: & 허니머스터드D | E23: 20 | G23: =IFERROR(INDEX(온라인_반찬!$C$2:$H$612,MATCH($D23,온라인_반찬!$C$2:$C$612,0),6),"") -> {정제수, 마요네즈[식물성유지(외국산),난황액(계란:국산) 등], 향신료조제품[미국산(식초, 겨자씨, 강황 등], 사양벌꿀(국산), 겨자분{겨자(외국산)] 등} | H23: =IFERROR(INDEX(온라인_반찬!$D$2:$J$605,MATCH($D23,온라인_반찬!$C$2:$C$605,0),6),"") -> .1.5. | I23: 2026-07-03 14:30~ | J23: 25 | K23: 590 | L23: =IFERROR(INDEX(온라인_반찬!$C$2:$J$605,MATCH($D23,온라인_반찬!$C$2:$C$605,0),8),"") -> 허니머스터드(이츠웰)
C24: 보존식 | J24: 1 | K24: 0.25

Sheet 07-06
B1: 2026-07-06(월) | M1: *한입해쉬브라운 : 9g(개당) | P1: *양송이떡갈비 : 1.5ea, 1.75, 2 | S1: *양배추당근라페 : 20g / 30g
B2: 출고일 | C2: 구분 | D2: 품명 | E2: 중량(g) | F2: 수량(장) | G2: 자재사용내역 | H2: 알러지 표기 | I2: 배송시점 | J2: 제공인원 | K2: 총생산량(Kg) | L2: 메 모 | M2: *샐러드 채소 : 15g, 20g ,25g | P2: *야채고기말이 : 1.1, 1.5, 1.5 | S2: *고구마튀김35g / 45g
B3: 중식 | C3: 밥 | D3: 친환경찰보리쌀밥 | E3: 140 | G3: =IFERROR(INDEX(온라인_반찬!$C$2:$H$612,MATCH($D3,온라인_반찬!$C$2:$C$612,0),6),"") -> 쌀(국산)90%, 찰보리(국산.친환경)5%, 정제수 | H3: =IFERROR(INDEX(온라인_반찬!$D$2:$J$605,MATCH($D3,온라인_반찬!$C$2:$C$605,0),6),"") -> 0 | I3: 2026-07-06 09:30~ | J3: 1460 | K3: 233470 | L3: =IFERROR(INDEX(온라인_반찬!$C$2:$J$605,MATCH($D3,온라인_반찬!$C$2:$C$605,0),8),"") -> 0 | M3: *웨지감자 : 25g / 30g | O3: *어묵채구이:12g / 15g | S3: 한입새우튀김 : 30g / 40g / 50g (소스15g)
C4: 국 | D4: 볼어묵국 | E4: 150 | G4: =IFERROR(INDEX(온라인_반찬!$C$2:$H$612,MATCH($D4,온라인_반찬!$C$2:$C$612,0),6),"") -> 볼어묵[연육(:중국산, 베트남산)]18%, 무(국산)7%, 양파, 대파, 마늘, 정제수, 국간장, 소금 | H4: =IFERROR(INDEX(온라인_반찬!$D$2:$J$605,MATCH($D4,온라인_반찬!$C$2:$C$605,0),6),"") -> .5.6. | I4: 2026-07-06 09:30~ | J4: 1460 | K4: 240960 | L4: =IFERROR(INDEX(온라인_반찬!$C$2:$J$605,MATCH($D4,온라인_반찬!$C$2:$C$605,0),8),"") -> 40g / 45g볼어묵(이츠웰) | M4: *꼬마돈까스: 25g, 중구청 35g | P4: *족발:45g / 55g | S4: *갈비만두 : 성분표기 인당1개 / 식수 인당1.5개
C5: 메인 | D5: 소고기계란덮밥소스 | E5: 110 | G5: =IFERROR(INDEX(온라인_반찬!$C$2:$H$612,MATCH($D5,온라인_반찬!$C$2:$C$612,0),6),"") -> 소고기(미국산.호주산)45%, 계란(국내산)10%, 표고버섯(국내산)5%, 양파, 돈부리소스, 쯔유, 정제수, 소금, 전분 | H5: =IFERROR(INDEX(온라인_반찬!$D$2:$J$605,MATCH($D5,온라인_반찬!$C$2:$C$605,0),6),"") -> .1.2.5.6.16. | I5: 2026-07-06 09:30~ | J5: 1460 | K5: 200600 | L5: =IFERROR(INDEX(온라인_반찬!$C$2:$J$605,MATCH($D5,온라인_반찬!$C$2:$C$605,0),8),"") -> 돈부리소스(가토코), 쯔유(이엔푸드) | M5: *오징어볼탕수 : 35g / 45g/ 70g 소스 : 20g | S5: *생선통살탕수 : 40g / 50g / 교사 70g, 소스 25g 개당 12g
C6: 반찬1 | D6: 갈비만두찜 | F6: 1 | G6: =IFERROR(INDEX(온라인_반찬!$C$2:$H$612,MATCH($D6,온라인_반찬!$C$2:$C$612,0),6),"") -> 돼지고기(국산)36.53%, 밀가루(밀:미국산.호주산), 양파(국산), 건무, 부추, 곤약, 돼지갈비살(국산)2.09%, 설탕, 갅방, 물엿, 마늘, 생강, 참기름, 후추, 대파 등 | H6: =IFERROR(INDEX(온라인_반찬!$D$2:$J$605,MATCH($D6,온라인_반찬!$C$2:$C$605,0),6),"") -> .2.5.6.10.16.21. | I6: 2026-07-06 09:30~ | J6: 1460 | K6: 2209.7 | L6: =IFERROR(INDEX(온라인_반찬!$C$2:$J$605,MATCH($D6,온라인_반찬!$C$2:$C$605,0),8),"") -> 달콤한갈비만두(한만두) 개당25g | M6: *표고강정 : 30g(35g) | P6: *훈제오리 : 40g / 50g | S6: *해물전:1000680205(삼성웰스토리)
C7: 반찬2 | D7: 감자채볶음 | E7: 35 | G7: =IFERROR(INDEX(온라인_반찬!$C$2:$H$612,MATCH($D7,온라인_반찬!$C$2:$C$612,0),6),"") -> 감자(국산)90%, 당근(국산)3.5%, 대두유, 마늘, 소금, 후추, 참기름, 참깨 | H7: =IFERROR(INDEX(온라인_반찬!$D$2:$J$605,MATCH($D7,온라인_반찬!$C$2:$C$605,0),6),"") -> .5.21. | I7: 2026-07-06 09:30~ | J7: 1460 | K7: 61020 | L7: =IFERROR(INDEX(온라인_반찬!$C$2:$J$605,MATCH($D7,온라인_반찬!$C$2:$C$605,0),8),"") -> 0 | M7: *탕수육40g(중구청50g) ,소스25g | P7: *마카로니.콘샐러드 : 30g | S7: *통등심돈까스:50g / 소스 25g
C8: 반찬3 | D8: 배추김치 | E8: 25 | G8: =IFERROR(INDEX(온라인_반찬!$C$2:$H$612,MATCH($D8,온라인_반찬!$C$2:$C$612,0),6),"") -> 절임배추64.0%[배추(국산),무(국산),종가김치전용풀(쌀:국산)], 토마토페이스트(토마토:미국산)2.7%,[멸치액젓, 양파,다시마농축액,고춧가루,마늘,대파,새우액젓,김치유산균발효액,생강양념,호화쌀혼합분말]국산 | H8: =IFERROR(INDEX(온라인_반찬!$D$2:$J$605,MATCH($D8,온라인_반찬!$C$2:$C$605,0),6),"") -> .9.12. | I8: 2026-07-06 09:30~ | J8: 1460 | K8: 40287.5 | L8: =IFERROR(INDEX(온라인_반찬!$C$2:$J$605,MATCH($D8,온라인_반찬!$C$2:$C$605,0),8),"") -> 토마토김치(종가집) | M8: *건두부무침 : 25g / 35g | P8: *파르펠레냉파스타:30g | S8: *족발부추무침 : 45g, 55g
C9: 보존식 | J9: 1 | K9: 0.25
B10: 글로벌 리더스 . 석식 | C10: 밥 | D10: 친환경찰보리쌀밥 | E10: 150 | G10: =IFERROR(INDEX(온라인_반찬!$C$2:$H$612,MATCH($D10,온라인_반찬!$C$2:$C$612,0),6),"") -> 쌀(국산)90%, 찰보리(국산.친환경)5%, 정제수 | H10: =IFERROR(INDEX(온라인_반찬!$D$2:$J$605,MATCH($D10,온라인_반찬!$C$2:$C$605,0),6),"") -> 0 | I10: 2026-07-06 14:30~ | J10: 69 | K10: 10950 | L10: =IFERROR(INDEX(온라인_반찬!$C$2:$J$605,MATCH($D10,온라인_반찬!$C$2:$C$605,0),8),"") -> 0 | M10: *영양찜닭:85g / 95g | P10: *소고기가지볶음 : 30g | S10: *춘장닭불고기 : 70g / 80g
C11: 국 | D11: 볼어묵국 | E11: 160 | G11: =IFERROR(INDEX(온라인_반찬!$C$2:$H$612,MATCH($D11,온라인_반찬!$C$2:$C$612,0),6),"") -> 볼어묵[연육(:중국산, 베트남산)]18%, 무(국산)7%, 양파, 대파, 마늘, 정제수, 국간장, 소금 | H11: =IFERROR(INDEX(온라인_반찬!$D$2:$J$605,MATCH($D11,온라인_반찬!$C$2:$C$605,0),6),"") -> .5.6. | I11: 2026-07-06 14:30~ | J11: 69 | K11: 11210 | L11: =IFERROR(INDEX(온라인_반찬!$C$2:$J$605,MATCH($D11,온라인_반찬!$C$2:$C$605,0),8),"") -> 40g / 45g볼어묵(이츠웰) | M11: *미트볼 : 개당10g | P11: *삼색소고기소보로 : 50g / 70g | S11: *훈제오리잡채 : 55g / 70g
C12: 메인 | D12: 소고기계란덮밥소스 | E12: 120 | G12: =IFERROR(INDEX(온라인_반찬!$C$2:$H$612,MATCH($D12,온라인_반찬!$C$2:$C$612,0),6),"") -> 소고기(미국산.호주산)45%, 계란(국내산)10%, 표고버섯(국내산)5%, 양파, 돈부리소스, 쯔유, 정제수, 소금, 전분 | H12: =IFERROR(INDEX(온라인_반찬!$D$2:$J$605,MATCH($D12,온라인_반찬!$C$2:$C$605,0),6),"") -> .1.2.5.6.16. | I12: 2026-07-06 14:30~ | J12: 69 | K12: 9096 | L12: =IFERROR(INDEX(온라인_반찬!$C$2:$J$605,MATCH($D12,온라인_반찬!$C$2:$C$605,0),8),"") -> 돈부리소스(가토코), 쯔유(이엔푸드)
C13: 반찬1 | D13: 갈비만두찜 | F13: 2 | G13: =IFERROR(INDEX(온라인_반찬!$C$2:$H$612,MATCH($D13,온라인_반찬!$C$2:$C$612,0),6),"") -> 돼지고기(국산)36.53%, 밀가루(밀:미국산.호주산), 양파(국산), 건무, 부추, 곤약, 돼지갈비살(국산)2.09%, 설탕, 갅방, 물엿, 마늘, 생강, 참기름, 후추, 대파 등 | H13: =IFERROR(INDEX(온라인_반찬!$D$2:$J$605,MATCH($D13,온라인_반찬!$C$2:$C$605,0),6),"") -> .2.5.6.10.16.21. | I13: 2026-07-06 14:30~ | J13: 69 | K13: 144.9 | L13: =IFERROR(INDEX(온라인_반찬!$C$2:$J$605,MATCH($D13,온라인_반찬!$C$2:$C$605,0),8),"") -> 달콤한갈비만두(한만두) 개당25g
C14: 반찬2 | D14: 감자채볶음 | E14: 40 | G14: =IFERROR(INDEX(온라인_반찬!$C$2:$H$612,MATCH($D14,온라인_반찬!$C$2:$C$612,0),6),"") -> 감자(국산)90%, 당근(국산)3.5%, 대두유, 마늘, 소금, 후추, 참기름, 참깨 | H14: =IFERROR(INDEX(온라인_반찬!$D$2:$J$605,MATCH($D14,온라인_반찬!$C$2:$C$605,0),6),"") -> .5.21. | I14: 2026-07-06 14:30~ | J14: 69 | K14: 2760 | L14: =IFERROR(INDEX(온라인_반찬!$C$2:$J$605,MATCH($D14,온라인_반찬!$C$2:$C$605,0),8),"") -> 0
C15: 반찬3 | D15: 배추김치 | E15: 30 | G15: =IFERROR(INDEX(온라인_반찬!$C$2:$H$612,MATCH($D15,온라인_반찬!$C$2:$C$612,0),6),"") -> 절임배추64.0%[배추(국산),무(국산),종가김치전용풀(쌀:국산)], 토마토페이스트(토마토:미국산)2.7%,[멸치액젓, 양파,다시마농축액,고춧가루,마늘,대파,새우액젓,김치유산균발효액,생강양념,호화쌀혼합분말]국산 | H15: =IFERROR(INDEX(온라인_반찬!$D$2:$J$605,MATCH($D15,온라인_반찬!$C$2:$C$605,0),6),"") -> .9.12. | I15: 2026-07-06 14:30~ | J15: 69 | K15: 2415 | L15: =IFERROR(INDEX(온라인_반찬!$C$2:$J$605,MATCH($D15,온라인_반찬!$C$2:$C$605,0),8),"") -> 토마토김치(종가집)
C16: 신당꿈 특식 | D16: 눈꽃치즈치킨 | E16: 80 | G16: =IFERROR(INDEX(온라인_반찬!$C$2:$H$612,MATCH($D16,온라인_반찬!$C$2:$C$612,0),6),"") -> 순살치킨[닭고기(닭다리살:브라질산)64.76%,밀가루(밀:호주산,미국산),옥수수전분(옥수수:외국산), 대두유]98%, 눈꽃치즈(모짜렐라치즈:외국산99%)2% | H16: =IFERROR(INDEX(온라인_반찬!$D$2:$J$605,MATCH($D16,온라인_반찬!$C$2:$C$605,0),6),"") -> .1.2.5.6.15.16. | I16: 2026-07-06 14:30~ | J16: 28 | K16: 2580 | L16: =IFERROR(INDEX(온라인_반찬!$C$2:$J$605,MATCH($D16,온라인_반찬!$C$2:$C$605,0),8),"") -> 순살치킨가라아게(하림)
C17: 보존식 | J17: 1 | K17: 0.25
B18: 강서폴리 소풍 | C18: 밥 | G18: =IFERROR(INDEX(온라인_반찬!$C$2:$H$612,MATCH($D18,온라인_반찬!$C$2:$C$612,0),6),"") | H18: =IFERROR(INDEX(온라인_반찬!$D$2:$J$605,MATCH($D18,온라인_반찬!$C$2:$C$605,0),6),"") | I18: 2026-07-06 09:30~ | L18: =IFERROR(INDEX(온라인_반찬!$C$2:$J$605,MATCH($D18,온라인_반찬!$C$2:$C$605,0),8),"")
C19: 반찬1 | G19: =IFERROR(INDEX(온라인_반찬!$C$2:$H$612,MATCH($D19,온라인_반찬!$C$2:$C$612,0),6),"") | H19: =IFERROR(INDEX(온라인_반찬!$D$2:$J$605,MATCH($D19,온라인_반찬!$C$2:$C$605,0),6),"") | I19: 2026-07-06 09:30~ | L19: =IFERROR(INDEX(온라인_반찬!$C$2:$J$605,MATCH($D19,온라인_반찬!$C$2:$C$605,0),8),"")
G20: =IFERROR(INDEX(온라인_반찬!$C$2:$H$612,MATCH($D20,온라인_반찬!$C$2:$C$612,0),6),"") | H20: =IFERROR(INDEX(온라인_반찬!$D$2:$J$605,MATCH($D20,온라인_반찬!$C$2:$C$605,0),6),"") | I20: 2026-07-06 09:30~ | L20: =IFERROR(INDEX(온라인_반찬!$C$2:$J$605,MATCH($D20,온라인_반찬!$C$2:$C$605,0),8),"")
C21: 반찬2 | G21: =IFERROR(INDEX(온라인_반찬!$C$2:$H$612,MATCH($D21,온라인_반찬!$C$2:$C$612,0),6),"") | H21: =IFERROR(INDEX(온라인_반찬!$D$2:$J$605,MATCH($D21,온라인_반찬!$C$2:$C$605,0),6),"") | I21: 2026-07-06 09:30~ | L21: =IFERROR(INDEX(온라인_반찬!$C$2:$J$605,MATCH($D21,온라인_반찬!$C$2:$C$605,0),8),"")
C22: 반찬3 | G22: =IFERROR(INDEX(온라인_반찬!$C$2:$H$612,MATCH($D22,온라인_반찬!$C$2:$C$612,0),6),"") | H22: =IFERROR(INDEX(온라인_반찬!$D$2:$J$605,MATCH($D22,온라인_반찬!$C$2:$C$605,0),6),"") | I22: 2026-07-06 09:30~ | L22: =IFERROR(INDEX(온라인_반찬!$C$2:$J$605,MATCH($D22,온라인_반찬!$C$2:$C$605,0),8),"")
C23: 반찬4 | G23: =IFERROR(INDEX(온라인_반찬!$C$2:$H$612,MATCH($D23,온라인_반찬!$C$2:$C$612,0),6),"") | H23: =IFERROR(INDEX(온라인_반찬!$D$2:$J$605,MATCH($D23,온라인_반찬!$C$2:$C$605,0),6),"") | I23: 2026-07-06 09:30~ | L23: =IFERROR(INDEX(온라인_반찬!$C$2:$J$605,MATCH($D23,온라인_반찬!$C$2:$C$605,0),8),"")
C24: 보존식 | F24: 1 | J24: 1 | K24: 0.25

Sheet 07-07
B1: 2026-07-07(화) | M1: *한입해쉬브라운 : 9g(개당) | P1: *양송이떡갈비 : 1.5ea, 1.75, 2 | S1: *양배추당근라페 : 20g / 30g
B2: 출고일 | C2: 구분 | D2: 품명 | E2: 중량(g) | F2: 수량(장) | G2: 자재사용내역 | H2: 알러지 표기 | I2: 배송시점 | J2: 제공인원 | K2: 총생산량(Kg) | L2: 메 모 | M2: *샐러드 채소 : 15g, 20g ,25g | P2: *야채고기말이 : 1.1, 1.5, 1.5 | S2: *고구마튀김35g / 45g
B3: 중식 | C3: 밥 | D3: 친환경귀리쌀밥 | E3: 140 | G3: =IFERROR(INDEX(온라인_반찬!$C$2:$H$612,MATCH($D3,온라인_반찬!$C$2:$C$612,0),6),"") -> 쌀(국산)90%, 귀리(국산.친환경)5%, 정제수 | H3: =IFERROR(INDEX(온라인_반찬!$D$2:$J$605,MATCH($D3,온라인_반찬!$C$2:$C$605,0),6),"") -> 0 | I3: 2026-07-07 09:30~ | J3: 1460 | K3: 233530 | L3: =IFERROR(INDEX(온라인_반찬!$C$2:$J$605,MATCH($D3,온라인_반찬!$C$2:$C$605,0),8),"") -> 0 | M3: *웨지감자 : 25g / 30g | O3: *어묵채구이:12g / 15g | S3: 한입새우튀김 : 30g / 40g / 50g (소스15g)
C4: 국 | D4: 소고기탕국 | E4: 150 | G4: =IFERROR(INDEX(온라인_반찬!$C$2:$H$612,MATCH($D4,온라인_반찬!$C$2:$C$612,0),6),"") -> 무(국산)15%, 소고기(호주산)8%, 두부(원료수입산)5%, 양파, 대파, 마늘, 정제수, 멸치육수농축액, 국간장, 소금 | H4: =IFERROR(INDEX(온라인_반찬!$D$2:$J$605,MATCH($D4,온라인_반찬!$C$2:$C$605,0),6),"") -> .5.16. | I4: 2026-07-07 09:30~ | J4: 1460 | K4: 240960 | L4: =IFERROR(INDEX(온라인_반찬!$C$2:$J$605,MATCH($D4,온라인_반찬!$C$2:$C$605,0),8),"") -> 40g / 50g | M4: *꼬마돈까스: 25g, 중구청 35g | P4: *족발:45g / 55g | S4: *갈비만두 : 성분표기 인당1개 / 식수 인당1.5개
C5: 메인 | D5: 브로콜리닭볶음 | E5: 60 | G5: =IFERROR(INDEX(온라인_반찬!$C$2:$H$612,MATCH($D5,온라인_반찬!$C$2:$C$612,0),6),"") -> 닭(가슴살.다리살:국산)75%, 브로콜리(국산)5%, 당근, 파, 마늘, 맛술, 후추, 간장, 설탕, 참기름, 참깨 | H5: =IFERROR(INDEX(온라인_반찬!$D$2:$J$605,MATCH($D5,온라인_반찬!$C$2:$C$605,0),6),"") -> .5.15.21. | I5: 2026-07-07 09:30~ | J5: 1395 | K5: 104790 | L5: =IFERROR(INDEX(온라인_반찬!$C$2:$J$605,MATCH($D5,온라인_반찬!$C$2:$C$605,0),8),"") -> 0 | M5: *오징어볼탕수 : 35g / 45g/ 70g 소스 : 20g | S5: *생선통살탕수 : 40g / 50g / 교사 70g, 소스 25g 개당 12g
C6: 반찬1 | D6: 미니떡갈비 | F6: 2 | G6: =IFERROR(INDEX(온라인_반찬!$C$2:$H$612,MATCH($D6,온라인_반찬!$C$2:$C$612,0),6),"") -> 돼지고기(국내산)25.06%,소고기(국내산)5%,양배추,양파(국내산),설탕,빵가루,표고버섯,옥수수전본,대파,당근,양조간장,마늘,참기름,생강,소금,후추 | H6: =IFERROR(INDEX(온라인_반찬!$D$2:$J$605,MATCH($D6,온라인_반찬!$C$2:$C$605,0),6),"") -> .5.6.10.16. | I6: 2026-07-07 09:30~ | J6: 1460 | K6: 3486.4 | L6: =IFERROR(INDEX(온라인_반찬!$C$2:$J$605,MATCH($D6,온라인_반찬!$C$2:$C$605,0),8),"") -> 육즙가득미니떡갈비(아이누리) | M6: *표고강정 : 30g(35g) | P6: *훈제오리 : 40g / 50g | S6: *해물전:1000680205(삼성웰스토리)
C7: 반찬2 | D7: 당근숙주나물 | E7: 25 | G7: =IFERROR(INDEX(온라인_반찬!$C$2:$H$612,MATCH($D7,온라인_반찬!$C$2:$C$612,0),6),"") -> 숙주(녹두:외국산)90%, 당근, 마늘, 대파, 참치액, 소금, 참기름, 참깨 | H7: =IFERROR(INDEX(온라인_반찬!$D$2:$J$605,MATCH($D7,온라인_반찬!$C$2:$C$605,0),6),"") -> .5.21. | I7: 2026-07-07 09:30~ | J7: 1460 | K7: 47375 | L7: =IFERROR(INDEX(온라인_반찬!$C$2:$J$605,MATCH($D7,온라인_반찬!$C$2:$C$605,0),8),"") -> 0 | M7: *탕수육40g(중구청50g) ,소스25g | P7: *마카로니.콘샐러드 : 30g | S7: *통등심돈까스:50g / 소스 25g
C8: 반찬3 | D8: 깍두기 | E8: 25 | G8: =IFERROR(INDEX(온라인_반찬!$C$2:$H$612,MATCH($D8,온라인_반찬!$C$2:$C$612,0),6),"") -> 무(국산)85.2%, 고추가루(국산), 밀가루풀(국산), 파, 마늘, 새우젓 등 양념(국산) | H8: =IFERROR(INDEX(온라인_반찬!$D$2:$J$605,MATCH($D8,온라인_반찬!$C$2:$C$605,0),6),"") -> .6.9. | I8: 2026-07-07 09:30~ | J8: 1460 | K8: 41975 | L8: =IFERROR(INDEX(온라인_반찬!$C$2:$J$605,MATCH($D8,온라인_반찬!$C$2:$C$605,0),8),"") -> 0 | M8: *건두부무침 : 25g / 35g | P8: *파르펠레냉파스타:30g | S8: *족발부추무침 : 45g, 55g
C9: 보존식 | G9: 글로벌리더스 : 닭볶음탕 | J9: 1 | K9: 0.25 | M9: 233530 | N9: 240960 | O9: 104790 | P9: 3486.4 | Q9: 47375 | R9: 41975 | S9: 41975
B10: 글로벌 리더스 . 석식 | C10: 밥 | D10: 친환경귀리쌀밥 | E10: 150 | G10: =IFERROR(INDEX(온라인_반찬!$C$2:$H$612,MATCH($D10,온라인_반찬!$C$2:$C$612,0),6),"") -> 쌀(국산)90%, 귀리(국산.친환경)5%, 정제수 | H10: =IFERROR(INDEX(온라인_반찬!$D$2:$J$605,MATCH($D10,온라인_반찬!$C$2:$C$605,0),6),"") -> 0 | I10: 2026-07-07 14:30~ | J10: 41 | K10: 6300 | L10: =IFERROR(INDEX(온라인_반찬!$C$2:$J$605,MATCH($D10,온라인_반찬!$C$2:$C$605,0),8),"") -> 0 | M10: *영양찜닭:85g / 95g | P10: *소고기가지볶음 : 30g | S10: *춘장닭불고기 : 70g / 80g
C11: 국 | D11: 소고기탕국 | E11: 160 | G11: =IFERROR(INDEX(온라인_반찬!$C$2:$H$612,MATCH($D11,온라인_반찬!$C$2:$C$612,0),6),"") -> 무(국산)15%, 소고기(호주산)8%, 두부(원료수입산)5%, 양파, 대파, 마늘, 정제수, 멸치육수농축액, 국간장, 소금 | H11: =IFERROR(INDEX(온라인_반찬!$D$2:$J$605,MATCH($D11,온라인_반찬!$C$2:$C$605,0),6),"") -> .5.16. | I11: 2026-07-07 14:30~ | J11: 41 | K11: 6560 | L11: =IFERROR(INDEX(온라인_반찬!$C$2:$J$605,MATCH($D11,온라인_반찬!$C$2:$C$605,0),8),"") -> 40g / 50g | M11: *미트볼 : 개당10g | P11: *삼색소고기소보로 : 50g / 70g | S11: *훈제오리잡채 : 55g / 70g
C12: 메인 | D12: 닭볶음탕 | E12: 100 | G12: =IFERROR(INDEX(온라인_반찬!$C$2:$H$612,MATCH($D12,온라인_반찬!$C$2:$C$612,0),6),"") -> 닭(국산)54%, 감자(국산)10%, 양파, 당근, 파, 마늘, 정제수, 고추가루, 간장, 후추, 소금 | H12: =IFERROR(INDEX(온라인_반찬!$D$2:$J$605,MATCH($D12,온라인_반찬!$C$2:$C$605,0),6),"") -> .5.6.15. | I12: 2026-07-07 14:30~ | J12: 106 | K12: 10250 | L12: =IFERROR(INDEX(온라인_반찬!$C$2:$J$605,MATCH($D12,온라인_반찬!$C$2:$C$605,0),8),"") -> 0
C13: 반찬1 | D13: 미니떡갈비 | F13: 2 | G13: =IFERROR(INDEX(온라인_반찬!$C$2:$H$612,MATCH($D13,온라인_반찬!$C$2:$C$612,0),6),"") -> 돼지고기(국내산)25.06%,소고기(국내산)5%,양배추,양파(국내산),설탕,빵가루,표고버섯,옥수수전본,대파,당근,양조간장,마늘,참기름,생강,소금,후추 | H13: =IFERROR(INDEX(온라인_반찬!$D$2:$J$605,MATCH($D13,온라인_반찬!$C$2:$C$605,0),6),"") -> .5.6.10.16. | I13: 2026-07-07 14:30~ | J13: 41 | K13: 102.5 | L13: =IFERROR(INDEX(온라인_반찬!$C$2:$J$605,MATCH($D13,온라인_반찬!$C$2:$C$605,0),8),"") -> 육즙가득미니떡갈비(아이누리)
C14: 반찬2 | D14: 당근숙주나물 | E14: 40 | G14: =IFERROR(INDEX(온라인_반찬!$C$2:$H$612,MATCH($D14,온라인_반찬!$C$2:$C$612,0),6),"") -> 숙주(녹두:외국산)90%, 당근, 마늘, 대파, 참치액, 소금, 참기름, 참깨 | H14: =IFERROR(INDEX(온라인_반찬!$D$2:$J$605,MATCH($D14,온라인_반찬!$C$2:$C$605,0),6),"") -> .5.21. | I14: 2026-07-07 14:30~ | J14: 41 | K14: 1640 | L14: =IFERROR(INDEX(온라인_반찬!$C$2:$J$605,MATCH($D14,온라인_반찬!$C$2:$C$605,0),8),"") -> 0
C15: 반찬3 | D15: 깍두기 | E15: 35 | G15: =IFERROR(INDEX(온라인_반찬!$C$2:$H$612,MATCH($D15,온라인_반찬!$C$2:$C$612,0),6),"") -> 무(국산)85.2%, 고추가루(국산), 밀가루풀(국산), 파, 마늘, 새우젓 등 양념(국산) | H15: =IFERROR(INDEX(온라인_반찬!$D$2:$J$605,MATCH($D15,온라인_반찬!$C$2:$C$605,0),6),"") -> .6.9. | I15: 2026-07-07 14:30~ | J15: 41 | K15: 1435 | L15: =IFERROR(INDEX(온라인_반찬!$C$2:$J$605,MATCH($D15,온라인_반찬!$C$2:$C$605,0),8),"") -> 0
C16: 신당꿈 특식 | D16: 과일 | G16: =IFERROR(INDEX(온라인_반찬!$C$2:$H$612,MATCH($D16,온라인_반찬!$C$2:$C$612,0),6),"") | H16: =IFERROR(INDEX(온라인_반찬!$D$2:$J$605,MATCH($D16,온라인_반찬!$C$2:$C$605,0),6),"") | I16: 2026-07-07 14:30~ | L16: =IFERROR(INDEX(온라인_반찬!$C$2:$J$605,MATCH($D16,온라인_반찬!$C$2:$C$605,0),8),"")
C17: 보존식 | J17: 1 | K17: 0.25
B18: 강서폴리 소풍 | C18: 밥 | G18: =IFERROR(INDEX(온라인_반찬!$C$2:$H$612,MATCH($D18,온라인_반찬!$C$2:$C$612,0),6),"") | H18: =IFERROR(INDEX(온라인_반찬!$D$2:$J$605,MATCH($D18,온라인_반찬!$C$2:$C$605,0),6),"") | I18: 2026-07-07 09:30~ | L18: =IFERROR(INDEX(온라인_반찬!$C$2:$J$605,MATCH($D18,온라인_반찬!$C$2:$C$605,0),8),"")
C19: 반찬1 | G19: =IFERROR(INDEX(온라인_반찬!$C$2:$H$612,MATCH($D19,온라인_반찬!$C$2:$C$612,0),6),"") | H19: =IFERROR(INDEX(온라인_반찬!$D$2:$J$605,MATCH($D19,온라인_반찬!$C$2:$C$605,0),6),"") | I19: 2026-07-07 09:30~ | L19: =IFERROR(INDEX(온라인_반찬!$C$2:$J$605,MATCH($D19,온라인_반찬!$C$2:$C$605,0),8),"")
G20: =IFERROR(INDEX(온라인_반찬!$C$2:$H$612,MATCH($D20,온라인_반찬!$C$2:$C$612,0),6),"") | H20: =IFERROR(INDEX(온라인_반찬!$D$2:$J$605,MATCH($D20,온라인_반찬!$C$2:$C$605,0),6),"") | I20: 2026-07-07 09:30~ | L20: =IFERROR(INDEX(온라인_반찬!$C$2:$J$605,MATCH($D20,온라인_반찬!$C$2:$C$605,0),8),"")
C21: 반찬2 | G21: =IFERROR(INDEX(온라인_반찬!$C$2:$H$612,MATCH($D21,온라인_반찬!$C$2:$C$612,0),6),"") | H21: =IFERROR(INDEX(온라인_반찬!$D$2:$J$605,MATCH($D21,온라인_반찬!$C$2:$C$605,0),6),"") | I21: 2026-07-07 09:30~ | L21: =IFERROR(INDEX(온라인_반찬!$C$2:$J$605,MATCH($D21,온라인_반찬!$C$2:$C$605,0),8),"")
C22: 반찬3 | G22: =IFERROR(INDEX(온라인_반찬!$C$2:$H$612,MATCH($D22,온라인_반찬!$C$2:$C$612,0),6),"") | H22: =IFERROR(INDEX(온라인_반찬!$D$2:$J$605,MATCH($D22,온라인_반찬!$C$2:$C$605,0),6),"") | I22: 2026-07-07 09:30~ | L22: =IFERROR(INDEX(온라인_반찬!$C$2:$J$605,MATCH($D22,온라인_반찬!$C$2:$C$605,0),8),"")
C23: 반찬4 | G23: =IFERROR(INDEX(온라인_반찬!$C$2:$H$612,MATCH($D23,온라인_반찬!$C$2:$C$612,0),6),"") | H23: =IFERROR(INDEX(온라인_반찬!$D$2:$J$605,MATCH($D23,온라인_반찬!$C$2:$C$605,0),6),"") | I23: 2026-07-07 09:30~ | L23: =IFERROR(INDEX(온라인_반찬!$C$2:$J$605,MATCH($D23,온라인_반찬!$C$2:$C$605,0),8),"")
C24: 보존식 | F24: 1 | J24: 1 | K24: 0.25

Sheet 07-08
B1: 2026-07-08(수) | M1: *한입해쉬브라운 : 9g(개당) | P1: *양송이떡갈비 : 1.5ea, 1.75, 2 | S1: *양배추당근라페 : 20g / 30g
B2: 출고일 | C2: 구분 | D2: 품명 | E2: 중량(g) | F2: 수량(장) | G2: 자재사용내역 | H2: 알러지 표기 | I2: 배송시점 | J2: 제공인원 | K2: 총생산량(Kg) | L2: 메 모 | M2: *샐러드 채소 : 15g, 20g ,25g | P2: *야채고기말이 : 1.1, 1.5, 1.5 | S2: *고구마튀김35g / 45g
B3: 중식 | C3: 밥 | D3: 친환경찰흑미쌀밥 | E3: 140 | G3: =IFERROR(INDEX(온라인_반찬!$C$2:$H$612,MATCH($D3,온라인_반찬!$C$2:$C$612,0),6),"") -> 쌀(국산)90%, 찰흑미(국산.친환경)5%, 정제수 | H3: =IFERROR(INDEX(온라인_반찬!$D$2:$J$605,MATCH($D3,온라인_반찬!$C$2:$C$605,0),6),"") -> 0 | I3: 2026-07-08 09:30~ | J3: 1446 | K3: 231580 | L3: =IFERROR(INDEX(온라인_반찬!$C$2:$J$605,MATCH($D3,온라인_반찬!$C$2:$C$605,0),8),"") -> 0 | M3: *웨지감자 : 25g / 30g | O3: *어묵채구이:12g / 15g | S3: 한입새우튀김 : 30g / 40g / 50g (소스15g)
C4: 국 | D4: 모둠채소된장국 | E4: 150 | G4: =IFERROR(INDEX(온라인_반찬!$C$2:$H$612,MATCH($D4,온라인_반찬!$C$2:$C$612,0),6),"") -> 모둠채소[(호박.감자.양파.느타리버섯:국산),.표고버섯(중국산)]20%, 두부(원료수입산)5%, 정제수, 된장, 대파, 마늘, 소금 | H4: =IFERROR(INDEX(온라인_반찬!$D$2:$J$605,MATCH($D4,온라인_반찬!$C$2:$C$605,0),6),"") -> .5. | I4: 2026-07-08 09:30~ | J4: 1446 | K4: 238440 | L4: =IFERROR(INDEX(온라인_반찬!$C$2:$J$605,MATCH($D4,온라인_반찬!$C$2:$C$605,0),8),"") -> 50g / 60g | M4: *꼬마돈까스: 25g, 중구청 35g | P4: *족발:45g / 55g | S4: *갈비만두 : 성분표기 인당1개 / 식수 인당1.5개
C5: 메인 | D5: 황금팽이소불고기 | E5: 60 | G5: =IFERROR(INDEX(온라인_반찬!$C$2:$H$612,MATCH($D5,온라인_반찬!$C$2:$C$612,0),6),"") -> 소고기(호주산)75%, 새송이버섯(국산)10%, 황금팽이버섯(국산)2%, 당근, 대파, 마늘, 간장, 맛술, 참기름, 후추, 참깨 | H5: =IFERROR(INDEX(온라인_반찬!$D$2:$J$605,MATCH($D5,온라인_반찬!$C$2:$C$605,0),6),"") -> .5.16.21. | I5: 2026-07-08 09:30~ | J5: 1446 | K5: 111895 | L5: =IFERROR(INDEX(온라인_반찬!$C$2:$J$605,MATCH($D5,온라인_반찬!$C$2:$C$605,0),8),"") -> 0 | M5: *오징어볼탕수 : 35g / 45g/ 70g 소스 : 20g | S5: *생선통살탕수 : 40g / 50g / 교사 70g, 소스 25g 개당 12g
C6: 반찬1 | D6: 치즈계란찜 | F6: 1 | G6: =IFERROR(INDEX(온라인_반찬!$C$2:$H$612,MATCH($D6,온라인_반찬!$C$2:$C$612,0),6),"") -> 계란(국산)46.2%, 눈꽃치즈(모짜렐라치즈:외국산)2%, 정제수, 우유, 소금 | H6: =IFERROR(INDEX(온라인_반찬!$D$2:$J$605,MATCH($D6,온라인_반찬!$C$2:$C$605,0),6),"") -> .1.2. | I6: 2026-07-08 09:30~ | J6: 1446 | K6: 2193.5 | L6: =IFERROR(INDEX(온라인_반찬!$C$2:$J$605,MATCH($D6,온라인_반찬!$C$2:$C$605,0),8),"") -> 0 | M6: *표고강정 : 30g(35g) | P6: *훈제오리 : 40g / 50g | S6: *해물전:1000680205(삼성웰스토리)
C7: 반찬2 | D7: 미역무채무침 | E7: 30 | G7: =IFERROR(INDEX(온라인_반찬!$C$2:$H$612,MATCH($D7,온라인_반찬!$C$2:$C$612,0),6),"") -> 무(국내산)70%, 미역(국산)15%, (국내산)]10%, 설탕, 식초, 레몬즙, 소금, 참깨 | H7: =IFERROR(INDEX(온라인_반찬!$D$2:$J$605,MATCH($D7,온라인_반찬!$C$2:$C$605,0),6),"") -> .5.21. | I7: 2026-07-08 09:30~ | J7: 1446 | K7: 53770 | L7: =IFERROR(INDEX(온라인_반찬!$C$2:$J$605,MATCH($D7,온라인_반찬!$C$2:$C$605,0),8),"") -> 0 | M7: *탕수육40g(중구청50g) ,소스25g | P7: *마카로니.콘샐러드 : 30g | S7: *통등심돈까스:50g / 소스 25g
C8: 반찬3 | D8: 백김치 | E8: 25 | G8: =IFERROR(INDEX(온라인_반찬!$C$2:$H$612,MATCH($D8,온라인_반찬!$C$2:$C$612,0),6),"") -> 배추(국내산)70&, 무(국내산)10%, 마늘, 생강, 양파, 설탕, 정제수, 소금 | H8: =IFERROR(INDEX(온라인_반찬!$D$2:$J$605,MATCH($D8,온라인_반찬!$C$2:$C$605,0),6),"") -> 0 | I8: 2026-07-08 09:30~ | J8: 1381 | K8: 38425 | L8: =IFERROR(INDEX(온라인_반찬!$C$2:$J$605,MATCH($D8,온라인_반찬!$C$2:$C$605,0),8),"") -> 백김치(정우식품) | M8: *건두부무침 : 25g / 35g | P8: *파르펠레냉파스타:30g | S8: *족발부추무침 : 45g, 55g
C9: 보존식 | G9: 글로벌리더스 : 열무김치 | J9: 1 | K9: 0.25
B10: 글로벌 리더스 . 석식 | C10: 밥 | D10: 친환경찰흑미쌀밥 | E10: 150 | G10: =IFERROR(INDEX(온라인_반찬!$C$2:$H$612,MATCH($D10,온라인_반찬!$C$2:$C$612,0),6),"") -> 쌀(국산)90%, 찰흑미(국산.친환경)5%, 정제수 | H10: =IFERROR(INDEX(온라인_반찬!$D$2:$J$605,MATCH($D10,온라인_반찬!$C$2:$C$605,0),6),"") -> 0 | I10: 2026-07-08 14:30~ | J10: 49 | K10: 7950 | L10: =IFERROR(INDEX(온라인_반찬!$C$2:$J$605,MATCH($D10,온라인_반찬!$C$2:$C$605,0),8),"") -> 0 | M10: *영양찜닭:85g / 95g | P10: *소고기가지볶음 : 30g | S10: *춘장닭불고기 : 70g / 80g
C11: 국 | D11: 모둠채소된장국 | E11: 160 | G11: =IFERROR(INDEX(온라인_반찬!$C$2:$H$612,MATCH($D11,온라인_반찬!$C$2:$C$612,0),6),"") -> 모둠채소[(호박.감자.양파.느타리버섯:국산),.표고버섯(중국산)]20%, 두부(원료수입산)5%, 정제수, 된장, 대파, 마늘, 소금 | H11: =IFERROR(INDEX(온라인_반찬!$D$2:$J$605,MATCH($D11,온라인_반찬!$C$2:$C$605,0),6),"") -> .5. | I11: 2026-07-08 14:30~ | J11: 49 | K11: 8010 | L11: =IFERROR(INDEX(온라인_반찬!$C$2:$J$605,MATCH($D11,온라인_반찬!$C$2:$C$605,0),8),"") -> 50g / 60g | M11: *미트볼 : 개당10g | P11: *삼색소고기소보로 : 50g / 70g | S11: *훈제오리잡채 : 55g / 70g
C12: 메인 | D12: 황금팽이소불고기 | E12: 80 | G12: =IFERROR(INDEX(온라인_반찬!$C$2:$H$612,MATCH($D12,온라인_반찬!$C$2:$C$612,0),6),"") -> 소고기(호주산)75%, 새송이버섯(국산)10%, 황금팽이버섯(국산)2%, 당근, 대파, 마늘, 간장, 맛술, 참기름, 후추, 참깨 | H12: =IFERROR(INDEX(온라인_반찬!$D$2:$J$605,MATCH($D12,온라인_반찬!$C$2:$C$605,0),6),"") -> .5.16.21. | I12: 2026-07-08 14:30~ | J12: 49 | K12: 4304 | L12: =IFERROR(INDEX(온라인_반찬!$C$2:$J$605,MATCH($D12,온라인_반찬!$C$2:$C$605,0),8),"") -> 0
C13: 반찬1 | D13: 치즈계란찜 | F13: 2 | G13: =IFERROR(INDEX(온라인_반찬!$C$2:$H$612,MATCH($D13,온라인_반찬!$C$2:$C$612,0),6),"") -> 계란(국산)46.2%, 눈꽃치즈(모짜렐라치즈:외국산)2%, 정제수, 우유, 소금 | H13: =IFERROR(INDEX(온라인_반찬!$D$2:$J$605,MATCH($D13,온라인_반찬!$C$2:$C$605,0),6),"") -> .1.2. | I13: 2026-07-08 14:30~ | J13: 49 | K13: 102.9 | L13: =IFERROR(INDEX(온라인_반찬!$C$2:$J$605,MATCH($D13,온라인_반찬!$C$2:$C$605,0),8),"") -> 0
C14: 반찬2 | D14: 미역무채무침 | E14: 35 | G14: =IFERROR(INDEX(온라인_반찬!$C$2:$H$612,MATCH($D14,온라인_반찬!$C$2:$C$612,0),6),"") -> 무(국내산)70%, 미역(국산)15%, (국내산)]10%, 설탕, 식초, 레몬즙, 소금, 참깨 | H14: =IFERROR(INDEX(온라인_반찬!$D$2:$J$605,MATCH($D14,온라인_반찬!$C$2:$C$605,0),6),"") -> .5.21. | I14: 2026-07-08 14:30~ | J14: 49 | K14: 1715 | L14: =IFERROR(INDEX(온라인_반찬!$C$2:$J$605,MATCH($D14,온라인_반찬!$C$2:$C$605,0),8),"") -> 0
C15: 반찬3 | D15: 열무김치 | E15: 35 | G15: =IFERROR(INDEX(온라인_반찬!$C$2:$H$612,MATCH($D15,온라인_반찬!$C$2:$C$612,0),6),"") -> 절임열무51%(열무,식염, 고춧가루, 양파, 대파, 전용풀. 마늘, 다시마농축액.새우액젓.생강:국산) | H15: =IFERROR(INDEX(온라인_반찬!$D$2:$J$605,MATCH($D15,온라인_반찬!$C$2:$C$605,0),6),"") -> .9. | I15: 2026-07-08 14:30~ | J15: 114 | K15: 4965 | L15: =IFERROR(INDEX(온라인_반찬!$C$2:$J$605,MATCH($D15,온라인_반찬!$C$2:$C$605,0),8),"") -> 열무김치(종가김치)
C16: 신당꿈 특식 | D16: 콩나물해물찜 | E16: 100 | G16: =IFERROR(INDEX(온라인_반찬!$C$2:$H$612,MATCH($D16,온라인_반찬!$C$2:$C$612,0),6),"") -> 모둠해물[낙지(베트남산), 갑오징어(베이비까:베트남산), 자숙새우살(베트남산)]50%, 콩나물(대두:외국산)35%, 양파, 대파, 마늘, 고춧가루(국내산), 소금, 국간장, 녹말, 참기름, 참깨 | H16: =IFERROR(INDEX(온라인_반찬!$D$2:$J$605,MATCH($D16,온라인_반찬!$C$2:$C$605,0),6),"") -> .5.9.17.21. | I16: 2026-07-08 14:30~ | J16: 28 | K16: 3250 | L16: =IFERROR(INDEX(온라인_반찬!$C$2:$J$605,MATCH($D16,온라인_반찬!$C$2:$C$605,0),8),"") -> 0
C17: 보존식 | J17: 1 | K17: 0.25
B18: 강서폴리 소풍 | C18: 밥 | G18: =IFERROR(INDEX(온라인_반찬!$C$2:$H$612,MATCH($D18,온라인_반찬!$C$2:$C$612,0),6),"") | H18: =IFERROR(INDEX(온라인_반찬!$D$2:$J$605,MATCH($D18,온라인_반찬!$C$2:$C$605,0),6),"") | I18: 2026-07-08 09:30~ | L18: =IFERROR(INDEX(온라인_반찬!$C$2:$J$605,MATCH($D18,온라인_반찬!$C$2:$C$605,0),8),"")
C19: 반찬1 | G19: =IFERROR(INDEX(온라인_반찬!$C$2:$H$612,MATCH($D19,온라인_반찬!$C$2:$C$612,0),6),"") | H19: =IFERROR(INDEX(온라인_반찬!$D$2:$J$605,MATCH($D19,온라인_반찬!$C$2:$C$605,0),6),"") | I19: 2026-07-08 09:30~ | L19: =IFERROR(INDEX(온라인_반찬!$C$2:$J$605,MATCH($D19,온라인_반찬!$C$2:$C$605,0),8),"")
G20: =IFERROR(INDEX(온라인_반찬!$C$2:$H$612,MATCH($D20,온라인_반찬!$C$2:$C$612,0),6),"") | H20: =IFERROR(INDEX(온라인_반찬!$D$2:$J$605,MATCH($D20,온라인_반찬!$C$2:$C$605,0),6),"") | I20: 2026-07-08 09:30~ | L20: =IFERROR(INDEX(온라인_반찬!$C$2:$J$605,MATCH($D20,온라인_반찬!$C$2:$C$605,0),8),"")
C21: 반찬2 | G21: =IFERROR(INDEX(온라인_반찬!$C$2:$H$612,MATCH($D21,온라인_반찬!$C$2:$C$612,0),6),"") | H21: =IFERROR(INDEX(온라인_반찬!$D$2:$J$605,MATCH($D21,온라인_반찬!$C$2:$C$605,0),6),"") | I21: 2026-07-08 09:30~ | L21: =IFERROR(INDEX(온라인_반찬!$C$2:$J$605,MATCH($D21,온라인_반찬!$C$2:$C$605,0),8),"")
C22: 반찬3 | G22: =IFERROR(INDEX(온라인_반찬!$C$2:$H$612,MATCH($D22,온라인_반찬!$C$2:$C$612,0),6),"") | H22: =IFERROR(INDEX(온라인_반찬!$D$2:$J$605,MATCH($D22,온라인_반찬!$C$2:$C$605,0),6),"") | I22: 2026-07-08 09:30~ | L22: =IFERROR(INDEX(온라인_반찬!$C$2:$J$605,MATCH($D22,온라인_반찬!$C$2:$C$605,0),8),"")
C23: 반찬4 | G23: =IFERROR(INDEX(온라인_반찬!$C$2:$H$612,MATCH($D23,온라인_반찬!$C$2:$C$612,0),6),"") | H23: =IFERROR(INDEX(온라인_반찬!$D$2:$J$605,MATCH($D23,온라인_반찬!$C$2:$C$605,0),6),"") | I23: 2026-07-08 09:30~ | L23: =IFERROR(INDEX(온라인_반찬!$C$2:$J$605,MATCH($D23,온라인_반찬!$C$2:$C$605,0),8),"")
C24: 보존식 | F24: 1 | J24: 1 | K24: 0.25

Sheet 07-09
B1: 2026-07-09(목) | M1: *한입해쉬브라운 : 9g(개당) | P1: *양송이떡갈비 : 1.5ea, 1.75, 2 | S1: *양배추당근라페 : 20g / 30g
B2: 출고일 | C2: 구분 | D2: 품명 | E2: 중량(g) | F2: 수량(장) | G2: 자재사용내역 | H2: 알러지 표기 | I2: 배송시점 | J2: 제공인원 | K2: 총생산량(Kg) | L2: 메 모 | M2: *샐러드 채소 : 15g, 20g ,25g | P2: *야채고기말이 : 1.1, 1.5, 1.5 | S2: *고구마튀김35g / 45g
B3: 중식 | C3: 밥 | D3: 흰쌀밥 | E3: 140 | G3: =IFERROR(INDEX(온라인_반찬!$C$2:$H$612,MATCH($D3,온라인_반찬!$C$2:$C$612,0),6),"") -> 쌀(국산)95%, 정제수 | H3: =IFERROR(INDEX(온라인_반찬!$D$2:$J$605,MATCH($D3,온라인_반찬!$C$2:$C$605,0),6),"") -> 0 | I3: 2026-07-09 09:30~ | J3: 1367 | K3: 219190 | L3: =IFERROR(INDEX(온라인_반찬!$C$2:$J$605,MATCH($D3,온라인_반찬!$C$2:$C$605,0),8),"") -> 0 | M3: *웨지감자 : 25g / 30g | O3: *어묵채구이:12g / 15g | S3: 한입새우튀김 : 30g / 40g / 50g (소스15g)
C4: 국 | D4: 닭고기버섯국 | E4: 150 | G4: =IFERROR(INDEX(온라인_반찬!$C$2:$H$612,MATCH($D4,온라인_반찬!$C$2:$C$612,0),6),"") -> 닭고기(국내산)7%, 버섯 [느타리,새송이:국산)]5%, 무(국산), 양파, 정제수, 마늘, 대파, 치킨스톡, 국간장, 소금 | H4: =IFERROR(INDEX(온라인_반찬!$D$2:$J$605,MATCH($D4,온라인_반찬!$C$2:$C$605,0),6),"") -> .5.15. | I4: 2026-07-09 09:30~ | J4: 1367 | K4: 225630 | L4: =IFERROR(INDEX(온라인_반찬!$C$2:$J$605,MATCH($D4,온라인_반찬!$C$2:$C$605,0),8),"") -> 40g / 50g | M4: *꼬마돈까스: 25g, 중구청 35g | P4: *족발:45g / 55g | S4: *갈비만두 : 성분표기 인당1개 / 식수 인당1.5개
C5: 메인 | D5: 돈사태찜 | E5: 70 | G5: =IFERROR(INDEX(온라인_반찬!$C$2:$H$612,MATCH($D5,온라인_반찬!$C$2:$C$612,0),6),"") -> 돼지사태(국산)62%, 곤약, 양파, 표고버섯, 파인애플(전처리용), 당근, 대파, 마늘, 생강가루, 월계수잎, 정제수, 간장, 설탕, 맛술, 물엿, 참기름, 후추 | H5: =IFERROR(INDEX(온라인_반찬!$D$2:$J$605,MATCH($D5,온라인_반찬!$C$2:$C$605,0),6),"") -> .5.6.10.19.21. | I5: 2026-07-09 09:30~ | J5: 1367 | K5: 113020 | L5: =IFERROR(INDEX(온라인_반찬!$C$2:$J$605,MATCH($D5,온라인_반찬!$C$2:$C$605,0),8),"") -> 0 | M5: *오징어볼탕수 : 35g / 45g/ 70g 소스 : 20g | S5: *생선통살탕수 : 40g / 50g / 교사 70g, 소스 25g 개당 12g
C6: 반찬1 | D6: 어묵채소볶음 | E6: 35 | G6: =IFERROR(INDEX(온라인_반찬!$C$2:$H$612,MATCH($D6,온라인_반찬!$C$2:$C$612,0),6),"") -> 어묵(원료수입산)85%, 채소(양파, 당근, 파:국산)10%, 마늘, 대두유, 간장, 참기름, 참깨 | H6: =IFERROR(INDEX(온라인_반찬!$D$2:$J$605,MATCH($D6,온라인_반찬!$C$2:$C$605,0),6),"") -> .5.6.21. | I6: 2026-07-09 09:30~ | J6: 1367 | K6: 57300 | L6: =IFERROR(INDEX(온라인_반찬!$C$2:$J$605,MATCH($D6,온라인_반찬!$C$2:$C$605,0),8),"") -> 0 | M6: *표고강정 : 30g(35g) | P6: *훈제오리 : 40g / 50g | S6: *해물전:1000680205(삼성웰스토리)
C7: 반찬2 | D7: 양배추오렌지샐러드 | E7: 30 | G7: =IFERROR(INDEX(온라인_반찬!$C$2:$H$612,MATCH($D7,온라인_반찬!$C$2:$C$612,0),6),"") -> [양배추(국산)90%, 적채(국산)2.5%, 오렌지슬라이스(오렌지:미국산)7.5%]87%, 오렌지드레싱[밀감(중국산),설탕, 옥수수(외국산), 오렌지농축액(브라질산)]13% | H7: =IFERROR(INDEX(온라인_반찬!$D$2:$J$605,MATCH($D7,온라인_반찬!$C$2:$C$605,0),6),"") -> .5. | I7: 2026-07-09 09:30~ | J7: 1367 | K7: 49490 | L7: =IFERROR(INDEX(온라인_반찬!$C$2:$J$605,MATCH($D7,온라인_반찬!$C$2:$C$605,0),8),"") -> 0 | M7: *탕수육40g(중구청50g) ,소스25g | P7: *마카로니.콘샐러드 : 30g | S7: *통등심돈까스:50g / 소스 25g
C8: 반찬3 | D8: 깍두기 | E8: 25 | G8: =IFERROR(INDEX(온라인_반찬!$C$2:$H$612,MATCH($D8,온라인_반찬!$C$2:$C$612,0),6),"") -> 무(국산)85.2%, 고추가루(국산), 밀가루풀(국산), 파, 마늘, 새우젓 등 양념(국산) | H8: =IFERROR(INDEX(온라인_반찬!$D$2:$J$605,MATCH($D8,온라인_반찬!$C$2:$C$605,0),6),"") -> .6.9. | I8: 2026-07-09 09:30~ | J8: 1367 | K8: 39500 | L8: =IFERROR(INDEX(온라인_반찬!$C$2:$J$605,MATCH($D8,온라인_반찬!$C$2:$C$605,0),8),"") -> 0 | M8: *건두부무침 : 25g / 35g | P8: *파르펠레냉파스타:30g | S8: *족발부추무침 : 45g, 55g
C9: 보존식 | G9: 글로벌리더스 : 매콤돈사태찜 | J9: 1 | K9: 0.25
B10: 위니위니 생파 | C10: 밥 | D10: 주먹밥 | F10: 2~3ea | G10: =IFERROR(INDEX(온라인_반찬!$C$2:$H$612,MATCH($D10,온라인_반찬!$C$2:$C$612,0),6),"") -> 밥(쌀:국산)95%, 후리카케[볶은참깨(참깨:인도산), 밀소맥볼(밀:미국,호주산),조각김(김:국산), 양조간장], 맛소금, 참기름 | H10: =IFERROR(INDEX(온라인_반찬!$D$2:$J$605,MATCH($D10,온라인_반찬!$C$2:$C$605,0),6),"") -> .5.21. | I10: 2026-07-09 09:30~ | J10: 93 | K10: 11330 | L10: =IFERROR(INDEX(온라인_반찬!$C$2:$J$605,MATCH($D10,온라인_반찬!$C$2:$C$605,0),8),"") -> 노리풍후리가케(이엔푸드)
C11: 반찬1 | D11: 스파게티면 | E11: 100 | G11: =IFERROR(INDEX(온라인_반찬!$C$2:$H$612,MATCH($D11,온라인_반찬!$C$2:$C$612,0),6),"") -> 스파게티면(듀럼밀100%)97%, 올리브오일3% | H11: =IFERROR(INDEX(온라인_반찬!$D$2:$J$605,MATCH($D11,온라인_반찬!$C$2:$C$605,0),6),"") -> .6. | I11: 2026-07-09 09:30~ | J11: 93 | K11: 13470 | L11: =IFERROR(INDEX(온라인_반찬!$C$2:$J$605,MATCH($D11,온라인_반찬!$C$2:$C$605,0),8),"") -> 0
D12: & 토마토소스 | E12: 120 | G12: =IFERROR(INDEX(온라인_반찬!$C$2:$H$612,MATCH($D12,온라인_반찬!$C$2:$C$612,0),6),"") -> 양파, 피망, 토마토소스[과채가공품(토마토:이탈리아산),토마토페이스트(토마토:중국산)], 올리브오일, 후추, 파슬리가루 | H12: =IFERROR(INDEX(온라인_반찬!$D$2:$J$605,MATCH($D12,온라인_반찬!$C$2:$C$605,0),6),"") -> .5.12. | I12: 2026-07-09 09:30~ | J12: 93 | K12: 253.8 | L12: =IFERROR(INDEX(온라인_반찬!$C$2:$J$605,MATCH($D12,온라인_반찬!$C$2:$C$605,0),8),"") -> 토마토소스(이츠웰)
C13: 반찬2 | D13: 순살치킨 | E13: 55 | G13: =IFERROR(INDEX(온라인_반찬!$C$2:$H$612,MATCH($D13,온라인_반찬!$C$2:$C$612,0),6),"") -> 순살치킨[닭고기(닭다리살:브라질산)64.76%,밀가루(밀:호주산,미국산),옥수수전분(옥수수:외국산), 대두유] | H13: =IFERROR(INDEX(온라인_반찬!$D$2:$J$605,MATCH($D13,온라인_반찬!$C$2:$C$605,0),6),"") -> .1.2.5.6.15.16. | I13: 2026-07-09 09:30~ | J13: 93 | K13: 6257 | L13: =IFERROR(INDEX(온라인_반찬!$C$2:$J$605,MATCH($D13,온라인_반찬!$C$2:$C$605,0),8),"") -> 550g/1,200g/순살치킨가라아게(하림)
C14: 반찬3 | D14: 조각피자 | F14: 1 | G14: =IFERROR(INDEX(온라인_반찬!$C$2:$H$612,MATCH($D14,온라인_반찬!$C$2:$C$612,0),6),"") -> 피자크러스트(밀가루:네덜란드산), 정제소금, 피자치즈(모짜렐라, 고다:외국산), 피자소스[토마토페이스트:중국산, 사과농축액(사과:국산)], 불고기딥핑, 스모크햄, 피망, 정제수, 양파, 소시지, 새송이버섯, 블랙올리브 | H14: =IFERROR(INDEX(온라인_반찬!$D$2:$J$605,MATCH($D14,온라인_반찬!$C$2:$C$605,0),6),"") -> .2.5.6.10.12.16.18. | I14: 2026-07-09 09:30~ | J14: 93 | K14: 129.4 | L14: =IFERROR(INDEX(온라인_반찬!$C$2:$J$605,MATCH($D14,온라인_반찬!$C$2:$C$605,0),8),"") -> 조흥 마또네콤비네이션피자
C15: 반찬4 | D15: 오이피클 | E15: 25 | G15: =IFERROR(INDEX(온라인_반찬!$C$2:$H$612,MATCH($D15,온라인_반찬!$C$2:$C$612,0),6),"") -> 절임오이(오이:중국산, 정제염, 정제수, 화이트식초) | H15: =IFERROR(INDEX(온라인_반찬!$D$2:$J$605,MATCH($D15,온라인_반찬!$C$2:$C$605,0),6),"") -> 0 | I15: 2026-07-09 09:30~ | J15: 93 | K15: 2650 | L15: =IFERROR(INDEX(온라인_반찬!$C$2:$J$605,MATCH($D15,온라인_반찬!$C$2:$C$605,0),8),"") -> 오이피클(이츠웰)
C16: 보존식 | F16: 1 | J16: 1 | K16: 0.25
B17: 글로벌 리더스 . 석식 | C17: 밥 | D17: 흰쌀밥 | E17: 150 | G17: =IFERROR(INDEX(온라인_반찬!$C$2:$H$612,MATCH($D17,온라인_반찬!$C$2:$C$612,0),6),"") -> 쌀(국산)95%, 정제수 | H17: =IFERROR(INDEX(온라인_반찬!$D$2:$J$605,MATCH($D17,온라인_반찬!$C$2:$C$605,0),6),"") -> 0 | I17: 2026-07-09 14:30~ | J17: 61 | K17: 9450 | L17: =IFERROR(INDEX(온라인_반찬!$C$2:$J$605,MATCH($D17,온라인_반찬!$C$2:$C$605,0),8),"") -> 0 | M17: *영양찜닭:85g / 95g | P17: *소고기가지볶음 : 30g | S17: *춘장닭불고기 : 70g / 80g
C18: 국 | D18: 닭고기버섯국 | E18: 160 | G18: =IFERROR(INDEX(온라인_반찬!$C$2:$H$612,MATCH($D18,온라인_반찬!$C$2:$C$612,0),6),"") -> 닭고기(국내산)7%, 버섯 [느타리,새송이:국산)]5%, 무(국산), 양파, 정제수, 마늘, 대파, 치킨스톡, 국간장, 소금 | H18: =IFERROR(INDEX(온라인_반찬!$D$2:$J$605,MATCH($D18,온라인_반찬!$C$2:$C$605,0),6),"") -> .5.15. | I18: 2026-07-09 14:30~ | J18: 61 | K18: 9760 | L18: =IFERROR(INDEX(온라인_반찬!$C$2:$J$605,MATCH($D18,온라인_반찬!$C$2:$C$605,0),8),"") -> 40g / 50g | M18: *미트볼 : 개당10g | P18: *삼색소고기소보로 : 50g / 70g | S18: *훈제오리잡채 : 55g / 70g
C19: 메인 | D19: 돈사태양념찜 | E19: 85 | G19: =IFERROR(INDEX(온라인_반찬!$C$2:$H$612,MATCH($D19,온라인_반찬!$C$2:$C$612,0),6),"") -> 돼지고기(사태:국산)62%, 파인애플(전처리용), 채소(무, 양파, 당근:국산)18%, 대파, 마늘, 생강가루, 월계수잎, 정제수, 고춧가루, 간장, 설탕, 맛술, 물엿, 참기름, 후추 | H19: =IFERROR(INDEX(온라인_반찬!$D$2:$J$605,MATCH($D19,온라인_반찬!$C$2:$C$605,0),6),"") -> .5.10.19.21. | I19: 2026-07-09 14:30~ | J19: 61 | K19: 5695 | L19: =IFERROR(INDEX(온라인_반찬!$C$2:$J$605,MATCH($D19,온라인_반찬!$C$2:$C$605,0),8),"") -> 0
C20: 반찬1 | D20: 어묵채소볶음 | E20: 40 | G20: =IFERROR(INDEX(온라인_반찬!$C$2:$H$612,MATCH($D20,온라인_반찬!$C$2:$C$612,0),6),"") -> 어묵(원료수입산)85%, 채소(양파, 당근, 파:국산)10%, 마늘, 대두유, 간장, 참기름, 참깨 | H20: =IFERROR(INDEX(온라인_반찬!$D$2:$J$605,MATCH($D20,온라인_반찬!$C$2:$C$605,0),6),"") -> .5.6.21. | I20: 2026-07-09 14:30~ | J20: 61 | K20: 2440 | L20: =IFERROR(INDEX(온라인_반찬!$C$2:$J$605,MATCH($D20,온라인_반찬!$C$2:$C$605,0),8),"") -> 0
C21: 반찬2 | D21: 양배추오렌지샐러드 | E21: 35 | G21: =IFERROR(INDEX(온라인_반찬!$C$2:$H$612,MATCH($D21,온라인_반찬!$C$2:$C$612,0),6),"") -> [양배추(국산)90%, 적채(국산)2.5%, 오렌지슬라이스(오렌지:미국산)7.5%]87%, 오렌지드레싱[밀감(중국산),설탕, 옥수수(외국산), 오렌지농축액(브라질산)]13% | H21: =IFERROR(INDEX(온라인_반찬!$D$2:$J$605,MATCH($D21,온라인_반찬!$C$2:$C$605,0),6),"") -> .5. | I21: 2026-07-09 14:30~ | J21: 61 | K21: 2135 | L21: =IFERROR(INDEX(온라인_반찬!$C$2:$J$605,MATCH($D21,온라인_반찬!$C$2:$C$605,0),8),"") -> 0
C22: 반찬3 | D22: 깍두기 | E22: 35 | G22: =IFERROR(INDEX(온라인_반찬!$C$2:$H$612,MATCH($D22,온라인_반찬!$C$2:$C$612,0),6),"") -> 무(국산)85.2%, 고추가루(국산), 밀가루풀(국산), 파, 마늘, 새우젓 등 양념(국산) | H22: =IFERROR(INDEX(온라인_반찬!$D$2:$J$605,MATCH($D22,온라인_반찬!$C$2:$C$605,0),6),"") -> .6.9. | I22: 2026-07-09 14:30~ | J22: 61 | K22: 2135 | L22: =IFERROR(INDEX(온라인_반찬!$C$2:$J$605,MATCH($D22,온라인_반찬!$C$2:$C$605,0),8),"") -> 0
C23: 신당꿈 특식 | D23: 과일 | F23: 1 | G23: 복숭아(국내산) | H23: =IFERROR(INDEX(온라인_반찬!$D$2:$J$605,MATCH($D23,온라인_반찬!$C$2:$C$605,0),6),"") | I23: 2026-07-09 14:30~ | J23: 20 | K23: 22 | L23: =IFERROR(INDEX(온라인_반찬!$C$2:$J$605,MATCH($D23,온라인_반찬!$C$2:$C$605,0),8),"")
C24: 보존식 | J24: 1 | K24: 0.25

Sheet 07-10
B1: 2026-07-10(금) | M1: *한입해쉬브라운 : 9g(개당) | P1: *양송이떡갈비 : 1.5ea, 1.75, 2 | S1: *양배추당근라페 : 20g / 30g
B2: 출고일 | C2: 구분 | D2: 품명 | E2: 중량(g) | F2: 수량(장) | G2: 자재사용내역 | H2: 알러지 표기 | I2: 배송시점 | J2: 제공인원 | K2: 총생산량(Kg) | L2: 메 모 | M2: *샐러드 채소 : 15g, 20g ,25g | P2: *야채고기말이 : 1.1, 1.5, 1.5 | S2: *고구마튀김35g / 45g
B3: 중식 | C3: 밥 | D3: 친환경찰보리쌀밥 | E3: 140 | G3: =IFERROR(INDEX(온라인_반찬!$C$2:$H$612,MATCH($D3,온라인_반찬!$C$2:$C$612,0),6),"") -> 쌀(국산)90%, 찰보리(국산.친환경)5%, 정제수 | H3: =IFERROR(INDEX(온라인_반찬!$D$2:$J$605,MATCH($D3,온라인_반찬!$C$2:$C$605,0),6),"") -> 0 | I3: 2026-07-10 09:30~ | J3: 1460 | K3: 233780 | L3: =IFERROR(INDEX(온라인_반찬!$C$2:$J$605,MATCH($D3,온라인_반찬!$C$2:$C$605,0),8),"") -> 0 | M3: *웨지감자 : 25g / 30g | O3: *어묵채구이:12g / 15g | S3: 한입새우튀김 : 30g / 40g / 50g (소스15g)
C4: 국 | D4: 조랭이떡국 | E4: 150 | G4: =IFERROR(INDEX(온라인_반찬!$C$2:$H$612,MATCH($D4,온라인_반찬!$C$2:$C$612,0),6),"") -> 조랭이떡(쌀:국내산)25%, 소고기(호주산)3.5%, 계란(국내산)1%, 대파, 마늘, 국간장, 정제수, 소금 | H4: =IFERROR(INDEX(온라인_반찬!$D$2:$J$605,MATCH($D4,온라인_반찬!$C$2:$C$605,0),6),"") -> .1.5.16. | I4: 2026-07-10 09:30~ | J4: 1395 | K4: 240540 | L4: =IFERROR(INDEX(온라인_반찬!$C$2:$J$605,MATCH($D4,온라인_반찬!$C$2:$C$605,0),8),"") -> 40g / 50g | M4: *꼬마돈까스: 25g, 중구청 35g | P4: *족발:45g / 55g | S4: *갈비만두 : 성분표기 인당1개 / 식수 인당1.5개
C5: 메인 | D5: 훈제오리잡채 | E5: 60 | G5: =IFERROR(INDEX(온라인_반찬!$C$2:$H$612,MATCH($D5,온라인_반찬!$C$2:$C$612,0),6),"") -> 당면(원료수입)60%, 훈제오리(국산)30%, 양파, 청피망, 당근, 표고버섯, 대두유, 간장, 설탕, 참기름, 참깨 | H5: =IFERROR(INDEX(온라인_반찬!$D$2:$J$605,MATCH($D5,온라인_반찬!$C$2:$C$605,0),6),"") -> .5.6.21. | I5: 2026-07-10 09:30~ | J5: 1460 | K5: 112855 | L5: =IFERROR(INDEX(온라인_반찬!$C$2:$J$605,MATCH($D5,온라인_반찬!$C$2:$C$605,0),8),"") -> 0 | M5: *오징어볼탕수 : 35g / 45g/ 70g 소스 : 20g | S5: *생선통살탕수 : 40g / 50g / 교사 70g, 소스 25g 개당 12g
C6: 반찬1 | D6: 메추리알장조림 | E6: 30 | G6: =IFERROR(INDEX(온라인_반찬!$C$2:$H$612,MATCH($D6,온라인_반찬!$C$2:$C$612,0),6),"") -> 메추리알(국산)77.3%, 정제수, 통후추, 월계수잎, 간장, 설탕, 물엿, 참기름 | H6: =IFERROR(INDEX(온라인_반찬!$D$2:$J$605,MATCH($D6,온라인_반찬!$C$2:$C$605,0),6),"") -> .1.5.21. | I6: 2026-07-10 09:30~ | J6: 1460 | K6: 53530 | L6: =IFERROR(INDEX(온라인_반찬!$C$2:$J$605,MATCH($D6,온라인_반찬!$C$2:$C$605,0),8),"") -> 0 | M6: *표고강정 : 30g(35g) | P6: *훈제오리 : 40g / 50g | S6: *해물전:1000680205(삼성웰스토리)
C7: 반찬2 | D7: 도시락김 | F7: 1 | G7: =IFERROR(INDEX(온라인_반찬!$C$2:$H$612,MATCH($D7,온라인_반찬!$C$2:$C$612,0),6),"") -> 김(국산), 카놀라유(원료:외국산), 참기름, 정제소금 | H7: =IFERROR(INDEX(온라인_반찬!$D$2:$J$605,MATCH($D7,온라인_반찬!$C$2:$C$605,0),6),"") -> .21. | I7: 2026-07-10 09:30~ | J7: 1460 | K7: 1537.2 | L7: =IFERROR(INDEX(온라인_반찬!$C$2:$J$605,MATCH($D7,온라인_반찬!$C$2:$C$605,0),8),"") -> 양반김(동원) | M7: *탕수육40g(중구청50g) ,소스25g | P7: *마카로니.콘샐러드 : 30g | S7: *통등심돈까스:50g / 소스 25g
C8: 반찬3 | D8: 배추김치 | E8: 25 | G8: =IFERROR(INDEX(온라인_반찬!$C$2:$H$612,MATCH($D8,온라인_반찬!$C$2:$C$612,0),6),"") -> 절임배추64.0%[배추(국산),무(국산),종가김치전용풀(쌀:국산)], 토마토페이스트(토마토:미국산)2.7%,[멸치액젓, 양파,다시마농축액,고춧가루,마늘,대파,새우액젓,김치유산균발효액,생강양념,호화쌀혼합분말]국산 | H8: =IFERROR(INDEX(온라인_반찬!$D$2:$J$605,MATCH($D8,온라인_반찬!$C$2:$C$605,0),6),"") -> .9.12. | I8: 2026-07-10 09:30~ | J8: 1460 | K8: 40337.5 | L8: =IFERROR(INDEX(온라인_반찬!$C$2:$J$605,MATCH($D8,온라인_반찬!$C$2:$C$605,0),8),"") -> 토마토김치(종가집) | M8: *건두부무침 : 25g / 35g | P8: *파르펠레냉파스타:30g | S8: *족발부추무침 : 45g, 55g
C9: 보존식 | G9: 포도클럽 : 백김치 ( 61명 / 1,638g ) 글로벌리더스 : 열무김치, 돈육김치찌개 BIS수내교사,JCS,위니위니 : 조미김 ( 113명 / 114매 ) | J9: 1 | K9: 0.25
B10: 글로벌 리더스 . 석식 | C10: 밥 | D10: 친환경찰보리쌀밥 | E10: 150 | G10: =IFERROR(INDEX(온라인_반찬!$C$2:$H$612,MATCH($D10,온라인_반찬!$C$2:$C$612,0),6),"") -> 쌀(국산)90%, 찰보리(국산.친환경)5%, 정제수 | H10: =IFERROR(INDEX(온라인_반찬!$D$2:$J$605,MATCH($D10,온라인_반찬!$C$2:$C$605,0),6),"") -> 0 | I10: 2026-07-10 14:30~ | J10: 49 | K10: 7800 | L10: =IFERROR(INDEX(온라인_반찬!$C$2:$J$605,MATCH($D10,온라인_반찬!$C$2:$C$605,0),8),"") -> 0 | M10: *영양찜닭:85g / 95g | P10: *소고기가지볶음 : 30g | S10: *춘장닭불고기 : 70g / 80g
C11: 국 | D11: 돈육김치찌개 | E11: 160 | G11: =IFERROR(INDEX(온라인_반찬!$C$2:$H$612,MATCH($D11,온라인_반찬!$C$2:$C$612,0),6),"") -> 김치(고추가루, 배추:국산)18%, 돼지고기(목살:국산)25%, 두부(원료수입산), 양파, 대파, 마늘, 정제수, 국간장, 소금 | H11: =IFERROR(INDEX(온라인_반찬!$D$2:$J$605,MATCH($D11,온라인_반찬!$C$2:$C$605,0),6),"") -> .5.10. | I11: 2026-07-10 14:30~ | J11: 114 | K11: 22080 | L11: =IFERROR(INDEX(온라인_반찬!$C$2:$J$605,MATCH($D11,온라인_반찬!$C$2:$C$605,0),8),"") -> 50g/60g | M11: *미트볼 : 개당10g | P11: *삼색소고기소보로 : 50g / 70g | S11: *훈제오리잡채 : 55g / 70g
C12: 메인 | D12: 훈제오리잡채 | E12: 80 | G12: =IFERROR(INDEX(온라인_반찬!$C$2:$H$612,MATCH($D12,온라인_반찬!$C$2:$C$612,0),6),"") -> 당면(원료수입)60%, 훈제오리(국산)30%, 양파, 청피망, 당근, 표고버섯, 대두유, 간장, 설탕, 참기름, 참깨 | H12: =IFERROR(INDEX(온라인_반찬!$D$2:$J$605,MATCH($D12,온라인_반찬!$C$2:$C$605,0),6),"") -> .5.6.21. | I12: 2026-07-10 14:30~ | J12: 49 | K12: 4304 | L12: =IFERROR(INDEX(온라인_반찬!$C$2:$J$605,MATCH($D12,온라인_반찬!$C$2:$C$605,0),8),"") -> 0
C13: 반찬1 | D13: 메추리알장조림 | E13: 40 | G13: =IFERROR(INDEX(온라인_반찬!$C$2:$H$612,MATCH($D13,온라인_반찬!$C$2:$C$612,0),6),"") -> 메추리알(국산)77.3%, 정제수, 통후추, 월계수잎, 간장, 설탕, 물엿, 참기름 | H13: =IFERROR(INDEX(온라인_반찬!$D$2:$J$605,MATCH($D13,온라인_반찬!$C$2:$C$605,0),6),"") -> .1.5.21. | I13: 2026-07-10 14:30~ | J13: 49 | K13: 1960 | L13: =IFERROR(INDEX(온라인_반찬!$C$2:$J$605,MATCH($D13,온라인_반찬!$C$2:$C$605,0),8),"") -> 0
C14: 반찬2 | D14: 도시락김 | F14: 1 | G14: =IFERROR(INDEX(온라인_반찬!$C$2:$H$612,MATCH($D14,온라인_반찬!$C$2:$C$612,0),6),"") -> 김(국산), 카놀라유(원료:외국산), 참기름, 정제소금 | H14: =IFERROR(INDEX(온라인_반찬!$D$2:$J$605,MATCH($D14,온라인_반찬!$C$2:$C$605,0),6),"") -> .21. | I14: 2026-07-10 14:30~ | J14: 49 | K14: 53.9 | L14: =IFERROR(INDEX(온라인_반찬!$C$2:$J$605,MATCH($D14,온라인_반찬!$C$2:$C$605,0),8),"") -> 양반김(동원)
C15: 반찬3 | D15: 열무김치 | E15: 35 | G15: =IFERROR(INDEX(온라인_반찬!$C$2:$H$612,MATCH($D15,온라인_반찬!$C$2:$C$612,0),6),"") -> 절임열무51%(열무,식염, 고춧가루, 양파, 대파, 전용풀. 마늘, 다시마농축액.새우액젓.생강:국산) | H15: =IFERROR(INDEX(온라인_반찬!$D$2:$J$605,MATCH($D15,온라인_반찬!$C$2:$C$605,0),6),"") -> .9. | I15: 2026-07-10 14:30~ | J15: 49 | K15: 1715 | L15: =IFERROR(INDEX(온라인_반찬!$C$2:$J$605,MATCH($D15,온라인_반찬!$C$2:$C$605,0),8),"") -> 열무김치(종가김치)
C16: 신당꿈 특식 | D16: 소떡꼬치 | F16: 1 | G16: =IFERROR(INDEX(온라인_반찬!$C$2:$H$612,MATCH($D16,온라인_반찬!$C$2:$C$612,0),6),"") -> 쌀떡볶이(쌀:외국산),숲불갈비향소시지[닭고기(국산),돼지고기(국산),당근,대두단백,비프스테이크소스] | H16: =IFERROR(INDEX(온라인_반찬!$D$2:$J$605,MATCH($D16,온라인_반찬!$C$2:$C$605,0),6),"") -> .1.2.5.6.10.15.16.18. | I16: 2026-07-10 14:30~ | J16: 28 | K16: 30 | L16: =IFERROR(INDEX(온라인_반찬!$C$2:$J$605,MATCH($D16,온라인_반찬!$C$2:$C$605,0),8),"") -> 소떡소떡떡꼬치(쿠즈락)
D17: & 케찹 | F17: 1 | G17: =IFERROR(INDEX(온라인_반찬!$C$2:$H$612,MATCH($D17,온라인_반찬!$C$2:$C$612,0),6),"") -> 정제수. 토마토페잉스트(미국.칠레.중국 등)24%, 발표식초. 정제소금(국산), 설탕 | H17: =IFERROR(INDEX(온라인_반찬!$D$2:$J$605,MATCH($D17,온라인_반찬!$C$2:$C$605,0),6),"") -> .1.12. | I17: 2026-07-10 14:30~ | L17: =IFERROR(INDEX(온라인_반찬!$C$2:$J$605,MATCH($D17,온라인_반찬!$C$2:$C$605,0),8),"") -> 토마토소스(오뚜기)
C18: 보존식 | J18: 1 | K18: 0.25
B19: 강서폴리 소풍 | C19: 밥 | G19: =IFERROR(INDEX(온라인_반찬!$C$2:$H$612,MATCH($D19,온라인_반찬!$C$2:$C$612,0),6),"") | H19: =IFERROR(INDEX(온라인_반찬!$D$2:$J$605,MATCH($D19,온라인_반찬!$C$2:$C$605,0),6),"") | I19: 2026-07-10 09:30~ | L19: =IFERROR(INDEX(온라인_반찬!$C$2:$J$605,MATCH($D19,온라인_반찬!$C$2:$C$605,0),8),"")
C20: 반찬1 | G20: =IFERROR(INDEX(온라인_반찬!$C$2:$H$612,MATCH($D20,온라인_반찬!$C$2:$C$612,0),6),"") | H20: =IFERROR(INDEX(온라인_반찬!$D$2:$J$605,MATCH($D20,온라인_반찬!$C$2:$C$605,0),6),"") | I20: 2026-07-10 09:30~ | L20: =IFERROR(INDEX(온라인_반찬!$C$2:$J$605,MATCH($D20,온라인_반찬!$C$2:$C$605,0),8),"")
G21: =IFERROR(INDEX(온라인_반찬!$C$2:$H$612,MATCH($D21,온라인_반찬!$C$2:$C$612,0),6),"") | H21: =IFERROR(INDEX(온라인_반찬!$D$2:$J$605,MATCH($D21,온라인_반찬!$C$2:$C$605,0),6),"") | I21: 2026-07-10 09:30~ | L21: =IFERROR(INDEX(온라인_반찬!$C$2:$J$605,MATCH($D21,온라인_반찬!$C$2:$C$605,0),8),"")
C22: 반찬2 | G22: =IFERROR(INDEX(온라인_반찬!$C$2:$H$612,MATCH($D22,온라인_반찬!$C$2:$C$612,0),6),"") | H22: =IFERROR(INDEX(온라인_반찬!$D$2:$J$605,MATCH($D22,온라인_반찬!$C$2:$C$605,0),6),"") | I22: 2026-07-10 09:30~ | L22: =IFERROR(INDEX(온라인_반찬!$C$2:$J$605,MATCH($D22,온라인_반찬!$C$2:$C$605,0),8),"")
C23: 반찬3 | G23: =IFERROR(INDEX(온라인_반찬!$C$2:$H$612,MATCH($D23,온라인_반찬!$C$2:$C$612,0),6),"") | H23: =IFERROR(INDEX(온라인_반찬!$D$2:$J$605,MATCH($D23,온라인_반찬!$C$2:$C$605,0),6),"") | I23: 2026-07-10 09:30~ | L23: =IFERROR(INDEX(온라인_반찬!$C$2:$J$605,MATCH($D23,온라인_반찬!$C$2:$C$605,0),8),"")
C24: 반찬4 | G24: =IFERROR(INDEX(온라인_반찬!$C$2:$H$612,MATCH($D24,온라인_반찬!$C$2:$C$612,0),6),"") | H24: =IFERROR(INDEX(온라인_반찬!$D$2:$J$605,MATCH($D24,온라인_반찬!$C$2:$C$605,0),6),"") | I24: 2026-07-10 09:30~ | L24: =IFERROR(INDEX(온라인_반찬!$C$2:$J$605,MATCH($D24,온라인_반찬!$C$2:$C$605,0),8),"")
C25: 보존식 | F25: 1 | J25: 1 | K25: 0.25

Sheet 07-13
B1: 2026-07-13(월) | M1: *한입해쉬브라운 : 9g(개당) | P1: *양송이떡갈비 : 1.5ea, 1.75, 2 | S1: *양배추당근라페 : 20g / 30g
B2: 출고일 | C2: 구분 | D2: 품명 | E2: 중량(g) | F2: 수량(장) | G2: 자재사용내역 | H2: 알러지 표기 | I2: 배송시점 | J2: 제공인원 | K2: 총생산량(Kg) | L2: 메 모 | M2: *샐러드 채소 : 15g, 20g ,25g | P2: *야채고기말이 : 1.1, 1.5, 1.5 | S2: *고구마튀김35g / 45g
B3: 중식 | C3: 밥 | D3: 친환경찰보리쌀밥 | E3: 140 | G3: =IFERROR(INDEX(온라인_반찬!$C$2:$H$612,MATCH($D3,온라인_반찬!$C$2:$C$612,0),6),"") -> 쌀(국산)90%, 찰보리(국산.친환경)5%, 정제수 | H3: =IFERROR(INDEX(온라인_반찬!$D$2:$J$605,MATCH($D3,온라인_반찬!$C$2:$C$605,0),6),"") -> 0 | I3: 2026-07-13 09:30~ | J3: 1448 | K3: 230990 | L3: =IFERROR(INDEX(온라인_반찬!$C$2:$J$605,MATCH($D3,온라인_반찬!$C$2:$C$605,0),8),"") -> 0 | M3: *웨지감자 : 25g / 30g | O3: *어묵채구이:12g / 15g | S3: 한입새우튀김 : 30g / 40g / 50g (소스15g)
C4: 국 | D4: 소고기무국 | E4: 150 | G4: =IFERROR(INDEX(온라인_반찬!$C$2:$H$612,MATCH($D4,온라인_반찬!$C$2:$C$612,0),6),"") -> 무(국산)18.3%, 소고기(호주산)10.7%, 양파, 대파, 마늘, 정제수, 소금, 멸치육수농축액, 국간장, 후추 | H4: =IFERROR(INDEX(온라인_반찬!$D$2:$J$605,MATCH($D4,온라인_반찬!$C$2:$C$605,0),6),"") -> .5.16. | I4: 2026-07-13 09:30~ | J4: 1383 | K4: 225090 | L4: =IFERROR(INDEX(온라인_반찬!$C$2:$J$605,MATCH($D4,온라인_반찬!$C$2:$C$605,0),8),"") -> 40g | M4: *꼬마돈까스: 25g, 중구청 35g | P4: *족발:45g / 55g | S4: *갈비만두 : 성분표기 인당1개 / 식수 인당1.5개
C5: 메인 | D5: 생선까스 | F5: 1 | G5: =IFERROR(INDEX(온라인_반찬!$C$2:$H$612,MATCH($D5,온라인_반찬!$C$2:$C$612,0),6),"") -> 생선통살까스 [민대구(한국산)50%, 빵가루, 정제수 ,쇼트닝, 소금]95%, 대두유 | H5: =IFERROR(INDEX(온라인_반찬!$D$2:$J$605,MATCH($D5,온라인_반찬!$C$2:$C$605,0),6),"") -> 1.5. | I5: 2026-07-13 09:30~ | J5: 1448 | K5: 1612.5 | L5: =IFERROR(INDEX(온라인_반찬!$C$2:$J$605,MATCH($D5,온라인_반찬!$C$2:$C$605,0),8),"") -> 이츠웰 흰살생선까스 | M5: *오징어볼탕수 : 35g / 45g/ 70g 소스 : 20g | S5: *생선통살탕수 : 40g / 50g / 교사 70g, 소스 25g 개당 12g
D6: & 타르타르소스 | E6: 10 | G6: =IFERROR(INDEX(온라인_반찬!$C$2:$H$612,MATCH($D6,온라인_반찬!$C$2:$C$612,0),6),"") -> 타르타르소스(시판용)85%, 마요네즈10%, 파인애플(청크)5% | H6: =IFERROR(INDEX(온라인_반찬!$D$2:$J$605,MATCH($D6,온라인_반찬!$C$2:$C$605,0),6),"") -> .1.5.19. | I6: 2026-07-13 09:30~ | J6: 1448 | K6: 16195 | L6: =IFERROR(INDEX(온라인_반찬!$C$2:$J$605,MATCH($D6,온라인_반찬!$C$2:$C$605,0),8),"") -> 타르타르드레싱(쉐프솔루션), 파인애플 청크(이츠웰)
C7: 반찬1 | D7: 라구숏파스타 | E7: 35 | G7: =IFERROR(INDEX(온라인_반찬!$C$2:$H$612,MATCH($D7,온라인_반찬!$C$2:$C$612,0),6),"") -> 푸실리(듀럼밀:터키산)60%, 양파, 피망, 양송이, 라구소스{토마토페이스트(토마토:미국산), 소고기(호주산),돼지고기(국산)], 올리브유, 파슬리가루 | H7: =IFERROR(INDEX(온라인_반찬!$D$2:$J$605,MATCH($D7,온라인_반찬!$C$2:$C$605,0),6),"") -> .5.6.10.12.15.16. | I7: 2026-07-13 09:30~ | J7: 1448 | K7: 60430 | L7: =IFERROR(INDEX(온라인_반찬!$C$2:$J$605,MATCH($D7,온라인_반찬!$C$2:$C$605,0),8),"") -> 미트소스(이츠웰) | M7: *표고강정 : 30g(35g) | P7: *훈제오리 : 40g / 50g | S7: *해물전:1000680205(삼성웰스토리)
C8: 반찬2 | D8: 단호박샐러드 | E8: 35 | G8: =IFERROR(INDEX(온라인_반찬!$C$2:$H$612,MATCH($D8,온라인_반찬!$C$2:$C$612,0),6),"") -> 단호박(중국산)66.6%, 샐러드베이스13.8%[난황(국내산), 대두유(대두:외국산), 양조식초 등], 당근(중국산), 물엿, 정제수, 가쓰오브시엑기스, 설탕 등 | H8: =IFERROR(INDEX(온라인_반찬!$D$2:$J$605,MATCH($D8,온라인_반찬!$C$2:$C$605,0),6),"") -> .1.5. | I8: 2026-07-13 09:30~ | J8: 1448 | K8: 59940 | L8: =IFERROR(INDEX(온라인_반찬!$C$2:$J$605,MATCH($D8,온라인_반찬!$C$2:$C$605,0),8),"") -> 단호박샐러드(이츠웰) | M8: *탕수육40g(중구청50g) ,소스25g | P8: *마카로니.콘샐러드 : 30g | S8: *통등심돈까스:50g / 소스 25g
C9: 반찬3 | D9: 배추김치 | E9: 25 | G9: =IFERROR(INDEX(온라인_반찬!$C$2:$H$612,MATCH($D9,온라인_반찬!$C$2:$C$612,0),6),"") -> 절임배추64.0%[배추(국산),무(국산),종가김치전용풀(쌀:국산)], 토마토페이스트(토마토:미국산)2.7%,[멸치액젓, 양파,다시마농축액,고춧가루,마늘,대파,새우액젓,김치유산균발효액,생강양념,호화쌀혼합분말]국산 | H9: =IFERROR(INDEX(온라인_반찬!$D$2:$J$605,MATCH($D9,온라인_반찬!$C$2:$C$605,0),6),"") -> .9.12. | I9: 2026-07-13 09:30~ | J9: 1448 | K9: 41725 | L9: =IFERROR(INDEX(온라인_반찬!$C$2:$J$605,MATCH($D9,온라인_반찬!$C$2:$C$605,0),8),"") -> 토마토김치(종가집) | M9: *건두부무침 : 25g / 35g | P9: *파르펠레냉파스타:30g | S9: *족발부추무침 : 45g, 55g
C10: 보존식 | G10: 글로벌리더스 : 얼큰소고기무국 포도클럽 : 백김치 (62명 / 1,613g ) | J10: 1 | K10: 0.25
B11: 글로벌 리더스 . 석식 | C11: 밥 | D11: 친환경찰보리쌀밥 | E11: 150 | G11: =IFERROR(INDEX(온라인_반찬!$C$2:$H$612,MATCH($D11,온라인_반찬!$C$2:$C$612,0),6),"") -> 쌀(국산)90%, 찰보리(국산.친환경)5%, 정제수 | H11: =IFERROR(INDEX(온라인_반찬!$D$2:$J$605,MATCH($D11,온라인_반찬!$C$2:$C$605,0),6),"") -> 0 | I11: 2026-07-13 14:30~ | J11: 69 | K11: 10950 | L11: =IFERROR(INDEX(온라인_반찬!$C$2:$J$605,MATCH($D11,온라인_반찬!$C$2:$C$605,0),8),"") -> 0 | M11: *영양찜닭:85g / 95g | P11: *소고기가지볶음 : 30g | S11: *춘장닭불고기 : 70g / 80g
C12: 국 | D12: 얼큰소고기무국 | E12: 160 | G12: =IFERROR(INDEX(온라인_반찬!$C$2:$H$612,MATCH($D12,온라인_반찬!$C$2:$C$612,0),6),"") -> 무(국산)18.3%, 소고기(호주산)10.7%, 양파, 대파, 마늘, 정제수, 소금, 고춧가루, 멸치육수농축액, 국간장, 후추 | H12: =IFERROR(INDEX(온라인_반찬!$D$2:$J$605,MATCH($D12,온라인_반찬!$C$2:$C$605,0),6),"") -> .5.16. | I12: 2026-07-13 14:30~ | J12: 134 | K12: 25280 | L12: =IFERROR(INDEX(온라인_반찬!$C$2:$J$605,MATCH($D12,온라인_반찬!$C$2:$C$605,0),8),"") -> 0 | M12: *미트볼 : 개당10g | P12: *삼색소고기소보로 : 50g / 70g | S12: *훈제오리잡채 : 55g / 70g
C13: 메인 | D13: 생선까스 | F13: 1 | G13: =IFERROR(INDEX(온라인_반찬!$C$2:$H$612,MATCH($D13,온라인_반찬!$C$2:$C$612,0),6),"") -> 생선통살까스 [민대구(한국산)50%, 빵가루, 정제수 ,쇼트닝, 소금]95%, 대두유 | H13: =IFERROR(INDEX(온라인_반찬!$D$2:$J$605,MATCH($D13,온라인_반찬!$C$2:$C$605,0),6),"") -> 1.5. | I13: 2026-07-13 14:30~ | J13: 69 | K13: 90.96 | L13: =IFERROR(INDEX(온라인_반찬!$C$2:$J$605,MATCH($D13,온라인_반찬!$C$2:$C$605,0),8),"") -> 이츠웰 흰살생선까스
D14: & 타르타르소스 | E14: 10 | G14: =IFERROR(INDEX(온라인_반찬!$C$2:$H$612,MATCH($D14,온라인_반찬!$C$2:$C$612,0),6),"") -> 타르타르소스(시판용)85%, 마요네즈10%, 파인애플(청크)5% | H14: =IFERROR(INDEX(온라인_반찬!$D$2:$J$605,MATCH($D14,온라인_반찬!$C$2:$C$605,0),6),"") -> .1.5.19. | I14: 2026-07-13 14:30~ | J14: 69 | K14: 758 | L14: =IFERROR(INDEX(온라인_반찬!$C$2:$J$605,MATCH($D14,온라인_반찬!$C$2:$C$605,0),8),"") -> 타르타르드레싱(쉐프솔루션), 파인애플 청크(이츠웰)
C15: 반찬1 | D15: 라구숏파스타 | E15: 40 | G15: =IFERROR(INDEX(온라인_반찬!$C$2:$H$612,MATCH($D15,온라인_반찬!$C$2:$C$612,0),6),"") -> 푸실리(듀럼밀:터키산)60%, 양파, 피망, 양송이, 라구소스{토마토페이스트(토마토:미국산), 소고기(호주산),돼지고기(국산)], 올리브유, 파슬리가루 | H15: =IFERROR(INDEX(온라인_반찬!$D$2:$J$605,MATCH($D15,온라인_반찬!$C$2:$C$605,0),6),"") -> .5.6.10.12.15.16. | I15: 2026-07-13 14:30~ | J15: 69 | K15: 2760 | L15: =IFERROR(INDEX(온라인_반찬!$C$2:$J$605,MATCH($D15,온라인_반찬!$C$2:$C$605,0),8),"") -> 미트소스(이츠웰)
C16: 반찬2 | D16: 단호박샐러드 | E16: 40 | G16: =IFERROR(INDEX(온라인_반찬!$C$2:$H$612,MATCH($D16,온라인_반찬!$C$2:$C$612,0),6),"") -> 단호박(중국산)66.6%, 샐러드베이스13.8%[난황(국내산), 대두유(대두:외국산), 양조식초 등], 당근(중국산), 물엿, 정제수, 가쓰오브시엑기스, 설탕 등 | H16: =IFERROR(INDEX(온라인_반찬!$D$2:$J$605,MATCH($D16,온라인_반찬!$C$2:$C$605,0),6),"") -> .1.5. | I16: 2026-07-13 14:30~ | J16: 69 | K16: 2760 | L16: =IFERROR(INDEX(온라인_반찬!$C$2:$J$605,MATCH($D16,온라인_반찬!$C$2:$C$605,0),8),"") -> 단호박샐러드(이츠웰)
C17: 반찬3 | D17: 배추김치 | E17: 35 | G17: =IFERROR(INDEX(온라인_반찬!$C$2:$H$612,MATCH($D17,온라인_반찬!$C$2:$C$612,0),6),"") -> 절임배추64.0%[배추(국산),무(국산),종가김치전용풀(쌀:국산)], 토마토페이스트(토마토:미국산)2.7%,[멸치액젓, 양파,다시마농축액,고춧가루,마늘,대파,새우액젓,김치유산균발효액,생강양념,호화쌀혼합분말]국산 | H17: =IFERROR(INDEX(온라인_반찬!$D$2:$J$605,MATCH($D17,온라인_반찬!$C$2:$C$605,0),6),"") -> .9.12. | I17: 2026-07-13 14:30~ | J17: 69 | K17: 2415 | L17: =IFERROR(INDEX(온라인_반찬!$C$2:$J$605,MATCH($D17,온라인_반찬!$C$2:$C$605,0),8),"") -> 토마토김치(종가집)
C18: 신당꿈 특식 | D18: 보쌈수육 | E18: 70 | G18: =IFERROR(INDEX(온라인_반찬!$C$2:$H$612,MATCH($D18,온라인_반찬!$C$2:$C$612,0),6),"") -> 돈수육[돼지고기(앞다리살, 뒷다리살 : 국산), 된장,한방재료(황기,대추,당귀,헛개나무, 엄나무,오가피:국산), 월계수잎, 맛술, 마늘, 양파, 대파, 통후추, 생강가루, 정제소금, 정제수]99% | H18: =IFERROR(INDEX(온라인_반찬!$D$2:$J$605,MATCH($D18,온라인_반찬!$C$2:$C$605,0),6),"") -> .5.10. | I18: 2026-07-13 14:30~ | J18: 28 | K18: 2320 | L18: =IFERROR(INDEX(온라인_반찬!$C$2:$J$605,MATCH($D18,온라인_반찬!$C$2:$C$605,0),8),"") -> 0
C19: 보존식 | J19: 1 | K19: 0.25
B20: 강서폴리 소풍 | C20: 밥 | G20: =IFERROR(INDEX(온라인_반찬!$C$2:$H$612,MATCH($D20,온라인_반찬!$C$2:$C$612,0),6),"") | H20: =IFERROR(INDEX(온라인_반찬!$D$2:$J$605,MATCH($D20,온라인_반찬!$C$2:$C$605,0),6),"") | I20: 2026-07-13 09:30~ | L20: =IFERROR(INDEX(온라인_반찬!$C$2:$J$605,MATCH($D20,온라인_반찬!$C$2:$C$605,0),8),"")
C21: 반찬1 | G21: =IFERROR(INDEX(온라인_반찬!$C$2:$H$612,MATCH($D21,온라인_반찬!$C$2:$C$612,0),6),"") | H21: =IFERROR(INDEX(온라인_반찬!$D$2:$J$605,MATCH($D21,온라인_반찬!$C$2:$C$605,0),6),"") | I21: 2026-07-13 09:30~ | L21: =IFERROR(INDEX(온라인_반찬!$C$2:$J$605,MATCH($D21,온라인_반찬!$C$2:$C$605,0),8),"")
G22: =IFERROR(INDEX(온라인_반찬!$C$2:$H$612,MATCH($D22,온라인_반찬!$C$2:$C$612,0),6),"") | H22: =IFERROR(INDEX(온라인_반찬!$D$2:$J$605,MATCH($D22,온라인_반찬!$C$2:$C$605,0),6),"") | I22: 2026-07-13 09:30~ | L22: =IFERROR(INDEX(온라인_반찬!$C$2:$J$605,MATCH($D22,온라인_반찬!$C$2:$C$605,0),8),"")
C23: 반찬2 | G23: =IFERROR(INDEX(온라인_반찬!$C$2:$H$612,MATCH($D23,온라인_반찬!$C$2:$C$612,0),6),"") | H23: =IFERROR(INDEX(온라인_반찬!$D$2:$J$605,MATCH($D23,온라인_반찬!$C$2:$C$605,0),6),"") | I23: 2026-07-13 09:30~ | L23: =IFERROR(INDEX(온라인_반찬!$C$2:$J$605,MATCH($D23,온라인_반찬!$C$2:$C$605,0),8),"")
C24: 반찬3 | G24: =IFERROR(INDEX(온라인_반찬!$C$2:$H$612,MATCH($D24,온라인_반찬!$C$2:$C$612,0),6),"") | H24: =IFERROR(INDEX(온라인_반찬!$D$2:$J$605,MATCH($D24,온라인_반찬!$C$2:$C$605,0),6),"") | I24: 2026-07-13 09:30~ | L24: =IFERROR(INDEX(온라인_반찬!$C$2:$J$605,MATCH($D24,온라인_반찬!$C$2:$C$605,0),8),"")
C25: 반찬4 | G25: =IFERROR(INDEX(온라인_반찬!$C$2:$H$612,MATCH($D25,온라인_반찬!$C$2:$C$612,0),6),"") | H25: =IFERROR(INDEX(온라인_반찬!$D$2:$J$605,MATCH($D25,온라인_반찬!$C$2:$C$605,0),6),"") | I25: 2026-07-13 09:30~ | L25: =IFERROR(INDEX(온라인_반찬!$C$2:$J$605,MATCH($D25,온라인_반찬!$C$2:$C$605,0),8),"")
C26: 보존식 | F26: 1 | J26: 1 | K26: 0.25

Sheet 07-14
B1: 2026-07-14(화) | M1: *한입해쉬브라운 : 9g(개당) | P1: *양송이떡갈비 : 1.5ea, 1.75, 2 | S1: *양배추당근라페 : 20g / 30g
B2: 출고일 | C2: 구분 | D2: 품명 | E2: 중량(g) | F2: 수량(장) | G2: 자재사용내역 | H2: 알러지 표기 | I2: 배송시점 | J2: 제공인원 | K2: 총생산량(Kg) | L2: 메 모 | M2: *샐러드 채소 : 15g, 20g ,25g | P2: *야채고기말이 : 1.1, 1.5, 1.5 | S2: *고구마튀김35g / 45g
B3: 중식 | C3: 밥 | D3: 친환경귀리쌀밥 | E3: 140 | G3: =IFERROR(INDEX(온라인_반찬!$C$2:$H$612,MATCH($D3,온라인_반찬!$C$2:$C$612,0),6),"") -> 쌀(국산)90%, 귀리(국산.친환경)5%, 정제수 | H3: =IFERROR(INDEX(온라인_반찬!$D$2:$J$605,MATCH($D3,온라인_반찬!$C$2:$C$605,0),6),"") -> 0 | I3: 2026-07-14 09:30~ | J3: 1466 | K3: 236290 | L3: =IFERROR(INDEX(온라인_반찬!$C$2:$J$605,MATCH($D3,온라인_반찬!$C$2:$C$605,0),8),"") -> 0 | M3: *웨지감자 : 25g / 30g | O3: *어묵채구이:12g / 15g | S3: 한입새우튀김 : 30g / 40g / 50g (소스15g)
C4: 국 | D4: 순두부된장찌개 | E4: 150 | G4: =IFERROR(INDEX(온라인_반찬!$C$2:$H$612,MATCH($D4,온라인_반찬!$C$2:$C$612,0),6),"") -> 모둠채소(호박, 양파, 감자:국산)20%, 순두부(콩:미국,호주,캐나다등)12%, 파, 마늘, 된장, 멸치육수농축액, 정제수, 소금 | H4: =IFERROR(INDEX(온라인_반찬!$D$2:$J$605,MATCH($D4,온라인_반찬!$C$2:$C$605,0),6),"") -> .5. | I4: 2026-07-14 09:30~ | J4: 1466 | K4: 244500 | L4: =IFERROR(INDEX(온라인_반찬!$C$2:$J$605,MATCH($D4,온라인_반찬!$C$2:$C$605,0),8),"") -> 50g / 60g | M4: *꼬마돈까스: 25g, 중구청 35g | P4: *족발:45g / 55g | S4: *갈비만두 : 성분표기 인당1개 / 식수 인당1.5개
C5: 메인 | D5: 닭감자조림 | E5: 70 | G5: =IFERROR(INDEX(온라인_반찬!$C$2:$H$612,MATCH($D5,온라인_반찬!$C$2:$C$612,0),6),"") -> 닭(국산)60%, 감자(국산)13%, 양파, 당근, 파, 마늘, 정제수, 간장, 후추, 소금, 참깨 | H5: =IFERROR(INDEX(온라인_반찬!$D$2:$J$605,MATCH($D5,온라인_반찬!$C$2:$C$605,0),6),"") -> .5.15.21. | I5: 2026-07-14 09:30~ | J5: 1466 | K5: 124555 | L5: =IFERROR(INDEX(온라인_반찬!$C$2:$J$605,MATCH($D5,온라인_반찬!$C$2:$C$605,0),8),"") -> 70g | M5: *오징어볼탕수 : 35g / 45g/ 70g 소스 : 20g | S5: *생선통살탕수 : 40g / 50g / 교사 70g, 소스 25g 개당 12g
C6: 반찬1 | D6: 김말이떡강정 | E6: 50 | G6: =IFERROR(INDEX(온라인_반찬!$C$2:$H$612,MATCH($D6,온라인_반찬!$C$2:$C$612,0),6),"") -> [이츠웰찰당면(고구마전분:중국산), 튀김가루(밀가루(밀:미국산), 옥수수전분(옥수수:외국산), 옥수수가루, 정제소금, 혼합식용유(대두유, 현미유, 팜올레인유), 부추, 김, 당근, 마늘, 간장,설탕, 후추가루]60%, 떡(밀:수입산)25%, 소스(대두유,케찹,설탕,물엿,참기름,참깨)15% | H6: =IFERROR(INDEX(온라인_반찬!$D$2:$J$605,MATCH($D6,온라인_반찬!$C$2:$C$605,0),6),"") -> .5.6.12.16.21. | I6: 2026-07-14 09:30~ | J6: 1466 | K6: 89525 | L6: =IFERROR(INDEX(온라인_반찬!$C$2:$J$605,MATCH($D6,온라인_반찬!$C$2:$C$605,0),8),"") -> 김말이(크레잇) | M6: *표고강정 : 30g(35g) | P6: *훈제오리 : 40g / 50g | S6: *해물전:1000680205(삼성웰스토리)
C7: 반찬2 | D7: 건새우무채나물 | E7: 25 | G7: =IFERROR(INDEX(온라인_반찬!$C$2:$H$612,MATCH($D7,온라인_반찬!$C$2:$C$612,0),6),"") -> 무(국산)90.9%, 건새우(국내산)2.5%, 대파, 마늘, 대두유, 소금, 참기름, 참깨 | H7: =IFERROR(INDEX(온라인_반찬!$D$2:$J$605,MATCH($D7,온라인_반찬!$C$2:$C$605,0),6),"") -> .5.9.21. | I7: 2026-07-14 09:30~ | J7: 1466 | K7: 48537.5 | L7: =IFERROR(INDEX(온라인_반찬!$C$2:$J$605,MATCH($D7,온라인_반찬!$C$2:$C$605,0),8),"") -> 0 | M7: *탕수육40g(중구청50g) ,소스25g | P7: *마카로니.콘샐러드 : 30g | S7: *통등심돈까스:50g / 소스 25g
C8: 반찬3 | D8: 백김치 | E8: 25 | G8: =IFERROR(INDEX(온라인_반찬!$C$2:$H$612,MATCH($D8,온라인_반찬!$C$2:$C$612,0),6),"") -> 배추(국내산)70&, 무(국내산)10%, 마늘, 생강, 양파, 설탕, 정제수, 소금 | H8: =IFERROR(INDEX(온라인_반찬!$D$2:$J$605,MATCH($D8,온라인_반찬!$C$2:$C$605,0),6),"") -> 0 | I8: 2026-07-14 09:30~ | J8: 1466 | K8: 42675 | L8: =IFERROR(INDEX(온라인_반찬!$C$2:$J$605,MATCH($D8,온라인_반찬!$C$2:$C$605,0),8),"") -> 백김치(정우식품) | M8: *건두부무침 : 25g / 35g | P8: *파르펠레냉파스타:30g | S8: *족발부추무침 : 45g, 55g
C9: 보존식 | G9: 글로벌리더스 : 닭감자고추장조림 | J9: 1 | K9: 0.25
B10: 글로벌 리더스 . 석식 | C10: 밥 | D10: 친환경귀리쌀밥 | E10: 150 | G10: =IFERROR(INDEX(온라인_반찬!$C$2:$H$612,MATCH($D10,온라인_반찬!$C$2:$C$612,0),6),"") -> 쌀(국산)90%, 귀리(국산.친환경)5%, 정제수 | H10: =IFERROR(INDEX(온라인_반찬!$D$2:$J$605,MATCH($D10,온라인_반찬!$C$2:$C$605,0),6),"") -> 0 | I10: 2026-07-14 14:30~ | J10: 41 | K10: 6300 | L10: =IFERROR(INDEX(온라인_반찬!$C$2:$J$605,MATCH($D10,온라인_반찬!$C$2:$C$605,0),8),"") -> 0 | M10: *영양찜닭:85g / 95g | P10: *소고기가지볶음 : 30g | S10: *춘장닭불고기 : 70g / 80g
C11: 국 | D11: 순두부된장찌개 | E11: 160 | G11: =IFERROR(INDEX(온라인_반찬!$C$2:$H$612,MATCH($D11,온라인_반찬!$C$2:$C$612,0),6),"") -> 모둠채소(호박, 양파, 감자:국산)20%, 순두부(콩:미국,호주,캐나다등)12%, 파, 마늘, 된장, 멸치육수농축액, 정제수, 소금 | H11: =IFERROR(INDEX(온라인_반찬!$D$2:$J$605,MATCH($D11,온라인_반찬!$C$2:$C$605,0),6),"") -> .5. | I11: 2026-07-14 14:30~ | J11: 41 | K11: 6560 | L11: =IFERROR(INDEX(온라인_반찬!$C$2:$J$605,MATCH($D11,온라인_반찬!$C$2:$C$605,0),8),"") -> 50g / 60g | M11: *미트볼 : 개당10g | P11: *삼색소고기소보로 : 50g / 70g | S11: *훈제오리잡채 : 55g / 70g
C12: 메인 | D12: 닭감자고추장조림 | E12: 90 | G12: 닭(국산)60%, 감자(국산)13%, 양파, 당근, 파, 마늘, 정제수, 고추장, 고춧가루, 간장, 후추, 소금, 참깨 | H12: .5.15.21. | I12: 2026-07-14 14:30~ | J12: 106 | K12: 13150 | L12: =IFERROR(INDEX(온라인_반찬!$C$2:$J$605,MATCH($D12,온라인_반찬!$C$2:$C$605,0),8),"")
C13: 반찬1 | D13: 김말이떡강정 | E13: 60 | G13: =IFERROR(INDEX(온라인_반찬!$C$2:$H$612,MATCH($D13,온라인_반찬!$C$2:$C$612,0),6),"") -> [이츠웰찰당면(고구마전분:중국산), 튀김가루(밀가루(밀:미국산), 옥수수전분(옥수수:외국산), 옥수수가루, 정제소금, 혼합식용유(대두유, 현미유, 팜올레인유), 부추, 김, 당근, 마늘, 간장,설탕, 후추가루]60%, 떡(밀:수입산)25%, 소스(대두유,케찹,설탕,물엿,참기름,참깨)15% | H13: =IFERROR(INDEX(온라인_반찬!$D$2:$J$605,MATCH($D13,온라인_반찬!$C$2:$C$605,0),6),"") -> .5.6.12.16.21. | I13: 2026-07-14 14:30~ | J13: 41 | K13: 2460 | L13: =IFERROR(INDEX(온라인_반찬!$C$2:$J$605,MATCH($D13,온라인_반찬!$C$2:$C$605,0),8),"") -> 김말이(크레잇)
C14: 반찬2 | D14: 건새우무채나물 | E14: 35 | G14: =IFERROR(INDEX(온라인_반찬!$C$2:$H$612,MATCH($D14,온라인_반찬!$C$2:$C$612,0),6),"") -> 무(국산)90.9%, 건새우(국내산)2.5%, 대파, 마늘, 대두유, 소금, 참기름, 참깨 | H14: =IFERROR(INDEX(온라인_반찬!$D$2:$J$605,MATCH($D14,온라인_반찬!$C$2:$C$605,0),6),"") -> .5.9.21. | I14: 2026-07-14 14:30~ | J14: 41 | K14: 1435 | L14: =IFERROR(INDEX(온라인_반찬!$C$2:$J$605,MATCH($D14,온라인_반찬!$C$2:$C$605,0),8),"") -> 0
C15: 반찬3 | D15: 백김치 | E15: 35 | G15: =IFERROR(INDEX(온라인_반찬!$C$2:$H$612,MATCH($D15,온라인_반찬!$C$2:$C$612,0),6),"") -> 배추(국내산)70&, 무(국내산)10%, 마늘, 생강, 양파, 설탕, 정제수, 소금 | H15: =IFERROR(INDEX(온라인_반찬!$D$2:$J$605,MATCH($D15,온라인_반찬!$C$2:$C$605,0),6),"") -> 0 | I15: 2026-07-14 14:30~ | J15: 41 | K15: 1435 | L15: =IFERROR(INDEX(온라인_반찬!$C$2:$J$605,MATCH($D15,온라인_반찬!$C$2:$C$605,0),8),"") -> 백김치(정우식품)
C16: 신당꿈 특식 | D16: 과일 | G16: =IFERROR(INDEX(온라인_반찬!$C$2:$H$612,MATCH($D16,온라인_반찬!$C$2:$C$612,0),6),"") | H16: =IFERROR(INDEX(온라인_반찬!$D$2:$J$605,MATCH($D16,온라인_반찬!$C$2:$C$605,0),6),"") | I16: 2026-07-14 14:30~ | L16: =IFERROR(INDEX(온라인_반찬!$C$2:$J$605,MATCH($D16,온라인_반찬!$C$2:$C$605,0),8),"")
C17: 보존식 | J17: 1 | K17: 0.25
B18: 강서폴리 소풍 | C18: 밥 | G18: =IFERROR(INDEX(온라인_반찬!$C$2:$H$612,MATCH($D18,온라인_반찬!$C$2:$C$612,0),6),"") | H18: =IFERROR(INDEX(온라인_반찬!$D$2:$J$605,MATCH($D18,온라인_반찬!$C$2:$C$605,0),6),"") | I18: 2026-07-14 09:30~ | L18: =IFERROR(INDEX(온라인_반찬!$C$2:$J$605,MATCH($D18,온라인_반찬!$C$2:$C$605,0),8),"")
C19: 반찬1 | G19: =IFERROR(INDEX(온라인_반찬!$C$2:$H$612,MATCH($D19,온라인_반찬!$C$2:$C$612,0),6),"") | H19: =IFERROR(INDEX(온라인_반찬!$D$2:$J$605,MATCH($D19,온라인_반찬!$C$2:$C$605,0),6),"") | I19: 2026-07-14 09:30~ | L19: =IFERROR(INDEX(온라인_반찬!$C$2:$J$605,MATCH($D19,온라인_반찬!$C$2:$C$605,0),8),"")
G20: =IFERROR(INDEX(온라인_반찬!$C$2:$H$612,MATCH($D20,온라인_반찬!$C$2:$C$612,0),6),"") | H20: =IFERROR(INDEX(온라인_반찬!$D$2:$J$605,MATCH($D20,온라인_반찬!$C$2:$C$605,0),6),"") | I20: 2026-07-14 09:30~ | L20: =IFERROR(INDEX(온라인_반찬!$C$2:$J$605,MATCH($D20,온라인_반찬!$C$2:$C$605,0),8),"")
C21: 반찬2 | G21: =IFERROR(INDEX(온라인_반찬!$C$2:$H$612,MATCH($D21,온라인_반찬!$C$2:$C$612,0),6),"") | H21: =IFERROR(INDEX(온라인_반찬!$D$2:$J$605,MATCH($D21,온라인_반찬!$C$2:$C$605,0),6),"") | I21: 2026-07-14 09:30~ | L21: =IFERROR(INDEX(온라인_반찬!$C$2:$J$605,MATCH($D21,온라인_반찬!$C$2:$C$605,0),8),"")
C22: 반찬3 | G22: =IFERROR(INDEX(온라인_반찬!$C$2:$H$612,MATCH($D22,온라인_반찬!$C$2:$C$612,0),6),"") | H22: =IFERROR(INDEX(온라인_반찬!$D$2:$J$605,MATCH($D22,온라인_반찬!$C$2:$C$605,0),6),"") | I22: 2026-07-14 09:30~ | L22: =IFERROR(INDEX(온라인_반찬!$C$2:$J$605,MATCH($D22,온라인_반찬!$C$2:$C$605,0),8),"")
C23: 반찬4 | G23: =IFERROR(INDEX(온라인_반찬!$C$2:$H$612,MATCH($D23,온라인_반찬!$C$2:$C$612,0),6),"") | H23: =IFERROR(INDEX(온라인_반찬!$D$2:$J$605,MATCH($D23,온라인_반찬!$C$2:$C$605,0),6),"") | I23: 2026-07-14 09:30~ | L23: =IFERROR(INDEX(온라인_반찬!$C$2:$J$605,MATCH($D23,온라인_반찬!$C$2:$C$605,0),8),"")
C24: 보존식 | F24: 1 | J24: 1 | K24: 0.25

Sheet 07-15
B1: 2026-07-15(수) | M1: *한입해쉬브라운 : 9g(개당) | P1: *양송이떡갈비 : 1.5ea, 1.75, 2 | S1: *양배추당근라페 : 20g / 30g
B2: 출고일 | C2: 구분 | D2: 품명 | E2: 중량(g) | F2: 수량(장) | G2: 자재사용내역 | H2: 알러지 표기 | I2: 배송시점 | J2: 제공인원 | K2: 총생산량(Kg) | L2: 메 모 | M2: *샐러드 채소 : 15g, 20g ,25g | P2: *야채고기말이 : 1.1, 1.5, 1.5 | S2: *고구마튀김35g / 45g
B3: 중식 | C3: 밥 | D3: 친환경찰흑미쌀밥 | E3: 140 | G3: =IFERROR(INDEX(온라인_반찬!$C$2:$H$612,MATCH($D3,온라인_반찬!$C$2:$C$612,0),6),"") -> 쌀(국산)90%, 찰흑미(국산.친환경)5%, 정제수 | H3: =IFERROR(INDEX(온라인_반찬!$D$2:$J$605,MATCH($D3,온라인_반찬!$C$2:$C$605,0),6),"") -> 0 | I3: 2026-07-15 09:30~ | J3: 1426 | K3: 227510 | L3: =IFERROR(INDEX(온라인_반찬!$C$2:$J$605,MATCH($D3,온라인_반찬!$C$2:$C$605,0),8),"") -> 0 | M3: *웨지감자 : 25g / 30g | O3: *어묵채구이:12g / 15g | S3: 한입새우튀김 : 30g / 40g / 50g (소스15g)
C4: 국 | D4: 닭봉삼계탕 | E4: 150 | F4: 닭봉 1~2ea | G4: =IFERROR(INDEX(온라인_반찬!$C$2:$H$612,MATCH($D4,온라인_반찬!$C$2:$C$612,0),6),"") -> 닭봉(국산)36%, 무(국산)7%, 약재(황기, 대추, 당귀, 허개나무, 엄나무, 오가피 : 국산)3%, 정제수, 파, 마늘, 후추가루, 소금 | H4: =IFERROR(INDEX(온라인_반찬!$D$2:$J$605,MATCH($D4,온라인_반찬!$C$2:$C$605,0),6),"") -> .5.15. | I4: 2026-07-15 09:30~ | J4: 1426 | K4: 234420 | L4: =IFERROR(INDEX(온라인_반찬!$C$2:$J$605,MATCH($D4,온라인_반찬!$C$2:$C$605,0),8),"") -> 0 | M4: *꼬마돈까스: 25g, 중구청 35g | P4: *족발:45g / 55g | S4: *갈비만두 : 성분표기 인당1개 / 식수 인당1.5개
C5: 메인 | D5: 돈채마늘쫑볶음 | E5: 60 | G5: =IFERROR(INDEX(온라인_반찬!$C$2:$H$612,MATCH($D5,온라인_반찬!$C$2:$C$612,0),6),"") -> 돈채(돼지고기:국산)62%, 마늘쫑(중국산)7%, 양파, 당근, 소스(마늘, 간장, 설탕, 후추, 대두유, 참기름, 참깨)25% | H5: =IFERROR(INDEX(온라인_반찬!$D$2:$J$605,MATCH($D5,온라인_반찬!$C$2:$C$605,0),6),"") -> .5.6.10.21. | I5: 2026-07-15 09:30~ | J5: 1426 | K5: 109750 | L5: =IFERROR(INDEX(온라인_반찬!$C$2:$J$605,MATCH($D5,온라인_반찬!$C$2:$C$605,0),8),"") -> 0 | M5: *오징어볼탕수 : 35g / 45g/ 70g 소스 : 20g | S5: *생선통살탕수 : 40g / 50g / 교사 70g, 소스 25g 개당 12g
C6: 반찬1 | D6: 계란말이 | F6: 2 | G6: =IFERROR(INDEX(온라인_반찬!$C$2:$H$612,MATCH($D6,온라인_반찬!$C$2:$C$612,0),6),"") -> 전란액(국산)65.64%, 난백액(국산)23.44%, 대파, 당근, 옥수수유, 정제소금, 간장, 쇠고기다시, 전지분유, 카로틴 외 | H6: =IFERROR(INDEX(온라인_반찬!$D$2:$J$605,MATCH($D6,온라인_반찬!$C$2:$C$605,0),6),"") -> .1.2.5.6.16.18. | I6: 2026-07-15 09:30~ | J6: 1426 | K6: 3600.6 | L6: =IFERROR(INDEX(온라인_반찬!$C$2:$J$605,MATCH($D6,온라인_반찬!$C$2:$C$605,0),8),"") -> 풍림푸드 | M6: *표고강정 : 30g(35g) | P6: *훈제오리 : 40g / 50g | S6: *해물전:1000680205(삼성웰스토리)
C7: 반찬2 | D7: 김자반 | E7: 8 | G7: =IFERROR(INDEX(온라인_반찬!$C$2:$H$612,MATCH($D7,온라인_반찬!$C$2:$C$612,0),6),"") -> 건파래김(국산)85.4%, 대두유, 들기름, 설탕, 맛소금, 참깨 | H7: =IFERROR(INDEX(온라인_반찬!$D$2:$J$605,MATCH($D7,온라인_반찬!$C$2:$C$605,0),6),"") -> .5.21.22. | I7: 2026-07-15 09:30~ | J7: 1426 | K7: 14068 | L7: =IFERROR(INDEX(온라인_반찬!$C$2:$J$605,MATCH($D7,온라인_반찬!$C$2:$C$605,0),8),"") -> 유아8g / 중구청10g | M7: *탕수육40g(중구청50g) ,소스25g | P7: *마카로니.콘샐러드 : 30g | S7: *통등심돈까스:50g / 소스 25g
C8: 반찬3 | D8: 깍두기 | E8: 25 | G8: =IFERROR(INDEX(온라인_반찬!$C$2:$H$612,MATCH($D8,온라인_반찬!$C$2:$C$612,0),6),"") -> 무(국산)85.2%, 고추가루(국산), 밀가루풀(국산), 파, 마늘, 새우젓 등 양념(국산) | H8: =IFERROR(INDEX(온라인_반찬!$D$2:$J$605,MATCH($D8,온라인_반찬!$C$2:$C$605,0),6),"") -> .6.9. | I8: 2026-07-15 09:30~ | J8: 1426 | K8: 40150 | L8: =IFERROR(INDEX(온라인_반찬!$C$2:$J$605,MATCH($D8,온라인_반찬!$C$2:$C$605,0),8),"") -> 0 | M8: *건두부무침 : 25g / 35g | P8: *파르펠레냉파스타:30g | S8: *족발부추무침 : 45g, 55g
C9: 보존식 | G9: 글로벌리더스 : 매콤돈채마늘쫑볶음 | J9: 1 | K9: 0.25
B10: 글로벌 리더스 . 석식 | C10: 밥 | D10: 친환경찰흑미쌀밥 | E10: 150 | G10: =IFERROR(INDEX(온라인_반찬!$C$2:$H$612,MATCH($D10,온라인_반찬!$C$2:$C$612,0),6),"") -> 쌀(국산)90%, 찰흑미(국산.친환경)5%, 정제수 | H10: =IFERROR(INDEX(온라인_반찬!$D$2:$J$605,MATCH($D10,온라인_반찬!$C$2:$C$605,0),6),"") -> 0 | I10: 2026-07-15 14:30~ | J10: 69 | K10: 10950 | L10: =IFERROR(INDEX(온라인_반찬!$C$2:$J$605,MATCH($D10,온라인_반찬!$C$2:$C$605,0),8),"") -> 0 | M10: *영양찜닭:85g / 95g | P10: *소고기가지볶음 : 30g | S10: *춘장닭불고기 : 70g / 80g
C11: 국 | D11: 닭봉삼계탕 | E11: 160 | F11: 닭봉 2ea | G11: =IFERROR(INDEX(온라인_반찬!$C$2:$H$612,MATCH($D11,온라인_반찬!$C$2:$C$612,0),6),"") -> 닭봉(국산)36%, 무(국산)7%, 약재(황기, 대추, 당귀, 허개나무, 엄나무, 오가피 : 국산)3%, 정제수, 파, 마늘, 후추가루, 소금 | H11: =IFERROR(INDEX(온라인_반찬!$D$2:$J$605,MATCH($D11,온라인_반찬!$C$2:$C$605,0),6),"") -> .5.15. | I11: 2026-07-15 14:30~ | J11: 69 | K11: 11210 | L11: =IFERROR(INDEX(온라인_반찬!$C$2:$J$605,MATCH($D11,온라인_반찬!$C$2:$C$605,0),8),"") -> 0 | M11: *미트볼 : 개당10g | P11: *삼색소고기소보로 : 50g / 70g | S11: *훈제오리잡채 : 55g / 70g
C12: 메인 | D12: 매콤돈채마늘쫑볶음 | E12: 80 | G12: 돈채(돼지고기:국산)62%, 마늘쫑(중국산)7%, 양파, 당근, 소스(마늘, 간장, 설탕, 후추, 대두유, 고춧가루, 참기름, 참깨)25% | H12: =IFERROR(INDEX(온라인_반찬!$D$2:$J$605,MATCH($D12,온라인_반찬!$C$2:$C$605,0),6),"") | I12: 2026-07-15 14:30~ | J12: 69 | K12: 6064 | L12: =IFERROR(INDEX(온라인_반찬!$C$2:$J$605,MATCH($D12,온라인_반찬!$C$2:$C$605,0),8),"")
C13: 반찬1 | D13: 계란말이 | F13: 3 | G13: =IFERROR(INDEX(온라인_반찬!$C$2:$H$612,MATCH($D13,온라인_반찬!$C$2:$C$612,0),6),"") -> 전란액(국산)65.64%, 난백액(국산)23.44%, 대파, 당근, 옥수수유, 정제소금, 간장, 쇠고기다시, 전지분유, 카로틴 외 | H13: =IFERROR(INDEX(온라인_반찬!$D$2:$J$605,MATCH($D13,온라인_반찬!$C$2:$C$605,0),6),"") -> .1.2.5.6.16.18. | I13: 2026-07-15 14:30~ | J13: 69 | K13: 213.9 | L13: =IFERROR(INDEX(온라인_반찬!$C$2:$J$605,MATCH($D13,온라인_반찬!$C$2:$C$605,0),8),"") -> 풍림푸드
C14: 반찬2 | D14: 김자반 | E14: 10 | G14: =IFERROR(INDEX(온라인_반찬!$C$2:$H$612,MATCH($D14,온라인_반찬!$C$2:$C$612,0),6),"") -> 건파래김(국산)85.4%, 대두유, 들기름, 설탕, 맛소금, 참깨 | H14: =IFERROR(INDEX(온라인_반찬!$D$2:$J$605,MATCH($D14,온라인_반찬!$C$2:$C$605,0),6),"") -> .5.21.22. | I14: 2026-07-15 14:30~ | J14: 69 | K14: 690 | L14: =IFERROR(INDEX(온라인_반찬!$C$2:$J$605,MATCH($D14,온라인_반찬!$C$2:$C$605,0),8),"") -> 유아8g / 중구청10g
C15: 반찬3 | D15: 깍두기 | E15: 35 | G15: =IFERROR(INDEX(온라인_반찬!$C$2:$H$612,MATCH($D15,온라인_반찬!$C$2:$C$612,0),6),"") -> 무(국산)85.2%, 고추가루(국산), 밀가루풀(국산), 파, 마늘, 새우젓 등 양념(국산) | H15: =IFERROR(INDEX(온라인_반찬!$D$2:$J$605,MATCH($D15,온라인_반찬!$C$2:$C$605,0),6),"") -> .6.9. | I15: 2026-07-15 14:30~ | J15: 69 | K15: 2415 | L15: =IFERROR(INDEX(온라인_반찬!$C$2:$J$605,MATCH($D15,온라인_반찬!$C$2:$C$605,0),8),"") -> 0
C16: 신당꿈 특식 | D16: 고등어카레구이 | F16: 1 | G16: =IFERROR(INDEX(온라인_반찬!$C$2:$H$612,MATCH($D16,온라인_반찬!$C$2:$C$612,0),6),"") -> 고등어(국산)95%, 카레가루, 대두유, 소금 | H16: =IFERROR(INDEX(온라인_반찬!$D$2:$J$605,MATCH($D16,온라인_반찬!$C$2:$C$605,0),6),"") -> .2.5.6.7.12.16.18. | I16: 2026-07-15 14:30~ | J16: 28 | K16: 30 | L16: =IFERROR(INDEX(온라인_반찬!$C$2:$J$605,MATCH($D16,온라인_반찬!$C$2:$C$605,0),8),"") -> 0
C17: 보존식 | J17: 1 | K17: 0.25
B18: 강서폴리 소풍 | C18: 밥 | G18: =IFERROR(INDEX(온라인_반찬!$C$2:$H$612,MATCH($D18,온라인_반찬!$C$2:$C$612,0),6),"") | H18: =IFERROR(INDEX(온라인_반찬!$D$2:$J$605,MATCH($D18,온라인_반찬!$C$2:$C$605,0),6),"") | I18: 2026-07-15 09:30~ | L18: =IFERROR(INDEX(온라인_반찬!$C$2:$J$605,MATCH($D18,온라인_반찬!$C$2:$C$605,0),8),"")
C19: 반찬1 | G19: =IFERROR(INDEX(온라인_반찬!$C$2:$H$612,MATCH($D19,온라인_반찬!$C$2:$C$612,0),6),"") | H19: =IFERROR(INDEX(온라인_반찬!$D$2:$J$605,MATCH($D19,온라인_반찬!$C$2:$C$605,0),6),"") | I19: 2026-07-15 09:30~ | L19: =IFERROR(INDEX(온라인_반찬!$C$2:$J$605,MATCH($D19,온라인_반찬!$C$2:$C$605,0),8),"")
G20: =IFERROR(INDEX(온라인_반찬!$C$2:$H$612,MATCH($D20,온라인_반찬!$C$2:$C$612,0),6),"") | H20: =IFERROR(INDEX(온라인_반찬!$D$2:$J$605,MATCH($D20,온라인_반찬!$C$2:$C$605,0),6),"") | I20: 2026-07-15 09:30~ | L20: =IFERROR(INDEX(온라인_반찬!$C$2:$J$605,MATCH($D20,온라인_반찬!$C$2:$C$605,0),8),"")
C21: 반찬2 | G21: =IFERROR(INDEX(온라인_반찬!$C$2:$H$612,MATCH($D21,온라인_반찬!$C$2:$C$612,0),6),"") | H21: =IFERROR(INDEX(온라인_반찬!$D$2:$J$605,MATCH($D21,온라인_반찬!$C$2:$C$605,0),6),"") | I21: 2026-07-15 09:30~ | L21: =IFERROR(INDEX(온라인_반찬!$C$2:$J$605,MATCH($D21,온라인_반찬!$C$2:$C$605,0),8),"")
C22: 반찬3 | G22: =IFERROR(INDEX(온라인_반찬!$C$2:$H$612,MATCH($D22,온라인_반찬!$C$2:$C$612,0),6),"") | H22: =IFERROR(INDEX(온라인_반찬!$D$2:$J$605,MATCH($D22,온라인_반찬!$C$2:$C$605,0),6),"") | I22: 2026-07-15 09:30~ | L22: =IFERROR(INDEX(온라인_반찬!$C$2:$J$605,MATCH($D22,온라인_반찬!$C$2:$C$605,0),8),"")
C23: 반찬4 | G23: =IFERROR(INDEX(온라인_반찬!$C$2:$H$612,MATCH($D23,온라인_반찬!$C$2:$C$612,0),6),"") | H23: =IFERROR(INDEX(온라인_반찬!$D$2:$J$605,MATCH($D23,온라인_반찬!$C$2:$C$605,0),6),"") | I23: 2026-07-15 09:30~ | L23: =IFERROR(INDEX(온라인_반찬!$C$2:$J$605,MATCH($D23,온라인_반찬!$C$2:$C$605,0),8),"")
C24: 보존식 | F24: 1 | J24: 1 | K24: 0.25

Sheet 07-16
B1: 2026-07-16(목) | M1: *한입해쉬브라운 : 9g(개당) | P1: *양송이떡갈비 : 1.5ea, 1.75, 2 | S1: *양배추당근라페 : 20g / 30g
B2: 출고일 | C2: 구분 | D2: 품명 | E2: 중량(g) | F2: 수량(장) | G2: 자재사용내역 | H2: 알러지 표기 | I2: 배송시점 | J2: 제공인원 | K2: 총생산량(Kg) | L2: 메 모 | M2: *샐러드 채소 : 15g, 20g ,25g | P2: *야채고기말이 : 1.1, 1.5, 1.5 | S2: *고구마튀김35g / 45g
C3: 메뉴1 | D3: 스파게티면 | E3: 100 | G3: =IFERROR(INDEX(온라인_반찬!$C$2:$H$612,MATCH($D3,온라인_반찬!$C$2:$C$612,0),6),"") -> 스파게티면(듀럼밀100%)97%, 올리브오일3% | H3: =IFERROR(INDEX(온라인_반찬!$D$2:$J$605,MATCH($D3,온라인_반찬!$C$2:$C$605,0),6),"") -> .6. | I3: 2026-07-16 09:30~ | L3: =IFERROR(INDEX(온라인_반찬!$C$2:$J$605,MATCH($D3,온라인_반찬!$C$2:$C$605,0),8),"") -> 0 | M3: *꼬마돈까스: 25g, 중구청 35g | P3: *족발:45g / 55g | S3: *갈비만두 : 성분표기 인당1개 / 식수 인당1.5개
D4: & 토마토소스 | E4: 120 | G4: =IFERROR(INDEX(온라인_반찬!$C$2:$H$612,MATCH($D4,온라인_반찬!$C$2:$C$612,0),6),"") -> 양파, 피망, 토마토소스[과채가공품(토마토:이탈리아산),토마토페이스트(토마토:중국산)], 올리브오일, 후추, 파슬리가루 | H4: =IFERROR(INDEX(온라인_반찬!$D$2:$J$605,MATCH($D4,온라인_반찬!$C$2:$C$605,0),6),"") -> .5.12. | I4: 2026-07-16 09:30~ | L4: =IFERROR(INDEX(온라인_반찬!$C$2:$J$605,MATCH($D4,온라인_반찬!$C$2:$C$605,0),8),"") -> 토마토소스(이츠웰) | M4: *오징어볼탕수 : 35g / 45g/ 70g 소스 : 20g | S4: *생선통살탕수 : 40g / 50g / 교사 70g, 소스 25g 개당 12g
C5: 메뉴2 | D5: 버터계란볶음밥 | E5: 60 | G5: =IFERROR(INDEX(온라인_반찬!$C$2:$H$612,MATCH($D5,온라인_반찬!$C$2:$C$612,0),6),"") -> 스크램블에그(계란:국산)7%, 당근, 쌀밥(쌀:국산)85%, 버터, 대두유, 소금, 참기름,참깨 | H5: =IFERROR(INDEX(온라인_반찬!$D$2:$J$605,MATCH($D5,온라인_반찬!$C$2:$C$605,0),6),"") -> .1.2.5.18.21. | I5: 2026-07-16 09:30~ | L5: =IFERROR(INDEX(온라인_반찬!$C$2:$J$605,MATCH($D5,온라인_반찬!$C$2:$C$605,0),8),"") -> 0
C6: 메뉴3 | D6: 용가리치킨너겟 | F6: 3 | G6: =IFERROR(INDEX(온라인_반찬!$C$2:$H$612,MATCH($D6,온라인_반찬!$C$2:$C$612,0),6),"") -> 닭고기(국내산)56.83%, 크루스토브레딩(캐나다산:밀가루,식물성유지,설탕소금). 버터믹스, 정제수, 양파, 마늘, 후추 | H6: =IFERROR(INDEX(온라인_반찬!$D$2:$J$605,MATCH($D6,온라인_반찬!$C$2:$C$605,0),6),"") -> .1.2.5.6.15.16. | I6: 2026-07-16 09:30~ | L6: =IFERROR(INDEX(온라인_반찬!$C$2:$J$605,MATCH($D6,온라인_반찬!$C$2:$C$605,0),8),"") -> 43ea까지 / 용가리치킨(하림) | M6: *표고강정 : 30g(35g) | P6: *훈제오리 : 40g / 50g | S6: *해물전:1000680205(삼성웰스토리)
C7: 메뉴4 | D7: 카프레제샐러드 | E7: 40 | G7: =IFERROR(INDEX(온라인_반찬!$C$2:$H$612,MATCH($D7,온라인_반찬!$C$2:$C$612,0),6),"") -> 방울토마토(국산)55%, 보코치니치즈(모짜렐라치즈:미국산)20%, 참외(국내산), 파인애플청크(수입산), 샐러드채소(치커리, 어린잎채소:국산)12%, 오리엔탈드레싱13% | H7: =IFERROR(INDEX(온라인_반찬!$D$2:$J$605,MATCH($D7,온라인_반찬!$C$2:$C$605,0),6),"") -> .2.5.6.12.13. | I7: 2026-07-16 09:30~ | L7: =IFERROR(INDEX(온라인_반찬!$C$2:$J$605,MATCH($D7,온라인_반찬!$C$2:$C$605,0),8),"") -> 오리엔탈드레싱(크레잇) | M7: *탕수육40g(중구청50g) ,소스25g | P7: *마카로니.콘샐러드 : 30g | S7: *통등심돈까스:50g / 소스 25g
C8: 메뉴5 | D8: 수제피클 | E8: 25 | G8: =IFERROR(INDEX(온라인_반찬!$C$2:$H$612,MATCH($D8,온라인_반찬!$C$2:$C$612,0),6),"") -> 무(국산)35%, 양배추, 적채, 오이, 정제수, 식초, 소금, 설탕 | H8: =IFERROR(INDEX(온라인_반찬!$D$2:$J$605,MATCH($D8,온라인_반찬!$C$2:$C$605,0),6),"") -> 0 | I8: 2026-07-16 09:30~ | L8: =IFERROR(INDEX(온라인_반찬!$C$2:$J$605,MATCH($D8,온라인_반찬!$C$2:$C$605,0),8),"") -> 0
C9: 메뉴6 | D9: 비타포도스틱젤리 | F9: 1 | G9: =IFERROR(INDEX(온라인_반찬!$C$2:$H$612,MATCH($D9,온라인_반찬!$C$2:$C$612,0),6),"") -> [정제수, 백포도농축액, 샤인머스켓농축액, 자일리톨, 청포도향(천연향료), 효소처리스테비아, 구연산] | H9: =IFERROR(INDEX(온라인_반찬!$D$2:$J$605,MATCH($D9,온라인_반찬!$C$2:$C$605,0),6),"") -> 0 | I9: 2026-07-16 09:30~ | L9: =IFERROR(INDEX(온라인_반찬!$C$2:$J$605,MATCH($D9,온라인_반찬!$C$2:$C$605,0),8),"") -> 베베쿡 | M9: *건두부무침 : 25g / 35g | P9: *파르펠레냉파스타:30g | S9: *족발부추무침 : 45g, 55g
C10: 보존식 | G10: 폴리어학원 셋팅메뉴 : 용가리치킨너겟,카프레제샐러드, 비타포도스틱젤리,바나나 | J10: 1 | K10: 0.25
C11: 메뉴1 | D11: 스파게티면 | E11: 110 | G11: =IFERROR(INDEX(온라인_반찬!$C$2:$H$612,MATCH($D11,온라인_반찬!$C$2:$C$612,0),6),"") -> 스파게티면(듀럼밀100%)97%, 올리브오일3% | H11: =IFERROR(INDEX(온라인_반찬!$D$2:$J$605,MATCH($D11,온라인_반찬!$C$2:$C$605,0),6),"") -> .6. | I11: 2026-07-16 14:30~ | L11: =IFERROR(INDEX(온라인_반찬!$C$2:$J$605,MATCH($D11,온라인_반찬!$C$2:$C$605,0),8),"") -> 0 | M11: *미트볼 : 개당10g | P11: *삼색소고기소보로 : 50g / 70g | S11: *훈제오리잡채 : 55g / 70g
D12: & 토마토소스 | E12: 130 | G12: =IFERROR(INDEX(온라인_반찬!$C$2:$H$612,MATCH($D12,온라인_반찬!$C$2:$C$612,0),6),"") -> 양파, 피망, 토마토소스[과채가공품(토마토:이탈리아산),토마토페이스트(토마토:중국산)], 올리브오일, 후추, 파슬리가루 | H12: =IFERROR(INDEX(온라인_반찬!$D$2:$J$605,MATCH($D12,온라인_반찬!$C$2:$C$605,0),6),"") -> .5.12. | I12: 2026-07-16 14:30~ | L12: =IFERROR(INDEX(온라인_반찬!$C$2:$J$605,MATCH($D12,온라인_반찬!$C$2:$C$605,0),8),"") -> 토마토소스(이츠웰)
C13: 메뉴2 | D13: 버터계란볶음밥 | E13: 80 | G13: 스크램블에그(계란:국산)7%, 당근, 쌀밥(쌀:국산)85%, 버터, 대두유, 소금, 참기름,참깨 | H13: .1.2.5.18.21. | I13: 2026-07-16 14:30~ | L13: 0
C14: 메뉴3 | D14: 용가리치킨너겟 | F14: 3 | G14: =IFERROR(INDEX(온라인_반찬!$C$2:$H$612,MATCH($D14,온라인_반찬!$C$2:$C$612,0),6),"") -> 닭고기(국내산)56.83%, 크루스토브레딩(캐나다산:밀가루,식물성유지,설탕소금). 버터믹스, 정제수, 양파, 마늘, 후추 | H14: .1.2.5.18.21. | I14: 2026-07-16 14:30~ | L14: 0
C15: 메뉴4 | D15: 카프레제샐러드 | E15: 45 | G15: =IFERROR(INDEX(온라인_반찬!$C$2:$H$612,MATCH($D15,온라인_반찬!$C$2:$C$612,0),6),"") -> 방울토마토(국산)55%, 보코치니치즈(모짜렐라치즈:미국산)20%, 참외(국내산), 파인애플청크(수입산), 샐러드채소(치커리, 어린잎채소:국산)12%, 오리엔탈드레싱13% | H15: =IFERROR(INDEX(온라인_반찬!$D$2:$J$605,MATCH($D15,온라인_반찬!$C$2:$C$605,0),6),"") -> .2.5.6.12.13. | I15: 2026-07-16 14:30~ | L15: =IFERROR(INDEX(온라인_반찬!$C$2:$J$605,MATCH($D15,온라인_반찬!$C$2:$C$605,0),8),"") -> 오리엔탈드레싱(크레잇)
C16: 메뉴5 | D16: 수제피클 | E16: 35 | G16: =IFERROR(INDEX(온라인_반찬!$C$2:$H$612,MATCH($D16,온라인_반찬!$C$2:$C$612,0),6),"") -> 무(국산)35%, 양배추, 적채, 오이, 정제수, 식초, 소금, 설탕 | H16: =IFERROR(INDEX(온라인_반찬!$D$2:$J$605,MATCH($D16,온라인_반찬!$C$2:$C$605,0),6),"") -> 0 | I16: 2026-07-16 14:30~ | L16: =IFERROR(INDEX(온라인_반찬!$C$2:$J$605,MATCH($D16,온라인_반찬!$C$2:$C$605,0),8),"") -> 0
C17: 메뉴6 | D17: 비타포도스틱젤리 | F17: 1 | G17: =IFERROR(INDEX(온라인_반찬!$C$2:$H$612,MATCH($D17,온라인_반찬!$C$2:$C$612,0),6),"") -> [정제수, 백포도농축액, 샤인머스켓농축액, 자일리톨, 청포도향(천연향료), 효소처리스테비아, 구연산] | H17: =IFERROR(INDEX(온라인_반찬!$D$2:$J$605,MATCH($D17,온라인_반찬!$C$2:$C$605,0),6),"") -> 0 | I17: 2026-07-16 14:30~ | L17: =IFERROR(INDEX(온라인_반찬!$C$2:$J$605,MATCH($D17,온라인_반찬!$C$2:$C$605,0),8),"") -> 베베쿡
C18: 신당꿈 특식 | D18: 과일 | F18: 1 | G18: 복숭아(국내산) | H18: =IFERROR(INDEX(온라인_반찬!$D$2:$J$605,MATCH($D18,온라인_반찬!$C$2:$C$605,0),6),"") | I18: 2026-07-16 14:30~ | L18: =IFERROR(INDEX(온라인_반찬!$C$2:$J$605,MATCH($D18,온라인_반찬!$C$2:$C$605,0),8),"")
C19: 보존식 | J19: 1 | K19: 0.25
B20: 강서폴리 소풍 | C20: 밥 | G20: =IFERROR(INDEX(온라인_반찬!$C$2:$H$612,MATCH($D20,온라인_반찬!$C$2:$C$612,0),6),"") | H20: =IFERROR(INDEX(온라인_반찬!$D$2:$J$605,MATCH($D20,온라인_반찬!$C$2:$C$605,0),6),"") | I20: 2026-07-16 09:30~ | L20: =IFERROR(INDEX(온라인_반찬!$C$2:$J$605,MATCH($D20,온라인_반찬!$C$2:$C$605,0),8),"")
C21: 반찬1 | G21: =IFERROR(INDEX(온라인_반찬!$C$2:$H$612,MATCH($D21,온라인_반찬!$C$2:$C$612,0),6),"") | H21: =IFERROR(INDEX(온라인_반찬!$D$2:$J$605,MATCH($D21,온라인_반찬!$C$2:$C$605,0),6),"") | I21: 2026-07-16 09:30~ | L21: =IFERROR(INDEX(온라인_반찬!$C$2:$J$605,MATCH($D21,온라인_반찬!$C$2:$C$605,0),8),"")
G22: =IFERROR(INDEX(온라인_반찬!$C$2:$H$612,MATCH($D22,온라인_반찬!$C$2:$C$612,0),6),"") | H22: =IFERROR(INDEX(온라인_반찬!$D$2:$J$605,MATCH($D22,온라인_반찬!$C$2:$C$605,0),6),"") | I22: 2026-07-16 09:30~ | L22: =IFERROR(INDEX(온라인_반찬!$C$2:$J$605,MATCH($D22,온라인_반찬!$C$2:$C$605,0),8),"")
C23: 반찬2 | G23: =IFERROR(INDEX(온라인_반찬!$C$2:$H$612,MATCH($D23,온라인_반찬!$C$2:$C$612,0),6),"") | H23: =IFERROR(INDEX(온라인_반찬!$D$2:$J$605,MATCH($D23,온라인_반찬!$C$2:$C$605,0),6),"") | I23: 2026-07-16 09:30~ | L23: =IFERROR(INDEX(온라인_반찬!$C$2:$J$605,MATCH($D23,온라인_반찬!$C$2:$C$605,0),8),"")
C24: 반찬3 | G24: =IFERROR(INDEX(온라인_반찬!$C$2:$H$612,MATCH($D24,온라인_반찬!$C$2:$C$612,0),6),"") | H24: =IFERROR(INDEX(온라인_반찬!$D$2:$J$605,MATCH($D24,온라인_반찬!$C$2:$C$605,0),6),"") | I24: 2026-07-16 09:30~ | L24: =IFERROR(INDEX(온라인_반찬!$C$2:$J$605,MATCH($D24,온라인_반찬!$C$2:$C$605,0),8),"")
C25: 반찬4 | G25: =IFERROR(INDEX(온라인_반찬!$C$2:$H$612,MATCH($D25,온라인_반찬!$C$2:$C$612,0),6),"") | H25: =IFERROR(INDEX(온라인_반찬!$D$2:$J$605,MATCH($D25,온라인_반찬!$C$2:$C$605,0),6),"") | I25: 2026-07-16 09:30~ | L25: =IFERROR(INDEX(온라인_반찬!$C$2:$J$605,MATCH($D25,온라인_반찬!$C$2:$C$605,0),8),"")
C26: 보존식 | F26: 1 | J26: 1 | K26: 0.25

Sheet 07-20
B1: 2026-07-20(월) | M1: *한입해쉬브라운 : 9g(개당) | P1: *양송이떡갈비 : 1.5ea, 1.75, 2 | S1: *양배추당근라페 : 20g / 30g
B2: 출고일 | C2: 구분 | D2: 품명 | E2: 중량(g) | F2: 수량(장) | G2: 자재사용내역 | H2: 알러지 표기 | I2: 배송시점 | J2: 제공인원 | K2: 총생산량(Kg) | L2: 메 모 | M2: *샐러드 채소 : 15g, 20g ,25g | P2: *야채고기말이 : 1.1, 1.5, 1.5 | S2: *고구마튀김35g / 45g
B3: 중식 | C3: 밥 | D3: 친환경찰보리쌀밥 | E3: 140 | G3: =IFERROR(INDEX(온라인_반찬!$C$2:$H$612,MATCH($D3,온라인_반찬!$C$2:$C$612,0),6),"") -> 쌀(국산)90%, 찰보리(국산.친환경)5%, 정제수 | H3: =IFERROR(INDEX(온라인_반찬!$D$2:$J$605,MATCH($D3,온라인_반찬!$C$2:$C$605,0),6),"") -> 0 | I3: 2026-07-20 09:30~ | L3: =IFERROR(INDEX(온라인_반찬!$C$2:$J$605,MATCH($D3,온라인_반찬!$C$2:$C$605,0),8),"") -> 0 | M3: *웨지감자 : 25g / 30g | O3: *어묵채구이:12g / 15g | S3: 한입새우튀김 : 30g / 40g / 50g (소스15g)
C4: 국 | D4: 굴림만두국 | E4: 150 | F4: 굴림만두 1.5ea | G4: =IFERROR(INDEX(온라인_반찬!$C$2:$H$612,MATCH($D4,온라인_반찬!$C$2:$C$612,0),6),"") -> 굴림만두(돼지고기:국산), 두부, 양배추, 양파, 부추, 대파, 난백, 밀가루, 참기름)35%, 계란(국산), 정제수, 멸치육수농축액, 마늘, 파, 소금 | H4: =IFERROR(INDEX(온라인_반찬!$D$2:$J$605,MATCH($D4,온라인_반찬!$C$2:$C$605,0),6),"") -> .1.2.5.6.10.16.21. | I4: 2026-07-20 09:30~ | L4: =IFERROR(INDEX(온라인_반찬!$C$2:$J$605,MATCH($D4,온라인_반찬!$C$2:$C$605,0),8),"") -> 0 | M4: *꼬마돈까스: 25g, 중구청 35g | P4: *족발:45g / 55g | S4: *갈비만두 : 성분표기 인당1개 / 식수 인당1.5개
C5: 메인 | D5: 비프토마토스튜 | E5: 75 | G5: =IFERROR(INDEX(온라인_반찬!$C$2:$H$612,MATCH($D5,온라인_반찬!$C$2:$C$612,0),6),"") -> 소고기(호주산)35%, 채소(감자,당근,양파:국산)25%, 정제수, 베이크드빈스, 토마토홀, 토마토소스, 맛술, 치킨스톡, 버터, 소금 | H5: =IFERROR(INDEX(온라인_반찬!$D$2:$J$605,MATCH($D5,온라인_반찬!$C$2:$C$605,0),6),"") -> .2.5.6.12.16. | I5: 2026-07-20 09:30~ | L5: =IFERROR(INDEX(온라인_반찬!$C$2:$J$605,MATCH($D5,온라인_반찬!$C$2:$C$605,0),8),"") -> 토마토소스(오쉐프) | M5: *오징어볼탕수 : 35g / 45g/ 70g 소스 : 20g | S5: *생선통살탕수 : 40g / 50g / 교사 70g, 소스 25g 개당 12g
C6: 반찬1 | D6: 뿌링클감자구이 | E6: 25 | G6: =IFERROR(INDEX(온라인_반찬!$C$2:$H$612,MATCH($D6,온라인_반찬!$C$2:$C$612,0),6),"") -> 반달감자[감자96.855%, 식물성유지(대두유, 카놀라유, 면실유), 산성피로인산나트륨, 포도당, 무수아황산(산화방지제)]미국산, 치즈시즈닝(치즈혼합분말:미국산,호주산) | H6: =IFERROR(INDEX(온라인_반찬!$D$2:$J$605,MATCH($D6,온라인_반찬!$C$2:$C$605,0),6),"") -> .2.5.6. | I6: 2026-07-20 09:30~ | L6: =IFERROR(INDEX(온라인_반찬!$C$2:$J$605,MATCH($D6,온라인_반찬!$C$2:$C$605,0),8),"") -> 심플로트(렌치웨지컷),뿌링클치즈시즈닝(상상푸드) | M6: *표고강정 : 30g(35g) | P6: *훈제오리 : 40g / 50g | S6: *해물전:1000680205(삼성웰스토리)
C7: 반찬2 | D7: 청포묵무침 | E7: 35 | G7: =IFERROR(INDEX(온라인_반찬!$C$2:$H$612,MATCH($D7,온라인_반찬!$C$2:$C$612,0),6),"") -> 청포묵(원료수입산)90%, 계란지단(국산), 오이, 당근, 소금, 간장, 참기름, 참깨 | H7: =IFERROR(INDEX(온라인_반찬!$D$2:$J$605,MATCH($D7,온라인_반찬!$C$2:$C$605,0),6),"") -> .1.5.21. | I7: 2026-07-20 09:30~ | L7: =IFERROR(INDEX(온라인_반찬!$C$2:$J$605,MATCH($D7,온라인_반찬!$C$2:$C$605,0),8),"") -> 0 | M7: *탕수육40g(중구청50g) ,소스25g | P7: *마카로니.콘샐러드 : 30g | S7: *통등심돈까스:50g / 소스 25g
C8: 반찬3 | D8: 배추김치 | E8: 25 | G8: =IFERROR(INDEX(온라인_반찬!$C$2:$H$612,MATCH($D8,온라인_반찬!$C$2:$C$612,0),6),"") -> 절임배추64.0%[배추(국산),무(국산),종가김치전용풀(쌀:국산)], 토마토페이스트(토마토:미국산)2.7%,[멸치액젓, 양파,다시마농축액,고춧가루,마늘,대파,새우액젓,김치유산균발효액,생강양념,호화쌀혼합분말]국산 | H8: =IFERROR(INDEX(온라인_반찬!$D$2:$J$605,MATCH($D8,온라인_반찬!$C$2:$C$605,0),6),"") -> .9.12. | I8: 2026-07-20 09:30~ | L8: =IFERROR(INDEX(온라인_반찬!$C$2:$J$605,MATCH($D8,온라인_반찬!$C$2:$C$605,0),8),"") -> 토마토김치(종가집) | M8: *건두부무침 : 25g / 35g | P8: *파르펠레냉파스타:30g | S8: *족발부추무침 : 45g, 55g
C9: 보존식 | J9: 1 | K9: 0.25
B10: 글로벌 리더스 . 석식 | C10: 밥 | D10: 친환경찰보리쌀밥 | E10: 150 | G10: =IFERROR(INDEX(온라인_반찬!$C$2:$H$612,MATCH($D10,온라인_반찬!$C$2:$C$612,0),6),"") -> 쌀(국산)90%, 찰보리(국산.친환경)5%, 정제수 | H10: =IFERROR(INDEX(온라인_반찬!$D$2:$J$605,MATCH($D10,온라인_반찬!$C$2:$C$605,0),6),"") -> 0 | I10: 2026-07-20 14:30~ | L10: =IFERROR(INDEX(온라인_반찬!$C$2:$J$605,MATCH($D10,온라인_반찬!$C$2:$C$605,0),8),"") -> 0 | M10: *영양찜닭:85g / 95g | P10: *소고기가지볶음 : 30g | S10: *춘장닭불고기 : 70g / 80g
C11: 국 | D11: 굴림만두국 | E11: 160 | F11: 굴림만두 2ea | G11: =IFERROR(INDEX(온라인_반찬!$C$2:$H$612,MATCH($D11,온라인_반찬!$C$2:$C$612,0),6),"") -> 굴림만두(돼지고기:국산), 두부, 양배추, 양파, 부추, 대파, 난백, 밀가루, 참기름)35%, 계란(국산), 정제수, 멸치육수농축액, 마늘, 파, 소금 | H11: =IFERROR(INDEX(온라인_반찬!$D$2:$J$605,MATCH($D11,온라인_반찬!$C$2:$C$605,0),6),"") -> .1.2.5.6.10.16.21. | I11: 2026-07-20 14:30~ | L11: =IFERROR(INDEX(온라인_반찬!$C$2:$J$605,MATCH($D11,온라인_반찬!$C$2:$C$605,0),8),"") -> 0 | M11: *미트볼 : 개당10g | P11: *삼색소고기소보로 : 50g / 70g | S11: *훈제오리잡채 : 55g / 70g
C12: 메인 | D12: 비프토마토스튜 | E12: 90 | G12: =IFERROR(INDEX(온라인_반찬!$C$2:$H$612,MATCH($D12,온라인_반찬!$C$2:$C$612,0),6),"") -> 소고기(호주산)35%, 채소(감자,당근,양파:국산)25%, 정제수, 베이크드빈스, 토마토홀, 토마토소스, 맛술, 치킨스톡, 버터, 소금 | H12: =IFERROR(INDEX(온라인_반찬!$D$2:$J$605,MATCH($D12,온라인_반찬!$C$2:$C$605,0),6),"") -> .2.5.6.12.16. | I12: 2026-07-20 14:30~ | L12: =IFERROR(INDEX(온라인_반찬!$C$2:$J$605,MATCH($D12,온라인_반찬!$C$2:$C$605,0),8),"") -> 토마토소스(오쉐프)
C13: 반찬1 | D13: 뿌링클감자구이 | E13: 30 | G13: =IFERROR(INDEX(온라인_반찬!$C$2:$H$612,MATCH($D13,온라인_반찬!$C$2:$C$612,0),6),"") -> 반달감자[감자96.855%, 식물성유지(대두유, 카놀라유, 면실유), 산성피로인산나트륨, 포도당, 무수아황산(산화방지제)]미국산, 치즈시즈닝(치즈혼합분말:미국산,호주산) | H13: =IFERROR(INDEX(온라인_반찬!$D$2:$J$605,MATCH($D13,온라인_반찬!$C$2:$C$605,0),6),"") -> .2.5.6. | I13: 2026-07-20 14:30~ | L13: =IFERROR(INDEX(온라인_반찬!$C$2:$J$605,MATCH($D13,온라인_반찬!$C$2:$C$605,0),8),"") -> 심플로트(렌치웨지컷),뿌링클치즈시즈닝(상상푸드)
C14: 반찬2 | D14: 청포묵무침 | E14: 40 | G14: =IFERROR(INDEX(온라인_반찬!$C$2:$H$612,MATCH($D14,온라인_반찬!$C$2:$C$612,0),6),"") -> 청포묵(원료수입산)90%, 계란지단(국산), 오이, 당근, 소금, 간장, 참기름, 참깨 | H14: =IFERROR(INDEX(온라인_반찬!$D$2:$J$605,MATCH($D14,온라인_반찬!$C$2:$C$605,0),6),"") -> .1.5.21. | I14: 2026-07-20 14:30~ | L14: =IFERROR(INDEX(온라인_반찬!$C$2:$J$605,MATCH($D14,온라인_반찬!$C$2:$C$605,0),8),"") -> 0
C15: 반찬3 | D15: 배추김치 | E15: 35 | G15: =IFERROR(INDEX(온라인_반찬!$C$2:$H$612,MATCH($D15,온라인_반찬!$C$2:$C$612,0),6),"") -> 절임배추64.0%[배추(국산),무(국산),종가김치전용풀(쌀:국산)], 토마토페이스트(토마토:미국산)2.7%,[멸치액젓, 양파,다시마농축액,고춧가루,마늘,대파,새우액젓,김치유산균발효액,생강양념,호화쌀혼합분말]국산 | H15: =IFERROR(INDEX(온라인_반찬!$D$2:$J$605,MATCH($D15,온라인_반찬!$C$2:$C$605,0),6),"") -> .9.12. | I15: 2026-07-20 14:30~ | L15: =IFERROR(INDEX(온라인_반찬!$C$2:$J$605,MATCH($D15,온라인_반찬!$C$2:$C$605,0),8),"") -> 토마토김치(종가집)
C16: 신당꿈 특식 | D16: 리코타치즈샐러드 | E16: 80 | G16: =IFERROR(INDEX(온라인_반찬!$C$2:$H$612,MATCH($D16,온라인_반찬!$C$2:$C$612,0),6),"") -> 리코타치즈[국산(원유, 농축유청, 유크림)]25%, 모둠채소[국내산(라디치오, 양상추, 치커리, 적채)] | H16: =IFERROR(INDEX(온라인_반찬!$D$2:$J$605,MATCH($D16,온라인_반찬!$C$2:$C$605,0),6),"") -> .2. | I16: 2026-07-20 14:30~ | L16: =IFERROR(INDEX(온라인_반찬!$C$2:$J$605,MATCH($D16,온라인_반찬!$C$2:$C$605,0),8),"") -> 덴마크 리코타치즈[㈜동원F&B]
D17: & 발사믹드레싱 | E17: 20 | G17: =IFERROR(INDEX(온라인_반찬!$C$2:$H$612,MATCH($D17,온라인_반찬!$C$2:$C$612,0),6),"") -> [정제수, 발효식초(이탈리아산)14%, 대두유(대두:외국산), 정제소금(중국산) 등] | H17: =IFERROR(INDEX(온라인_반찬!$D$2:$J$605,MATCH($D17,온라인_반찬!$C$2:$C$605,0),6),"") -> .5.13. | I17: 2026-07-20 14:30~ | L17: =IFERROR(INDEX(온라인_반찬!$C$2:$J$605,MATCH($D17,온라인_반찬!$C$2:$C$605,0),8),"") -> 발사믹드레싱(이츠웰)
C18: 보존식 | J18: 1 | K18: 0.25
B19: 강서폴리 소풍 | C19: 밥 | G19: =IFERROR(INDEX(온라인_반찬!$C$2:$H$612,MATCH($D19,온라인_반찬!$C$2:$C$612,0),6),"") | H19: =IFERROR(INDEX(온라인_반찬!$D$2:$J$605,MATCH($D19,온라인_반찬!$C$2:$C$605,0),6),"") | I19: 2026-07-20 09:30~ | L19: =IFERROR(INDEX(온라인_반찬!$C$2:$J$605,MATCH($D19,온라인_반찬!$C$2:$C$605,0),8),"")
C20: 반찬1 | G20: =IFERROR(INDEX(온라인_반찬!$C$2:$H$612,MATCH($D20,온라인_반찬!$C$2:$C$612,0),6),"") | H20: =IFERROR(INDEX(온라인_반찬!$D$2:$J$605,MATCH($D20,온라인_반찬!$C$2:$C$605,0),6),"") | I20: 2026-07-20 09:30~ | L20: =IFERROR(INDEX(온라인_반찬!$C$2:$J$605,MATCH($D20,온라인_반찬!$C$2:$C$605,0),8),"")
G21: =IFERROR(INDEX(온라인_반찬!$C$2:$H$612,MATCH($D21,온라인_반찬!$C$2:$C$612,0),6),"") | H21: =IFERROR(INDEX(온라인_반찬!$D$2:$J$605,MATCH($D21,온라인_반찬!$C$2:$C$605,0),6),"") | I21: 2026-07-20 09:30~ | L21: =IFERROR(INDEX(온라인_반찬!$C$2:$J$605,MATCH($D21,온라인_반찬!$C$2:$C$605,0),8),"")
C22: 반찬2 | G22: =IFERROR(INDEX(온라인_반찬!$C$2:$H$612,MATCH($D22,온라인_반찬!$C$2:$C$612,0),6),"") | H22: =IFERROR(INDEX(온라인_반찬!$D$2:$J$605,MATCH($D22,온라인_반찬!$C$2:$C$605,0),6),"") | I22: 2026-07-20 09:30~ | L22: =IFERROR(INDEX(온라인_반찬!$C$2:$J$605,MATCH($D22,온라인_반찬!$C$2:$C$605,0),8),"")
C23: 반찬3 | G23: =IFERROR(INDEX(온라인_반찬!$C$2:$H$612,MATCH($D23,온라인_반찬!$C$2:$C$612,0),6),"") | H23: =IFERROR(INDEX(온라인_반찬!$D$2:$J$605,MATCH($D23,온라인_반찬!$C$2:$C$605,0),6),"") | I23: 2026-07-20 09:30~ | L23: =IFERROR(INDEX(온라인_반찬!$C$2:$J$605,MATCH($D23,온라인_반찬!$C$2:$C$605,0),8),"")
C24: 반찬4 | G24: =IFERROR(INDEX(온라인_반찬!$C$2:$H$612,MATCH($D24,온라인_반찬!$C$2:$C$612,0),6),"") | H24: =IFERROR(INDEX(온라인_반찬!$D$2:$J$605,MATCH($D24,온라인_반찬!$C$2:$C$605,0),6),"") | I24: 2026-07-20 09:30~ | L24: =IFERROR(INDEX(온라인_반찬!$C$2:$J$605,MATCH($D24,온라인_반찬!$C$2:$C$605,0),8),"")
C25: 보존식 | F25: 1 | J25: 1 | K25: 0.25

Sheet 07-21
B1: 2026-07-21(화) | M1: *한입해쉬브라운 : 9g(개당) | P1: *양송이떡갈비 : 1.5ea, 1.75, 2 | S1: *양배추당근라페 : 20g / 30g
B2: 출고일 | C2: 구분 | D2: 품명 | E2: 중량(g) | F2: 수량(장) | G2: 자재사용내역 | H2: 알러지 표기 | I2: 배송시점 | J2: 제공인원 | K2: 총생산량(Kg) | L2: 메 모 | M2: *샐러드 채소 : 15g, 20g ,25g | P2: *야채고기말이 : 1.1, 1.5, 1.5 | S2: *고구마튀김35g / 45g
B3: 중식 | C3: 밥 | D3: 친환경귀리쌀밥 | E3: 140 | G3: =IFERROR(INDEX(온라인_반찬!$C$2:$H$612,MATCH($D3,온라인_반찬!$C$2:$C$612,0),6),"") -> 쌀(국산)90%, 귀리(국산.친환경)5%, 정제수 | H3: =IFERROR(INDEX(온라인_반찬!$D$2:$J$605,MATCH($D3,온라인_반찬!$C$2:$C$605,0),6),"") -> 0 | I3: 2026-07-21 09:30~ | L3: =IFERROR(INDEX(온라인_반찬!$C$2:$J$605,MATCH($D3,온라인_반찬!$C$2:$C$605,0),8),"") -> 0 | M3: *웨지감자 : 25g / 30g | O3: *어묵채구이:12g / 15g | S3: 한입새우튀김 : 30g / 40g / 50g (소스15g)
C4: 국 | D4: 사골미역국 | E4: 150 | G4: =IFERROR(INDEX(온라인_반찬!$C$2:$H$612,MATCH($D4,온라인_반찬!$C$2:$C$612,0),6),"") -> 불린미역(국내산)25%, 사골육수 [우잡뼈(한우)사골액기스 {정제수, 사골농축액17%(호주산) 천일염}, 정제수], 참기름, 국간장, 밥새우, 소금 | H4: =IFERROR(INDEX(온라인_반찬!$D$2:$J$605,MATCH($D4,온라인_반찬!$C$2:$C$605,0),6),"") -> .2.5.6.9.12.16. | I4: 2026-07-21 09:30~ | L4: =IFERROR(INDEX(온라인_반찬!$C$2:$J$605,MATCH($D4,온라인_반찬!$C$2:$C$605,0),8),"") -> 28g / 30g | M4: *꼬마돈까스: 25g, 중구청 35g | P4: *족발:45g / 55g | S4: *갈비만두 : 성분표기 인당1개 / 식수 인당1.5개
C5: 메인 | D5: 닭안심채소구이 | E5: 60 | G5: =IFERROR(INDEX(온라인_반찬!$C$2:$H$612,MATCH($D5,온라인_반찬!$C$2:$C$612,0),6),"") -> 닭고기(닭안심:국산)82%, 채소(양파, 청피망, 홍피망 : 국산)10%, 대두유, 맛술, 후추, 간장, 설탕, 파, 마늘, 참기름, 참깨 | H5: =IFERROR(INDEX(온라인_반찬!$D$2:$J$605,MATCH($D5,온라인_반찬!$C$2:$C$605,0),6),"") -> .5.15.21. | I5: 2026-07-21 09:30~ | L5: =IFERROR(INDEX(온라인_반찬!$C$2:$J$605,MATCH($D5,온라인_반찬!$C$2:$C$605,0),8),"") -> 0 | M5: *오징어볼탕수 : 35g / 45g/ 70g 소스 : 20g | S5: *생선통살탕수 : 40g / 50g / 교사 70g, 소스 25g 개당 12g
C6: 반찬1 | D6: 건맛살채볶음 | E6: 15 | G6: =IFERROR(INDEX(온라인_반찬!$C$2:$H$612,MATCH($D6,온라인_반찬!$C$2:$C$612,0),6),"") -> 건맛살채(원료수입산)85%, 대두유, 간장, 물엿, 마요네즈, 참기름, 참깨 | H6: =IFERROR(INDEX(온라인_반찬!$D$2:$J$605,MATCH($D6,온라인_반찬!$C$2:$C$605,0),6),"") -> .1.5.8.21. | I6: 2026-07-21 09:30~ | L6: =IFERROR(INDEX(온라인_반찬!$C$2:$J$605,MATCH($D6,온라인_반찬!$C$2:$C$605,0),8),"") -> 0 | M6: *표고강정 : 30g(35g) | P6: *훈제오리 : 40g / 50g | S6: *해물전:1000680205(삼성웰스토리)
C7: 반찬2 | D7: 검은콩해바라기씨조림 | E7: 20 | G7: =IFERROR(INDEX(온라인_반찬!$C$2:$H$612,MATCH($D7,온라인_반찬!$C$2:$C$612,0),6),"") -> 검은콩(중국산)77%, 해바라기씨(중국산)5%, 간장, 물엿, 설탕, 참기름, 참깨 | H7: =IFERROR(INDEX(온라인_반찬!$D$2:$J$605,MATCH($D7,온라인_반찬!$C$2:$C$605,0),6),"") -> .5.21. | I7: 2026-07-21 09:30~ | L7: =IFERROR(INDEX(온라인_반찬!$C$2:$J$605,MATCH($D7,온라인_반찬!$C$2:$C$605,0),8),"") -> 콩자반(반찬단지) | M7: *탕수육40g(중구청50g) ,소스25g | P7: *마카로니.콘샐러드 : 30g | S7: *통등심돈까스:50g / 소스 25g
C8: 반찬3 | D8: 깍두기 | E8: 25 | G8: =IFERROR(INDEX(온라인_반찬!$C$2:$H$612,MATCH($D8,온라인_반찬!$C$2:$C$612,0),6),"") -> 무(국산)85.2%, 고추가루(국산), 밀가루풀(국산), 파, 마늘, 새우젓 등 양념(국산) | H8: =IFERROR(INDEX(온라인_반찬!$D$2:$J$605,MATCH($D8,온라인_반찬!$C$2:$C$605,0),6),"") -> .6.9. | I8: 2026-07-21 09:30~ | L8: =IFERROR(INDEX(온라인_반찬!$C$2:$J$605,MATCH($D8,온라인_반찬!$C$2:$C$605,0),8),"") -> 0 | M8: *건두부무침 : 25g / 35g | P8: *파르펠레냉파스타:30g | S8: *족발부추무침 : 45g, 55g
C9: 보존식 | G9: 글로벌리더스 : 양념건맛살채볶음 | J9: 1 | K9: 0.25
B10: 글로벌 리더스 . 석식 | C10: 밥 | D10: 친환경귀리쌀밥 | E10: 150 | G10: =IFERROR(INDEX(온라인_반찬!$C$2:$H$612,MATCH($D10,온라인_반찬!$C$2:$C$612,0),6),"") -> 쌀(국산)90%, 귀리(국산.친환경)5%, 정제수 | H10: =IFERROR(INDEX(온라인_반찬!$D$2:$J$605,MATCH($D10,온라인_반찬!$C$2:$C$605,0),6),"") -> 0 | I10: 2026-07-21 14:30~ | L10: =IFERROR(INDEX(온라인_반찬!$C$2:$J$605,MATCH($D10,온라인_반찬!$C$2:$C$605,0),8),"") -> 0 | M10: *영양찜닭:85g / 95g | P10: *소고기가지볶음 : 30g | S10: *춘장닭불고기 : 70g / 80g
C11: 국 | D11: 사골미역국 | E11: 160 | G11: =IFERROR(INDEX(온라인_반찬!$C$2:$H$612,MATCH($D11,온라인_반찬!$C$2:$C$612,0),6),"") -> 불린미역(국내산)25%, 사골육수 [우잡뼈(한우)사골액기스 {정제수, 사골농축액17%(호주산) 천일염}, 정제수], 참기름, 국간장, 밥새우, 소금 | H11: =IFERROR(INDEX(온라인_반찬!$D$2:$J$605,MATCH($D11,온라인_반찬!$C$2:$C$605,0),6),"") -> .2.5.6.9.12.16. | I11: 2026-07-21 14:30~ | L11: =IFERROR(INDEX(온라인_반찬!$C$2:$J$605,MATCH($D11,온라인_반찬!$C$2:$C$605,0),8),"") -> 28g / 30g | M11: *미트볼 : 개당10g | P11: *삼색소고기소보로 : 50g / 70g | S11: *훈제오리잡채 : 55g / 70g
C12: 메인 | D12: 닭안심채소구이 | E12: 80 | G12: =IFERROR(INDEX(온라인_반찬!$C$2:$H$612,MATCH($D12,온라인_반찬!$C$2:$C$612,0),6),"") -> 닭고기(닭안심:국산)82%, 채소(양파, 청피망, 홍피망 : 국산)10%, 대두유, 맛술, 후추, 간장, 설탕, 파, 마늘, 참기름, 참깨 | H12: =IFERROR(INDEX(온라인_반찬!$D$2:$J$605,MATCH($D12,온라인_반찬!$C$2:$C$605,0),6),"") -> .5.15.21. | I12: 2026-07-21 14:30~ | L12: =IFERROR(INDEX(온라인_반찬!$C$2:$J$605,MATCH($D12,온라인_반찬!$C$2:$C$605,0),8),"") -> 0
C13: 반찬1 | D13: 양념건맛살채볶음 | E13: 20 | G13: 건맛살채(원료수입산)85%, 대두유, 간장, 물엿, 고추장, 마요네즈, 참기름, 참깨 | H13: .1.5.8.21. | I13: 2026-07-21 14:30~ | L13: =IFERROR(INDEX(온라인_반찬!$C$2:$J$605,MATCH($D13,온라인_반찬!$C$2:$C$605,0),8),"")
C14: 반찬2 | D14: 검은콩해바라기씨조림 | E14: 23 | G14: =IFERROR(INDEX(온라인_반찬!$C$2:$H$612,MATCH($D14,온라인_반찬!$C$2:$C$612,0),6),"") -> 검은콩(중국산)77%, 해바라기씨(중국산)5%, 간장, 물엿, 설탕, 참기름, 참깨 | H14: =IFERROR(INDEX(온라인_반찬!$D$2:$J$605,MATCH($D14,온라인_반찬!$C$2:$C$605,0),6),"") -> .5.21. | I14: 2026-07-21 14:30~ | L14: =IFERROR(INDEX(온라인_반찬!$C$2:$J$605,MATCH($D14,온라인_반찬!$C$2:$C$605,0),8),"") -> 콩자반(반찬단지)
C15: 반찬3 | D15: 깍두기 | E15: 35 | G15: =IFERROR(INDEX(온라인_반찬!$C$2:$H$612,MATCH($D15,온라인_반찬!$C$2:$C$612,0),6),"") -> 무(국산)85.2%, 고추가루(국산), 밀가루풀(국산), 파, 마늘, 새우젓 등 양념(국산) | H15: =IFERROR(INDEX(온라인_반찬!$D$2:$J$605,MATCH($D15,온라인_반찬!$C$2:$C$605,0),6),"") -> .6.9. | I15: 2026-07-21 14:30~ | L15: =IFERROR(INDEX(온라인_반찬!$C$2:$J$605,MATCH($D15,온라인_반찬!$C$2:$C$605,0),8),"") -> 0
C16: 신당꿈 특식 | D16: 과일 | G16: =IFERROR(INDEX(온라인_반찬!$C$2:$H$612,MATCH($D16,온라인_반찬!$C$2:$C$612,0),6),"") | H16: =IFERROR(INDEX(온라인_반찬!$D$2:$J$605,MATCH($D16,온라인_반찬!$C$2:$C$605,0),6),"") | I16: 2026-07-21 14:30~ | L16: =IFERROR(INDEX(온라인_반찬!$C$2:$J$605,MATCH($D16,온라인_반찬!$C$2:$C$605,0),8),"")
C17: 보존식 | J17: 1 | K17: 0.25
B18: 강서폴리 소풍 | C18: 밥 | G18: =IFERROR(INDEX(온라인_반찬!$C$2:$H$612,MATCH($D18,온라인_반찬!$C$2:$C$612,0),6),"") | H18: =IFERROR(INDEX(온라인_반찬!$D$2:$J$605,MATCH($D18,온라인_반찬!$C$2:$C$605,0),6),"") | I18: 2026-07-21 09:30~ | L18: =IFERROR(INDEX(온라인_반찬!$C$2:$J$605,MATCH($D18,온라인_반찬!$C$2:$C$605,0),8),"")
C19: 반찬1 | G19: =IFERROR(INDEX(온라인_반찬!$C$2:$H$612,MATCH($D19,온라인_반찬!$C$2:$C$612,0),6),"") | H19: =IFERROR(INDEX(온라인_반찬!$D$2:$J$605,MATCH($D19,온라인_반찬!$C$2:$C$605,0),6),"") | I19: 2026-07-21 09:30~ | L19: =IFERROR(INDEX(온라인_반찬!$C$2:$J$605,MATCH($D19,온라인_반찬!$C$2:$C$605,0),8),"")
G20: =IFERROR(INDEX(온라인_반찬!$C$2:$H$612,MATCH($D20,온라인_반찬!$C$2:$C$612,0),6),"") | H20: =IFERROR(INDEX(온라인_반찬!$D$2:$J$605,MATCH($D20,온라인_반찬!$C$2:$C$605,0),6),"") | I20: 2026-07-21 09:30~ | L20: =IFERROR(INDEX(온라인_반찬!$C$2:$J$605,MATCH($D20,온라인_반찬!$C$2:$C$605,0),8),"")
C21: 반찬2 | G21: =IFERROR(INDEX(온라인_반찬!$C$2:$H$612,MATCH($D21,온라인_반찬!$C$2:$C$612,0),6),"") | H21: =IFERROR(INDEX(온라인_반찬!$D$2:$J$605,MATCH($D21,온라인_반찬!$C$2:$C$605,0),6),"") | I21: 2026-07-21 09:30~ | L21: =IFERROR(INDEX(온라인_반찬!$C$2:$J$605,MATCH($D21,온라인_반찬!$C$2:$C$605,0),8),"")
C22: 반찬3 | G22: =IFERROR(INDEX(온라인_반찬!$C$2:$H$612,MATCH($D22,온라인_반찬!$C$2:$C$612,0),6),"") | H22: =IFERROR(INDEX(온라인_반찬!$D$2:$J$605,MATCH($D22,온라인_반찬!$C$2:$C$605,0),6),"") | I22: 2026-07-21 09:30~ | L22: =IFERROR(INDEX(온라인_반찬!$C$2:$J$605,MATCH($D22,온라인_반찬!$C$2:$C$605,0),8),"")
C23: 반찬4 | G23: =IFERROR(INDEX(온라인_반찬!$C$2:$H$612,MATCH($D23,온라인_반찬!$C$2:$C$612,0),6),"") | H23: =IFERROR(INDEX(온라인_반찬!$D$2:$J$605,MATCH($D23,온라인_반찬!$C$2:$C$605,0),6),"") | I23: 2026-07-21 09:30~ | L23: =IFERROR(INDEX(온라인_반찬!$C$2:$J$605,MATCH($D23,온라인_반찬!$C$2:$C$605,0),8),"")
C24: 보존식 | F24: 1 | J24: 1 | K24: 0.25

Sheet 07-22
B1: 2026-07-22(수) | M1: *한입해쉬브라운 : 9g(개당) | P1: *양송이떡갈비 : 1.5ea, 1.75, 2 | S1: *양배추당근라페 : 20g / 30g
B2: 출고일 | C2: 구분 | D2: 품명 | E2: 중량(g) | F2: 수량(장) | G2: 자재사용내역 | H2: 알러지 표기 | I2: 배송시점 | J2: 제공인원 | K2: 총생산량(Kg) | L2: 메 모 | M2: *샐러드 채소 : 15g, 20g ,25g | P2: *야채고기말이 : 1.1, 1.5, 1.5 | S2: *고구마튀김35g / 45g
B3: 중식 | C3: 밥 | D3: 친환경찰흑미쌀밥 | E3: 140 | G3: =IFERROR(INDEX(온라인_반찬!$C$2:$H$612,MATCH($D3,온라인_반찬!$C$2:$C$612,0),6),"") -> 쌀(국산)90%, 찰흑미(국산.친환경)5%, 정제수 | H3: =IFERROR(INDEX(온라인_반찬!$D$2:$J$605,MATCH($D3,온라인_반찬!$C$2:$C$605,0),6),"") -> 0 | I3: 2026-07-22 09:30~ | L3: =IFERROR(INDEX(온라인_반찬!$C$2:$J$605,MATCH($D3,온라인_반찬!$C$2:$C$605,0),8),"") -> 0 | M3: *웨지감자 : 25g / 30g | O3: *어묵채구이:12g / 15g | S3: 한입새우튀김 : 30g / 40g / 50g (소스15g)
C4: 국 | D4: 북어국 | E4: 150 | G4: =IFERROR(INDEX(온라인_반찬!$C$2:$H$612,MATCH($D4,온라인_반찬!$C$2:$C$612,0),6),"") -> 북어채(러시아산)5%, 두부(원료수입산)12%, 무8%, 양파, 정제수, 대파, 마늘, 참기름, 국간장, 소금 | H4: =IFERROR(INDEX(온라인_반찬!$D$2:$J$605,MATCH($D4,온라인_반찬!$C$2:$C$605,0),6),"") -> .5.21. | I4: 2026-07-22 09:30~ | L4: =IFERROR(INDEX(온라인_반찬!$C$2:$J$605,MATCH($D4,온라인_반찬!$C$2:$C$605,0),8),"") -> 40g / 50g | M4: *꼬마돈까스: 25g, 중구청 35g | P4: *족발:45g / 55g | S4: *갈비만두 : 성분표기 인당1개 / 식수 인당1.5개
C5: 메인 | D5: 소고기고사리볶음 | E5: 60 | G5: =IFERROR(INDEX(온라인_반찬!$C$2:$H$612,MATCH($D5,온라인_반찬!$C$2:$C$612,0),6),"") -> 소고기채(호주산)75%,고사리(중국산)15%, 대파, 마늘, 국간장, 간장, 소금, 맛술, 후추, 들기름, 참깨 | H5: =IFERROR(INDEX(온라인_반찬!$D$2:$J$605,MATCH($D5,온라인_반찬!$C$2:$C$605,0),6),"") -> .5.16.21.22. | I5: 2026-07-22 09:30~ | L5: =IFERROR(INDEX(온라인_반찬!$C$2:$J$605,MATCH($D5,온라인_반찬!$C$2:$C$605,0),8),"") -> 0 | M5: *오징어볼탕수 : 35g / 45g/ 70g 소스 : 20g | S5: *생선통살탕수 : 40g / 50g / 교사 70g, 소스 25g 개당 12g
C6: 반찬1 | D6: 궁중떡볶이 | E6: 35 | G6: =IFERROR(INDEX(온라인_반찬!$C$2:$H$612,MATCH($D6,온라인_반찬!$C$2:$C$612,0),6),"") -> 조랭이떡(쌀:국내산85.2%, 소고기(호주산)5%, 양파, 당근, 표고버섯, 피망, 간장, 설탕, 참기름, 참깨 | H6: =IFERROR(INDEX(온라인_반찬!$D$2:$J$605,MATCH($D6,온라인_반찬!$C$2:$C$605,0),6),"") -> .5.16.21. | I6: 2026-07-22 09:30~ | L6: =IFERROR(INDEX(온라인_반찬!$C$2:$J$605,MATCH($D6,온라인_반찬!$C$2:$C$605,0),8),"") -> 0 | M6: *표고강정 : 30g(35g) | P6: *훈제오리 : 40g / 50g | S6: *해물전:1000680205(삼성웰스토리)
C7: 반찬2 | D7: 연두부 | F7: 1 | G7: =IFERROR(INDEX(온라인_반찬!$C$2:$H$612,MATCH($D7,온라인_반찬!$C$2:$C$612,0),6),"") -> 연두부 (대두:외국산) | H7: =IFERROR(INDEX(온라인_반찬!$D$2:$J$605,MATCH($D7,온라인_반찬!$C$2:$C$605,0),6),"") -> .5. | I7: 2026-07-22 09:30~ | L7: =IFERROR(INDEX(온라인_반찬!$C$2:$J$605,MATCH($D7,온라인_반찬!$C$2:$C$605,0),8),"") -> 이츠웰 | M7: *탕수육40g(중구청50g) ,소스25g | P7: *마카로니.콘샐러드 : 30g | S7: *통등심돈까스:50g / 소스 25g
D8: & 양념장 | E8: 10 | G8: =IFERROR(INDEX(온라인_반찬!$C$2:$H$612,MATCH($D8,온라인_반찬!$C$2:$C$612,0),6),"") -> 쪽파(국산)5%, 마늘, 정제수, 간장, 참기름, 참깨 | H8: =IFERROR(INDEX(온라인_반찬!$D$2:$J$605,MATCH($D8,온라인_반찬!$C$2:$C$605,0),6),"") -> .5.21. | I8: 2026-07-22 09:30~ | L8: =IFERROR(INDEX(온라인_반찬!$C$2:$J$605,MATCH($D8,온라인_반찬!$C$2:$C$605,0),8),"") -> 0
C9: 반찬3 | D9: 백김치 | E9: 25 | G9: =IFERROR(INDEX(온라인_반찬!$C$2:$H$612,MATCH($D9,온라인_반찬!$C$2:$C$612,0),6),"") -> 배추(국내산)70&, 무(국내산)10%, 마늘, 생강, 양파, 설탕, 정제수, 소금 | H9: =IFERROR(INDEX(온라인_반찬!$D$2:$J$605,MATCH($D9,온라인_반찬!$C$2:$C$605,0),6),"") -> 0 | I9: 2026-07-22 09:30~ | L9: =IFERROR(INDEX(온라인_반찬!$C$2:$J$605,MATCH($D9,온라인_반찬!$C$2:$C$605,0),8),"") -> 백김치(정우식품) | M9: *건두부무침 : 25g / 35g | P9: *파르펠레냉파스타:30g | S9: *족발부추무침 : 45g, 55g
C10: 보존식 | G10: 글로벌리더스 : 참치김치찌개 | J10: 1 | K10: 0.25
B11: 위니위니 소풍 | C11: 밥 | D11: 조미밥 | G11: =IFERROR(INDEX(온라인_반찬!$C$2:$H$612,MATCH($D11,온라인_반찬!$C$2:$C$612,0),6),"") -> 밥(쌀:국산)95%, 후리카케[볶은참깨(참깨:인도산), 밀소맥볼(밀:미국,호주산),조각김(김:국산), 양조간장], 맛소금, 참기름 | H11: =IFERROR(INDEX(온라인_반찬!$D$2:$J$605,MATCH($D11,온라인_반찬!$C$2:$C$605,0),6),"") -> .5.21. | I11: 2026-07-22 09:30~ | L11: =IFERROR(INDEX(온라인_반찬!$C$2:$J$605,MATCH($D11,온라인_반찬!$C$2:$C$605,0),8),"") -> 0
C12: 반찬1 | D12: 눈꽃치즈치킨 | G12: =IFERROR(INDEX(온라인_반찬!$C$2:$H$612,MATCH($D12,온라인_반찬!$C$2:$C$612,0),6),"") -> 순살치킨[닭고기(닭다리살:브라질산)64.76%,밀가루(밀:호주산,미국산),옥수수전분(옥수수:외국산), 대두유]98%, 눈꽃치즈(모짜렐라치즈:외국산99%)2% | H12: =IFERROR(INDEX(온라인_반찬!$D$2:$J$605,MATCH($D12,온라인_반찬!$C$2:$C$605,0),6),"") -> .1.2.5.6.15.16. | I12: 2026-07-22 09:30~ | L12: =IFERROR(INDEX(온라인_반찬!$C$2:$J$605,MATCH($D12,온라인_반찬!$C$2:$C$605,0),8),"") -> 순살치킨가라아게(하림)
C13: 반찬2 | D13: 문어모양소떡구이 | G13: =IFERROR(INDEX(온라인_반찬!$C$2:$H$612,MATCH($D13,온라인_반찬!$C$2:$C$612,0),6),"") -> 떡류[쌀(국산)98%, 정제수, 정제소금(국산)]55%, 소시지[돼지고기(지방일부사용.국산)85.22%,옥수수전분, 정제소금,떡갈비양념장]45% | H13: =IFERROR(INDEX(온라인_반찬!$D$2:$J$605,MATCH($D13,온라인_반찬!$C$2:$C$605,0),6),"") -> .5.6.10.12.15.18.21. | I13: 2026-07-22 09:30~ | L13: =IFERROR(INDEX(온라인_반찬!$C$2:$J$605,MATCH($D13,온라인_반찬!$C$2:$C$605,0),8),"") -> 문어모양소떡구이(유빛)
C14: 반찬3 | D14: 캐릭터찐빵 | G14: =IFERROR(INDEX(온라인_반찬!$C$2:$H$612,MATCH($D14,온라인_반찬!$C$2:$C$612,0),6),"") -> 밀가루(밀)42.91%, 팥28%, 정제수, 설탕 8.68%, 팜유1.04%,/원산지:중국 | H14: =IFERROR(INDEX(온라인_반찬!$D$2:$J$605,MATCH($D14,온라인_반찬!$C$2:$C$605,0),6),"") -> .5.17. | I14: 2026-07-22 09:30~ | L14: =IFERROR(INDEX(온라인_반찬!$C$2:$J$605,MATCH($D14,온라인_반찬!$C$2:$C$605,0),8),"") -> 이솝찐빵(세미원푸드)
C15: 반찬4 | D15: 과일 | G15: =IFERROR(INDEX(온라인_반찬!$C$2:$H$612,MATCH($D15,온라인_반찬!$C$2:$C$612,0),6),"") | H15: =IFERROR(INDEX(온라인_반찬!$D$2:$J$605,MATCH($D15,온라인_반찬!$C$2:$C$605,0),6),"") | I15: 2026-07-22 09:30~ | L15: =IFERROR(INDEX(온라인_반찬!$C$2:$J$605,MATCH($D15,온라인_반찬!$C$2:$C$605,0),8),"")
C16: 보존식 | F16: 1 | G16: 송추히든벨리 | J16: 1 | K16: 0.25
B17: 글로벌 리더스 . 석식 | C17: 밥 | D17: 친환경찰흑미쌀밥 | E17: 150 | G17: =IFERROR(INDEX(온라인_반찬!$C$2:$H$612,MATCH($D17,온라인_반찬!$C$2:$C$612,0),6),"") -> 쌀(국산)90%, 찰흑미(국산.친환경)5%, 정제수 | H17: =IFERROR(INDEX(온라인_반찬!$D$2:$J$605,MATCH($D17,온라인_반찬!$C$2:$C$605,0),6),"") -> 0 | I17: 2026-07-22 14:30~ | L17: =IFERROR(INDEX(온라인_반찬!$C$2:$J$605,MATCH($D17,온라인_반찬!$C$2:$C$605,0),8),"") -> 0 | M17: *영양찜닭:85g / 95g | P17: *소고기가지볶음 : 30g | S17: *춘장닭불고기 : 70g / 80g
C18: 국 | D18: 참치김치찌개 | E18: 160 | G18: =IFERROR(INDEX(온라인_반찬!$C$2:$H$612,MATCH($D18,온라인_반찬!$C$2:$C$612,0),6),"") -> 김치(고추가루, 배추:국산)20%, 참치(가다랑어:원양산)10%, 두부(원료수입산), 양파, 대파, 마늘, 정제수, 국간장, 소금 | H18: =IFERROR(INDEX(온라인_반찬!$D$2:$J$605,MATCH($D18,온라인_반찬!$C$2:$C$605,0),6),"") -> .5.9. | I18: 2026-07-22 14:30~ | L18: =IFERROR(INDEX(온라인_반찬!$C$2:$J$605,MATCH($D18,온라인_반찬!$C$2:$C$605,0),8),"") -> 챀치파우치(사조) | M18: *미트볼 : 개당10g | P18: *삼색소고기소보로 : 50g / 70g | S18: *훈제오리잡채 : 55g / 70g
C19: 메인 | D19: 소고기고사리볶음 | E19: 80 | G19: =IFERROR(INDEX(온라인_반찬!$C$2:$H$612,MATCH($D19,온라인_반찬!$C$2:$C$612,0),6),"") -> 소고기채(호주산)75%,고사리(중국산)15%, 대파, 마늘, 국간장, 간장, 소금, 맛술, 후추, 들기름, 참깨 | H19: =IFERROR(INDEX(온라인_반찬!$D$2:$J$605,MATCH($D19,온라인_반찬!$C$2:$C$605,0),6),"") -> .5.16.21.22. | I19: 2026-07-22 14:30~ | L19: =IFERROR(INDEX(온라인_반찬!$C$2:$J$605,MATCH($D19,온라인_반찬!$C$2:$C$605,0),8),"") -> 0
C20: 반찬1 | D20: 궁중떡볶이 | E20: 40 | G20: =IFERROR(INDEX(온라인_반찬!$C$2:$H$612,MATCH($D20,온라인_반찬!$C$2:$C$612,0),6),"") -> 조랭이떡(쌀:국내산85.2%, 소고기(호주산)5%, 양파, 당근, 표고버섯, 피망, 간장, 설탕, 참기름, 참깨 | H20: =IFERROR(INDEX(온라인_반찬!$D$2:$J$605,MATCH($D20,온라인_반찬!$C$2:$C$605,0),6),"") -> .5.16.21. | I20: 2026-07-22 14:30~ | L20: =IFERROR(INDEX(온라인_반찬!$C$2:$J$605,MATCH($D20,온라인_반찬!$C$2:$C$605,0),8),"") -> 0
C21: 반찬2 | D21: 연두부 | F21: 1 | G21: =IFERROR(INDEX(온라인_반찬!$C$2:$H$612,MATCH($D21,온라인_반찬!$C$2:$C$612,0),6),"") -> 연두부 (대두:외국산) | H21: =IFERROR(INDEX(온라인_반찬!$D$2:$J$605,MATCH($D21,온라인_반찬!$C$2:$C$605,0),6),"") -> .5. | I21: 2026-07-22 14:30~ | L21: =IFERROR(INDEX(온라인_반찬!$C$2:$J$605,MATCH($D21,온라인_반찬!$C$2:$C$605,0),8),"") -> 이츠웰
D22: & 양념장 | E22: 10 | G22: =IFERROR(INDEX(온라인_반찬!$C$2:$H$612,MATCH($D22,온라인_반찬!$C$2:$C$612,0),6),"") -> 쪽파(국산)5%, 마늘, 정제수, 간장, 참기름, 참깨 | H22: =IFERROR(INDEX(온라인_반찬!$D$2:$J$605,MATCH($D22,온라인_반찬!$C$2:$C$605,0),6),"") -> .5.21. | I22: 2026-07-22 14:30~ | L22: =IFERROR(INDEX(온라인_반찬!$C$2:$J$605,MATCH($D22,온라인_반찬!$C$2:$C$605,0),8),"") -> 0
C23: 반찬3 | D23: 백김치 | E23: 35 | G23: =IFERROR(INDEX(온라인_반찬!$C$2:$H$612,MATCH($D23,온라인_반찬!$C$2:$C$612,0),6),"") -> 배추(국내산)70&, 무(국내산)10%, 마늘, 생강, 양파, 설탕, 정제수, 소금 | H23: =IFERROR(INDEX(온라인_반찬!$D$2:$J$605,MATCH($D23,온라인_반찬!$C$2:$C$605,0),6),"") -> 0 | I23: 2026-07-22 14:30~ | L23: =IFERROR(INDEX(온라인_반찬!$C$2:$J$605,MATCH($D23,온라인_반찬!$C$2:$C$605,0),8),"") -> 백김치(정우식품)
C24: 신당꿈 특식 | D24: 전복버터구이 | F24: 1 | G24: =IFERROR(INDEX(온라인_반찬!$C$2:$H$612,MATCH($D24,온라인_반찬!$C$2:$C$612,0),6),"") -> 전복(국산)97%, 버터, 소금, 파슬리가루 | H24: =IFERROR(INDEX(온라인_반찬!$D$2:$J$605,MATCH($D24,온라인_반찬!$C$2:$C$605,0),6),"") -> .2.18. | I24: 2026-07-22 14:30~ | L24: =IFERROR(INDEX(온라인_반찬!$C$2:$J$605,MATCH($D24,온라인_반찬!$C$2:$C$605,0),8),"") -> 0
C25: 보존식 | J25: 1 | K25: 0.25

Sheet 07-23
B1: 2026-07-23(목) | M1: *한입해쉬브라운 : 9g(개당) | P1: *양송이떡갈비 : 1.5ea, 1.75, 2 | S1: *양배추당근라페 : 20g / 30g
B2: 출고일 | C2: 구분 | D2: 품명 | E2: 중량(g) | F2: 수량(장) | G2: 자재사용내역 | H2: 알러지 표기 | I2: 배송시점 | J2: 제공인원 | K2: 총생산량(Kg) | L2: 메 모 | M2: *샐러드 채소 : 15g, 20g ,25g | P2: *야채고기말이 : 1.1, 1.5, 1.5 | S2: *고구마튀김35g / 45g
B3: 중식 | C3: 밥 | D3: 흰쌀밥 | E3: 140 | G3: =IFERROR(INDEX(온라인_반찬!$C$2:$H$612,MATCH($D3,온라인_반찬!$C$2:$C$612,0),6),"") -> 쌀(국산)95%, 정제수 | H3: =IFERROR(INDEX(온라인_반찬!$D$2:$J$605,MATCH($D3,온라인_반찬!$C$2:$C$605,0),6),"") -> 0 | I3: 2026-07-23 09:30~ | L3: =IFERROR(INDEX(온라인_반찬!$C$2:$J$605,MATCH($D3,온라인_반찬!$C$2:$C$605,0),8),"") -> 0 | M3: *웨지감자 : 25g / 30g | O3: *어묵채구이:12g / 15g | S3: 한입새우튀김 : 30g / 40g / 50g (소스15g)
C4: 국 | D4: 대파계란탕 | E4: 150 | G4: =IFERROR(INDEX(온라인_반찬!$C$2:$H$612,MATCH($D4,온라인_반찬!$C$2:$C$612,0),6),"") -> 계란(국산)20%, 대파(국산)2%, 마늘, 멸치육수농축액, 정제수, 소금 | H4: =IFERROR(INDEX(온라인_반찬!$D$2:$J$605,MATCH($D4,온라인_반찬!$C$2:$C$605,0),6),"") -> .1.5. | I4: 2026-07-23 09:30~ | L4: =IFERROR(INDEX(온라인_반찬!$C$2:$J$605,MATCH($D4,온라인_반찬!$C$2:$C$605,0),8),"") -> 멸치육수농축액(면사랑) | M4: *꼬마돈까스: 25g, 중구청 35g | P4: *족발:45g / 55g | S4: *갈비만두 : 성분표기 인당1개 / 식수 인당1.5개
C5: 메인 | D5: 몽골리안포크 | E5: 60 | G5: =IFERROR(INDEX(온라인_반찬!$C$2:$H$612,MATCH($D5,온라인_반찬!$C$2:$C$612,0),6),"") -> 돼지고기(국산)83%, 양파, 홍피망, 청경채, 간장, 노두유, 설탕, 치킨스톡, 마늘, 정제수, 전분, 후추, 소금, 참기름 | H5: =IFERROR(INDEX(온라인_반찬!$D$2:$J$605,MATCH($D5,온라인_반찬!$C$2:$C$605,0),6),"") -> .5.6.10.21. | I5: 2026-07-23 09:30~ | L5: =IFERROR(INDEX(온라인_반찬!$C$2:$J$605,MATCH($D5,온라인_반찬!$C$2:$C$605,0),8),"") -> 0 | M5: *오징어볼탕수 : 35g / 45g/ 70g 소스 : 20g | S5: *생선통살탕수 : 40g / 50g / 교사 70g, 소스 25g 개당 12g
C6: 반찬1 | D6: 해물동그랑땡 | F6: 2 | G6: =IFERROR(INDEX(온라인_반찬!$C$2:$H$612,MATCH($D6,온라인_반찬!$C$2:$C$612,0),6),"") -> {[닭고기(국산),전란액(국산),복합조미식품{밀가루(밀:미국산.호주산)]오징어, 양파, 대파, 치자황색소, 후추 등} | H6: =IFERROR(INDEX(온라인_반찬!$D$2:$J$605,MATCH($D6,온라인_반찬!$C$2:$C$605,0),6),"") -> .1.2.5.6.10.15.17. | I6: 2026-07-23 09:30~ | L6: =IFERROR(INDEX(온라인_반찬!$C$2:$J$605,MATCH($D6,온라인_반찬!$C$2:$C$605,0),8),"") -> 22g/125원/계란옷입은알찬해물동그랑땡(굿딜) | M6: *표고강정 : 30g(35g) | P6: *훈제오리 : 40g / 50g | S6: *해물전:1000680205(삼성웰스토리)
C7: 반찬2 | D7: 미역줄기볶음 | E7: 25 | G7: =IFERROR(INDEX(온라인_반찬!$C$2:$H$612,MATCH($D7,온라인_반찬!$C$2:$C$612,0),6),"") -> 미역줄기(국산)90.1%, 당근, 마늘, 대두유, 간장, 소금, 참기름, 참깨 | H7: =IFERROR(INDEX(온라인_반찬!$D$2:$J$605,MATCH($D7,온라인_반찬!$C$2:$C$605,0),6),"") -> .5.21. | I7: 2026-07-23 09:30~ | L7: =IFERROR(INDEX(온라인_반찬!$C$2:$J$605,MATCH($D7,온라인_반찬!$C$2:$C$605,0),8),"") -> 0 | M7: *탕수육40g(중구청50g) ,소스25g | P7: *마카로니.콘샐러드 : 30g | S7: *통등심돈까스:50g / 소스 25g
C8: 반찬3 | D8: 깍두기 | E8: 25 | G8: =IFERROR(INDEX(온라인_반찬!$C$2:$H$612,MATCH($D8,온라인_반찬!$C$2:$C$612,0),6),"") -> 무(국산)85.2%, 고추가루(국산), 밀가루풀(국산), 파, 마늘, 새우젓 등 양념(국산) | H8: =IFERROR(INDEX(온라인_반찬!$D$2:$J$605,MATCH($D8,온라인_반찬!$C$2:$C$605,0),6),"") -> .6.9. | I8: 2026-07-23 09:30~ | L8: =IFERROR(INDEX(온라인_반찬!$C$2:$J$605,MATCH($D8,온라인_반찬!$C$2:$C$605,0),8),"") -> 0 | M8: *건두부무침 : 25g / 35g | P8: *파르펠레냉파스타:30g | S8: *족발부추무침 : 45g, 55g
C9: 보존식 | J9: 1 | K9: 0.25
B10: 글로벌 리더스 . 석식 | C10: 밥 | D10: 흰쌀밥 | E10: 150 | G10: =IFERROR(INDEX(온라인_반찬!$C$2:$H$612,MATCH($D10,온라인_반찬!$C$2:$C$612,0),6),"") -> 쌀(국산)95%, 정제수 | H10: =IFERROR(INDEX(온라인_반찬!$D$2:$J$605,MATCH($D10,온라인_반찬!$C$2:$C$605,0),6),"") -> 0 | I10: 2026-07-23 14:30~ | L10: =IFERROR(INDEX(온라인_반찬!$C$2:$J$605,MATCH($D10,온라인_반찬!$C$2:$C$605,0),8),"") -> 0 | M10: *영양찜닭:85g / 95g | P10: *소고기가지볶음 : 30g | S10: *춘장닭불고기 : 70g / 80g
C11: 국 | D11: 대파계란탕 | E11: 160 | G11: =IFERROR(INDEX(온라인_반찬!$C$2:$H$612,MATCH($D11,온라인_반찬!$C$2:$C$612,0),6),"") -> 계란(국산)20%, 대파(국산)2%, 마늘, 멸치육수농축액, 정제수, 소금 | H11: =IFERROR(INDEX(온라인_반찬!$D$2:$J$605,MATCH($D11,온라인_반찬!$C$2:$C$605,0),6),"") -> .1.5. | I11: 2026-07-23 14:30~ | L11: =IFERROR(INDEX(온라인_반찬!$C$2:$J$605,MATCH($D11,온라인_반찬!$C$2:$C$605,0),8),"") -> 멸치육수농축액(면사랑) | M11: *미트볼 : 개당10g | P11: *삼색소고기소보로 : 50g / 70g | S11: *훈제오리잡채 : 55g / 70g
C12: 메인 | D12: 몽골리안포크 | E12: 80 | G12: =IFERROR(INDEX(온라인_반찬!$C$2:$H$612,MATCH($D12,온라인_반찬!$C$2:$C$612,0),6),"") -> 돼지고기(국산)83%, 양파, 홍피망, 청경채, 간장, 노두유, 설탕, 치킨스톡, 마늘, 정제수, 전분, 후추, 소금, 참기름 | H12: =IFERROR(INDEX(온라인_반찬!$D$2:$J$605,MATCH($D12,온라인_반찬!$C$2:$C$605,0),6),"") -> .5.6.10.21. | I12: 2026-07-23 14:30~ | L12: =IFERROR(INDEX(온라인_반찬!$C$2:$J$605,MATCH($D12,온라인_반찬!$C$2:$C$605,0),8),"") -> 0
C13: 반찬1 | D13: 해물동그랑땡 | F13: 3 | G13: =IFERROR(INDEX(온라인_반찬!$C$2:$H$612,MATCH($D13,온라인_반찬!$C$2:$C$612,0),6),"") -> {[닭고기(국산),전란액(국산),복합조미식품{밀가루(밀:미국산.호주산)]오징어, 양파, 대파, 치자황색소, 후추 등} | H13: =IFERROR(INDEX(온라인_반찬!$D$2:$J$605,MATCH($D13,온라인_반찬!$C$2:$C$605,0),6),"") -> .1.2.5.6.10.15.17. | I13: 2026-07-23 14:30~ | L13: =IFERROR(INDEX(온라인_반찬!$C$2:$J$605,MATCH($D13,온라인_반찬!$C$2:$C$605,0),8),"") -> 22g/125원/계란옷입은알찬해물동그랑땡(굿딜)
C14: 반찬2 | D14: 미역줄기볶음 | E14: 35 | G14: =IFERROR(INDEX(온라인_반찬!$C$2:$H$612,MATCH($D14,온라인_반찬!$C$2:$C$612,0),6),"") -> 미역줄기(국산)90.1%, 당근, 마늘, 대두유, 간장, 소금, 참기름, 참깨 | H14: =IFERROR(INDEX(온라인_반찬!$D$2:$J$605,MATCH($D14,온라인_반찬!$C$2:$C$605,0),6),"") -> .5.21. | I14: 2026-07-23 14:30~ | L14: =IFERROR(INDEX(온라인_반찬!$C$2:$J$605,MATCH($D14,온라인_반찬!$C$2:$C$605,0),8),"") -> 0
C15: 반찬3 | D15: 깍두기 | E15: 35 | G15: =IFERROR(INDEX(온라인_반찬!$C$2:$H$612,MATCH($D15,온라인_반찬!$C$2:$C$612,0),6),"") -> 무(국산)85.2%, 고추가루(국산), 밀가루풀(국산), 파, 마늘, 새우젓 등 양념(국산) | H15: =IFERROR(INDEX(온라인_반찬!$D$2:$J$605,MATCH($D15,온라인_반찬!$C$2:$C$605,0),6),"") -> .6.9. | I15: 2026-07-23 14:30~ | L15: =IFERROR(INDEX(온라인_반찬!$C$2:$J$605,MATCH($D15,온라인_반찬!$C$2:$C$605,0),8),"") -> 0
C16: 신당꿈 특식 | D16: 과일 | G16: =IFERROR(INDEX(온라인_반찬!$C$2:$H$612,MATCH($D16,온라인_반찬!$C$2:$C$612,0),6),"") | H16: =IFERROR(INDEX(온라인_반찬!$D$2:$J$605,MATCH($D16,온라인_반찬!$C$2:$C$605,0),6),"") | I16: 2026-07-23 14:30~ | L16: =IFERROR(INDEX(온라인_반찬!$C$2:$J$605,MATCH($D16,온라인_반찬!$C$2:$C$605,0),8),"")
C17: 보존식 | J17: 1 | K17: 0.25
