Workbook
Name 급식국: #REF!
Name 급식밥: #REF!
Name 김치: 급식_반찬!$C$27:$C$28
Name 반찬1: 레시피북!$C$127:$C$292
Name 반찬2: 레시피북!$C$293:$C$393
Name 반찬3: 레시피북!$C$379:$C$430
Name 반찬4: 레시피북!$C$345:$C$495
Name 온라인국: 레시피북!$C$2:$C$90

Sheet 글로벌리더스&석식식단표
A1: 08월 식단표
A2: 요일 | B2: 월 | D2: 화 | F2: 수 | H2: 목 | J2: 금 | L2: 칠리새우 | M2: 국물떡볶이
A3: 날짜 | B3: 46237 | D3: 46238 | F3: 46239 | H3: 46240 | J3: 46241 | L3: 불고기샐러드&오리엔탈드레싱 | M3: 크로와상샌드위치
A4: 주차 | B4: 메뉴 | C4: 알레르기표기 | D4: 메뉴 | E4: 알레르기표기 | F4: 메뉴 | G4: 알레르기표기 | H4: 메뉴 | I4: 알레르기표기 | J4: 메뉴 | K4: 알레르기표기 | L4: 크리스피쌀핫도그 | M4: 닭봉떡간장조림
A5: 1주 | B5: 친환경찰보리쌀밥 | C5: =IFERROR(INDEX(레시피북!$C$2:$I$611,MATCH($B5,레시피북!$C$2:$C$611,0),7),"") -> 0 | D5: 친환경귀리쌀밥 | E5: =IFERROR(INDEX(레시피북!$C$2:$I$611,MATCH($D5,레시피북!$C$2:$C$611,0),7),"") -> 0 | F5: 친환경찰흑미쌀밥 | G5: =IFERROR(INDEX(레시피북!$C$2:$I$611,MATCH($F5,레시피북!$C$2:$C$611,0),7),"") -> 0 | H5: 흰쌀밥 | I5: =IFERROR(INDEX(레시피북!$C$2:$I$611,MATCH($H5,레시피북!$C$2:$C$611,0),7),"") -> 0 | J5: 친환경찰보리쌀밥 | K5: =IFERROR(INDEX(레시피북!$C$2:$I$611,MATCH($J5,레시피북!$C$2:$C$611,0),7),"") -> 0 | L5: 닭날개오븐구이 | M5: 레몬크림탕수육
B6: 유니짜장덮밥소스 | C6: =IFERROR(INDEX(레시피북!$C$2:$I$611,MATCH($B6,레시피북!$C$2:$C$611,0),7),"") -> .2.5.6.10.15.16. | D6: 닭살떡조림 | E6: =IFERROR(INDEX(레시피북!$C$2:$I$611,MATCH($D6,레시피북!$C$2:$C$611,0),7),"") -> .5.15.21. | F6: 제육두루치기 | G6: =IFERROR(INDEX(레시피북!$C$2:$I$611,MATCH($F6,레시피북!$C$2:$C$611,0),7),"") -> .5.6.10.21. | H6: 소고기양배추볶음 | I6: =IFERROR(INDEX(레시피북!$C$2:$I$611,MATCH($H6,레시피북!$C$2:$C$611,0),7),"") -> .5.16.21. | J6: 돼지갈비양념찜 | K6: =IFERROR(INDEX(레시피북!$C$2:$I$611,MATCH($J6,레시피북!$C$2:$C$611,0),7),"") -> .5.6.10.19.21. | L6: 마라떡볶이 | M6: 삼겹살소금구이
B7: 계란후라이 | C7: =IFERROR(INDEX(레시피북!$C$2:$I$611,MATCH($B7,레시피북!$C$2:$C$611,0),7),"") -> .1.5.18. | D7: 햄에그롤 | E7: =IFERROR(INDEX(레시피북!$C$2:$I$611,MATCH($D7,레시피북!$C$2:$C$611,0),7),"") -> .1.2.5.6.10.16. | F7: 명엽채조림 | G7: =IFERROR(INDEX(레시피북!$C$2:$I$611,MATCH($F7,레시피북!$C$2:$C$611,0),7),"") -> .1.5.21. | H7: 저염표고강정 | I7: =IFERROR(INDEX(레시피북!$C$2:$I$611,MATCH($H7,레시피북!$C$2:$C$611,0),7),"") -> .1.5.6.21. | J7: 메추리알파프리카볶음 | K7: =IFERROR(INDEX(레시피북!$C$2:$I$611,MATCH($J7,레시피북!$C$2:$C$611,0),7),"") -> .1.5.6.12.21. | L7: 임연수구이 | M7: 칠리탕수육
B8: 숙주나물 | C8: =IFERROR(INDEX(레시피북!$C$2:$I$611,MATCH($B8,레시피북!$C$2:$C$611,0),7),"") -> .5.21. | D8: 콩나물청경채무침 | E8: =IFERROR(INDEX(레시피북!$C$2:$I$611,MATCH($D8,레시피북!$C$2:$C$611,0),7),"") -> .21. | F8: 호박새우젓볶음 | G8: =IFERROR(INDEX(레시피북!$C$2:$I$611,MATCH($F8,레시피북!$C$2:$C$611,0),7),"") -> .5.9.21. | H8: 콘버터 | I8: =IFERROR(INDEX(레시피북!$C$2:$I$611,MATCH($H8,레시피북!$C$2:$C$611,0),7),"") -> .1.2.5.16. | J8: 도시락김 | K8: =IFERROR(INDEX(레시피북!$C$2:$I$611,MATCH($J8,레시피북!$C$2:$C$611,0),7),"") -> .21. | L8: 삼치데리야끼구이 | M8: 프리미엄떡갈비
B9: 배추김치 | C9: =IFERROR(INDEX(레시피북!$C$2:$I$611,MATCH($B9,레시피북!$C$2:$C$611,0),7),"") -> .9.12. | D9: 깍두기 | E9: =IFERROR(INDEX(레시피북!$C$2:$I$611,MATCH($D9,레시피북!$C$2:$C$611,0),7),"") -> .6.9. | F9: 백김치 | G9: =IFERROR(INDEX(레시피북!$C$2:$I$611,MATCH($F9,레시피북!$C$2:$C$611,0),7),"") -> 0 | H9: 깍두기 | I9: =IFERROR(INDEX(레시피북!$C$2:$I$611,MATCH($H9,레시피북!$C$2:$C$611,0),7),"") -> .6.9. | J9: 배추김치 | K9: =IFERROR(INDEX(레시피북!$C$2:$I$611,MATCH($J9,레시피북!$C$2:$C$611,0),7),"") -> .9.12. | L9: 족발냉채 | M9: 로제순살치킨떡볶이
B10: 두부탕국 | C10: =IFERROR(INDEX(레시피북!$C$2:$I$611,MATCH($B10,레시피북!$C$2:$C$611,0),7),"") -> .5. | D10: 우삼겹된장찌개 | E10: =IFERROR(INDEX(레시피북!$C$2:$I$611,MATCH($D10,레시피북!$C$2:$C$611,0),7),"") -> .5.16. | F10: 들깨미역국 | G10: =IFERROR(INDEX(레시피북!$C$2:$I$611,MATCH($F10,레시피북!$C$2:$C$611,0),7),"") -> .5.9.21.22. | H10: 근대된장국 | I10: =IFERROR(INDEX(레시피북!$C$2:$I$611,MATCH($H10,레시피북!$C$2:$C$611,0),7),"") -> .5. | J10: 맑은아귀국 | K10: =IFERROR(INDEX(레시피북!$C$2:$I$611,MATCH($J10,레시피북!$C$2:$C$611,0),7),"") -> .5. | L10: 차돌숙주볶음 | M10: 훈제닭샐러드
C11: =IFERROR(INDEX(레시피북!$C$2:$I$611,MATCH($B11,레시피북!$C$2:$C$611,0),7),"") | E11: =IFERROR(INDEX(레시피북!$C$2:$I$611,MATCH($D11,레시피북!$C$2:$C$611,0),7),"") | I11: =IFERROR(INDEX(레시피북!$C$2:$I$611,MATCH($H11,레시피북!$C$2:$C$611,0),7),"") | K11: =IFERROR(INDEX(레시피북!$C$2:$I$611,MATCH($J11,레시피북!$C$2:$C$611,0),7),"") | L11: 쉬림프콥샐러드
L12: 모짜렐라치즈볼
A13: 날짜 | B13: 46244 | D13: 46245 | F13: 46246 | H13: 46247 | J13: 46248 | L13: 보쌈수육
A14: 주차 | B14: 메뉴 | C14: 알레르기표기 | D14: 메뉴 | E14: 알레르기표기 | F14: 메뉴 | G14: 알레르기표기 | H14: 메뉴 | I14: 알레르기표기 | J14: 메뉴 | K14: 알레르기표기 | L14: 왕새우튀김
A15: 2주 | B15: 친환경찰보리쌀밥 | C15: =IFERROR(INDEX(레시피북!$C$2:$I$611,MATCH($B15,레시피북!$C$2:$C$611,0),7),"") -> 0 | D15: 친환경귀리쌀밥 | E15: =IFERROR(INDEX(레시피북!$C$2:$I$611,MATCH($D15,레시피북!$C$2:$C$611,0),7),"") -> 0 | F15: 친환경찰흑미쌀밥 | G15: =IFERROR(INDEX(레시피북!$C$2:$I$611,MATCH($F15,레시피북!$C$2:$C$611,0),7),"") -> 0 | H15: 흰쌀밥 | I15: =IFERROR(INDEX(레시피북!$C$2:$I$611,MATCH($H15,레시피북!$C$2:$C$611,0),7),"") -> 0 | J15: 친환경찰보리쌀밥 | K15: =IFERROR(INDEX(레시피북!$C$2:$I$611,MATCH($J15,레시피북!$C$2:$C$611,0),7),"") -> 0 | L15: 케이준샐러드&허니머스터드D
B16: 갈릭햄버거스테이크 | C16: =IFERROR(INDEX(레시피북!$C$2:$I$611,MATCH($B16,레시피북!$C$2:$C$611,0),7),"") -> .1.5.6.10.16.18. | D16: 중식소고기볶음 | E16: =IFERROR(INDEX(레시피북!$C$2:$I$611,MATCH($D16,레시피북!$C$2:$C$611,0),7),"") -> .5.16.21. | F16: 돈채부추볶음 | G16: =IFERROR(INDEX(레시피북!$C$2:$I$611,MATCH($F16,레시피북!$C$2:$C$611,0),7),"") -> .5.6.10.21. | H16: 매콤영양찜닭 | I16: .5.6.15.21. | J16: 미트볼우스터소스조림 | K16: =IFERROR(INDEX(레시피북!$C$2:$I$611,MATCH($J16,레시피북!$C$2:$C$611,0),7),"") -> .1.2.5.6.10.12.15.16. | L16: 눈꽃치즈치킨
B17: 꽈리고추계란장조림 | C17: =IFERROR(INDEX(레시피북!$C$2:$I$611,MATCH($B17,레시피북!$C$2:$C$611,0),7),"") -> .1.5. | D17: 매콤볼어묵조림 | E17: .5.6.21. | F17: 팝콘치킨 | G17: =IFERROR(INDEX(레시피북!$C$2:$I$611,MATCH($F17,레시피북!$C$2:$C$611,0),7),"") -> .1.5.6.12.15.16.18. | H17: 소세지케찹볶음 | I17: =IFERROR(INDEX(레시피북!$C$2:$I$611,MATCH($H17,레시피북!$C$2:$C$611,0),7),"") | J17: 불고기누들떡잡채 | K17: =IFERROR(INDEX(레시피북!$C$2:$I$611,MATCH($J17,레시피북!$C$2:$C$611,0),7),"") -> .5.6.16.21. | L17: 콩나물해물찜
B18: 하와이안마카로니SD | C18: =IFERROR(INDEX(레시피북!$C$2:$I$611,MATCH($B18,레시피북!$C$2:$C$611,0),7),"") -> .1.5.6.19. | D18: 치커리오이무침 | E18: =IFERROR(INDEX(레시피북!$C$2:$I$611,MATCH($D18,레시피북!$C$2:$C$611,0),7),"") -> .5.21. | F18: 마늘쫑멸치볶음 | G18: =IFERROR(INDEX(레시피북!$C$2:$I$611,MATCH($F18,레시피북!$C$2:$C$611,0),7),"") -> .5.21. | H18: 올방개묵무침 | I18: =IFERROR(INDEX(레시피북!$C$2:$I$611,MATCH($H18,레시피북!$C$2:$C$611,0),7),"") -> .5.21. | J18: 비트무생채 | K18: =IFERROR(INDEX(레시피북!$C$2:$I$611,MATCH($J18,레시피북!$C$2:$C$611,0),7),"") -> 0 | L18: 소떡꼬치
B19: 배추김치 | C19: =IFERROR(INDEX(레시피북!$C$2:$I$611,MATCH($B19,레시피북!$C$2:$C$611,0),7),"") -> .9.12. | D19: 깍두기 | E19: =IFERROR(INDEX(레시피북!$C$2:$I$611,MATCH($D19,레시피북!$C$2:$C$611,0),7),"") -> .6.9. | F19: 열무김치 | G19: =IFERROR(INDEX(레시피북!$C$2:$I$611,MATCH($F19,레시피북!$C$2:$C$611,0),7),"") -> .9. | H19: 깍두기 | I19: =IFERROR(INDEX(레시피북!$C$2:$I$611,MATCH($H19,레시피북!$C$2:$C$611,0),7),"") -> .6.9. | J19: 배추김치 | K19: =IFERROR(INDEX(레시피북!$C$2:$I$611,MATCH($J19,레시피북!$C$2:$C$611,0),7),"") -> .9.12. | L19: 보쌈수육
B20: 유부미소국 | C20: =IFERROR(INDEX(레시피북!$C$2:$I$611,MATCH($B20,레시피북!$C$2:$C$611,0),7),"") -> .5. | D20: 오징어콩나물국 | E20: =IFERROR(INDEX(레시피북!$C$2:$I$611,MATCH($D20,레시피북!$C$2:$C$611,0),7),"") -> .5.17. | F20: 순두부계란탕 | G20: =IFERROR(INDEX(레시피북!$C$2:$I$611,MATCH($F20,레시피북!$C$2:$C$611,0),7),"") -> .1.5. | H20: 소고기장국 | I20: =IFERROR(INDEX(레시피북!$C$2:$I$611,MATCH($H20,레시피북!$C$2:$C$611,0),7),"") -> .5.16. | J20: 돈육고추장찌개 | K20: =IFERROR(INDEX(레시피북!$C$2:$I$611,MATCH($J20,레시피북!$C$2:$C$611,0),7),"") -> .5.6.10. | L20: 고등어카레구이
C21: =IFERROR(INDEX(레시피북!$C$2:$I$611,MATCH($B21,레시피북!$C$2:$C$611,0),7),"") | E21: =IFERROR(INDEX(레시피북!$C$2:$I$611,MATCH($D21,레시피북!$C$2:$C$611,0),7),"") | G21: =IFERROR(INDEX(레시피북!$C$2:$I$611,MATCH($F21,레시피북!$C$2:$C$611,0),7),"") | I21: =IFERROR(INDEX(레시피북!$C$2:$I$611,MATCH($H21,레시피북!$C$2:$C$611,0),7),"") | K21: =IFERROR(INDEX(레시피북!$C$2:$I$611,MATCH($J21,레시피북!$C$2:$C$611,0),7),"") | L21: 라코타치즈샐러드&발사믹D
L22: 전복버터구이
A23: 날짜 | B23: 46251 | D23: 46252 | F23: 46253 | H23: 46254 | J23: 46255 | L23: 잠봉샐러드&키위드레싱
A24: 주차 | B24: 메뉴 | C24: 알레르기표기 | D24: 메뉴 | E24: 알레르기표기 | F24: 메뉴 | G24: 알레르기표기 | H24: 메뉴 | I24: 알레르기표기 | J24: 메뉴 | K24: 알레르기표기 | L24: 불고기피자
A25: 3주 | B25: ♣대체공휴일♣ | D25: 친환경찰보리쌀밥 | E25: =IFERROR(INDEX(레시피북!$C$2:$I$611,MATCH($D25,레시피북!$C$2:$C$611,0),7),"") -> 0 | F25: 친환경귀리쌀밥 | G25: =IFERROR(INDEX(레시피북!$C$2:$I$611,MATCH($F25,레시피북!$C$2:$C$611,0),7),"") -> 0 | H25: 흰쌀밥 | I25: =IFERROR(INDEX(레시피북!$C$2:$I$611,MATCH($H25,레시피북!$C$2:$C$611,0),7),"") -> 0 | J25: 친환경찰보리쌀밥 | K25: =IFERROR(INDEX(레시피북!$C$2:$I$611,MATCH($J25,레시피북!$C$2:$C$611,0),7),"") -> 0 | L25: 우삼겹떡볶이
D26: 코코넛커리소스 | E26: =IFERROR(INDEX(레시피북!$C$2:$I$611,MATCH($D26,레시피북!$C$2:$C$611,0),7),"") -> .2.5.6.12.15.16.18. | F26: 매콤양념불백 | G26: =IFERROR(INDEX(레시피북!$C$2:$I$611,MATCH($F26,레시피북!$C$2:$C$611,0),7),"") -> .5.6.10.19.21. | H26: 소고기우엉조림 | I26: =IFERROR(INDEX(레시피북!$C$2:$I$611,MATCH($H26,레시피북!$C$2:$C$611,0),7),"") -> .5.10.21. | J26: 허니양념치킨 | K26: =IFERROR(INDEX(레시피북!$C$2:$I$611,MATCH($J26,레시피북!$C$2:$C$611,0),7),"") -> .1.2.5.6.12.15.16.21. | L26: 새우감바스&바게트
D27: 새우튀김 | E27: =IFERROR(INDEX(레시피북!$C$2:$I$611,MATCH($D27,레시피북!$C$2:$C$611,0),7),"") -> .1.5.6.9. | F27: 채소계란찜 | G27: =IFERROR(INDEX(레시피북!$C$2:$I$611,MATCH($F27,레시피북!$C$2:$C$611,0),7),"") -> .1.2. | H27: 문어볼오븐구이 | I27: =IFERROR(INDEX(레시피북!$C$2:$I$611,MATCH($H27,레시피북!$C$2:$C$611,0),7),"") -> .1.5.6. | J27: 감자크림뇨끼 | K27: =IFERROR(INDEX(레시피북!$C$2:$I$611,MATCH($J27,레시피북!$C$2:$C$611,0),7),"") -> .1.2.5.6.10.15.16.
D28: 보코치니샐러드 | E28: =IFERROR(INDEX(레시피북!$C$2:$I$611,MATCH($D28,레시피북!$C$2:$C$611,0),7),"") -> .2.4.12. | F28: 고사리당근나물 | G28: =IFERROR(INDEX(레시피북!$C$2:$I$611,MATCH($F28,레시피북!$C$2:$C$611,0),7),"") -> .5.21. | H28: 오색콩나물냉채 | I28: =IFERROR(INDEX(레시피북!$C$2:$I$611,MATCH($H28,레시피북!$C$2:$C$611,0),7),"") -> .1.2.5.6.8.12.21. | J28: 과일샐러드 | K28: =IFERROR(INDEX(레시피북!$C$2:$I$611,MATCH($J28,레시피북!$C$2:$C$611,0),7),"") -> .1.12.19.
D29: 배추김치 | E29: =IFERROR(INDEX(레시피북!$C$2:$I$611,MATCH($D29,레시피북!$C$2:$C$611,0),7),"") -> .9.12. | F29: 깍두기 | G29: =IFERROR(INDEX(레시피북!$C$2:$I$611,MATCH($F29,레시피북!$C$2:$C$611,0),7),"") -> .6.9. | H29: 깍두기 | I29: =IFERROR(INDEX(레시피북!$C$2:$I$611,MATCH($H29,레시피북!$C$2:$C$611,0),7),"") -> .6.9. | J29: 배추김치 | K29: =IFERROR(INDEX(레시피북!$C$2:$I$611,MATCH($J29,레시피북!$C$2:$C$611,0),7),"") -> .9.12.
D30: 양배추두부된장국 | E30: =IFERROR(INDEX(레시피북!$C$2:$I$611,MATCH($D30,레시피북!$C$2:$C$611,0),7),"") -> .5. | F30: 황태무채국 | G30: =IFERROR(INDEX(레시피북!$C$2:$I$611,MATCH($F30,레시피북!$C$2:$C$611,0),7),"") -> .5. | H30: 얼갈이된장국 | I30: =IFERROR(INDEX(레시피북!$C$2:$I$611,MATCH($H30,레시피북!$C$2:$C$611,0),7),"") -> .5. | J30: 소고기미역국 | K30: =IFERROR(INDEX(레시피북!$C$2:$I$611,MATCH($J30,레시피북!$C$2:$C$611,0),7),"") -> .5.9.16.
E31: =IFERROR(INDEX(레시피북!$C$2:$I$611,MATCH($D31,레시피북!$C$2:$C$611,0),7),"") | G31: =IFERROR(INDEX(레시피북!$C$2:$I$611,MATCH($F31,레시피북!$C$2:$C$611,0),7),"") | I31: =IFERROR(INDEX(레시피북!$C$2:$I$611,MATCH($H31,레시피북!$C$2:$C$611,0),7),"") | K31: =IFERROR(INDEX(레시피북!$C$2:$I$611,MATCH($J31,레시피북!$C$2:$C$611,0),7),"")
C32: =IFERROR(INDEX(레시피북!$C$2:$I$611,MATCH($B32,레시피북!$C$2:$C$611,0),7),"")
A33: 날짜 | B33: 46258 | D33: 46259 | F33: 46260 | H33: 46261 | J33: 46262
A34: 주차 | B34: 메뉴 | C34: 알레르기표기 | D34: 메뉴 | E34: 알레르기표기 | F34: 메뉴 | G34: 알레르기표기 | H34: 메뉴 | I34: 알레르기표기 | J34: 메뉴 | K34: 알레르기표기
A35: 4주 | B35: 친환경찰보리쌀밥 | C35: =IFERROR(INDEX(레시피북!$C$2:$I$611,MATCH($B35,레시피북!$C$2:$C$611,0),7),"") -> 0 | D35: 친환경귀리쌀밥 | E35: =IFERROR(INDEX(레시피북!$C$2:$I$611,MATCH($D35,레시피북!$C$2:$C$611,0),7),"") -> 0 | F35: 친환경찰흑미쌀밥 | G35: =IFERROR(INDEX(레시피북!$C$2:$I$611,MATCH($F35,레시피북!$C$2:$C$611,0),7),"") -> 0 | H35: 흰쌀밥 | I35: =IFERROR(INDEX(레시피북!$C$2:$I$611,MATCH($H35,레시피북!$C$2:$C$611,0),7),"") -> 0 | J35: 친환경찰보리쌀밥 | K35: =IFERROR(INDEX(레시피북!$C$2:$I$611,MATCH($J35,레시피북!$C$2:$C$611,0),7),"") -> 0
B36: 목화솜탕수육 | C36: =IFERROR(INDEX(레시피북!$C$2:$I$611,MATCH($B36,레시피북!$C$2:$C$611,0),7),"") -> .1.5.6.10. | D36: 매콤치즈닭갈비 | E36: .2.5.6.15.21. | F36: 폭찹스테이크 | G36: =IFERROR(INDEX(레시피북!$C$2:$I$611,MATCH($F36,레시피북!$C$2:$C$611,0),7),"") -> .5.10.12.13.21. | H36: 소고기새송이볶음 | I36: =IFERROR(INDEX(레시피북!$C$2:$I$611,MATCH($H36,레시피북!$C$2:$C$611,0),7),"") -> .5.16.21. | J36: 매콤오삼불고기 | K36: .5.6.10.17.21.
B37: & 탕수소스 | C37: =IFERROR(INDEX(레시피북!$C$2:$I$611,MATCH($B37,레시피북!$C$2:$C$611,0),7),"") -> .5. | D37: 오믈렛 | E37: =IFERROR(INDEX(레시피북!$C$2:$I$611,MATCH($D37,레시피북!$C$2:$C$611,0),7),"") -> .1.2.5.6.15.16.18. | F37: 양념멸치볶음 | G37: =IFERROR(INDEX(레시피북!$C$2:$I$611,MATCH($F37,레시피북!$C$2:$C$611,0),7),"") -> .5.6.21. | H37: 스팸케찹조림 | I37: =IFERROR(INDEX(레시피북!$C$2:$I$611,MATCH($H37,레시피북!$C$2:$C$611,0),7),"") -> .5.10.12.21. | J37: 숫자치킨너겟 | K37: =IFERROR(INDEX(레시피북!$C$2:$I$611,MATCH($J37,레시피북!$C$2:$C$611,0),7),"") -> .1.2.5.6.15.16.
B38: 메추리알짜장볶이 | C38: =IFERROR(INDEX(레시피북!$C$2:$I$611,MATCH($B38,레시피북!$C$2:$C$611,0),7),"") -> .1.5.6.10.15.16. | D38: 김자반 | E38: =IFERROR(INDEX(레시피북!$C$2:$I$611,MATCH($D38,레시피북!$C$2:$C$611,0),7),"") -> .5.21.22. | F38: 코울슬로 | G38: =IFERROR(INDEX(레시피북!$C$2:$I$611,MATCH($F38,레시피북!$C$2:$C$611,0),7),"") -> .1.5.16. | H38: 검은콩해바라기씨조림 | I38: =IFERROR(INDEX(레시피북!$C$2:$I$611,MATCH($H38,레시피북!$C$2:$C$611,0),7),"") -> .5.21. | J38: 라디치오샐러드(오리엔탈소스) | K38: =IFERROR(INDEX(레시피북!$C$2:$I$611,MATCH($J38,레시피북!$C$2:$C$611,0),7),"")
B39: 오이부추무침 | C39: =IFERROR(INDEX(레시피북!$C$2:$I$611,MATCH($B39,레시피북!$C$2:$C$611,0),7),"") -> .5.21. | D39: 깍두기 | E39: =IFERROR(INDEX(레시피북!$C$2:$I$611,MATCH($D39,레시피북!$C$2:$C$611,0),7),"") -> .6.9. | F39: 열무김치 | G39: =IFERROR(INDEX(레시피북!$C$2:$I$611,MATCH($F39,레시피북!$C$2:$C$611,0),7),"") -> .9. | H39: 깍두기 | I39: =IFERROR(INDEX(레시피북!$C$2:$I$611,MATCH($H39,레시피북!$C$2:$C$611,0),7),"") -> .6.9. | J39: 배추김치 | K39: =IFERROR(INDEX(레시피북!$C$2:$I$611,MATCH($J39,레시피북!$C$2:$C$611,0),7),"") -> .9.12.
B40: 배추김치 | C40: =IFERROR(INDEX(레시피북!$C$2:$I$611,MATCH($B40,레시피북!$C$2:$C$611,0),7),"") -> .9.12. | D40: 소고기무국 | E40: =IFERROR(INDEX(레시피북!$C$2:$I$611,MATCH($D40,레시피북!$C$2:$C$611,0),7),"") -> .5.16. | F40: 게살계란탕 | G40: =IFERROR(INDEX(레시피북!$C$2:$I$611,MATCH($F40,레시피북!$C$2:$C$611,0),7),"") -> .1.2.5.8.21. | H40: 논우렁살된장찌개 | I40: =IFERROR(INDEX(레시피북!$C$2:$I$611,MATCH($H40,레시피북!$C$2:$C$611,0),7),"") -> .5. | J40: 맑은미역국 | K40: =IFERROR(INDEX(레시피북!$C$2:$I$611,MATCH($J40,레시피북!$C$2:$C$611,0),7),"") -> .5.9.
B41: 부대찌개 | C41: =IFERROR(INDEX(레시피북!$C$2:$I$611,MATCH($B41,레시피북!$C$2:$C$611,0),7),"") -> .2.5.6.10.15.16. | E41: =IFERROR(INDEX(레시피북!$C$2:$I$611,MATCH($D41,레시피북!$C$2:$C$611,0),7),"") | G41: =IFERROR(INDEX(레시피북!$C$2:$I$611,MATCH($F41,레시피북!$C$2:$C$611,0),7),"") | I41: =IFERROR(INDEX(레시피북!$C$2:$I$611,MATCH($H41,레시피북!$C$2:$C$611,0),7),"") | K41: =IFERROR(INDEX(레시피북!$C$2:$I$611,MATCH($J41,레시피북!$C$2:$C$611,0),7),"")
A43: 날짜 | B43: 46265
A44: 주차 | B44: 메뉴 | C44: 알레르기표기 | D44: 메뉴 | E44: 알레르기표기 | F44: 메뉴 | G44: 알레르기표기 | H44: 메뉴 | I44: 알레르기표기 | J44: 메뉴 | K44: 알레르기표기
A45: 5주 | B45: 친환경찰보리쌀밥 | C45: =IFERROR(INDEX(레시피북!$C$2:$I$611,MATCH($B45,레시피북!$C$2:$C$611,0),7),"") -> 0 | E45: =IFERROR(INDEX(레시피북!$C$2:$I$611,MATCH($D45,레시피북!$C$2:$C$611,0),7),"") | G45: =IFERROR(INDEX(레시피북!$C$2:$I$611,MATCH($F45,레시피북!$C$2:$C$611,0),7),"") | I45: =IFERROR(INDEX(레시피북!$C$2:$I$611,MATCH($H45,레시피북!$C$2:$C$611,0),7),"") | K45: =IFERROR(INDEX(레시피북!$C$2:$I$611,MATCH($J45,레시피북!$C$2:$C$611,0),7),"")
B46: 비프하이라이스소스 | C46: =IFERROR(INDEX(레시피북!$C$2:$I$611,MATCH($B46,레시피북!$C$2:$C$611,0),7),"") -> .1.2.5.6.10.12.15.16.18. | E46: =IFERROR(INDEX(레시피북!$C$2:$I$611,MATCH($D46,레시피북!$C$2:$C$611,0),7),"") | G46: =IFERROR(INDEX(레시피북!$C$2:$I$611,MATCH($F46,레시피북!$C$2:$C$611,0),7),"") | I46: =IFERROR(INDEX(레시피북!$C$2:$I$611,MATCH($H46,레시피북!$C$2:$C$611,0),7),"") | K46: =IFERROR(INDEX(레시피북!$C$2:$I$611,MATCH($J46,레시피북!$C$2:$C$611,0),7),"")
B47: 철판군만두 | C47: =IFERROR(INDEX(레시피북!$C$2:$I$611,MATCH($B47,레시피북!$C$2:$C$611,0),7),"") -> .2.5.6.10.12.15.16. | E47: =IFERROR(INDEX(레시피북!$C$2:$I$611,MATCH($D47,레시피북!$C$2:$C$611,0),7),"") | G47: =IFERROR(INDEX(레시피북!$C$2:$I$611,MATCH($F47,레시피북!$C$2:$C$611,0),7),"") | I47: =IFERROR(INDEX(레시피북!$C$2:$I$611,MATCH($H47,레시피북!$C$2:$C$611,0),7),"") | K47: =IFERROR(INDEX(레시피북!$C$2:$I$611,MATCH($J47,레시피북!$C$2:$C$611,0),7),"")
B48: 들기름도토리묵무침 | C48: =IFERROR(INDEX(레시피북!$C$2:$I$611,MATCH($B48,레시피북!$C$2:$C$611,0),7),"") -> .5.21.22. | E48: =IFERROR(INDEX(레시피북!$C$2:$I$611,MATCH($D48,레시피북!$C$2:$C$611,0),7),"") | G48: =IFERROR(INDEX(레시피북!$C$2:$I$611,MATCH($F48,레시피북!$C$2:$C$611,0),7),"") | I48: =IFERROR(INDEX(레시피북!$C$2:$I$611,MATCH($H48,레시피북!$C$2:$C$611,0),7),"") | K48: =IFERROR(INDEX(레시피북!$C$2:$I$611,MATCH($J48,레시피북!$C$2:$C$611,0),7),"")
B49: 배추김치 | C49: =IFERROR(INDEX(레시피북!$C$2:$I$611,MATCH($B49,레시피북!$C$2:$C$611,0),7),"") -> .9.12. | E49: =IFERROR(INDEX(레시피북!$C$2:$I$611,MATCH($D49,레시피북!$C$2:$C$611,0),7),"") | G49: =IFERROR(INDEX(레시피북!$C$2:$I$611,MATCH($F49,레시피북!$C$2:$C$611,0),7),"") | I49: =IFERROR(INDEX(레시피북!$C$2:$I$611,MATCH($H49,레시피북!$C$2:$C$611,0),7),"") | K49: =IFERROR(INDEX(레시피북!$C$2:$I$611,MATCH($J49,레시피북!$C$2:$C$611,0),7),"")
B50: 올갱이된장국 | C50: =IFERROR(INDEX(레시피북!$C$2:$I$611,MATCH($B50,레시피북!$C$2:$C$611,0),7),"") -> .5. | E50: =IFERROR(INDEX(레시피북!$C$2:$I$611,MATCH($D50,레시피북!$C$2:$C$611,0),7),"") | G50: =IFERROR(INDEX(레시피북!$C$2:$I$611,MATCH($F50,레시피북!$C$2:$C$611,0),7),"") | I50: =IFERROR(INDEX(레시피북!$C$2:$I$611,MATCH($H50,레시피북!$C$2:$C$611,0),7),"") | K50: =IFERROR(INDEX(레시피북!$C$2:$I$611,MATCH($J50,레시피북!$C$2:$C$611,0),7),"")
C51: =IFERROR(INDEX(레시피북!$C$2:$I$611,MATCH($B51,레시피북!$C$2:$C$611,0),7),"") | E51: =IFERROR(INDEX(레시피북!$C$2:$I$611,MATCH($D51,레시피북!$C$2:$C$611,0),7),"") | G51: =IFERROR(INDEX(레시피북!$C$2:$I$611,MATCH($F51,레시피북!$C$2:$C$611,0),7),"") | I51: =IFERROR(INDEX(레시피북!$C$2:$I$611,MATCH($H51,레시피북!$C$2:$C$611,0),7),"") | K51: =IFERROR(INDEX(레시피북!$C$2:$I$611,MATCH($J51,레시피북!$C$2:$C$611,0),7),"")
A53: 원산지 안내 쌀(국산),현미(국산. 친환경), 찰흑미(국산. 친환경), 찰보리(국산. 친환경), 소고기(호주산), 돈육(국산), 목살(폭찹스테이크:미국산), 닭고기(국산. 무항생제), 닭정육(닭다리살:국산, 브라질산), 훈제오리(무항생제.국산) 배추김치(국산 종가집.하선정), 깍두기(무,고추가루:국산), 오징어(국산,페루산,미국산, 칠레산), 낙지(베트남산), 새우젓(새우:국내산), 바지락살(중국산), 채소류(국산), 국용채소류(국산/단,기후변화 등 이슈로 국산 수급이 어려울경우:중국산) *위의 메뉴는 재료 수급 사정에 따라 변경 될 수 있습니다 *알레르기 정보 - 1.난류 2.우유 3.메밀 4.견과류(땅콩.아몬드.잣.코코넛등) 5.대두 6.밀 7.고등어 8.게 9.새우 10.돼지고기 11.복숭아 12.토마토 13.아황산류 14.호두 15.닭고기 16.쇠고기 17.오징어 18.조개류(굴.전복.홍합 포함) 19.파인애플 20.키위 21.참깨 영양사 : 천은혜

Sheet 유아식단표
A1: 08월 식단표
A2: 요일 | B2: 월 | D2: 화 | F2: 수 | H2: 목 | J2: 금
B3: 46237 | D3: 46238 | F3: 46239 | H3: 46240 | J3: 46241
A4: 주차 | B4: 메뉴 | C4: 알레르기표기 | D4: 메뉴 | E4: 알레르기표기 | F4: 메뉴 | G4: 알레르기표기 | H4: 메뉴 | I4: 알레르기표기 | J4: 메뉴 | K4: 알레르기표기 | L4: 메뉴 | M4: 알레르기표기
A5: 2주 | B5: 친환경찰보리쌀밥 | C5: =IFERROR(INDEX(레시피북!$C$2:$I$611,MATCH($B5,레시피북!$C$2:$C$611,0),7),"") -> 0 | D5: 친환경귀리쌀밥 | E5: =IFERROR(INDEX(레시피북!$C$2:$I$611,MATCH($D5,레시피북!$C$2:$C$611,0),7),"") -> 0 | F5: 친환경찰흑미쌀밥 | G5: =IFERROR(INDEX(레시피북!$C$2:$I$611,MATCH($F5,레시피북!$C$2:$C$611,0),7),"") -> 0 | H5: 흰쌀밥 | I5: =IFERROR(INDEX(레시피북!$C$2:$I$611,MATCH($H5,레시피북!$C$2:$C$611,0),7),"") -> 0 | J5: 친환경찰보리쌀밥 | K5: =IFERROR(INDEX(레시피북!$C$2:$I$611,MATCH($J5,레시피북!$C$2:$C$611,0),7),"") -> 0
B6: 유니짜장덮밥소스 | C6: =IFERROR(INDEX(레시피북!$C$2:$I$611,MATCH($B6,레시피북!$C$2:$C$611,0),7),"") -> .2.5.6.10.15.16. | D6: 닭살떡조림 | E6: =IFERROR(INDEX(레시피북!$C$2:$I$611,MATCH($D6,레시피북!$C$2:$C$611,0),7),"") -> .5.15.21. | F6: 미소된장제육 | G6: =IFERROR(INDEX(레시피북!$C$2:$I$611,MATCH($F6,레시피북!$C$2:$C$611,0),7),"") -> .5.10.21. | H6: 소고기양배추볶음 | I6: =IFERROR(INDEX(레시피북!$C$2:$I$611,MATCH($H6,레시피북!$C$2:$C$611,0),7),"") -> .5.16.21. | J6: 돼지갈비양념찜 | K6: =IFERROR(INDEX(레시피북!$C$2:$I$611,MATCH($J6,레시피북!$C$2:$C$611,0),7),"") -> .5.6.10.19.21.
B7: 계란후라이 | C7: =IFERROR(INDEX(레시피북!$C$2:$I$611,MATCH($B7,레시피북!$C$2:$C$611,0),7),"") -> .1.5.18. | D7: 햄에그롤 | E7: =IFERROR(INDEX(레시피북!$C$2:$I$611,MATCH($D7,레시피북!$C$2:$C$611,0),7),"") -> .1.2.5.6.10.16. | F7: 명엽채조림 | G7: =IFERROR(INDEX(레시피북!$C$2:$I$611,MATCH($F7,레시피북!$C$2:$C$611,0),7),"") -> .1.5.21. | H7: 저염표고강정 | I7: =IFERROR(INDEX(레시피북!$C$2:$I$611,MATCH($H7,레시피북!$C$2:$C$611,0),7),"") -> .1.5.6.21. | J7: 메추리알파프리카볶음 | K7: =IFERROR(INDEX(레시피북!$C$2:$I$611,MATCH($J7,레시피북!$C$2:$C$611,0),7),"") -> .1.5.6.12.21.
B8: 숙주나물 | C8: =IFERROR(INDEX(레시피북!$C$2:$I$611,MATCH($B8,레시피북!$C$2:$C$611,0),7),"") -> .5.21. | D8: 콩나물청경채무침 | E8: =IFERROR(INDEX(레시피북!$C$2:$I$611,MATCH($D8,레시피북!$C$2:$C$611,0),7),"") -> .21. | F8: 애호박새우젓볶음 | G8: =IFERROR(INDEX(레시피북!$C$2:$I$611,MATCH($F8,레시피북!$C$2:$C$611,0),7),"") | H8: 콘버터 | I8: =IFERROR(INDEX(레시피북!$C$2:$I$611,MATCH($H8,레시피북!$C$2:$C$611,0),7),"") -> .1.2.5.16. | J8: 도시락김 | K8: =IFERROR(INDEX(레시피북!$C$2:$I$611,MATCH($J8,레시피북!$C$2:$C$611,0),7),"") -> .21.
B9: 배추김치 | C9: =IFERROR(INDEX(레시피북!$C$2:$I$611,MATCH($B9,레시피북!$C$2:$C$611,0),7),"") -> .9.12. | D9: 깍두기 | E9: =IFERROR(INDEX(레시피북!$C$2:$I$611,MATCH($D9,레시피북!$C$2:$C$611,0),7),"") -> .6.9. | F9: 백김치 | G9: =IFERROR(INDEX(레시피북!$C$2:$I$611,MATCH($F9,레시피북!$C$2:$C$611,0),7),"") -> 0 | H9: 깍두기 | I9: =IFERROR(INDEX(레시피북!$C$2:$I$611,MATCH($H9,레시피북!$C$2:$C$611,0),7),"") -> .6.9. | J9: 배추김치 | K9: =IFERROR(INDEX(레시피북!$C$2:$I$611,MATCH($J9,레시피북!$C$2:$C$611,0),7),"") -> .9.12.
B10: 두부탕국 | C10: =IFERROR(INDEX(레시피북!$C$2:$I$611,MATCH($B10,레시피북!$C$2:$C$611,0),7),"") -> .5. | D10: 우삼겹된장찌개 | E10: =IFERROR(INDEX(레시피북!$C$2:$I$611,MATCH($D10,레시피북!$C$2:$C$611,0),7),"") -> .5.16. | F10: 들깨미역국 | G10: =IFERROR(INDEX(레시피북!$C$2:$I$611,MATCH($F10,레시피북!$C$2:$C$611,0),7),"") -> .5.9.21.22. | H10: 근대된장국 | I10: =IFERROR(INDEX(레시피북!$C$2:$I$611,MATCH($H10,레시피북!$C$2:$C$611,0),7),"") -> .5. | J10: 맑은아귀국 | K10: =IFERROR(INDEX(레시피북!$C$2:$I$611,MATCH($J10,레시피북!$C$2:$C$611,0),7),"") -> .5.
C11: =IFERROR(INDEX(레시피북!$C$2:$I$611,MATCH($B11,레시피북!$C$2:$C$611,0),7),"") | E11: =IFERROR(INDEX(레시피북!$C$2:$I$611,MATCH($D11,레시피북!$C$2:$C$611,0),7),"") | G11: =IFERROR(INDEX(레시피북!$C$2:$I$611,MATCH($F11,레시피북!$C$2:$C$611,0),7),"") | I11: =IFERROR(INDEX(레시피북!$C$2:$I$611,MATCH($H11,레시피북!$C$2:$C$611,0),7),"") | K11: =IFERROR(INDEX(레시피북!$C$2:$I$611,MATCH($J11,레시피북!$C$2:$C$611,0),7),"")
C12: =IFERROR(INDEX(레시피북!$C$2:$I$611,MATCH($B12,레시피북!$C$2:$C$611,0),7),"") | G12: =IFERROR(INDEX(레시피북!$C$2:$I$611,MATCH($F12,레시피북!$C$2:$C$611,0),7),"") | K12: =IFERROR(INDEX(레시피북!$C$2:$I$611,MATCH($J12,레시피북!$C$2:$C$611,0),7),"")
A13: 날짜 | B13: 46244 | D13: 46245 | F13: 46246 | H13: 46247 | J13: 46248
A14: 주차 | B14: 메뉴 | C14: 알레르기표기 | D14: 메뉴 | E14: 알레르기표기 | F14: 메뉴 | G14: 알레르기표기 | H14: 메뉴 | I14: 알레르기표기 | J14: 메뉴 | K14: 알레르기표기 | L14: 메뉴 | M14: 알레르기표기 | N14: 메뉴 | O14: 알레르기표기
A15: 3주 | B15: 친환경찰보리쌀밥 | C15: =IFERROR(INDEX(레시피북!$C$2:$I$611,MATCH($B15,레시피북!$C$2:$C$611,0),7),"") -> 0 | D15: 친환경귀리쌀밥 | E15: =IFERROR(INDEX(레시피북!$C$2:$I$611,MATCH($D15,레시피북!$C$2:$C$611,0),7),"") -> 0 | F15: 친환경찰흑미쌀밥 | G15: =IFERROR(INDEX(레시피북!$C$2:$I$611,MATCH($F15,레시피북!$C$2:$C$611,0),7),"") -> 0 | H15: 흰쌀밥 | I15: =IFERROR(INDEX(레시피북!$C$2:$I$611,MATCH($H15,레시피북!$C$2:$C$611,0),7),"") -> 0 | J15: 친환경찰보리쌀밥 | K15: =IFERROR(INDEX(레시피북!$C$2:$I$611,MATCH($J15,레시피북!$C$2:$C$611,0),7),"") -> 0
B16: 갈릭햄버거스테이크 | C16: =IFERROR(INDEX(레시피북!$C$2:$I$611,MATCH($B16,레시피북!$C$2:$C$611,0),7),"") -> .1.5.6.10.16.18. | D16: 중식소고기볶음 | E16: =IFERROR(INDEX(레시피북!$C$2:$I$611,MATCH($D16,레시피북!$C$2:$C$611,0),7),"") -> .5.16.21. | F16: 돈채부추볶음 | G16: =IFERROR(INDEX(레시피북!$C$2:$I$611,MATCH($F16,레시피북!$C$2:$C$611,0),7),"") -> .5.6.10.21. | H16: 영양찜닭 | I16: =IFERROR(INDEX(레시피북!$C$2:$I$611,MATCH($H16,레시피북!$C$2:$C$611,0),7),"") -> .5.6.15.21. | J16: 미트볼우스터소스조림 | K16: =IFERROR(INDEX(레시피북!$C$2:$I$611,MATCH($J16,레시피북!$C$2:$C$611,0),7),"") -> .1.2.5.6.10.12.15.16.
B17: 계란장조림 | C17: =IFERROR(INDEX(레시피북!$C$2:$I$611,MATCH($B17,레시피북!$C$2:$C$611,0),7),"") -> .1.5. | D17: 볼어묵조림 | E17: =IFERROR(INDEX(레시피북!$C$2:$I$611,MATCH($D17,레시피북!$C$2:$C$611,0),7),"") -> .5.6.21. | F17: 팝콘치킨 | G17: =IFERROR(INDEX(레시피북!$C$2:$I$611,MATCH($F17,레시피북!$C$2:$C$611,0),7),"") -> .1.5.6.12.15.16.18. | H17: 소세지케찹볶음 | I17: =IFERROR(INDEX(레시피북!$C$2:$I$611,MATCH($H17,레시피북!$C$2:$C$611,0),7),"") | J17: 불고기누들떡잡채 | K17: =IFERROR(INDEX(레시피북!$C$2:$I$611,MATCH($J17,레시피북!$C$2:$C$611,0),7),"") -> .5.6.16.21.
B18: 하와이안마카로니SD | C18: =IFERROR(INDEX(레시피북!$C$2:$I$611,MATCH($B18,레시피북!$C$2:$C$611,0),7),"") -> .1.5.6.19. | D18: 치커리오이무침 | E18: =IFERROR(INDEX(레시피북!$C$2:$I$611,MATCH($D18,레시피북!$C$2:$C$611,0),7),"") -> .5.21. | F18: 마늘쫑멸치볶음 | G18: =IFERROR(INDEX(레시피북!$C$2:$I$611,MATCH($F18,레시피북!$C$2:$C$611,0),7),"") -> .5.21. | H18: 올방개묵무침 | I18: =IFERROR(INDEX(레시피북!$C$2:$I$611,MATCH($H18,레시피북!$C$2:$C$611,0),7),"") -> .5.21. | J18: 비트무생채 | K18: =IFERROR(INDEX(레시피북!$C$2:$I$611,MATCH($J18,레시피북!$C$2:$C$611,0),7),"") -> 0
B19: 배추김치 | C19: =IFERROR(INDEX(레시피북!$C$2:$I$611,MATCH($B19,레시피북!$C$2:$C$611,0),7),"") -> .9.12. | D19: 깍두기 | E19: =IFERROR(INDEX(레시피북!$C$2:$I$611,MATCH($D19,레시피북!$C$2:$C$611,0),7),"") -> .6.9. | F19: 백김치 | G19: =IFERROR(INDEX(레시피북!$C$2:$I$611,MATCH($F19,레시피북!$C$2:$C$611,0),7),"") -> 0 | H19: 깍두기 | I19: =IFERROR(INDEX(레시피북!$C$2:$I$611,MATCH($H19,레시피북!$C$2:$C$611,0),7),"") -> .6.9. | J19: 배추김치 | K19: =IFERROR(INDEX(레시피북!$C$2:$I$611,MATCH($J19,레시피북!$C$2:$C$611,0),7),"") -> .9.12.
B20: 유부미소국 | C20: =IFERROR(INDEX(레시피북!$C$2:$I$611,MATCH($B20,레시피북!$C$2:$C$611,0),7),"") -> .5. | D20: 오징어콩나물국 | E20: =IFERROR(INDEX(레시피북!$C$2:$I$611,MATCH($D20,레시피북!$C$2:$C$611,0),7),"") -> .5.17. | F20: 순두부계란탕 | G20: =IFERROR(INDEX(레시피북!$C$2:$I$611,MATCH($F20,레시피북!$C$2:$C$611,0),7),"") -> .1.5. | H20: 소고기장국 | I20: =IFERROR(INDEX(레시피북!$C$2:$I$611,MATCH($H20,레시피북!$C$2:$C$611,0),7),"") -> .5.16. | J20: 순살삼계탕 | K20: =IFERROR(INDEX(레시피북!$C$2:$I$611,MATCH($J20,레시피북!$C$2:$C$611,0),7),"") -> .5.15.
C21: =IFERROR(INDEX(레시피북!$C$2:$I$611,MATCH($B21,레시피북!$C$2:$C$611,0),7),"") | E21: =IFERROR(INDEX(레시피북!$C$2:$I$611,MATCH($D21,레시피북!$C$2:$C$611,0),7),"") | G21: =IFERROR(INDEX(레시피북!$C$2:$I$611,MATCH($F21,레시피북!$C$2:$C$611,0),7),"") | I21: =IFERROR(INDEX(레시피북!$C$2:$I$611,MATCH($H21,레시피북!$C$2:$C$611,0),7),"") | K21: =IFERROR(INDEX(레시피북!$C$2:$I$611,MATCH($J21,레시피북!$C$2:$C$611,0),7),"")
C22: =IFERROR(INDEX(레시피북!$C$2:$I$611,MATCH($B22,레시피북!$C$2:$C$611,0),7),"") | G22: =IFERROR(INDEX(레시피북!$C$2:$I$611,MATCH($F22,레시피북!$C$2:$C$611,0),7),"") | K22: =IFERROR(INDEX(레시피북!$C$2:$I$611,MATCH($J22,레시피북!$C$2:$C$611,0),7),"")
A23: 날짜 | B23: 46251 | D23: 46252 | F23: 46253 | H23: 46254 | J23: 46255
A24: 주차 | B24: 메뉴 | C24: 알레르기표기 | D24: 메뉴 | E24: 알레르기표기 | F24: 메뉴 | G24: 알레르기표기 | H24: 메뉴 | I24: 알레르기표기 | J24: 메뉴 | K24: 알레르기표기
A25: 4주 | B25: ♣대체공휴일♣ | D25: 친환경귀리쌀밥 | E25: =IFERROR(INDEX(레시피북!$C$2:$I$611,MATCH($D25,레시피북!$C$2:$C$611,0),7),"") -> 0 | F25: 친환경찰흑미쌀밥 | G25: =IFERROR(INDEX(레시피북!$C$2:$I$611,MATCH($F25,레시피북!$C$2:$C$611,0),7),"") -> 0 | H25: 흰쌀밥 | I25: =IFERROR(INDEX(레시피북!$C$2:$I$611,MATCH($H25,레시피북!$C$2:$C$611,0),7),"") -> 0 | J25: 친환경찰보리쌀밥 | K25: =IFERROR(INDEX(레시피북!$C$2:$I$611,MATCH($J25,레시피북!$C$2:$C$611,0),7),"") -> 0
D26: 코코넛커리소스 | E26: =IFERROR(INDEX(레시피북!$C$2:$I$611,MATCH($D26,레시피북!$C$2:$C$611,0),7),"") -> .2.5.6.12.15.16.18. | F26: 돈갈비양념구이 | G26: =IFERROR(INDEX(레시피북!$C$2:$I$611,MATCH($F26,레시피북!$C$2:$C$611,0),7),"") -> .5.6.10.21. | H26: 소고기우엉조림 | I26: =IFERROR(INDEX(레시피북!$C$2:$I$611,MATCH($H26,레시피북!$C$2:$C$611,0),7),"") -> .5.10.21. | J26: 허니양념치킨 | K26: =IFERROR(INDEX(레시피북!$C$2:$I$611,MATCH($J26,레시피북!$C$2:$C$611,0),7),"") -> .1.2.5.6.12.15.16.21.
D27: 새우튀김 | E27: =IFERROR(INDEX(레시피북!$C$2:$I$611,MATCH($D27,레시피북!$C$2:$C$611,0),7),"") -> .1.5.6.9. | F27: 채소계란찜 | G27: =IFERROR(INDEX(레시피북!$C$2:$I$611,MATCH($F27,레시피북!$C$2:$C$611,0),7),"") -> .1.2. | H27: 문어볼오븐구이 | I27: =IFERROR(INDEX(레시피북!$C$2:$I$611,MATCH($H27,레시피북!$C$2:$C$611,0),7),"") -> .1.5.6. | J27: 감자크림뇨끼 | K27: =IFERROR(INDEX(레시피북!$C$2:$I$611,MATCH($J27,레시피북!$C$2:$C$611,0),7),"") -> .1.2.5.6.10.15.16.
D28: 보코치니샐러드 | E28: =IFERROR(INDEX(레시피북!$C$2:$I$611,MATCH($D28,레시피북!$C$2:$C$611,0),7),"") -> .2.4.12. | F28: 고사리당근나물 | G28: =IFERROR(INDEX(레시피북!$C$2:$I$611,MATCH($F28,레시피북!$C$2:$C$611,0),7),"") -> .5.21. | H28: 오색콩나물냉채 | I28: =IFERROR(INDEX(레시피북!$C$2:$I$611,MATCH($H28,레시피북!$C$2:$C$611,0),7),"") -> .1.2.5.6.8.12.21. | J28: 과일샐러드 | K28: =IFERROR(INDEX(레시피북!$C$2:$I$611,MATCH($J28,레시피북!$C$2:$C$611,0),7),"") -> .1.12.19.
D29: 깍두기 | E29: =IFERROR(INDEX(레시피북!$C$2:$I$611,MATCH($D29,레시피북!$C$2:$C$611,0),7),"") -> .6.9. | F29: 백김치 | G29: =IFERROR(INDEX(레시피북!$C$2:$I$611,MATCH($F29,레시피북!$C$2:$C$611,0),7),"") -> 0 | H29: 깍두기 | I29: =IFERROR(INDEX(레시피북!$C$2:$I$611,MATCH($H29,레시피북!$C$2:$C$611,0),7),"") -> .6.9. | J29: 배추김치 | K29: =IFERROR(INDEX(레시피북!$C$2:$I$611,MATCH($J29,레시피북!$C$2:$C$611,0),7),"") -> .9.12.
D30: 양배추두부된장국 | E30: =IFERROR(INDEX(레시피북!$C$2:$I$611,MATCH($D30,레시피북!$C$2:$C$611,0),7),"") -> .5. | F30: 황태무채국 | G30: =IFERROR(INDEX(레시피북!$C$2:$I$611,MATCH($F30,레시피북!$C$2:$C$611,0),7),"") -> .5. | H30: 얼갈이된장국 | I30: =IFERROR(INDEX(레시피북!$C$2:$I$611,MATCH($H30,레시피북!$C$2:$C$611,0),7),"") -> .5. | J30: 소고기미역국 | K30: =IFERROR(INDEX(레시피북!$C$2:$I$611,MATCH($J30,레시피북!$C$2:$C$611,0),7),"") -> .5.9.16. | M30: 0
E31: =IFERROR(INDEX(레시피북!$C$2:$I$611,MATCH($D31,레시피북!$C$2:$C$611,0),7),"") | G31: =IFERROR(INDEX(레시피북!$C$2:$I$611,MATCH($F31,레시피북!$C$2:$C$611,0),7),"") | I31: =IFERROR(INDEX(레시피북!$C$2:$I$611,MATCH($H31,레시피북!$C$2:$C$611,0),7),"") | K31: =IFERROR(INDEX(레시피북!$C$2:$I$611,MATCH($J31,레시피북!$C$2:$C$611,0),7),"")
G32: =IFERROR(INDEX(레시피북!$C$2:$I$611,MATCH($F32,레시피북!$C$2:$C$611,0),7),"") | K32: =IFERROR(INDEX(레시피북!$C$2:$I$611,MATCH($J32,레시피북!$C$2:$C$611,0),7),"")
A33: 날짜 | B33: 46258 | D33: 46259 | F33: 46260 | H33: 46261 | J33: 46262
A34: 주차 | C34: 알레르기표기 | D34: 메뉴 | E34: 알레르기표기 | F34: 메뉴 | G34: 알레르기표기 | H34: 메뉴 | I34: 알레르기표기 | J34: 메뉴 | K34: 알레르기표기
A35: 5주 | B35: 친환경찰보리쌀밥 | C35: =IFERROR(INDEX(레시피북!$C$2:$I$611,MATCH($B35,레시피북!$C$2:$C$611,0),7),"") -> 0 | D35: 친환경귀리쌀밥 | E35: =IFERROR(INDEX(레시피북!$C$2:$I$611,MATCH($D35,레시피북!$C$2:$C$611,0),7),"") -> 0 | F35: 친환경찰흑미쌀밥 | G35: =IFERROR(INDEX(레시피북!$C$2:$I$611,MATCH($F35,레시피북!$C$2:$C$611,0),7),"") -> 0 | H35: 흰쌀밥 | I35: =IFERROR(INDEX(레시피북!$C$2:$I$611,MATCH($H35,레시피북!$C$2:$C$611,0),7),"") -> 0 | J35: 친환경찰보리쌀밥 | K35: =IFERROR(INDEX(레시피북!$C$2:$I$611,MATCH($J35,레시피북!$C$2:$C$611,0),7),"") -> 0
B36: 목화솜탕수육 | C36: =IFERROR(INDEX(레시피북!$C$2:$I$611,MATCH($B36,레시피북!$C$2:$C$611,0),7),"") -> .1.5.6.10. | D36: 치즈닭갈비 | E36: =IFERROR(INDEX(레시피북!$C$2:$I$611,MATCH($D36,레시피북!$C$2:$C$611,0),7),"") -> .2.5.6.15.21. | F36: 폭찹스테이크 | G36: =IFERROR(INDEX(레시피북!$C$2:$I$611,MATCH($F36,레시피북!$C$2:$C$611,0),7),"") -> .5.10.12.13.21. | H36: 소고기새송이볶음 | I36: =IFERROR(INDEX(레시피북!$C$2:$I$611,MATCH($H36,레시피북!$C$2:$C$611,0),7),"") -> .5.16.21. | J36: 오삼불고기 | K36: =IFERROR(INDEX(레시피북!$C$2:$I$611,MATCH($J36,레시피북!$C$2:$C$611,0),7),"") -> .5.6.10.17.21.
B37: & 탕수소스 | C37: =IFERROR(INDEX(레시피북!$C$2:$I$611,MATCH($B37,레시피북!$C$2:$C$611,0),7),"") -> .5. | D37: 오믈렛 | E37: =IFERROR(INDEX(레시피북!$C$2:$I$611,MATCH($D37,레시피북!$C$2:$C$611,0),7),"") -> .1.2.5.6.15.16.18. | F37: 크랜베리멸치볶음 | G37: =IFERROR(INDEX(레시피북!$C$2:$I$611,MATCH($F37,레시피북!$C$2:$C$611,0),7),"") -> .5.21. | H37: 스팸케찹조림 | I37: =IFERROR(INDEX(레시피북!$C$2:$I$611,MATCH($H37,레시피북!$C$2:$C$611,0),7),"") -> .5.10.12.21. | J37: 숫자치킨너겟 | K37: =IFERROR(INDEX(레시피북!$C$2:$I$611,MATCH($J37,레시피북!$C$2:$C$611,0),7),"") -> .1.2.5.6.15.16.
B38: 메추리알짜장볶이 | C38: =IFERROR(INDEX(레시피북!$C$2:$I$611,MATCH($B38,레시피북!$C$2:$C$611,0),7),"") -> .1.5.6.10.15.16. | D38: 김자반 | E38: =IFERROR(INDEX(레시피북!$C$2:$I$611,MATCH($D38,레시피북!$C$2:$C$611,0),7),"") -> .5.21.22. | F38: 코울슬로 | G38: =IFERROR(INDEX(레시피북!$C$2:$I$611,MATCH($F38,레시피북!$C$2:$C$611,0),7),"") -> .1.5.16. | H38: 검은콩해바라기씨조림 | I38: =IFERROR(INDEX(레시피북!$C$2:$I$611,MATCH($H38,레시피북!$C$2:$C$611,0),7),"") -> .5.21. | J38: 라디치오샐러드 | K38: =IFERROR(INDEX(레시피북!$C$2:$I$611,MATCH($J38,레시피북!$C$2:$C$611,0),7),"") -> 0
B39: 오이부추무침 | C39: =IFERROR(INDEX(레시피북!$C$2:$I$611,MATCH($B39,레시피북!$C$2:$C$611,0),7),"") -> .5.21. | D39: 깍두기 | E39: =IFERROR(INDEX(레시피북!$C$2:$I$611,MATCH($D39,레시피북!$C$2:$C$611,0),7),"") -> .6.9. | F39: 백김치 | G39: =IFERROR(INDEX(레시피북!$C$2:$I$611,MATCH($F39,레시피북!$C$2:$C$611,0),7),"") -> 0 | H39: 깍두기 | I39: =IFERROR(INDEX(레시피북!$C$2:$I$611,MATCH($H39,레시피북!$C$2:$C$611,0),7),"") -> .6.9. | J39: & 오리엔탈드레싱 | K39: =IFERROR(INDEX(레시피북!$C$2:$I$611,MATCH($J39,레시피북!$C$2:$C$611,0),7),"") -> .5.6.13.21.
B40: 배추김치 | C40: =IFERROR(INDEX(레시피북!$C$2:$I$611,MATCH($B40,레시피북!$C$2:$C$611,0),7),"") -> .9.12. | D40: 소고기무국 | E40: =IFERROR(INDEX(레시피북!$C$2:$I$611,MATCH($D40,레시피북!$C$2:$C$611,0),7),"") -> .5.16. | F40: 게살계란탕 | G40: =IFERROR(INDEX(레시피북!$C$2:$I$611,MATCH($F40,레시피북!$C$2:$C$611,0),7),"") -> .1.2.5.8.21. | H40: 논우렁살된장찌개 | I40: =IFERROR(INDEX(레시피북!$C$2:$I$611,MATCH($H40,레시피북!$C$2:$C$611,0),7),"") -> .5. | J40: 배추김치 | K40: =IFERROR(INDEX(레시피북!$C$2:$I$611,MATCH($J40,레시피북!$C$2:$C$611,0),7),"") -> .9.12.
B41: 니모어묵국 | C41: =IFERROR(INDEX(레시피북!$C$2:$I$611,MATCH($B41,레시피북!$C$2:$C$611,0),7),"") -> .1.5.6. | E41: =IFERROR(INDEX(레시피북!$C$2:$I$611,MATCH($D41,레시피북!$C$2:$C$611,0),7),"") | G41: =IFERROR(INDEX(레시피북!$C$2:$I$611,MATCH($F41,레시피북!$C$2:$C$611,0),7),"") | I41: =IFERROR(INDEX(레시피북!$C$2:$I$611,MATCH($H41,레시피북!$C$2:$C$611,0),7),"") | J41: 맑은미역국 | K41: =IFERROR(INDEX(레시피북!$C$2:$I$611,MATCH($J41,레시피북!$C$2:$C$611,0),7),"") -> .5.9.
C42: =IFERROR(INDEX(레시피북!$C$2:$I$611,MATCH($B42,레시피북!$C$2:$C$611,0),7),"") | G42: =IFERROR(INDEX(레시피북!$C$2:$I$611,MATCH($F42,레시피북!$C$2:$C$611,0),7),"") | K42: =IFERROR(INDEX(레시피북!$C$2:$I$611,MATCH($J42,레시피북!$C$2:$C$611,0),7),"")
A43: 날짜 | B43: 46265
A44: 주차 | B44: 메뉴 | C44: 알레르기표기 | D44: 메뉴 | E44: 알레르기표기 | F44: 메뉴 | G44: 알레르기표기 | H44: 메뉴 | I44: 알레르기표기 | J44: 메뉴 | K44: 알레르기표기
A45: 6주차 | B45: 친환경찰보리쌀밥 | C45: =IFERROR(INDEX(레시피북!$C$2:$I$611,MATCH($B45,레시피북!$C$2:$C$611,0),7),"") -> 0 | E45: =IFERROR(INDEX(레시피북!$C$2:$I$611,MATCH($D45,레시피북!$C$2:$C$611,0),7),"") | G45: =IFERROR(INDEX(레시피북!$C$2:$I$611,MATCH($F45,레시피북!$C$2:$C$611,0),7),"") | I45: =IFERROR(INDEX(레시피북!$C$2:$I$611,MATCH($H45,레시피북!$C$2:$C$611,0),7),"") | K45: =IFERROR(INDEX(레시피북!$C$2:$I$611,MATCH($J45,레시피북!$C$2:$C$611,0),7),"")
B46: 비프하이라이스소스 | C46: =IFERROR(INDEX(레시피북!$C$2:$I$611,MATCH($B46,레시피북!$C$2:$C$611,0),7),"") -> .1.2.5.6.10.12.15.16.18. | E46: =IFERROR(INDEX(레시피북!$C$2:$I$611,MATCH($D46,레시피북!$C$2:$C$611,0),7),"") | G46: =IFERROR(INDEX(레시피북!$C$2:$I$611,MATCH($F46,레시피북!$C$2:$C$611,0),7),"") | I46: =IFERROR(INDEX(레시피북!$C$2:$I$611,MATCH($H46,레시피북!$C$2:$C$611,0),7),"") | K46: =IFERROR(INDEX(레시피북!$C$2:$I$611,MATCH($J46,레시피북!$C$2:$C$611,0),7),"")
B47: 철판군만두 | C47: =IFERROR(INDEX(레시피북!$C$2:$I$611,MATCH($B47,레시피북!$C$2:$C$611,0),7),"") -> .2.5.6.10.12.15.16. | E47: =IFERROR(INDEX(레시피북!$C$2:$I$611,MATCH($D47,레시피북!$C$2:$C$611,0),7),"") | G47: =IFERROR(INDEX(레시피북!$C$2:$I$611,MATCH($F47,레시피북!$C$2:$C$611,0),7),"") | I47: =IFERROR(INDEX(레시피북!$C$2:$I$611,MATCH($H47,레시피북!$C$2:$C$611,0),7),"") | K47: =IFERROR(INDEX(레시피북!$C$2:$I$611,MATCH($J47,레시피북!$C$2:$C$611,0),7),"")
B48: 들기름도토리묵무침 | C48: =IFERROR(INDEX(레시피북!$C$2:$I$611,MATCH($B48,레시피북!$C$2:$C$611,0),7),"") -> .5.21.22. | E48: =IFERROR(INDEX(레시피북!$C$2:$I$611,MATCH($D48,레시피북!$C$2:$C$611,0),7),"") | G48: =IFERROR(INDEX(레시피북!$C$2:$I$611,MATCH($F48,레시피북!$C$2:$C$611,0),7),"") | I48: =IFERROR(INDEX(레시피북!$C$2:$I$611,MATCH($H48,레시피북!$C$2:$C$611,0),7),"") | K48: =IFERROR(INDEX(레시피북!$C$2:$I$611,MATCH($J48,레시피북!$C$2:$C$611,0),7),"")
B49: 배추김치 | C49: =IFERROR(INDEX(레시피북!$C$2:$I$611,MATCH($B49,레시피북!$C$2:$C$611,0),7),"") -> .9.12. | E49: =IFERROR(INDEX(레시피북!$C$2:$I$611,MATCH($D49,레시피북!$C$2:$C$611,0),7),"") | G49: =IFERROR(INDEX(레시피북!$C$2:$I$611,MATCH($F49,레시피북!$C$2:$C$611,0),7),"") | I49: =IFERROR(INDEX(레시피북!$C$2:$I$611,MATCH($H49,레시피북!$C$2:$C$611,0),7),"") | K49: =IFERROR(INDEX(레시피북!$C$2:$I$611,MATCH($J49,레시피북!$C$2:$C$611,0),7),"")
B50: 올갱이된장국 | C50: =IFERROR(INDEX(레시피북!$C$2:$I$611,MATCH($B50,레시피북!$C$2:$C$611,0),7),"") -> .5. | E50: =IFERROR(INDEX(레시피북!$C$2:$I$611,MATCH($D50,레시피북!$C$2:$C$611,0),7),"") | G50: =IFERROR(INDEX(레시피북!$C$2:$I$611,MATCH($F50,레시피북!$C$2:$C$611,0),7),"") | I50: =IFERROR(INDEX(레시피북!$C$2:$I$611,MATCH($H50,레시피북!$C$2:$C$611,0),7),"") | K50: =IFERROR(INDEX(레시피북!$C$2:$I$611,MATCH($J50,레시피북!$C$2:$C$611,0),7),"")
C51: =IFERROR(INDEX(레시피북!$C$2:$I$611,MATCH($B51,레시피북!$C$2:$C$611,0),7),"") | E51: =IFERROR(INDEX(레시피북!$C$2:$I$611,MATCH($D51,레시피북!$C$2:$C$611,0),7),"") | G51: =IFERROR(INDEX(레시피북!$C$2:$I$611,MATCH($F51,레시피북!$C$2:$C$611,0),7),"") | I51: =IFERROR(INDEX(레시피북!$C$2:$I$611,MATCH($H51,레시피북!$C$2:$C$611,0),7),"") | K51: =IFERROR(INDEX(레시피북!$C$2:$I$611,MATCH($J51,레시피북!$C$2:$C$611,0),7),"")
C52: =IFERROR(INDEX(레시피북!$C$2:$I$611,MATCH($B52,레시피북!$C$2:$C$611,0),7),"") | G52: =IFERROR(INDEX(레시피북!$C$2:$I$611,MATCH($F52,레시피북!$C$2:$C$611,0),7),"") | K52: =IFERROR(INDEX(레시피북!$C$2:$I$611,MATCH($J52,레시피북!$C$2:$C$611,0),7),"")
A53: 원산지 안내 쌀(국산),현미(국산. 친환경), 찰흑미(국산. 친환경), 찰보리(국산. 친환경), 소고기(호주산), 돈육(국산), 목살(폭찹스테이크:미국산), 닭고기(국산. 무항생제), 닭정육(닭다리살:국산, 브라질산), 훈제오리(무항생제.국산) 배추김치(국산 종가집.하선정), 깍두기(무,고추가루:국산), 오징어(국산,페루산,미국산, 칠레산), 낙지(베트남산), 새우젓(새우:국내산), 바지락살(중국산), 채소류(국산), 국용채소류(국산/단,기후변화 등 이슈로 국산 수급이 어려울경우:중국산) *위의 메뉴는 재료 수급 사정에 따라 변경 될 수 있습니다 *알레르기 정보 - 1.난류 2.우유 3.메밀 4.견과류(땅콩.아몬드.잣.코코넛등) 5.대두 6.밀 7.고등어 8.게 9.새우 10.돼지고기 11.복숭아 12.토마토 13.아황산류 14.호두 15.닭고기 16.쇠고기 17.오징어 18.조개류(굴.전복.홍합 포함) 19.파인애플 20.키위 21.참깨 영양사 : 천은혜

Sheet 레시피북
A1: No. | B1: 품목 | C1: 품명 | D1: 온라인(g) | E1: 급식(g) | F1: 온라인 중/대(EA) | G1: 급식(EA) | H1: 자재사용내역 | I1: 알러지표기 | K1: 상품코드 | L1: 출고량 (g 또는 수량) | M1: 로스율 (5%) | N1: 총생산량 (g 또는 수량) | O1: 급식 (g) | P1: 중 (g) | Q1: 대 (g) | R1: 단위 | S1: 급식 (EA) | T1: 중 (EA) | U1: 대 (EA) | V1: 단위 | W1: 상품코드 | X1: 상품명 M10 | Y1: 구매단위 (g) | Z1: 구매단위 (EA) | AA1: 발주 1인량 | AB1: (중) 1인량 | AC1: (대) 1인량 | AD1: 자재 Mix% | AE1: 상품코드 | AF1: 상품명 S10 | AG1: 발주 1인량 | AH1: (중) 1인량 | AI1: (대) 1인량 | AJ1: 자재 Mix% | AK1: 상품코드 | AL1: 상품명 S20 | AM1: 발주 1인량 | AN1: (중) 1인량 | AO1: (대) 1인량 | AP1: 자재 Mix%
A2: 1 | C2: 유부다시국 | H2: 유부[(대두:캐나다, 호주, 미국등), 대두유(대두:미국,프바질, 파라과이등)]21%, 건더기스프{볶음참께(인도산), 정제염(국산), 김조각(국산), 가쓰오브시(필리핀산)등]5%, 정제수, 마늘, 가스오우동소스, 소금 | I2: .5.21. | J2: 가스오우동소스(면사랑), 유부(이츠웰 슬라이스유부)30g / 35g
A3: 2 | C3: 올갱이미역국 | H3: 불린미역(국산)21%, 다슬기(국내산)2%, 마늘, 정제수, 국간장, 참치액, 소금 | I3: .5.9. | J3: 28g / 30g
A4: 3 | C4: 북어콩나물국 | H4: 콩나물(콩:외국산)16% , 북어채(러시아산)5%, 두부(콩:미국,호주,캐나다등), 대파, 마늘, 참기름, 정제수, 소금 | I4: .5. | J4: 25g / 28g | L4: 23450 | M4: 1172.5 | N4: 24622.5 | O4: =E4 -> 0 | P4: =D4 -> 0 | Q4: =D4 -> 0 | R4: g | S4: =E4 -> 0 | T4: =D4 -> 0 | U4: =D4 -> 0 | W4: 192872 | X4: =IFERROR(INDEX([1]Sheet1!$A$2:$X$1948,MATCH($W$2:$W$270,[1]Sheet1!$G$2:$G$1948,0),8),"") -> 소이원 콩나물(곱슬이_단채 4Kg/BOX) | Y4: 4000 | AA4: 25 | AB4: =T4*AD4 -> #DIV/0! | AC4: =U4*AD4 -> #DIV/0! | AD4: =AA4/E4 -> #DIV/0! | AE4: 313570 | AF4: =IFERROR(INDEX([1]Sheet1!$A$2:$X$1948,MATCH($AE$2:$AE$270,[1]Sheet1!$G$2:$G$1948,0),8),"") -> 프레시웨이 북어채(1Kg/EA) | AG4: 5 | AH4: =P4*AJ4 -> #DIV/0! | AI4: =Q4*AJ4 -> #DIV/0! | AJ4: =AG4/$E4 -> #DIV/0! | AL4: =IFERROR(INDEX([1]Sheet1!$A$2:$X$1948,MATCH($AK$2:$AK$270,[1]Sheet1!$G$2:$G$1948,0),8),"") -> 0 | AM4: 5 | AN4: =P4*AP4 -> #DIV/0! | AO4: =Q4*AP4 -> #DIV/0! | AP4: =AM4/$E4 -> #DIV/0!
A5: 4 | C5: 모둠어묵국 | H5: 무(국산)15%, 모둠어묵(어육:수입산)10%, 파, 마늘, 국간장, 멸치육수농축액, 정제수, 소금 | I5: .5.6. | J5: 40g / 45g종합어묵(사조대림)
A6: 5 | C6: 근대된장국 | H6: 근대(국산)22.8%, 양파(국산), 정제수, 된장, 대파, 마늘, 멸치육수농축액, 소금 | I6: .5. | J6: 40g / 45g | L6: 21960 | M6: 1098 | N6: 23058 | O6: =E6 -> 0 | P6: =D6 -> 0 | Q6: =D6 -> 0 | R6: g | S6: =E6 -> 0 | T6: =D6 -> 0 | U6: =D6 -> 0 | W6: 223306 | X6: =IFERROR(INDEX([1]Sheet1!$A$2:$X$1948,MATCH($W$2:$W$270,[1]Sheet1!$G$2:$G$1948,0),8),"") -> 냉동근대(IQF 1Kg/EA) | Y6: 1000 | AA6: 35 | AB6: =T6*AD6 -> #DIV/0! | AC6: =U6*AD6 -> #DIV/0! | AD6: =AA6/E6 -> #DIV/0! | AE6: 138570 | AF6: =IFERROR(INDEX([1]Sheet1!$A$2:$X$1948,MATCH($AE$2:$AE$270,[1]Sheet1!$G$2:$G$1948,0),8),"") -> 면사랑 멸치육수(1.8L_보급형 1.8Kg/EA) | AH6: =P6*AJ6 -> #DIV/0! | AI6: =Q6*AJ6 -> #DIV/0! | AJ6: =AG6/$E6 -> #DIV/0! | AL6: =IFERROR(INDEX([1]Sheet1!$A$2:$X$1948,MATCH($AK$2:$AK$270,[1]Sheet1!$G$2:$G$1948,0),8),"") -> 0
A7: 6 | C7: 오징어무국 | H7: 무(국산)20%, 오징어(미국산, 국산)5%, 양파, 대파, 마늘, 정제수, 멸치육수농축액, 국간장, 소금 | I7: .5.17. | J7: 40g / 50g
A8: 7 | C8: 얼큰오징어무국 | H8: 무(국산)20%, 오징어(미국산, 국산)5%, 양파, 대파, 마늘, 정제수, 멸치육수농축액, 국간장, 고춧가루, 소금 | I8: .5.17. | J8: 40g / 50g
A9: 8 | C9: 소고기샤브국 | H9: 소고기(호주산)12%, 알배추(국산)7%, 느타리(국산), 청경채(국산), 대파, 마늘, 간장, 정제수, 소금 | I9: .5.16. | J9: 40g / 45g
A10: 9 | C10: 우삼겹된장찌개 | H10: 모둠채소(호박, 양파, 새송이:국산)20%, 두부(콩:미국,호주,캐나다등)8%, 소고기(미국산)3%, 파, 마늘, 된장, 멸치육수농축액, 정제수, 소금 | I10: .5.16. | J10: 50g / 60g | O10: =E10 -> 0 | P10: =D10 -> 0 | Q10: =D10 -> 0 | R10: g | S10: =E10 -> 0 | T10: =D10 -> 0 | U10: =D10 -> 0 | W10: 204623 | X10: =IFERROR(INDEX([1]Sheet1!$A$2:$X$1948,MATCH($W$2:$W$270,[1]Sheet1!$G$2:$G$1948,0),8),"") -> 애호박(특품 인큐베이터 KG) | Y10: 1000 | AA10: 30 | AB10: =T10*AD10 -> #DIV/0! | AC10: =U10*AD10 -> #DIV/0! | AD10: =AA10/E10 -> #DIV/0! | AE10: 168257 | AF10: =IFERROR(INDEX([1]Sheet1!$A$2:$X$1948,MATCH($AE$2:$AE$270,[1]Sheet1!$G$2:$G$1948,0),8),"") -> 명품 판두부(찌개용 3Kg/EA) | AG10: 15 | AH10: =P10*AJ10 -> #DIV/0! | AI10: =Q10*AJ10 -> #DIV/0! | AJ10: =AG10/$E10 -> #DIV/0! | AL10: =IFERROR(INDEX([1]Sheet1!$A$2:$X$1948,MATCH($AK$2:$AK$270,[1]Sheet1!$G$2:$G$1948,0),8),"") -> 0
A11: 10 | C11: 채소계란국 | H11: 계란(국산)13%, 채소[양파, 당근, 부추:국산]10%, 정제수, 멸치육수농축액, 대파, 마늘, 소금 | I11: .1.5. | L11: 600 | M11: 30 | N11: 630 | O11: =E11 -> 0 | P11: =D11 -> 0 | Q11: =D11 -> 0 | R11: g | S11: =E11 -> 0 | T11: =D11 -> 0 | U11: =D11 -> 0 | W11: 193090 | X11: =IFERROR(INDEX([1]Sheet1!$A$2:$X$1948,MATCH($W$2:$W$270,[1]Sheet1!$G$2:$G$1948,0),8),"") -> 냉동감자(절단_3~4cm 1Kg/EA) | Y11: 1000 | AA11: 22 | AB11: =T11*AD11 -> #DIV/0! | AC11: =U11*AD11 -> #DIV/0! | AD11: =AA11/E11 -> #DIV/0! | AE11: 204623 | AF11: =IFERROR(INDEX([1]Sheet1!$A$2:$X$1948,MATCH($AE$2:$AE$270,[1]Sheet1!$G$2:$G$1948,0),8),"") -> 애호박(특품 인큐베이터 KG) | AH11: =P11*AJ11 -> #DIV/0! | AI11: =Q11*AJ11 -> #DIV/0! | AJ11: =AG11/$E11 -> #DIV/0! | AK11: 420010 | AL11: =IFERROR(INDEX([1]Sheet1!$A$2:$X$1948,MATCH($AK$2:$AK$270,[1]Sheet1!$G$2:$G$1948,0),8),"") -> 알로팜 계란(왕란_무항생제_68g*30입 2.04Kg/EA)
A12: 11 | C12: 순살동태국 | H12: 순살동태(러시아산)7.2%, 무(국산)13%,두부, 쑥갓, 양파, 대파, 마늘, 멸치육수농축액, 국간장, 소금 | I12: .5.9.10. | J12: 40g / 50g
A13: 12 | C13: 소고기미역국 | H13: 불린미역(미역:국산)18.3%, 소고기(호주산)5%, 마늘, 정제수, 밥새우, 멸치육수농축액, 소금, 국간장 | I13: .5.9.16. | J13: 40g / 50g 멸치육수농축액(면사랑)
A14: 13 | C14: 소고기무국 | H14: 무(국산)18.3%, 소고기(호주산)10.7%, 양파, 대파, 마늘, 정제수, 소금, 멸치육수농축액, 국간장, 후추 | I14: .5.16. | J14: 40g | L14: 16590 | M14: 829.5 | N14: 17419.5 | O14: =E14 -> 0 | P14: =D14 -> 0 | Q14: =D14 -> 0 | R14: g | S14: =E14 -> 0 | T14: =D14 -> 0 | U14: =D14 -> 0 | W14: 145349 | X14: =IFERROR(INDEX([1]Sheet1!$A$2:$X$1948,MATCH($W$2:$W$270,[1]Sheet1!$G$2:$G$1948,0),8),"") -> 이츠웰 사골엑기스(1Kg/EA) | Y14: 1000 | AB14: =T14*AD14 -> #DIV/0! | AC14: =U14*AD14 -> #DIV/0! | AD14: =AA14/E14 -> #DIV/0! | AE14: 424285 | AF14: =IFERROR(INDEX([1]Sheet1!$A$2:$X$1948,MATCH($AE$2:$AE$270,[1]Sheet1!$G$2:$G$1948,0),8),"") -> 소양지(3*2*0.3cm_저지방 키즈용_국거리용 KG) | AH14: =P14*AJ14 -> #DIV/0! | AI14: =Q14*AJ14 -> #DIV/0! | AJ14: =AG14/$E14 -> #DIV/0! | AK14: 204418 | AL14: =IFERROR(INDEX([1]Sheet1!$A$2:$X$1948,MATCH($AK$2:$AK$270,[1]Sheet1!$G$2:$G$1948,0),8),"") -> 무우(특품 9~12개입 18Kg/BOX)
A15: 14 | C15: 얼큰소고기무국 | H15: 무(국산)18.3%, 소고기(호주산)10.7%, 양파, 대파, 마늘, 정제수, 소금, 고춧가루, 멸치육수농축액, 국간장, 후추 | I15: .5.16.
A16: 15 | C16: 맑은순두부국 | H16: 순두부(대두:수입산)15%, 호박, 파, 마늘, 새우젓(새우,소금:국산), 멸치육수농축액, 정제수, 소금 | I16: .5.9.
A17: 16 | C17: 소고기장국 | H17: 열갈이(국산)10%, 소고기(호주산)7%, 무(국산)5%, 콩나물(원료수입산)5%, 정제수, 된장, 대파, 마늘, 국간장, 멸치육수농축액, 소금 | I17: .5.16. | J17: 멸치육수농축액(면사랑) 40g / 45g )
A18: 17 | C18: 두부탕국 | H18: 두부(원료수입산)18%, 무(국산)10%,, 파, 마늘, 정제수, 멸치육수농축액, 국간장, 소금 | I18: .5. | J18: 멸치육수농축액(면사랑) 40g / 45g )
A19: 18 | C19: 맑은미역국 | H19: 불린미역(국산)23%, 정제수, 참기름, 국간장, 밥새우, 멸치육수농축액, 마늘, 소금 | I19: .5.9. | J19: 25g / 30g | L19: 2565 | M19: 128.25 | N19: 2693.25 | O19: =E19 -> 0 | P19: =D19 -> 0 | Q19: =D19 -> 0 | R19: g | S19: =E19 -> 0 | T19: =D19 -> 0 | U19: =D19 -> 0 | W19: 206631 | X19: =IFERROR(INDEX([1]Sheet1!$A$2:$X$1948,MATCH($W$2:$W$270,[1]Sheet1!$G$2:$G$1948,0),8),"") -> 냉동아욱(상품 1Kg/PAC) | Y19: 1000 | AA19: 32 | AB19: =T19*AD19 -> #DIV/0! | AC19: =U19*AD19 -> #DIV/0! | AD19: =AA19/E19 -> #DIV/0! | AE19: 313633 | AF19: =IFERROR(INDEX([1]Sheet1!$A$2:$X$1948,MATCH($AE$2:$AE$270,[1]Sheet1!$G$2:$G$1948,0),8),"") -> 현대푸드 두절건새우(중 1Kg/EA) | AH19: =P19*AJ19 -> #DIV/0! | AI19: =Q19*AJ19 -> #DIV/0! | AJ19: =AG19/$E19 -> #DIV/0! | AL19: =IFERROR(INDEX([1]Sheet1!$A$2:$X$1948,MATCH($AK$2:$AK$270,[1]Sheet1!$G$2:$G$1948,0),8),"") -> 0
A20: 19 | C20: 미소장국 | H20: 두부(콩:미국,호주,캐나다등)18%, 팽이버섯(국산)5%, 실파(국산), 정제수, 미소된장(국산), 멸치육수농축액, 소금 | I20: .5. | J20: 멸치육수농축액(면사랑)
A21: 20 | C21: 맑은콩나물국 | H21: 콩나물(콩:외국산)25%, 정제수, 국간장, 마늘, 대파, 멸치육수농축액, 소금 | I21: .5. | J21: 25g / 28g
A22: 21 | C22: 양배추두부된장국 | H22: 양배추(국내산)20%, 두부(대두:외국산)7%, 정제수, 파, 마늘, 국간장, 멸치육수농축액, 소금 | I22: .5. | J22: 40g / 45g | L22: 1200 | M22: 60 | N22: 1260 | O22: =E22 -> 0 | P22: =D22 -> 0 | Q22: =D22 -> 0 | R22: g | S22: =E22 -> 0 | T22: =D22 -> 0 | U22: =D22 -> 0 | W22: 192872 | X22: =IFERROR(INDEX([1]Sheet1!$A$2:$X$1948,MATCH($W$2:$W$270,[1]Sheet1!$G$2:$G$1948,0),8),"") -> 소이원 콩나물(곱슬이_단채 4Kg/BOX) | AB22: =T22*AD22 -> #DIV/0! | AC22: =U22*AD22 -> #DIV/0! | AD22: =AA22/E22 -> #DIV/0! | AE22: 168257 | AF22: =IFERROR(INDEX([1]Sheet1!$A$2:$X$1948,MATCH($AE$2:$AE$270,[1]Sheet1!$G$2:$G$1948,0),8),"") -> 명품 판두부(찌개용 3Kg/EA) | AH22: =P22*AJ22 -> #DIV/0! | AI22: =Q22*AJ22 -> #DIV/0! | AJ22: =AG22/$E22 -> #DIV/0! | AL22: =IFERROR(INDEX([1]Sheet1!$A$2:$X$1948,MATCH($AK$2:$AK$270,[1]Sheet1!$G$2:$G$1948,0),8),"") -> 0
A23: 23 | C23: 짬뽕국 | H23: 숙주(녹두:외국산)12%, 해산물(대왕오징어:페루산, 홍합.바지락.새우살:중국산)7%, 양파, 청경채, 파, 마늘, 정제수, 고춧가루, 고추기름, 치킨스톡, 소금 | I23: .5.9.15.17.18.
A24: 24 | C24: 감자된장국 | H24: 감자(국산)20%, 두부(대두:외국산)5%, 양파, 파, 마늘, 멸치육수농축액, 된장, 정제수, 소금 | I24: .5.6. | J24: 50g/55g
A25: 25 | C25: 설렁탕 | H25: 소고기(호주산)14.3%, 사골육수 [잡뼈(한우), 사골(한우), 사골액기스 {정제수, 사골농축액17% (사골:호주산) 천일염}, 정제수], 생대파(국산), 후추, 소금 | I25: .5.16. | J25: 8g / 10g | O25: =E25 -> 0 | P25: =D25 -> 0 | Q25: =D25 -> 0 | R25: g | S25: =E25 -> 0 | T25: =D25 -> 0 | U25: =D25 -> 0 | W25: 223307 | X25: =IFERROR(INDEX([1]Sheet1!$A$2:$X$1948,MATCH($W$2:$W$270,[1]Sheet1!$G$2:$G$1948,0),8),"") -> 냉동얼갈이(IQF 1Kg/EA) | Y25: 1000 | AA25: 42 | AB25: =T25*AD25 -> #DIV/0! | AC25: =U25*AD25 -> #DIV/0! | AD25: =AA25/E25 -> #DIV/0! | AE25: 145349 | AF25: =IFERROR(INDEX([1]Sheet1!$A$2:$X$1948,MATCH($AE$2:$AE$270,[1]Sheet1!$G$2:$G$1948,0),8),"") -> 이츠웰 사골엑기스(1Kg/EA) | AH25: =P25*AJ25 -> #DIV/0! | AI25: =Q25*AJ25 -> #DIV/0! | AJ25: =AG25/$E25 -> #DIV/0! | AL25: =IFERROR(INDEX([1]Sheet1!$A$2:$X$1948,MATCH($AK$2:$AK$270,[1]Sheet1!$G$2:$G$1948,0),8),"") -> 0
A26: 26 | C26: 유부미소국 | H26: 유부(원료수입산)10%, 팽이버섯(국산)2%, 미소된장(국내산), 정제수, 멸치육수농축액, 실파, 마늘, 소금 | I26: .5. | J26: 20g / 25g
A27: 27 | C27: 전복소라미역국 | H27: 불린미역(국산)20%, 전복소라다이스[피뿔고동살(불가리아,터키,루마니아등)50%, 논우렁살(베트남산)30%, 전복살(말레이시아,인도네시아,중국 등)20%]5%, 정제수, 밥새우, 멸치육수농축액, 국간장, 참기름, 마늘, 소금 | I27: .5.9.18.21. | J27: 25g / 30g
A28: 28 | C28: 조랭이떡국 | H28: 조랭이떡(쌀:국산)25%, 소고기(호주산)3.5%, 계란(국내산)1%, 대파, 마늘, 국간장, 정제수, 소금 | I28: .1.5.16. | J28: 40g / 45g | O28: =E28 -> 0 | P28: =D28 -> 0 | Q28: =D28 -> 0 | R28: g | S28: =E28 -> 0 | T28: =D28 -> 0 | U28: =D28 -> 0 | W28: 192918 | X28: =IFERROR(INDEX([1]Sheet1!$A$2:$X$1948,MATCH($W$2:$W$270,[1]Sheet1!$G$2:$G$1948,0),8),"") -> 양배추(겉잎제거 KG) | Y28: 1000 | AA28: 35 | AB28: =T28*AD28 -> #DIV/0! | AC28: =U28*AD28 -> #DIV/0! | AD28: =AA28/E28 -> #DIV/0! | AE28: 424285 | AF28: =IFERROR(INDEX([1]Sheet1!$A$2:$X$1948,MATCH($AE$2:$AE$270,[1]Sheet1!$G$2:$G$1948,0),8),"") -> 소양지(3*2*0.3cm_저지방 키즈용_국거리용 KG) | AG28: 16 | AH28: =P28*AJ28 -> #DIV/0! | AI28: =Q28*AJ28 -> #DIV/0! | AJ28: =AG28/$E28 -> #DIV/0! | AL28: =IFERROR(INDEX([1]Sheet1!$A$2:$X$1948,MATCH($AK$2:$AK$270,[1]Sheet1!$G$2:$G$1948,0),8),"") -> 0
A29: 29 | C29: 소고기탕국 | H29: 무(국산)15%, 소고기(호주산)8%, 두부(원료수입산)5%, 양파, 대파, 마늘, 정제수, 멸치육수농축액, 국간장, 소금 | I29: .5.16. | J29: 40g / 45g
A30: 30 | C30: 북어국 | H30: 북어채(러시아산)5%, 두부(원료수입산)12%, 무8%, 양파, 정제수, 대파, 마늘, 참기름, 국간장, 소금 | I30: .5.21. | J30: 40g / 45g | L30: 2535 | M30: 126.75 | N30: 2661.75 | O30: =E30 -> 0 | P30: =D30 -> 0 | Q30: =D30 -> 0 | R30: g | S30: =E30 -> 0 | T30: =D30 -> 0 | U30: =D30 -> 0 | W30: 211037 | X30: =IFERROR(INDEX([1]Sheet1!$A$2:$X$1948,MATCH($W$2:$W$270,[1]Sheet1!$G$2:$G$1948,0),8),"") -> 느타리버섯(실속 균상 2Kg/EA) | Y30: 2000 | AA30: 23 | AB30: =T30*AD30 -> #DIV/0! | AC30: =U30*AD30 -> #DIV/0! | AD30: =AA30/E30 -> #DIV/0! | AE30: 205745 | AF30: =IFERROR(INDEX([1]Sheet1!$A$2:$X$1948,MATCH($AE$2:$AE$270,[1]Sheet1!$G$2:$G$1948,0),8),"") -> 총알새송이버섯(실속 2Kg/BOX) | AG30: 11 | AH30: =P30*AJ30 -> #DIV/0! | AI30: =Q30*AJ30 -> #DIV/0! | AJ30: =AG30/$E30 -> #DIV/0! | AL30: =IFERROR(INDEX([1]Sheet1!$A$2:$X$1948,MATCH($AK$2:$AK$270,[1]Sheet1!$G$2:$G$1948,0),8),"") -> 0
A31: 31 | C31: 순두부된장국 | H31: 순두부(콩:미국,캐나다,호주등)25%, 된장(국산), 파, 마늘, 정제수, 멸치육수농축액, 소금 | I31: .5. | O31: =E31 -> 0 | P31: =D31 -> 0 | Q31: =D31 -> 0 | R31: g | S31: =E31 -> 0 | T31: =D31 -> 0 | U31: =D31 -> 0 | W31: 193090 | X31: =IFERROR(INDEX([1]Sheet1!$A$2:$X$1948,MATCH($W$2:$W$270,[1]Sheet1!$G$2:$G$1948,0),8),"") -> 냉동감자(절단_3~4cm 1Kg/EA) | Y31: 1000 | AA31: 30 | AB31: =T31*AD31 -> #DIV/0! | AC31: =U31*AD31 -> #DIV/0! | AD31: =AA31/E31 -> #DIV/0! | AE31: 204964 | AF31: =IFERROR(INDEX([1]Sheet1!$A$2:$X$1948,MATCH($AE$2:$AE$270,[1]Sheet1!$G$2:$G$1948,0),8),"") -> 냉동표고버섯(슬라이스 1Kg/PAC) | AG31: 13 | AH31: =P31*AJ31 -> #DIV/0! | AI31: =Q31*AJ31 -> #DIV/0! | AJ31: =AG31/$E31 -> #DIV/0! | AL31: =IFERROR(INDEX([1]Sheet1!$A$2:$X$1948,MATCH($AK$2:$AK$270,[1]Sheet1!$G$2:$G$1948,0),8),"") -> 0 | AN31: =P31*AP31 -> #DIV/0! | AO31: =Q31*AP31 -> #DIV/0! | AP31: =AM31/$E31 -> #DIV/0!
A32: 32 | C32: 맑은닭곰탕 | H32: 닭고기(국산)12%, 무(국산)10%, 정제수, 파, 마늘, 소금 | I32: .5.16.
A33: 33 | C33: 숙주닭곰탕 | H33: 닭고기(국내산)12%, 숙주(녹두:외국산), 파, 마늘, 소금, 치킨스톡 | I33: .5.16. | J33: 35g /40g
A34: 34 | C34: 우거지된장국 | H34: 우거지(국산)17%, 두부(원료수입산)10.7%, 양파, 대파, 마늘, 된장, 정제수, 멸치육수농축액, 소금 | I34: .5.
A35: 35 | C35: 대파계란탕 | H35: 계란(국산)20%, 대파(국산)2%, 마늘, 멸치육수농축액, 정제수, 소금 | I35: .1.5. | J35: 멸치육수농축액(면사랑)
A36: 36 | C36: 게살계란탕 | H36: 계란(국산)18.7%, 게살(국산)3.5%, 팽이버섯, 파, 마늘, 멸치육수농축액, 정제수, 녹말가루, 소금, 참기름 | I36: .1.2.5.8.21.
A37: 37 | C37: 논우렁살된장찌개 | H37: 논우렁살(우렁:베트남산), 모둠채소(호박, 양파, 감자:국산)25%, 두부(콩:미국,호주,캐나다등)8%, 파, 마늘, 된장, 멸치육수농축액, 정제수, 소금 | I37: .5. | J37: 50g / 60g
A38: 38 | C38: 순두부된장찌개 | H38: 모둠채소(호박, 양파, 감자:국산)20%, 순두부(콩:미국,호주,캐나다등)12%, 파, 마늘, 된장, 멸치육수농축액, 정제수, 소금 | I38: .5. | J38: 50g / 60g
C39: 된장찌개 | H39: 모둠채소(호박, 양파, 감자:국산)20%, 두부(콩:미국,호주,캐나다등)12%, 파, 마늘, 된장, 멸치육수농축액, 정제수, 소금 | I39: .5. | J39: 50g / 60g
A40: 37 | C40: 호박잎된장찌개 | H40: 호박잎(국내산)5%, 모둠채소(호박, 양파, 감자:국산)20%, 두부(콩:미국,호주,캐나다등)8%, 파, 마늘, 된장, 멸치육수농축액, 정제수, 소금 | I40: .5.
C41: 꽃게된장찌개 | H41: 꽃게(중국산)18%, 모듬채소(호박,양파,감자:국산)12%, 두부(대두:외국산), 마늘, 된장, 멸치육수농축액, 정제수, 국간장, 소금 | I41: .5.8.
A42: 38 | C42: 콩나물된장국 | H42: 콩나물(콩:수입산)20%, 두부(콩:수입산)8%, 양파, 파, 마늘, 정제수, 된장, 소금 | I42: .5. | O42: =E42 -> 0 | P42: 120 | R42: g | S42: 2 | T42: 6 | U42: 10 | V42: 개 | W42: 127359 | X42: =IFERROR(INDEX([1]Sheet1!$A$2:$X$1948,MATCH($W$2:$W$270,[1]Sheet1!$G$2:$G$1948,0),8),"") -> 사조대림 사각잡채군만두(32±1개입 800g/EA) | Y42: 800 | Z42: 32 | AA42: 2 | AB42: =T42 -> 6 | AC42: =U42 -> 10 | AF42: =IFERROR(INDEX([1]Sheet1!$A$2:$X$1948,MATCH($AE$2:$AE$270,[1]Sheet1!$G$2:$G$1948,0),8),"") -> 0 | AH42: =P42*AJ42 -> #DIV/0! | AI42: =Q42*AJ42 -> #DIV/0! | AJ42: =AG42/$E42 -> #DIV/0! | AL42: =IFERROR(INDEX([1]Sheet1!$A$2:$X$1948,MATCH($AK$2:$AK$270,[1]Sheet1!$G$2:$G$1948,0),8),"") -> 0 | AN42: =P42*AP42 -> #DIV/0! | AO42: =Q42*AP42 -> #DIV/0! | AP42: =AM42/$E42 -> #DIV/0!
A43: 39 | C43: 소고기양배추국 | H43: 양배추(국산)19.6%, 소고기(호주산)5.4%, 정제수, 대파, 마늘, 소금,멸치육수농축액, 국간장 | I43: .5.16. | J43: 35g / 40g(2026.05.12) | O43: =E43 -> 0 | P43: =D43 -> 0 | Q43: =D43 -> 0 | R43: g | S43: =E43 -> 0 | T43: =D43 -> 0 | U43: =D43 -> 0 | W43: 211037 | X43: =IFERROR(INDEX([1]Sheet1!$A$2:$X$1948,MATCH($W$2:$W$270,[1]Sheet1!$G$2:$G$1948,0),8),"") -> 느타리버섯(실속 균상 2Kg/EA) | Y43: 2000 | AA43: 15 | AB43: =T43*AD43 -> #DIV/0! | AC43: =U43*AD43 -> #DIV/0! | AD43: =AA43/E43 -> #DIV/0! | AE43: 204964 | AF43: =IFERROR(INDEX([1]Sheet1!$A$2:$X$1948,MATCH($AE$2:$AE$270,[1]Sheet1!$G$2:$G$1948,0),8),"") -> 냉동표고버섯(슬라이스 1Kg/PAC) | AG43: 15 | AH43: =P43*AJ43 -> #DIV/0! | AI43: =Q43*AJ43 -> #DIV/0! | AJ43: =AG43/$E43 -> #DIV/0! | AK43: 226247 | AL43: =IFERROR(INDEX([1]Sheet1!$A$2:$X$1948,MATCH($AK$2:$AK$270,[1]Sheet1!$G$2:$G$1948,0),8),"") -> 냉동표고버섯(1.5*1.5cm다이스 1Kg/EA)
A44: 40 | C44: 열무된장국 | H44: 열무(국산)18%, 두부(대두:수입산), 양파, 파, 마늘, 된장, 멸치육수농축액, 국간장, 정제수, 소금 | I44: .5. | J44: 40g / 50g
A45: 42 | C45: 황태미역국 | H45: 미역(국산)18%, 황태(러시아산)5%, 정제수, 밥새우, 멸치육수농축액, 국간장, 참기름, 마늘, 소금 | I45: .5.9.21. | J45: 28g / 30g | L45: 320 | M45: 16 | N45: 336 | O45: =E45 -> 0 | P45: =D45 -> 0 | Q45: =D45 -> 0 | R45: g | S45: =E45 -> 0 | T45: =D45 -> 0 | U45: =D45 -> 0 | W45: 318643 | X45: =IFERROR(INDEX([1]Sheet1!$A$2:$X$1948,MATCH($W$2:$W$270,[1]Sheet1!$G$2:$G$1948,0),8),"") -> 아이누리 자른건미역(상품 200g/EA) | Y45: 200 | AA45: 3 | AB45: =T45*AD45 -> #DIV/0! | AC45: =U45*AD45 -> #DIV/0! | AD45: =AA45/E45 -> #DIV/0! | AE45: 193090 | AF45: =IFERROR(INDEX([1]Sheet1!$A$2:$X$1948,MATCH($AE$2:$AE$270,[1]Sheet1!$G$2:$G$1948,0),8),"") -> 냉동감자(절단_3~4cm 1Kg/EA) | AG45: 17 | AH45: =P45*AJ45 -> #DIV/0! | AI45: =Q45*AJ45 -> #DIV/0! | AJ45: =AG45/$E45 -> #DIV/0! | AL45: =IFERROR(INDEX([1]Sheet1!$A$2:$X$1948,MATCH($AK$2:$AK$270,[1]Sheet1!$G$2:$G$1948,0),8),"") -> 0
A46: 43 | C46: 소고기숙주국 | H46: 숙주(녹두:외국산)20%, 소고기(호주산)8%, 정제수, 대파, 마늘, 멸치육수농축액, 국간장, 소금 | I46: .5.16. | J46: 멸치육수농축액(면사랑) 35g / 40g
A47: 44 | C47: 맑은아귀국 | H47: 아귀(국산)8%, 콩나물(콩:수입산), 무(국내산), 파, 마늘, 정제수, 국간장, 소금 | I47: .5. | J47: 45g / 50g
A48: 45 | C48: 시금치된장국 | H48: 시금치(중국산)23%, 양파, 대파, 마늘, 정제수, 된장, 국간장, 멸치육수농축액, 소금 | I48: .5. | J48: 멸치육수농축액(면사랑) 40g / 55g
A49: 46 | C49: 들깨무채국 | H49: 무(국산)20%, 두부(콩:미국,호주,캐나다등), 거피들깨(중국산), 대파, 마늘, 멸치육수농축액, 정제수, 소금 | I49: .5.22. | J49: 45g / 50g
C50: 황태무채국 | H50: 무(국산)20%, 황태(러시아산)5%, 두부(콩:미국,호주,캐나다등), 대파, 마늘, 멸치육수농축액, 정제수, 소금 | I50: .5.
A51: 47 | C51: 건새우무채국 | H51: 무(국산)25%, 건새우(국산)3%, 대파, 마늘, 멸치육수농축액, 정제수, 소금 | I51: .5.9.
A52: 48 | C52: 모둠채소된장국 | H52: 모둠채소[(호박.감자.양파.느타리버섯:국산),.표고버섯(중국산)]20%, 두부(원료수입산)5%, 정제수, 된장, 대파, 마늘, 소금 | I52: .5. | J52: 50g / 60g
A53: 49 | C53: 볼어묵양배추국 | H53: 양배추(국산)15%, 볼어묵{연육53.29%(어육:중국산, 베트남산), 밀가루(밀:호주산, 미국산), 정제소금(국산), 대두유}10.5%, 정제수, 대파, 마늘, 소금, 국간장, 멸치육수농축액 | I53: .1.5.6. | J53: 볼어묵(이츠웰)40g / 45g | L53: 12870 | M53: 643.5 | N53: 13513.5 | O53: =E53 -> 0 | P53: 200 | Q53: 300 | R53: g | W53: 193090 | X53: =IFERROR(INDEX([1]Sheet1!$A$2:$X$1948,MATCH($W$2:$W$270,[1]Sheet1!$G$2:$G$1948,0),8),"") -> 냉동감자(절단_3~4cm 1Kg/EA) | Y53: 1000 | AA53: 23 | AB53: =P53*AD53 -> #DIV/0! | AC53: =Q53*AD53 -> #DIV/0! | AD53: =AA53/E53 -> #DIV/0! | AE53: 410401 | AF53: =IFERROR(INDEX([1]Sheet1!$A$2:$X$1948,MATCH($AE$2:$AE$270,[1]Sheet1!$G$2:$G$1948,0),8),"") -> 체리부로 닭다리살(무항생_100±10g/덩어리_껍질있음 KG) | AG53: 9 | AH53: =P53*AJ53 -> #DIV/0! | AI53: =Q53*AJ53 -> #DIV/0! | AJ53: =AG53/$E53 -> #DIV/0! | AL53: =IFERROR(INDEX([1]Sheet1!$A$2:$X$1948,MATCH($AK$2:$AK$270,[1]Sheet1!$G$2:$G$1948,0),8),"") -> 0 | AN53: =P53*AP53 -> #DIV/0! | AO53: =Q53*AP53 -> #DIV/0! | AP53: =AM53/$E53 -> #DIV/0!
A54: 50 | C54: 시래기된장국 | H54: 시래기(무청시래기:국산)25%, 양파, 대파, 마늘, 정제수, 된장, 멸치육수농축액, 소금 | I54: .5. | J54: 35g / 40g | O54: =E54 -> 0 | R54: g | W54: 223307 | X54: =IFERROR(INDEX([1]Sheet1!$A$2:$X$1948,MATCH($W$2:$W$270,[1]Sheet1!$G$2:$G$1948,0),8),"") -> 냉동얼갈이(IQF 1Kg/EA) | Y54: 1000 | AA54: 26 | AB54: =P54*AD54 -> #DIV/0! | AC54: =Q54*AD54 -> #DIV/0! | AD54: =AA54/E54 -> #DIV/0! | AF54: =IFERROR(INDEX([1]Sheet1!$A$2:$X$1948,MATCH($AE$2:$AE$270,[1]Sheet1!$G$2:$G$1948,0),8),"") -> 0 | AH54: =P54*AJ54 -> #DIV/0! | AI54: =Q54*AJ54 -> #DIV/0! | AJ54: =AG54/$E54 -> #DIV/0! | AL54: =IFERROR(INDEX([1]Sheet1!$A$2:$X$1948,MATCH($AK$2:$AK$270,[1]Sheet1!$G$2:$G$1948,0),8),"") -> 0 | AN54: =P54*AP54 -> #DIV/0! | AO54: =Q54*AP54 -> #DIV/0! | AP54: =AM54/$E54 -> #DIV/0!
A55: 51 | C55: 소고기콩나물국 | H55: 콩나물(원료수입산)20%, 소고기(호주산)10.5%, 정제수, 대파, 마늘, 소금,멸치육수농축액, 국간장 | I55: .5.16. | J55: 35g / 45g
A56: 52 | C56: 올갱이된장국 | H56: 얼갈이(국산) 20%, 다슬기(국산)3%, 된장(콩:원료수입산), 파, 마늘, 양파, 정제수, 국간장, 소금, | I56: .5. | J56: 30g / 35g
A57: 53 | C57: 표고계란탕 | H57: 계란(국산)20%, 표고(국산)3%, 파, 마늘, 멸치육수농축액, 정제수, 소금 | I57: .1.5.
A58: 54 | C58: 사골미역국 | H58: 불린미역(국내산)25%, 사골육수 [우잡뼈(한우)사골액기스 {정제수, 사골농축액17%(호주산) 천일염}, 정제수], 참기름, 국간장, 밥새우, 소금 | I58: .2.5.6.9.12.16. | J58: 28g / 30g
A59: 55 | C59: 순살삼계탕 | H59: 닭고기(국산)12%, 무(국산)10%, 곰탕육수(정제수, 황기, 대추, 당귀, 헛개나무, 엄나무, 오가피:국산), 파, 마늘, 소금 | I59: .5.15. | J59: 40g / 50g
A60: 41 | C60: 닭봉삼계탕 | H60: 닭봉(국산)36%, 무(국산)7%, 삼계탕육수(정제수, 황기, 대추, 당귀, 허개나무, 엄나무, 오가피 : 국산), 파, 마늘, 소금 | I60: .5.15.
A61: 56 | C61: 순두부탕 | H61: 순두부(대두:미국,태나다.중국 등)70%, 정제수, 멸치육수농축액, 국간장 | I61: .5. | J61: 몽글순두부(풀무원)
A62: 57 | C62: 부대찌개 | H62: 모둠햄{켄터키후랑크[닭고기(국산)20%,돼지고기(국산)],스모크햄[돼지고기(국산),닭고기(국산)]}18%, 카보트후랑크소세지(미국산)7%, 베이키드빈스[강낭콩(중국산),토마토페이스트(중국산)]2%, 배추김치[배추(국내산),고춧가루(국내산)]5%, 사골액기스,양파, 파, 마늘, 정제수, 고춧가루(국내산), 국간장, 소금, 후추 | I62: .2.5.6.10.15.16. | J62: 사골엑기스(이츠웰), 모둠햄(대림선) | L62: 42080 | M62: 2104 | N62: 44184 | O62: =E62 -> 0 | P62: =D62 -> 0 | Q62: =D62 -> 0 | R62: g | S62: =E62 -> 0 | T62: =D62 -> 0 | U62: =D62 -> 0 | W62: 204418 | X62: =IFERROR(INDEX([1]Sheet1!$A$2:$X$1948,MATCH($W$2:$W$270,[1]Sheet1!$G$2:$G$1948,0),8),"") -> 무우(특품 9~12개입 18Kg/BOX) | Y62: 18000 | AA62: 32 | AB62: =T62*AD62 -> #DIV/0! | AC62: =U62*AD62 -> #DIV/0! | AD62: =AA62/E62 -> #DIV/0! | AE62: 313064 | AF62: =IFERROR(INDEX([1]Sheet1!$A$2:$X$1948,MATCH($AE$2:$AE$270,[1]Sheet1!$G$2:$G$1948,0),8),"") -> 아이누리 오징어몸채(500g/EA) | AG62: 20 | AH62: =P62*AJ62 -> #DIV/0! | AI62: =Q62*AJ62 -> #DIV/0! | AJ62: =AG62/$E62 -> #DIV/0! | AL62: =IFERROR(INDEX([1]Sheet1!$A$2:$X$1948,MATCH($AK$2:$AK$270,[1]Sheet1!$G$2:$G$1948,0),8),"") -> 0
A63: 58 | C63: 부대햄볶음 | H63: 모둠햄{켄터키후랑크[닭고기(국산)20%,돼지고기(국산)],스모크햄[돼지고기(국산),닭고기(국산)]}18%, 베이크드빈(원료수입산)3%, 양배추, 양파, 파, 마늘, 대두유, 케첩, 간장, 설탕, 고춧가루, 치킨스톡, 물엿, 후추 | I63: .2.5.6.10.12.15.16. | J63: 사골엑기스(이츠웰), 모둠햄(선진)
A64: 59 | C64: 황태감자국 | H64: 감자(국산)17%, 황태(러시아산)3%, 양파, 파, 마늘, 멸치육수농축액, 정제수, 소금 | I64: .5.
A65: 60 | C65: 두부된장국 | H65: 두부(콩:미국,캐나다,호주등)13%, 모둠버섯[새송이(국산), 표고(중국산),]10%, 양파, 파, 마늘, 된장, 멸치육수농축액, 정제수, 소금 | I65: .5. | J65: 판두부(이츠웰)
A66: 61 | C66: 팽이미소국 | H66: 미역(국산)10%, 팽이버섯(국산)8%, 미소된장(국산), 멸치육수농축액, 정제수, 소금 | I66: .5. | O66: =E66 -> 0 | P66: =D66 -> 0 | Q66: =D66 -> 0 | R66: g | S66: =E66 -> 0 | T66: =D66 -> 0 | U66: =D66 -> 0 | W66: 105902 | X66: =IFERROR(INDEX([1]Sheet1!$A$2:$X$1948,MATCH($W$2:$W$270,[1]Sheet1!$G$2:$G$1948,0),8),"") -> 아와세 아까미소(일식용 1Kg/EA) | Y66: 1000 | AA66: 15 | AB66: =T66*AD66 -> #DIV/0! | AC66: =U66*AD66 -> #DIV/0! | AD66: =AA66/E66 -> #DIV/0! | AE66: 318643 | AF66: =IFERROR(INDEX([1]Sheet1!$A$2:$X$1948,MATCH($AE$2:$AE$270,[1]Sheet1!$G$2:$G$1948,0),8),"") -> 아이누리 자른건미역(상품 200g/EA) | AG66: 3 | AH66: =P66*AJ66 -> #DIV/0! | AI66: =Q66*AJ66 -> #DIV/0! | AJ66: =AG66/$E66 -> #DIV/0! | AK66: 266412 | AL66: =IFERROR(INDEX([1]Sheet1!$A$2:$X$1948,MATCH($AK$2:$AK$270,[1]Sheet1!$G$2:$G$1948,0),8),"") -> 한미식품 유부(슬라이스 1Kg/EA)
A67: 62 | C67: 오징어콩나물국 | H67: 콩나물(원료수입산)13%, 무(국산)10%, 오징어(미국산,국산)5%, 대파, 마늘, 정제수, 멸치육수농축액, 국간장, 소금 | I67: .5.17. | J67: 30g / 35g
A68: 63 | C68: 얼갈이된장국 | H68: 얼갈이(국산) 23%, 된장(콩:원료수입산), 파, 마늘, 양파, 정제수, 멸치육수농축액, 국간장, 소금, | I68: .5. | J68: 30g / 35g | O68: =E68 -> 0 | P68: =D68 -> 0 | Q68: =D68 -> 0 | R68: g | S68: =E68 -> 0 | T68: =D68 -> 0 | U68: =D68 -> 0 | W68: 219387 | X68: =IFERROR(INDEX([1]Sheet1!$A$2:$X$1948,MATCH($W$2:$W$270,[1]Sheet1!$G$2:$G$1948,0),8),"") -> 냉동배추우거지(1Kg/EA) | Y68: 1000 | AA68: 26 | AB68: =T68*AD68 -> #DIV/0! | AC68: =U68*AD68 -> #DIV/0! | AD68: =AA68/E68 -> #DIV/0! | AE68: 168257 | AF68: =IFERROR(INDEX([1]Sheet1!$A$2:$X$1948,MATCH($AE$2:$AE$270,[1]Sheet1!$G$2:$G$1948,0),8),"") -> 명품 판두부(찌개용 3Kg/EA) | AG68: 17 | AH68: =P68*AJ68 -> #DIV/0! | AI68: =Q68*AJ68 -> #DIV/0! | AJ68: =AG68/$E68 -> #DIV/0! | AL68: =IFERROR(INDEX([1]Sheet1!$A$2:$X$1948,MATCH($AK$2:$AK$270,[1]Sheet1!$G$2:$G$1948,0),8),"") -> 0
A69: 64 | C69: 소고기버섯국 | H69: 버섯 [느타리,새송이:국산)]18%, 소고기(호주산)10%, 양파, 정제수, 마늘, 대파, 국간장, 소금 | I69: .5.16. | O69: =E69 -> 0 | P69: =D69 -> 0 | Q69: =D69 -> 0 | R69: g | S69: =E69 -> 0 | T69: =D69 -> 0 | U69: =D69 -> 0 | W69: 318643 | X69: =IFERROR(INDEX([1]Sheet1!$A$2:$X$1948,MATCH($W$2:$W$270,[1]Sheet1!$G$2:$G$1948,0),8),"") -> 아이누리 자른건미역(상품 200g/EA) | Y69: 200 | AA69: 3 | AB69: =T69*AD69 -> #DIV/0! | AC69: =U69*AD69 -> #DIV/0! | AD69: =AA69/E69 -> #DIV/0! | AE69: 424285 | AF69: =IFERROR(INDEX([1]Sheet1!$A$2:$X$1948,MATCH($AE$2:$AE$270,[1]Sheet1!$G$2:$G$1948,0),8),"") -> 소양지(3*2*0.3cm_저지방 키즈용_국거리용 KG) | AG69: 10 | AH69: =P69*AJ69 -> #DIV/0! | AI69: =Q69*AJ69 -> #DIV/0! | AJ69: =AG69/$E69 -> #DIV/0! | AL69: =IFERROR(INDEX([1]Sheet1!$A$2:$X$1948,MATCH($AK$2:$AK$270,[1]Sheet1!$G$2:$G$1948,0),8),"") -> 0
C70: 닭고기버섯국 | H70: 닭고기(국내산)7%, 버섯 [느타리,새송이:국산)]5%, 무(국산), 양파, 정제수, 마늘, 대파, 치킨스톡, 국간장, 소금 | I70: .5.15. | J70: 40g / 50g
A71: 65 | C71: 소고기감자국 | H71: 감자(국내산)18%, 소고기(호주산,미국산)7%, 양파, 정제수, 마늘, 대파, 국간장, 소금 | I71: .5.16.
A72: 66 | C72: 냉이된장국 | H72: 냉이(국산)7.8%, 모둠채소[느타리버섯(국산)), 무(국산), 양파(국산) ]13%, 파, 마늘, 된장, 정제수, 멸치육수농축액, 소금 | I72: .5.18.
A73: 67 | C73: 황태콩나물국 | H73: 콩나물(콩:외국산)16% , 황태채(러시아산)5%, 대파, 마늘, 참기름, 정제수, 소금 | I73: .5.21. | J73: 30g / 35g
A74: 68 | C74: 황태계란국 | H74: 계란(국산)10%, 황태채(러시아산)5%, 양파, 파, 마늘, 정제수, 참기름, 국간장, 소금 | I74: .1.5.21. | O74: =E74 -> 0 | P74: =D74 -> 0 | Q74: =D74 -> 0 | R74: g | S74: =E74 -> 0 | T74: =D74 -> 0 | U74: =D74 -> 0 | W74: 143422 | X74: =IFERROR(INDEX([1]Sheet1!$A$2:$X$1948,MATCH($W$2:$W$270,[1]Sheet1!$G$2:$G$1948,0),8),"") -> 이츠웰 순두부(1Kg/EA) | Y74: 1000 | AA74: 43 | AB74: =T74*AD74 -> #DIV/0! | AC74: =U74*AD74 -> #DIV/0! | AD74: =AA74/E74 -> #DIV/0! | AE74: 138570 | AF74: =IFERROR(INDEX([1]Sheet1!$A$2:$X$1948,MATCH($AE$2:$AE$270,[1]Sheet1!$G$2:$G$1948,0),8),"") -> 면사랑 멸치육수(1.8L_보급형 1.8Kg/EA) | AH74: =P74*AJ74 -> #DIV/0! | AI74: =Q74*AJ74 -> #DIV/0! | AJ74: =AG74/$E74 -> #DIV/0! | AL74: =IFERROR(INDEX([1]Sheet1!$A$2:$X$1948,MATCH($AK$2:$AK$270,[1]Sheet1!$G$2:$G$1948,0),8),"") -> 0
A75: 69 | C75: 모둠채소맑은국 | H75: 모둠채소[호박,감자,무,양파:국내산]25%, 파, 마늘, 정제수, 멸치육수농축액, 국간장, 소금 | I75: .5. | L75: 540 | M75: 27 | N75: 567 | O75: =E75 -> 0 | P75: =D75 -> 0 | Q75: =D75 -> 0 | R75: g | S75: =E75 -> 0 | T75: =D75 -> 0 | U75: =D75 -> 0 | W75: 318643 | X75: =IFERROR(INDEX([1]Sheet1!$A$2:$X$1948,MATCH($W$2:$W$270,[1]Sheet1!$G$2:$G$1948,0),8),"") -> 아이누리 자른건미역(상품 200g/EA) | Y75: 200 | AA75: 3 | AB75: =T75*AD75 -> #DIV/0! | AC75: =U75*AD75 -> #DIV/0! | AD75: =AA75/E75 -> #DIV/0! | AF75: =IFERROR(INDEX([1]Sheet1!$A$2:$X$1948,MATCH($AE$2:$AE$270,[1]Sheet1!$G$2:$G$1948,0),8),"") -> 0 | AH75: =P75*AJ75 -> #DIV/0! | AI75: =Q75*AJ75 -> #DIV/0! | AJ75: =AG75/$E75 -> #DIV/0! | AL75: =IFERROR(INDEX([1]Sheet1!$A$2:$X$1948,MATCH($AK$2:$AK$270,[1]Sheet1!$G$2:$G$1948,0),8),"") -> 0
A76: 70 | C76: 들깨미역국 | H76: 불린미역(국산)23%, 정제수, 거피들깨(중국산), 참기름, 국간장, 밥새우, 멸치육수농축액, 마늘, 소금 | I76: .5.9.21.22. | J76: 25g / 30g | L76: 16590 | M76: 829.5 | N76: 17419.5 | O76: =E76 -> 0 | P76: =D76 -> 0 | Q76: =D76 -> 0 | R76: g | S76: =E76 -> 0 | T76: =D76 -> 0 | U76: =D76 -> 0 | W76: 204418 | X76: =IFERROR(INDEX([1]Sheet1!$A$2:$X$1948,MATCH($W$2:$W$270,[1]Sheet1!$G$2:$G$1948,0),8),"") -> 무우(특품 9~12개입 18Kg/BOX) | Y76: 18000 | AA76: 28 | AB76: =T76*AD76 -> #DIV/0! | AC76: =U76*AD76 -> #DIV/0! | AD76: =AA76/E76 -> #DIV/0! | AE76: 424285 | AF76: =IFERROR(INDEX([1]Sheet1!$A$2:$X$1948,MATCH($AE$2:$AE$270,[1]Sheet1!$G$2:$G$1948,0),8),"") -> 소양지(3*2*0.3cm_저지방 키즈용_국거리용 KG) | AG76: 17 | AH76: =P76*AJ76 -> #DIV/0! | AI76: =Q76*AJ76 -> #DIV/0! | AJ76: =AG76/$E76 -> #DIV/0! | AL76: =IFERROR(INDEX([1]Sheet1!$A$2:$X$1948,MATCH($AK$2:$AK$270,[1]Sheet1!$G$2:$G$1948,0),8),"") -> 0
C77: 건새우미역국 | H77: 불린미역(국산)23%, 건새우(국내산),3%, 정제수, 참기름, 국간장, 밥새우, 멸치육수농축액, 마늘, 소금 | I77: .5.9.21.
A78: 71 | C78: 조랭이떡미역국 | H78: 미역(국산)18.6%, 조랭이떡(쌀:국산)12%, 정제수, 밥새우, 멸치육수농축액, 국간장, 참기름, 소금 | I78: .5.9.21. | J78: 40g / 50g
A79: 72 | C79: 바지락살무국 | H79: 무(국산)20%, 바지락살(중국산)5%, 두부(콩:미국.호주.캐나다등), 대파, 마늘, 국간장, 정제수, 소금
A80: 73 | C80: 유부무국 | H80: 무(국산_)18.3%, 유부(원료수입산)7%, 정제수, 국간장, 파, 마늘, 소금 | I80: .5. | J80: 30g / 35g | O80: =E80 -> 0 | P80: =D80 -> 0 | Q80: =D80 -> 0 | R80: g | S80: =E80 -> 0 | T80: =D80 -> 0 | U80: =D80 -> 0 | W80: 193090 | X80: =IFERROR(INDEX([1]Sheet1!$A$2:$X$1948,MATCH($W$2:$W$270,[1]Sheet1!$G$2:$G$1948,0),8),"") -> 냉동감자(절단_3~4cm 1Kg/EA) | Y80: 1000 | AA80: 28 | AB80: =T80*AD80 -> #DIV/0! | AC80: =U80*AD80 -> #DIV/0! | AD80: =AA80/E80 -> #DIV/0! | AE80: 226247 | AF80: =IFERROR(INDEX([1]Sheet1!$A$2:$X$1948,MATCH($AE$2:$AE$270,[1]Sheet1!$G$2:$G$1948,0),8),"") -> 냉동표고버섯(1.5*1.5cm다이스 1Kg/EA) | AH80: =P80*AJ80 -> #DIV/0! | AI80: =Q80*AJ80 -> #DIV/0! | AJ80: =AG80/$E80 -> #DIV/0! | AK80: 420010 | AL80: =IFERROR(INDEX([1]Sheet1!$A$2:$X$1948,MATCH($AK$2:$AK$270,[1]Sheet1!$G$2:$G$1948,0),8),"") -> 알로팜 계란(왕란_무항생제_68g*30입 2.04Kg/EA)
A81: 74 | C81: 감자계란국 | H81: 감자(국산)15%, 계란(국산)3.5%, 양파, 파, 마늘, 멸치육수농축액, 정제수, 소금 | I81: .1.5. | J81: 40g / 45g
A82: 75 | C82: 육개장 | H82: 소고기(호주산)8.3%, 무(국산)10%, 고사리(중국산), 숙주(녹두:외국산), 느타리버섯, 파, 마늘, 정제수, 국간장, 소금, 후추 | I82: .5.16.
A83: 76 | C83: 두부계란국 | H83: 두부(대두:수입산)18%, 계란(국내산)3.5%, 파, 마늘, 멸치육수농축액, 정제수, 소금 | I83: .1.5.
A84: 77 | C84: 어묵양배추국 | H84: 어묵(원료수입산)15%, 양배추(국산)10%, 양파, 대파, 마늘, 정제수, 국간장, 소금 | I84: .5. | J84: 35g / 40g
A85: 78 | C85: 호박잎된장국 | H85: 채소[호박잎, 호박, 감자]18%, 두부(대두:외국산)7%, 정제수, 파, 마늘, 된장, 멸치육수농축액, 국간장, 소금 | I85: .5.
A86: 79 | C86: 얼큰어묵탕 | H86: 볼어묵[연육(:중국산, 베트남산)53.29%, 설탕, 밀가루(밀:미국산, 호주산), 정제소금(국산)]18%, 무(국산)10%, 양파, 대파, 고춧가루, 멸치육수농축액, 마늘, 정제수, 국간장, 소금 | I86: .5.6. | J86: 볼어묵(이츠웰)
A87: 80 | C87: 볼어묵국 | H87: 볼어묵[연육(:중국산, 베트남산)]18%, 무(국산)7%, 양파, 대파, 마늘, 정제수, 국간장, 소금 | I87: .5.6. | J87: 40g / 45g볼어묵(이츠웰) | L87: 480 | M87: 24 | N87: 504 | O87: =E87 -> 0 | P87: =D87 -> 0 | Q87: =D87 -> 0 | R87: g | S87: =E87 -> 0 | T87: =D87 -> 0 | U87: =D87 -> 0 | W87: 221871 | X87: =IFERROR(INDEX([1]Sheet1!$A$2:$X$1948,MATCH($W$2:$W$270,[1]Sheet1!$G$2:$G$1948,0),8),"") -> 냉동시금치(IQF 1Kg/EA) | Y87: 1000 | AA87: 21 | AB87: =T87*AD87 -> #DIV/0! | AC87: =U87*AD87 -> #DIV/0! | AD87: =AA87/E87 -> #DIV/0! | AE87: 168384 | AF87: =IFERROR(INDEX([1]Sheet1!$A$2:$X$1948,MATCH($AE$2:$AE$270,[1]Sheet1!$G$2:$G$1948,0),8),"") -> 사조대림 사각어묵(알뜰 1Kg/EA) | AG87: 17 | AH87: =P87*AJ87 -> #DIV/0! | AI87: =Q87*AJ87 -> #DIV/0! | AJ87: =AG87/$E87 -> #DIV/0! | AL87: =IFERROR(INDEX([1]Sheet1!$A$2:$X$1948,MATCH($AK$2:$AK$270,[1]Sheet1!$G$2:$G$1948,0),8),"") -> 0
A88: 81 | C88: 배추된장국 | H88: 데친배추(배추:국산)18%, 두부(대두:수입산), 양파, 대파, 마늘, 된장, 정제수, 멸치육수농축액, 국간장 | I88: .5. | J88: 멸치육수농축액(면사랑) | L88: 25650 | M88: 1282.5 | N88: 26932.5 | O88: =E88 -> 0 | P88: =D88 -> 0 | Q88: =D88 -> 0 | R88: g | S88: =E88 -> 0 | T88: =D88 -> 0 | U88: =D88 -> 0 | W88: 211696 | X88: =IFERROR(INDEX([1]Sheet1!$A$2:$X$1948,MATCH($W$2:$W$270,[1]Sheet1!$G$2:$G$1948,0),8),"") -> 건시래기(데친것 KG) | Y88: 1000 | AA88: 24 | AB88: =T88*AD88 -> #DIV/0! | AC88: =U88*AD88 -> #DIV/0! | AD88: =AA88/E88 -> #DIV/0! | AE88: 313570 | AF88: =IFERROR(INDEX([1]Sheet1!$A$2:$X$1948,MATCH($AE$2:$AE$270,[1]Sheet1!$G$2:$G$1948,0),8),"") -> 프레시웨이 북어채(1Kg/EA) | AG88: 8 | AH88: =P88*AJ88 -> #DIV/0! | AI88: =Q88*AJ88 -> #DIV/0! | AJ88: =AG88/$E88 -> #DIV/0! | AL88: =IFERROR(INDEX([1]Sheet1!$A$2:$X$1948,MATCH($AK$2:$AK$270,[1]Sheet1!$G$2:$G$1948,0),8),"") -> 0
A89: 82 | C89: 봄동바지락된장국 | H89: 봄동(국산)18.8%, 바지락(중국산)5%, 정제수, 양파, 마늘, 파, 된장, 멸치육수농축액, 국간장, 소금 | I89: .5.18. | O89: =E89 -> 0 | P89: =D89 -> 0 | Q89: =D89 -> 0 | R89: g | S89: =E89 -> 0 | T89: =D89 -> 0 | U89: =D89 -> 0 | W89: 221871 | X89: =IFERROR(INDEX([1]Sheet1!$A$2:$X$1948,MATCH($W$2:$W$270,[1]Sheet1!$G$2:$G$1948,0),8),"") -> 냉동시금치(IQF 1Kg/EA) | Y89: 1000 | AA89: 42 | AB89: =T89*AD89 -> #DIV/0! | AC89: =U89*AD89 -> #DIV/0! | AD89: =AA89/E89 -> #DIV/0! | AE89: 105943 | AF89: =IFERROR(INDEX([1]Sheet1!$A$2:$X$1948,MATCH($AE$2:$AE$270,[1]Sheet1!$G$2:$G$1948,0),8),"") -> 대상 재래된장(지함_재래식숙성 14Kg/EA) | AH89: =P89*AJ89 -> #DIV/0! | AI89: =Q89*AJ89 -> #DIV/0! | AJ89: =AG89/$E89 -> #DIV/0! | AL89: =IFERROR(INDEX([1]Sheet1!$A$2:$X$1948,MATCH($AK$2:$AK$270,[1]Sheet1!$G$2:$G$1948,0),8),"") -> 0
A90: 83 | C90: 감자버섯된장국 | H90: 감자(국내산)10%, 모둠버섯(표고:중국산, 새송이, 느타리:국산)7%, 두부(대두:수입산), 양파, 정제수, 된장(콩:수입산), 멸치육수농축액, 마늘, 파, 소금 | I90: .5. | J90: 겨울시즌 : 냉이 추가
A91: 84 | C91: 바지락콩나물국 | H91: 콩나물(원료수입산)16%, 바지락(중국산)7%, 바지락육수, 대파, 마늘, 고추가루, 정제수, 국간장, 소금 | I91: .5.
A92: 85 | C92: 콩나물어묵국 | H92: 콩나물(콩:수입산)15%, 어묵(원료수입산)10%, 양파, 파, 마늘, 정제수, 국간장, 소금 | I92: .5.6. | L92: 350 | M92: 17.5 | N92: 367.5 | O92: =E92 -> 0 | P92: =D92 -> 0 | Q92: =D92 -> 0 | R92: g | S92: =E92 -> 0 | T92: =D92 -> 0 | U92: =D92 -> 0 | W92: 197120 | X92: =IFERROR(INDEX([1]Sheet1!$A$2:$X$1948,MATCH($W$2:$W$270,[1]Sheet1!$G$2:$G$1948,0),8),"") -> 종가집 포기김치(숙성 10Kg/BOX) | Y92: 10000 | AA92: 21 | AB92: =T92*AD92 -> #DIV/0! | AC92: =U92*AD92 -> #DIV/0! | AD92: =AA92/E92 -> #DIV/0! | AE92: 192872 | AF92: =IFERROR(INDEX([1]Sheet1!$A$2:$X$1948,MATCH($AE$2:$AE$270,[1]Sheet1!$G$2:$G$1948,0),8),"") -> 소이원 콩나물(곱슬이_단채 4Kg/BOX) | AG92: 15 | AH92: =P92*AJ92 -> #DIV/0! | AI92: =Q92*AJ92 -> #DIV/0! | AJ92: =AG92/$E92 -> #DIV/0! | AL92: =IFERROR(INDEX([1]Sheet1!$A$2:$X$1948,MATCH($AK$2:$AK$270,[1]Sheet1!$G$2:$G$1948,0),8),"") -> 0
A93: 86 | C93: 순두부계란탕 | H93: 순두부(원료수입산)42.9%, 계란(국내산)7%, 당근, 파, 마늘, 정제수, 멸치육수농축액, 국간장, 소금 | I93: .1.5.
A94: 87 | C94: 얼큰순두부찌개 | H94: 순두부(원료수입산)42.9%, 바지락살(중국산)3%, 호박, 양파, 파, 마늘, 정제수, 고춧가루, 고추기름, 국간장, 참치액, 소금 | I94: .5.9.18.
A95: 88 | C95: 해물순두부찌개 | H95: 순두부(대두:수입산)42.9%, 해물[바지락살(중국산), 칵테일새우(베트남산), 오징어(미국산)]7%, 양파, 파, 마늘, 정제수, 멸치육수농축액, 고춧가루, 국간장,소금 | I95: .5.9.17.18.
A96: 89 | C96: 굴림만두국 | H96: 굴림만두(돼지고기:국산), 두부, 양배추, 양파, 부추, 대파, 난백, 밀가루, 참기름)35%, 계란(국산), 정제수, 멸치육수농축액, 마늘, 파, 소금 | I96: .1.2.5.6.10.16.21.
A97: 90 | C97: 통다리삼계탕 | H97: 닭다리(장각:국산)60%, 삼계탕육수(정제수, 황기,대추,당귀,헛개나무, 엄나무,오가피:국산)38%, 소금, 대파, 마늘, 후추 | I97: .15.
A98: 91 | C98: 무채콩나물국 | H98: 콩나물(원료수입산)16%, 무(국산)10%, 대파, 마늘, 정제수, 멸치육수농축액, 국간장, 소금 | I98: .5.
A99: 92 | C99: 꼬치어묵국 | H99: 어묵[연육:베트남산, 밀가루(밀:호주산, 미국산)]21.3%, 무(국산)5%, 양파, 파, 마늘, 정제수, 멸치육수농축액, 소금 | I99: .5.6. | J99: 꼬치어묵(삼호)
A100: 93 | C100: 돈육고추장찌개 | H100: 돈육(국산)8%, 두부(원료수입산)7%, 애호박, 양파, 파, 마늘, 고추장, 고추가루, 국간장, 소금 | I100: .5.6.10. | J100: 70g
...

Sheet 08-03
B1: 2026-08-03(월) | M1: *한입해쉬브라운 : 9g(개당) | P1: *양송이떡갈비 : 1.5ea, 1.75, 2 | S1: *양배추당근라페 : 20g / 30g
B2: 출고일 | C2: 구분 | D2: 품명 | E2: 중량(g) | F2: 수량(장) | G2: 자재사용내역 | H2: 알러지 표기 | I2: 배송시점 | J2: 제공인원 | K2: 총생산량(Kg) | L2: 메 모 | M2: *샐러드 채소 : 15g, 20g ,25g | P2: *야채고기말이 : 1.1, 1.5, 1.5 | S2: *고구마튀김35g / 45g
B3: 중식 | C3: 밥 | D3: 친환경찰현미쌀밥 | E3: 140 | G3: =IFERROR(INDEX(레시피북!$C$2:$H$618,MATCH($D3,레시피북!$C$2:$C$618,0),6),"") -> 쌀(국산)90%, 현미(국산.친환경)5%, 정제수 | H3: =IFERROR(INDEX(레시피북!$D$2:$J$611,MATCH($D3,레시피북!$C$2:$C$611,0),6),"") -> 0 | I3: 2026-08-03 09:30~ | J3: 2605 | K3: 386710 | L3: =IFERROR(INDEX(레시피북!$C$2:$J$611,MATCH($D3,레시피북!$C$2:$C$611,0),8),"") -> 0 | M3: *웨지감자 : 25g / 30g | O3: *어묵채구이:12g / 15g | S3: 한입새우튀김 : 30g / 40g / 50g (소스15g)
C4: 국 | D4: 두부탕국 | E4: 150 | G4: =IFERROR(INDEX(레시피북!$C$2:$H$618,MATCH($D4,레시피북!$C$2:$C$618,0),6),"") -> 두부(원료수입산)18%, 무(국산)10%,, 파, 마늘, 정제수, 멸치육수농축액, 국간장, 소금 | H4: =IFERROR(INDEX(레시피북!$D$2:$J$611,MATCH($D4,레시피북!$C$2:$C$611,0),6),"") -> .5. | I4: 2026-08-03 09:30~ | J4: 2605 | K4: 392590 | L4: =IFERROR(INDEX(레시피북!$C$2:$J$611,MATCH($D4,레시피북!$C$2:$C$611,0),8),"") -> 멸치육수농축액(면사랑) 40g / 45g ) | M4: *꼬마돈까스: 25g, 중구청 35g | P4: *족발:45g / 55g | S4: *갈비만두 : 성분표기 인당1개 / 식수 인당1.5개
C5: 메인 | D5: 유니짜장덮밥소스 | E5: 110 | G5: =IFERROR(INDEX(레시피북!$C$2:$H$618,MATCH($D5,레시피북!$C$2:$C$618,0),6),"") -> 돼지고기(국내산)14.9%, 모둠채소[양배추, 양파, 감자, 당근]25%, 대파, 마늘, 대두유 ,춘장, 짜장분말, 정제수, 전분 | H5: =IFERROR(INDEX(레시피북!$D$2:$J$611,MATCH($D5,레시피북!$C$2:$C$611,0),6),"") -> .2.5.6.10.15.16. | I5: 2026-08-03 09:30~ | J5: 2605 | K5: 326595 | L5: =IFERROR(INDEX(레시피북!$C$2:$J$611,MATCH($D5,레시피북!$C$2:$C$611,0),8),"") -> 짜장분말(오뚜기), 춘장(신송식품) | M5: *오징어볼탕수 : 35g / 45g/ 70g 소스 : 20g | S5: *생선통살탕수 : 40g / 50g / 교사 70g, 소스 25g 개당 12g
C6: 반찬1 | D6: 계란후라이 | F6: 1 | G6: =IFERROR(INDEX(레시피북!$C$2:$H$618,MATCH($D6,레시피북!$C$2:$C$618,0),6),"") -> 계란(국산)90%, 대두유, 옥수수전분, 정제소금, 설탕 외 | H6: =IFERROR(INDEX(레시피북!$D$2:$J$611,MATCH($D6,레시피북!$C$2:$C$611,0),6),"") -> .1.5.18. | I6: 2026-08-03 09:30~ | J6: 2605 | K6: 2761.8 | L6: =IFERROR(INDEX(레시피북!$C$2:$J$611,MATCH($D6,레시피북!$C$2:$C$611,0),8),"") -> 풍림푸드 | M6: *표고강정 : 30g(35g) | P6: *훈제오리 : 40g / 50g | S6: *해물전:1000680205(삼성웰스토리)
C7: 반찬2 | D7: 숙주나물 | E7: 25 | G7: =IFERROR(INDEX(레시피북!$C$2:$H$618,MATCH($D7,레시피북!$C$2:$C$618,0),6),"") -> 숙주(녹두:외국산)90%, 당근, 마늘, 대파, 참치액, 소금, 참기름, 참깨 | H7: =IFERROR(INDEX(레시피북!$D$2:$J$611,MATCH($D7,레시피북!$C$2:$C$611,0),6),"") -> .5.21. | I7: 2026-08-03 09:30~ | J7: 2605 | K7: 81242.5 | L7: =IFERROR(INDEX(레시피북!$C$2:$J$611,MATCH($D7,레시피북!$C$2:$C$611,0),8),"") -> 0 | M7: *탕수육40g(중구청50g) ,소스25g | P7: *마카로니.콘샐러드 : 30g | S7: *통등심돈까스:50g / 소스 25g
C8: 반찬3 | D8: 배추김치 | E8: 25 | G8: =IFERROR(INDEX(레시피북!$C$2:$H$618,MATCH($D8,레시피북!$C$2:$C$618,0),6),"") -> 절임배추64.0%[배추(국산),무(국산),종가김치전용풀(쌀:국산)], 토마토페이스트(토마토:미국산)2.7%,[멸치액젓, 양파,다시마농축액,고춧가루,마늘,대파,새우액젓,김치유산균발효액,생강양념,호화쌀혼합분말]국산 | H8: =IFERROR(INDEX(레시피북!$D$2:$J$611,MATCH($D8,레시피북!$C$2:$C$611,0),6),"") -> .9.12. | I8: 2026-08-03 09:30~ | J8: 2605 | K8: 70150 | L8: =IFERROR(INDEX(레시피북!$C$2:$J$611,MATCH($D8,레시피북!$C$2:$C$611,0),8),"") -> 토마토김치(종가집) | M8: *건두부무침 : 25g / 35g | P8: *파르펠레냉파스타:30g | S8: *족발부추무침 : 45g, 55g
C9: 보존식 | G9: 포도클럽 : 백김치 | J9: 1 | K9: 0.25
B10: 글로벌 리더스 . 석식 | C10: 밥 | D10: 친환경찰현미쌀밥 | E10: 150 | G10: =IFERROR(INDEX(레시피북!$C$2:$H$618,MATCH($D10,레시피북!$C$2:$C$618,0),6),"") -> 쌀(국산)90%, 현미(국산.친환경)5%, 정제수 | H10: =IFERROR(INDEX(레시피북!$D$2:$J$611,MATCH($D10,레시피북!$C$2:$C$611,0),6),"") -> 0 | I10: 2026-08-03 14:30~ | J10: 48 | K10: 7650 | L10: =IFERROR(INDEX(레시피북!$C$2:$J$611,MATCH($D10,레시피북!$C$2:$C$611,0),8),"") -> 0 | M10: *영양찜닭:85g / 95g | P10: *소고기가지볶음 : 30g | S10: *춘장닭불고기 : 70g / 80g
C11: 국 | D11: 두부탕국 | E11: 160 | G11: =IFERROR(INDEX(레시피북!$C$2:$H$618,MATCH($D11,레시피북!$C$2:$C$618,0),6),"") -> 두부(원료수입산)18%, 무(국산)10%,, 파, 마늘, 정제수, 멸치육수농축액, 국간장, 소금 | H11: =IFERROR(INDEX(레시피북!$D$2:$J$611,MATCH($D11,레시피북!$C$2:$C$611,0),6),"") -> .5. | I11: 2026-08-03 14:30~ | J11: 48 | K11: 7850 | L11: =IFERROR(INDEX(레시피북!$C$2:$J$611,MATCH($D11,레시피북!$C$2:$C$611,0),8),"") -> 멸치육수농축액(면사랑) 40g / 45g ) | M11: *미트볼 : 개당10g | P11: *삼색소고기소보로 : 50g / 70g | S11: *훈제오리잡채 : 55g / 70g
C12: 메인 | D12: 유니짜장덮밥소스 | E12: 120 | G12: =IFERROR(INDEX(레시피북!$C$2:$H$618,MATCH($D12,레시피북!$C$2:$C$618,0),6),"") -> 돼지고기(국내산)14.9%, 모둠채소[양배추, 양파, 감자, 당근]25%, 대파, 마늘, 대두유 ,춘장, 짜장분말, 정제수, 전분 | H12: =IFERROR(INDEX(레시피북!$D$2:$J$611,MATCH($D12,레시피북!$C$2:$C$611,0),6),"") -> .2.5.6.10.15.16. | I12: 2026-08-03 14:30~ | J12: 48 | K12: 6336 | L12: =IFERROR(INDEX(레시피북!$C$2:$J$611,MATCH($D12,레시피북!$C$2:$C$611,0),8),"") -> 짜장분말(오뚜기), 춘장(신송식품)
C13: 반찬1 | D13: 계란후라이 | F13: 1 | G13: =IFERROR(INDEX(레시피북!$C$2:$H$618,MATCH($D13,레시피북!$C$2:$C$618,0),6),"") -> 계란(국산)90%, 대두유, 옥수수전분, 정제소금, 설탕 외 | H13: =IFERROR(INDEX(레시피북!$D$2:$J$611,MATCH($D13,레시피북!$C$2:$C$611,0),6),"") -> .1.5.18. | I13: 2026-08-03 14:30~ | J13: 48 | K13: 52.8 | L13: =IFERROR(INDEX(레시피북!$C$2:$J$611,MATCH($D13,레시피북!$C$2:$C$611,0),8),"") -> 풍림푸드
C14: 반찬2 | D14: 숙주나물 | E14: 40 | G14: =IFERROR(INDEX(레시피북!$C$2:$H$618,MATCH($D14,레시피북!$C$2:$C$618,0),6),"") -> 숙주(녹두:외국산)90%, 당근, 마늘, 대파, 참치액, 소금, 참기름, 참깨 | H14: =IFERROR(INDEX(레시피북!$D$2:$J$611,MATCH($D14,레시피북!$C$2:$C$611,0),6),"") -> .5.21. | I14: 2026-08-03 14:30~ | J14: 48 | K14: 1920 | L14: =IFERROR(INDEX(레시피북!$C$2:$J$611,MATCH($D14,레시피북!$C$2:$C$611,0),8),"") -> 0
C15: 반찬3 | D15: 배추김치 | E15: 35 | G15: =IFERROR(INDEX(레시피북!$C$2:$H$618,MATCH($D15,레시피북!$C$2:$C$618,0),6),"") -> 절임배추64.0%[배추(국산),무(국산),종가김치전용풀(쌀:국산)], 토마토페이스트(토마토:미국산)2.7%,[멸치액젓, 양파,다시마농축액,고춧가루,마늘,대파,새우액젓,김치유산균발효액,생강양념,호화쌀혼합분말]국산 | H15: =IFERROR(INDEX(레시피북!$D$2:$J$611,MATCH($D15,레시피북!$C$2:$C$611,0),6),"") -> .9.12. | I15: 2026-08-03 14:30~ | J15: 48 | K15: 1680 | L15: =IFERROR(INDEX(레시피북!$C$2:$J$611,MATCH($D15,레시피북!$C$2:$C$611,0),8),"") -> 토마토김치(종가집)
C16: 신당꿈 특식 | D16: 칠리새우 | E16: 70 | G16: =IFERROR(INDEX(레시피북!$C$2:$H$618,MATCH($D16,레시피북!$C$2:$C$618,0),6),"") -> 새우[새우(베트남산) 37.33%, 밀(미국산)28.32%, 대두유] 80%,칠리소스[파프리카, 완두콩, 마늘,대두유, 정제수,케첩, 설탕,식초, 전분]20% | H16: =IFERROR(INDEX(레시피북!$D$2:$J$611,MATCH($D16,레시피북!$C$2:$C$611,0),6),"") -> .1.5.6.9.17. | I16: 2026-08-03 14:30~ | J16: 28 | K16: 2320 | L16: =IFERROR(INDEX(레시피북!$C$2:$J$611,MATCH($D16,레시피북!$C$2:$C$611,0),8),"") -> 케찹(오뚜기), 한입깐쇼새우(이츠웰)
C17: 보존식 | J17: 1 | K17: 0.25
B18: 강서폴리 소풍 | C18: 밥 | G18: =IFERROR(INDEX(레시피북!$C$2:$H$618,MATCH($D18,레시피북!$C$2:$C$618,0),6),"") | H18: =IFERROR(INDEX(레시피북!$D$2:$J$611,MATCH($D18,레시피북!$C$2:$C$611,0),6),"") | I18: 2026-08-03 09:30~ | L18: =IFERROR(INDEX(레시피북!$C$2:$J$611,MATCH($D18,레시피북!$C$2:$C$611,0),8),"")
C19: 반찬1 | G19: =IFERROR(INDEX(레시피북!$C$2:$H$618,MATCH($D19,레시피북!$C$2:$C$618,0),6),"") | H19: =IFERROR(INDEX(레시피북!$D$2:$J$611,MATCH($D19,레시피북!$C$2:$C$611,0),6),"") | I19: 2026-08-03 09:30~ | L19: =IFERROR(INDEX(레시피북!$C$2:$J$611,MATCH($D19,레시피북!$C$2:$C$611,0),8),"")
G20: =IFERROR(INDEX(레시피북!$C$2:$H$618,MATCH($D20,레시피북!$C$2:$C$618,0),6),"") | H20: =IFERROR(INDEX(레시피북!$D$2:$J$611,MATCH($D20,레시피북!$C$2:$C$611,0),6),"") | I20: 2026-08-03 09:30~ | L20: =IFERROR(INDEX(레시피북!$C$2:$J$611,MATCH($D20,레시피북!$C$2:$C$611,0),8),"")
C21: 반찬2 | G21: =IFERROR(INDEX(레시피북!$C$2:$H$618,MATCH($D21,레시피북!$C$2:$C$618,0),6),"") | H21: =IFERROR(INDEX(레시피북!$D$2:$J$611,MATCH($D21,레시피북!$C$2:$C$611,0),6),"") | I21: 2026-08-03 09:30~ | L21: =IFERROR(INDEX(레시피북!$C$2:$J$611,MATCH($D21,레시피북!$C$2:$C$611,0),8),"")
C22: 반찬3 | G22: =IFERROR(INDEX(레시피북!$C$2:$H$618,MATCH($D22,레시피북!$C$2:$C$618,0),6),"") | H22: =IFERROR(INDEX(레시피북!$D$2:$J$611,MATCH($D22,레시피북!$C$2:$C$611,0),6),"") | I22: 2026-08-03 09:30~ | L22: =IFERROR(INDEX(레시피북!$C$2:$J$611,MATCH($D22,레시피북!$C$2:$C$611,0),8),"")
C23: 반찬4 | G23: =IFERROR(INDEX(레시피북!$C$2:$H$618,MATCH($D23,레시피북!$C$2:$C$618,0),6),"") | H23: =IFERROR(INDEX(레시피북!$D$2:$J$611,MATCH($D23,레시피북!$C$2:$C$611,0),6),"") | I23: 2026-08-03 09:30~ | L23: =IFERROR(INDEX(레시피북!$C$2:$J$611,MATCH($D23,레시피북!$C$2:$C$611,0),8),"")
C24: 보존식 | F24: 1 | J24: 1 | K24: 0.25

Sheet 08-04
B1: 2026-08-04(화) | M1: *한입해쉬브라운 : 9g(개당) | P1: *양송이떡갈비 : 1.5ea, 1.75, 2 | S1: *양배추당근라페 : 20g / 30g
B2: 출고일 | C2: 구분 | D2: 품명 | E2: 중량(g) | F2: 수량(장) | G2: 자재사용내역 | H2: 알러지 표기 | I2: 배송시점 | J2: 제공인원 | K2: 총생산량(Kg) | L2: 메 모 | M2: *샐러드 채소 : 15g, 20g ,25g | P2: *야채고기말이 : 1.1, 1.5, 1.5 | S2: *고구마튀김35g / 45g
B3: 중식 | C3: 밥 | D3: 친환경귀리쌀밥 | E3: 140 | G3: =IFERROR(INDEX(레시피북!$C$2:$H$618,MATCH($D3,레시피북!$C$2:$C$618,0),6),"") -> 쌀(국산)90%, 귀리(국산.친환경)5%, 정제수 | H3: =IFERROR(INDEX(레시피북!$D$2:$J$611,MATCH($D3,레시피북!$C$2:$C$611,0),6),"") -> 0 | I3: 2026-08-04 09:30~ | J3: 2618 | K3: 386850 | L3: =IFERROR(INDEX(레시피북!$C$2:$J$611,MATCH($D3,레시피북!$C$2:$C$611,0),8),"") -> 0 | M3: *웨지감자 : 25g / 30g | O3: *어묵채구이:12g / 15g | S3: 한입새우튀김 : 30g / 40g / 50g (소스15g)
C4: 국 | D4: 우삼겹된장찌개 | E4: 150 | G4: =IFERROR(INDEX(레시피북!$C$2:$H$618,MATCH($D4,레시피북!$C$2:$C$618,0),6),"") -> 모둠채소(호박, 양파, 새송이:국산)20%, 두부(콩:미국,호주,캐나다등)8%, 소고기(미국산)3%, 파, 마늘, 된장, 멸치육수농축액, 정제수, 소금 | H4: =IFERROR(INDEX(레시피북!$D$2:$J$611,MATCH($D4,레시피북!$C$2:$C$611,0),6),"") -> .5.16. | I4: 2026-08-04 09:30~ | J4: 2618 | K4: 393480 | L4: =IFERROR(INDEX(레시피북!$C$2:$J$611,MATCH($D4,레시피북!$C$2:$C$611,0),8),"") -> 50g / 60g | M4: *꼬마돈까스: 25g, 중구청 35g | P4: *족발:45g / 55g | S4: *갈비만두 : 성분표기 인당1개 / 식수 인당1.5개
C5: 메인 | D5: 닭살떡조림 | E5: 60 | G5: =IFERROR(INDEX(레시피북!$C$2:$H$618,MATCH($D5,레시피북!$C$2:$C$618,0),6),"") -> 닭고기[닭가슴살70%(국산), 닭다리살30%(브라질산)]75%, 모양떡(쌀:수입산)15%, 정제수, 간장, 물엿, 설탕, 후추, 참기름 | H5: =IFERROR(INDEX(레시피북!$D$2:$J$611,MATCH($D5,레시피북!$C$2:$C$611,0),6),"") -> .5.15.21. | I5: 2026-08-04 09:30~ | J5: 2618 | K5: 190020 | L5: =IFERROR(INDEX(레시피북!$C$2:$J$611,MATCH($D5,레시피북!$C$2:$C$611,0),8),"") -> 0 | M5: *오징어볼탕수 : 35g / 45g/ 70g 소스 : 20g | S5: *생선통살탕수 : 40g / 50g / 교사 70g, 소스 25g 개당 12g
C6: 반찬1 | D6: 햄에그롤 | F6: 2 | G6: =IFERROR(INDEX(레시피북!$C$2:$H$618,MATCH($D6,레시피북!$C$2:$C$618,0),6),"") -> 계란(전락액59.6%, 난백액18.41% :국산), 프레스햄[(돼지고기(국산),돈지방(국산), 설탕]16%, 정제소금, 다시마엑기스, 양조간장, 소고기다시 | H6: =IFERROR(INDEX(레시피북!$D$2:$J$611,MATCH($D6,레시피북!$C$2:$C$611,0),6),"") -> .1.2.5.6.10.16. | I6: 2026-08-04 09:30~ | J6: 2618 | K6: 6691.8 | L6: =IFERROR(INDEX(레시피북!$C$2:$J$611,MATCH($D6,레시피북!$C$2:$C$611,0),8),"") -> 풍요한아침 햄에그롤(풍림푸드)/15g / 160원 | M6: *표고강정 : 30g(35g) | P6: *훈제오리 : 40g / 50g | S6: *해물전:1000680205(삼성웰스토리)
C7: 반찬2 | D7: 콩나물청경채무침 | E7: 30 | G7: =IFERROR(INDEX(레시피북!$C$2:$H$618,MATCH($D7,레시피북!$C$2:$C$618,0),6),"") -> 콩나물(원료수입산)90%, 청경채(국산)2%, 마늘, 대파, 참치액, 소금, 참기름, 참깨 | H7: =IFERROR(INDEX(레시피북!$D$2:$J$611,MATCH($D7,레시피북!$C$2:$C$611,0),6),"") -> .21. | I7: 2026-08-04 09:30~ | J7: 2618 | K7: 93610 | L7: =IFERROR(INDEX(레시피북!$C$2:$J$611,MATCH($D7,레시피북!$C$2:$C$611,0),8),"") -> 0 | M7: *탕수육40g(중구청50g) ,소스25g | P7: *마카로니.콘샐러드 : 30g | S7: *통등심돈까스:50g / 소스 25g
C8: 반찬3 | D8: 깍두기 | E8: 25 | G8: =IFERROR(INDEX(레시피북!$C$2:$H$618,MATCH($D8,레시피북!$C$2:$C$618,0),6),"") -> 무(국산)85.2%, 고추가루(국산), 밀가루풀(국산), 파, 마늘, 새우젓 등 양념(국산) | H8: =IFERROR(INDEX(레시피북!$D$2:$J$611,MATCH($D8,레시피북!$C$2:$C$611,0),6),"") -> .6.9. | I8: 2026-08-04 09:30~ | J8: 2618 | K8: 72790 | L8: =IFERROR(INDEX(레시피북!$C$2:$J$611,MATCH($D8,레시피북!$C$2:$C$611,0),8),"") -> 0 | M8: *건두부무침 : 25g / 35g | P8: *파르펠레냉파스타:30g | S8: *족발부추무침 : 45g, 55g
C9: 보존식 | J9: 1 | K9: 0.25
B10: 글로벌 리더스 . 석식 | C10: 밥 | D10: 친환경귀리쌀밥 | E10: 150 | G10: =IFERROR(INDEX(레시피북!$C$2:$H$618,MATCH($D10,레시피북!$C$2:$C$618,0),6),"") -> 쌀(국산)90%, 귀리(국산.친환경)5%, 정제수 | H10: =IFERROR(INDEX(레시피북!$D$2:$J$611,MATCH($D10,레시피북!$C$2:$C$611,0),6),"") -> 0 | I10: 2026-08-04 14:30~ | J10: 49 | K10: 7800 | L10: =IFERROR(INDEX(레시피북!$C$2:$J$611,MATCH($D10,레시피북!$C$2:$C$611,0),8),"") -> 0 | M10: *영양찜닭:85g / 95g | P10: *소고기가지볶음 : 30g | S10: *춘장닭불고기 : 70g / 80g
C11: 국 | D11: 매콤우삼겹된장찌개 | E11: 160 | G11: 모둠채소(호박, 양파, 새송이:국산)20%, 두부(콩:미국,호주,캐나다등)8%, 소고기(미국산)3%, 파, 마늘, 된장, 고춧가루(국내산), 멸치육수농축액, 정제수, 소금 | H11: =IFERROR(INDEX(레시피북!$D$2:$J$611,MATCH($D11,레시피북!$C$2:$C$611,0),6),"") | I11: 2026-08-04 14:30~ | J11: 49 | K11: 8010 | L11: =IFERROR(INDEX(레시피북!$C$2:$J$611,MATCH($D11,레시피북!$C$2:$C$611,0),8),"") | M11: *미트볼 : 개당10g | P11: *삼색소고기소보로 : 50g / 70g | S11: *훈제오리잡채 : 55g / 70g
C12: 메인 | D12: 닭살떡조림 | E12: 80 | G12: =IFERROR(INDEX(레시피북!$C$2:$H$618,MATCH($D12,레시피북!$C$2:$C$618,0),6),"") -> 닭고기[닭가슴살70%(국산), 닭다리살30%(브라질산)]75%, 모양떡(쌀:수입산)15%, 정제수, 간장, 물엿, 설탕, 후추, 참기름 | H12: =IFERROR(INDEX(레시피북!$D$2:$J$611,MATCH($D12,레시피북!$C$2:$C$611,0),6),"") -> .5.15.21. | I12: 2026-08-04 14:30~ | J12: 49 | K12: 4304 | L12: =IFERROR(INDEX(레시피북!$C$2:$J$611,MATCH($D12,레시피북!$C$2:$C$611,0),8),"") -> 0
C13: 반찬1 | D13: 햄에그롤 | F13: 3 | G13: =IFERROR(INDEX(레시피북!$C$2:$H$618,MATCH($D13,레시피북!$C$2:$C$618,0),6),"") -> 계란(전락액59.6%, 난백액18.41% :국산), 프레스햄[(돼지고기(국산),돈지방(국산), 설탕]16%, 정제소금, 다시마엑기스, 양조간장, 소고기다시 | H13: =IFERROR(INDEX(레시피북!$D$2:$J$611,MATCH($D13,레시피북!$C$2:$C$611,0),6),"") -> .1.2.5.6.10.16. | I13: 2026-08-04 14:30~ | J13: 49 | K13: 151.9 | L13: =IFERROR(INDEX(레시피북!$C$2:$J$611,MATCH($D13,레시피북!$C$2:$C$611,0),8),"") -> 풍요한아침 햄에그롤(풍림푸드)/15g / 160원
C14: 반찬2 | D14: 콩나물청경채무침 | E14: 40 | G14: =IFERROR(INDEX(레시피북!$C$2:$H$618,MATCH($D14,레시피북!$C$2:$C$618,0),6),"") -> 콩나물(원료수입산)90%, 청경채(국산)2%, 마늘, 대파, 참치액, 소금, 참기름, 참깨 | H14: =IFERROR(INDEX(레시피북!$D$2:$J$611,MATCH($D14,레시피북!$C$2:$C$611,0),6),"") -> .21. | I14: 2026-08-04 14:30~ | J14: 49 | K14: 1960 | L14: =IFERROR(INDEX(레시피북!$C$2:$J$611,MATCH($D14,레시피북!$C$2:$C$611,0),8),"") -> 0
C15: 반찬3 | D15: 깍두기 | E15: 35 | G15: =IFERROR(INDEX(레시피북!$C$2:$H$618,MATCH($D15,레시피북!$C$2:$C$618,0),6),"") -> 무(국산)85.2%, 고추가루(국산), 밀가루풀(국산), 파, 마늘, 새우젓 등 양념(국산) | H15: =IFERROR(INDEX(레시피북!$D$2:$J$611,MATCH($D15,레시피북!$C$2:$C$611,0),6),"") -> .6.9. | I15: 2026-08-04 14:30~ | J15: 49 | K15: 1715 | L15: =IFERROR(INDEX(레시피북!$C$2:$J$611,MATCH($D15,레시피북!$C$2:$C$611,0),8),"") -> 0
C16: 신당꿈 특식 | D16: 과일 | F16: 1 | G16: 복숭아(국내산) | H16: =IFERROR(INDEX(레시피북!$D$2:$J$611,MATCH($D16,레시피북!$C$2:$C$611,0),6),"") | I16: 2026-08-04 14:30~ | J16: 28 | K16: 30 | L16: =IFERROR(INDEX(레시피북!$C$2:$J$611,MATCH($D16,레시피북!$C$2:$C$611,0),8),"")
C17: 보존식 | J17: 1 | K17: 0.25
B18: 강서폴리 소풍 | C18: 밥 | G18: =IFERROR(INDEX(레시피북!$C$2:$H$618,MATCH($D18,레시피북!$C$2:$C$618,0),6),"") | H18: =IFERROR(INDEX(레시피북!$D$2:$J$611,MATCH($D18,레시피북!$C$2:$C$611,0),6),"") | I18: 2026-08-04 09:30~ | L18: =IFERROR(INDEX(레시피북!$C$2:$J$611,MATCH($D18,레시피북!$C$2:$C$611,0),8),"")
C19: 반찬1 | G19: =IFERROR(INDEX(레시피북!$C$2:$H$618,MATCH($D19,레시피북!$C$2:$C$618,0),6),"") | H19: =IFERROR(INDEX(레시피북!$D$2:$J$611,MATCH($D19,레시피북!$C$2:$C$611,0),6),"") | I19: 2026-08-04 09:30~ | L19: =IFERROR(INDEX(레시피북!$C$2:$J$611,MATCH($D19,레시피북!$C$2:$C$611,0),8),"")
G20: =IFERROR(INDEX(레시피북!$C$2:$H$618,MATCH($D20,레시피북!$C$2:$C$618,0),6),"") | H20: =IFERROR(INDEX(레시피북!$D$2:$J$611,MATCH($D20,레시피북!$C$2:$C$611,0),6),"") | I20: 2026-08-04 09:30~ | L20: =IFERROR(INDEX(레시피북!$C$2:$J$611,MATCH($D20,레시피북!$C$2:$C$611,0),8),"")
C21: 반찬2 | G21: =IFERROR(INDEX(레시피북!$C$2:$H$618,MATCH($D21,레시피북!$C$2:$C$618,0),6),"") | H21: =IFERROR(INDEX(레시피북!$D$2:$J$611,MATCH($D21,레시피북!$C$2:$C$611,0),6),"") | I21: 2026-08-04 09:30~ | L21: =IFERROR(INDEX(레시피북!$C$2:$J$611,MATCH($D21,레시피북!$C$2:$C$611,0),8),"")
C22: 반찬3 | G22: =IFERROR(INDEX(레시피북!$C$2:$H$618,MATCH($D22,레시피북!$C$2:$C$618,0),6),"") | H22: =IFERROR(INDEX(레시피북!$D$2:$J$611,MATCH($D22,레시피북!$C$2:$C$611,0),6),"") | I22: 2026-08-04 09:30~ | L22: =IFERROR(INDEX(레시피북!$C$2:$J$611,MATCH($D22,레시피북!$C$2:$C$611,0),8),"")
C23: 반찬4 | G23: =IFERROR(INDEX(레시피북!$C$2:$H$618,MATCH($D23,레시피북!$C$2:$C$618,0),6),"") | H23: =IFERROR(INDEX(레시피북!$D$2:$J$611,MATCH($D23,레시피북!$C$2:$C$611,0),6),"") | I23: 2026-08-04 09:30~ | L23: =IFERROR(INDEX(레시피북!$C$2:$J$611,MATCH($D23,레시피북!$C$2:$C$611,0),8),"")
C24: 보존식 | F24: 1 | J24: 1 | K24: 0.25

Sheet 08-05
B1: 2026-08-05(수) | M1: *한입해쉬브라운 : 9g(개당) | P1: *양송이떡갈비 : 1.5ea, 1.75, 2 | S1: *양배추당근라페 : 20g / 30g
B2: 출고일 | C2: 구분 | D2: 품명 | E2: 중량(g) | F2: 수량(장) | G2: 자재사용내역 | H2: 알러지 표기 | I2: 배송시점 | J2: 제공인원 | K2: 총생산량(Kg) | L2: 메 모 | M2: *샐러드 채소 : 15g, 20g ,25g | P2: *야채고기말이 : 1.1, 1.5, 1.5 | S2: *고구마튀김35g / 45g
B3: 중식 | C3: 밥 | D3: 친환경찰흑미쌀밥 | E3: 140 | G3: =IFERROR(INDEX(레시피북!$C$2:$H$618,MATCH($D3,레시피북!$C$2:$C$618,0),6),"") -> 쌀(국산)90%, 찰흑미(국산.친환경)5%, 정제수 | H3: =IFERROR(INDEX(레시피북!$D$2:$J$611,MATCH($D3,레시피북!$C$2:$C$611,0),6),"") -> 0 | I3: 2026-08-05 09:30~ | J3: 2764 | K3: 408570 | L3: =IFERROR(INDEX(레시피북!$C$2:$J$611,MATCH($D3,레시피북!$C$2:$C$611,0),8),"") -> 0 | M3: *웨지감자 : 25g / 30g | O3: *어묵채구이:12g / 15g | S3: 한입새우튀김 : 30g / 40g / 50g (소스15g)
C4: 국 | D4: 들깨미역국 | E4: 150 | G4: =IFERROR(INDEX(레시피북!$C$2:$H$618,MATCH($D4,레시피북!$C$2:$C$618,0),6),"") -> 불린미역(국산)23%, 정제수, 거피들깨(중국산), 참기름, 국간장, 밥새우, 멸치육수농축액, 마늘, 소금 | H4: =IFERROR(INDEX(레시피북!$D$2:$J$611,MATCH($D4,레시피북!$C$2:$C$611,0),6),"") -> .5.9.21.22. | I4: 2026-08-05 09:30~ | J4: 2764 | K4: 414150 | L4: =IFERROR(INDEX(레시피북!$C$2:$J$611,MATCH($D4,레시피북!$C$2:$C$611,0),8),"") -> 25g / 30g | M4: *꼬마돈까스: 25g, 중구청 35g | P4: *족발:45g / 55g | S4: *갈비만두 : 성분표기 인당1개 / 식수 인당1.5개
C5: 메인 | D5: 미소된장제육 | E5: 60 | G5: =IFERROR(INDEX(레시피북!$C$2:$H$618,MATCH($D5,레시피북!$C$2:$C$618,0),6),"") -> 돼지고기(국산)80%, 양배추, 양파, 당근, 대파, 마늘, 미소된장[국내생산(대두.쌀:외국산)], 간장, 맛술, 참기름, 후추 | H5: =IFERROR(INDEX(레시피북!$D$2:$J$611,MATCH($D5,레시피북!$C$2:$C$611,0),6),"") -> .5.10.21. | I5: 2026-08-05 09:30~ | J5: 2764 | K5: 200435 | L5: =IFERROR(INDEX(레시피북!$C$2:$J$611,MATCH($D5,레시피북!$C$2:$C$611,0),8),"") -> 미소된장(범일) | M5: *오징어볼탕수 : 35g / 45g/ 70g 소스 : 20g | S5: *생선통살탕수 : 40g / 50g / 교사 70g, 소스 25g 개당 12g
C6: 반찬1 | D6: 명엽채조림 | E6: 20 | G6: =IFERROR(INDEX(레시피북!$C$2:$H$618,MATCH($D6,레시피북!$C$2:$C$618,0),6),"") -> 명엽채(국내산)95%, 마요네즈, 간장, 물엿, 참기름, 참깨 | H6: =IFERROR(INDEX(레시피북!$D$2:$J$611,MATCH($D6,레시피북!$C$2:$C$611,0),6),"") -> .1.5.21. | I6: 2026-08-05 09:30~ | J6: 2764 | K6: 63920 | L6: =IFERROR(INDEX(레시피북!$C$2:$J$611,MATCH($D6,레시피북!$C$2:$C$611,0),8),"") -> 0 | M6: *표고강정 : 30g(35g) | P6: *훈제오리 : 40g / 50g | S6: *해물전:1000680205(삼성웰스토리)
C7: 반찬2 | D7: 호박새우젓볶음 | E7: 30 | G7: =IFERROR(INDEX(레시피북!$C$2:$H$618,MATCH($D7,레시피북!$C$2:$C$618,0),6),"") -> 호박(국산)75%, 당근, 양파, 대파, 마늘, 대두유, 새우젓, 소금, 참기름, 참깨 | H7: =IFERROR(INDEX(레시피북!$D$2:$J$611,MATCH($D7,레시피북!$C$2:$C$611,0),6),"") -> .5.9.21. | I7: 2026-08-05 09:30~ | J7: 2764 | K7: 95230 | L7: =IFERROR(INDEX(레시피북!$C$2:$J$611,MATCH($D7,레시피북!$C$2:$C$611,0),8),"") -> 0 | M7: *탕수육40g(중구청50g) ,소스25g | P7: *마카로니.콘샐러드 : 30g | S7: *통등심돈까스:50g / 소스 25g
C8: 반찬3 | D8: 백김치 | E8: 25 | G8: =IFERROR(INDEX(레시피북!$C$2:$H$618,MATCH($D8,레시피북!$C$2:$C$618,0),6),"") -> 배추(국내산)70&, 무(국내산)10%, 마늘, 생강, 양파, 설탕, 정제수, 소금 | H8: =IFERROR(INDEX(레시피북!$D$2:$J$611,MATCH($D8,레시피북!$C$2:$C$611,0),6),"") -> 0 | I8: 2026-08-05 09:30~ | J8: 2764 | K8: 77415 | L8: =IFERROR(INDEX(레시피북!$C$2:$J$611,MATCH($D8,레시피북!$C$2:$C$611,0),8),"") -> 백김치(정우식품) | M8: *건두부무침 : 25g / 35g | P8: *파르펠레냉파스타:30g | S8: *족발부추무침 : 45g, 55g
C9: 보존식 | G9: 글로벌리더스 : 제육두루치기 | J9: 1 | K9: 0.25
B10: 글로벌 리더스 . 석식 | C10: 밥 | D10: 친환경찰흑미쌀밥 | E10: 150 | G10: =IFERROR(INDEX(레시피북!$C$2:$H$618,MATCH($D10,레시피북!$C$2:$C$618,0),6),"") -> 쌀(국산)90%, 찰흑미(국산.친환경)5%, 정제수 | H10: =IFERROR(INDEX(레시피북!$D$2:$J$611,MATCH($D10,레시피북!$C$2:$C$611,0),6),"") -> 0 | I10: 2026-08-05 14:30~ | J10: 49 | K10: 7800 | L10: =IFERROR(INDEX(레시피북!$C$2:$J$611,MATCH($D10,레시피북!$C$2:$C$611,0),8),"") -> 0 | M10: *영양찜닭:85g / 95g | P10: *소고기가지볶음 : 30g | S10: *춘장닭불고기 : 70g / 80g
C11: 국 | D11: 들깨미역국 | E11: 160 | G11: =IFERROR(INDEX(레시피북!$C$2:$H$618,MATCH($D11,레시피북!$C$2:$C$618,0),6),"") -> 불린미역(국산)23%, 정제수, 거피들깨(중국산), 참기름, 국간장, 밥새우, 멸치육수농축액, 마늘, 소금 | H11: =IFERROR(INDEX(레시피북!$D$2:$J$611,MATCH($D11,레시피북!$C$2:$C$611,0),6),"") -> .5.9.21.22. | I11: 2026-08-05 14:30~ | J11: 49 | K11: 8010 | L11: =IFERROR(INDEX(레시피북!$C$2:$J$611,MATCH($D11,레시피북!$C$2:$C$611,0),8),"") -> 25g / 30g | M11: *미트볼 : 개당10g | P11: *삼색소고기소보로 : 50g / 70g | S11: *훈제오리잡채 : 55g / 70g
C12: 메인 | D12: 제육두루치기 | E12: 80 | G12: =IFERROR(INDEX(레시피북!$C$2:$H$618,MATCH($D12,레시피북!$C$2:$C$618,0),6),"") -> 돼지고기(국산)65%, 양파(국산)10%, 당근, 대파, 마늘, 고추장, 고춧가루, 간장, , 맛술, 후추, 설탕, 참기름, 참깨 | H12: =IFERROR(INDEX(레시피북!$D$2:$J$611,MATCH($D12,레시피북!$C$2:$C$611,0),6),"") -> .5.6.10.21. | I12: 2026-08-05 14:30~ | J12: 49 | K12: 4304 | L12: =IFERROR(INDEX(레시피북!$C$2:$J$611,MATCH($D12,레시피북!$C$2:$C$611,0),8),"") -> 0
C13: 반찬1 | D13: 명엽채조림 | E13: 23 | G13: =IFERROR(INDEX(레시피북!$C$2:$H$618,MATCH($D13,레시피북!$C$2:$C$618,0),6),"") -> 명엽채(국내산)95%, 마요네즈, 간장, 물엿, 참기름, 참깨 | H13: =IFERROR(INDEX(레시피북!$D$2:$J$611,MATCH($D13,레시피북!$C$2:$C$611,0),6),"") -> .1.5.21. | I13: 2026-08-05 14:30~ | J13: 49 | K13: 1127 | L13: =IFERROR(INDEX(레시피북!$C$2:$J$611,MATCH($D13,레시피북!$C$2:$C$611,0),8),"") -> 0
C14: 반찬2 | D14: 호박새우젓볶음 | E14: 35 | G14: =IFERROR(INDEX(레시피북!$C$2:$H$618,MATCH($D14,레시피북!$C$2:$C$618,0),6),"") -> 호박(국산)75%, 당근, 양파, 대파, 마늘, 대두유, 새우젓, 소금, 참기름, 참깨 | H14: =IFERROR(INDEX(레시피북!$D$2:$J$611,MATCH($D14,레시피북!$C$2:$C$611,0),6),"") -> .5.9.21. | I14: 2026-08-05 14:30~ | J14: 49 | K14: 1715 | L14: =IFERROR(INDEX(레시피북!$C$2:$J$611,MATCH($D14,레시피북!$C$2:$C$611,0),8),"") -> 0
C15: 반찬3 | D15: 백김치 | E15: 35 | G15: =IFERROR(INDEX(레시피북!$C$2:$H$618,MATCH($D15,레시피북!$C$2:$C$618,0),6),"") -> 배추(국내산)70&, 무(국내산)10%, 마늘, 생강, 양파, 설탕, 정제수, 소금 | H15: =IFERROR(INDEX(레시피북!$D$2:$J$611,MATCH($D15,레시피북!$C$2:$C$611,0),6),"") -> 0 | I15: 2026-08-05 14:30~ | J15: 49 | K15: 1715 | L15: =IFERROR(INDEX(레시피북!$C$2:$J$611,MATCH($D15,레시피북!$C$2:$C$611,0),8),"") -> 백김치(정우식품)
C16: 신당꿈 특식 | D16: 불고기샐러드 | E16: 70 | G16: =IFERROR(INDEX(레시피북!$C$2:$H$618,MATCH($D16,레시피북!$C$2:$C$618,0),6),"") -> 샐러드채소[국내산(양상추,치커리, 적채)]75%, 소불고기(소고기:호주산)25%, | H16: =IFERROR(INDEX(레시피북!$D$2:$J$611,MATCH($D16,레시피북!$C$2:$C$611,0),6),"") -> .5.16.21. | I16: 2026-08-05 14:30~ | J16: 28 | K16: 2320 | L16: =IFERROR(INDEX(레시피북!$C$2:$J$611,MATCH($D16,레시피북!$C$2:$C$611,0),8),"") -> 0
D17: & 오리엔탈드레싱 | E17: 20 | G17: =IFERROR(INDEX(레시피북!$C$2:$H$618,MATCH($D17,레시피북!$C$2:$C$618,0),6),"") -> {양조간장(탈지대두(외국산),천일염(호주산),양조식초, 대두유(대두:외국산), 혼합간장(대두:외국산), 레몬식초, 마늘, 참기름, 참깨 등] | H17: =IFERROR(INDEX(레시피북!$D$2:$J$611,MATCH($D17,레시피북!$C$2:$C$611,0),6),"") -> .5.6.13.21. | I17: 2026-08-05 14:30~ | J17: 28 | K17: 670 | L17: =IFERROR(INDEX(레시피북!$C$2:$J$611,MATCH($D17,레시피북!$C$2:$C$611,0),8),"") -> 오리엔탈드레싱(크레잇)
C18: 보존식 | J18: 1 | K18: 0.25
B19: 강서폴리 소풍 | C19: 밥 | G19: =IFERROR(INDEX(레시피북!$C$2:$H$618,MATCH($D19,레시피북!$C$2:$C$618,0),6),"") | H19: =IFERROR(INDEX(레시피북!$D$2:$J$611,MATCH($D19,레시피북!$C$2:$C$611,0),6),"") | I19: 2026-08-05 09:30~ | L19: =IFERROR(INDEX(레시피북!$C$2:$J$611,MATCH($D19,레시피북!$C$2:$C$611,0),8),"")
C20: 반찬1 | G20: =IFERROR(INDEX(레시피북!$C$2:$H$618,MATCH($D20,레시피북!$C$2:$C$618,0),6),"") | H20: =IFERROR(INDEX(레시피북!$D$2:$J$611,MATCH($D20,레시피북!$C$2:$C$611,0),6),"") | I20: 2026-08-05 09:30~ | L20: =IFERROR(INDEX(레시피북!$C$2:$J$611,MATCH($D20,레시피북!$C$2:$C$611,0),8),"")
G21: =IFERROR(INDEX(레시피북!$C$2:$H$618,MATCH($D21,레시피북!$C$2:$C$618,0),6),"") | H21: =IFERROR(INDEX(레시피북!$D$2:$J$611,MATCH($D21,레시피북!$C$2:$C$611,0),6),"") | I21: 2026-08-05 09:30~ | L21: =IFERROR(INDEX(레시피북!$C$2:$J$611,MATCH($D21,레시피북!$C$2:$C$611,0),8),"")
C22: 반찬2 | G22: =IFERROR(INDEX(레시피북!$C$2:$H$618,MATCH($D22,레시피북!$C$2:$C$618,0),6),"") | H22: =IFERROR(INDEX(레시피북!$D$2:$J$611,MATCH($D22,레시피북!$C$2:$C$611,0),6),"") | I22: 2026-08-05 09:30~ | L22: =IFERROR(INDEX(레시피북!$C$2:$J$611,MATCH($D22,레시피북!$C$2:$C$611,0),8),"")
C23: 반찬3 | G23: =IFERROR(INDEX(레시피북!$C$2:$H$618,MATCH($D23,레시피북!$C$2:$C$618,0),6),"") | H23: =IFERROR(INDEX(레시피북!$D$2:$J$611,MATCH($D23,레시피북!$C$2:$C$611,0),6),"") | I23: 2026-08-05 09:30~ | L23: =IFERROR(INDEX(레시피북!$C$2:$J$611,MATCH($D23,레시피북!$C$2:$C$611,0),8),"")
C24: 반찬4 | G24: =IFERROR(INDEX(레시피북!$C$2:$H$618,MATCH($D24,레시피북!$C$2:$C$618,0),6),"") | H24: =IFERROR(INDEX(레시피북!$D$2:$J$611,MATCH($D24,레시피북!$C$2:$C$611,0),6),"") | I24: 2026-08-05 09:30~ | L24: =IFERROR(INDEX(레시피북!$C$2:$J$611,MATCH($D24,레시피북!$C$2:$C$611,0),8),"")
C25: 보존식 | F25: 1 | J25: 1 | K25: 0.25

Sheet 08-06
B1: 2026-08-06(목) | M1: *한입해쉬브라운 : 9g(개당) | P1: *양송이떡갈비 : 1.5ea, 1.75, 2 | S1: *양배추당근라페 : 20g / 30g
B2: 출고일 | C2: 구분 | D2: 품명 | E2: 중량(g) | F2: 수량(장) | G2: 자재사용내역 | H2: 알러지 표기 | I2: 배송시점 | J2: 제공인원 | K2: 총생산량(Kg) | L2: 메 모 | M2: *샐러드 채소 : 15g, 20g ,25g | P2: *야채고기말이 : 1.1, 1.5, 1.5 | S2: *고구마튀김35g / 45g
B3: 중식 | C3: 밥 | D3: 흰쌀밥 | E3: 140 | G3: =IFERROR(INDEX(레시피북!$C$2:$H$618,MATCH($D3,레시피북!$C$2:$C$618,0),6),"") -> 쌀(국산)95%, 정제수 | H3: =IFERROR(INDEX(레시피북!$D$2:$J$611,MATCH($D3,레시피북!$C$2:$C$611,0),6),"") -> 0 | I3: 2026-08-06 09:30~ | J3: 2746 | K3: 409040 | L3: =IFERROR(INDEX(레시피북!$C$2:$J$611,MATCH($D3,레시피북!$C$2:$C$611,0),8),"") -> 0 | M3: *웨지감자 : 25g / 30g | O3: *어묵채구이:12g / 15g | S3: 한입새우튀김 : 30g / 40g / 50g (소스15g)
C4: 국 | D4: 근대된장국 | E4: 150 | G4: =IFERROR(INDEX(레시피북!$C$2:$H$618,MATCH($D4,레시피북!$C$2:$C$618,0),6),"") -> 근대(국산)22.8%, 양파(국산), 정제수, 된장, 대파, 마늘, 멸치육수농축액, 소금 | H4: =IFERROR(INDEX(레시피북!$D$2:$J$611,MATCH($D4,레시피북!$C$2:$C$611,0),6),"") -> .5. | I4: 2026-08-06 09:30~ | J4: 2746 | K4: 414090 | L4: =IFERROR(INDEX(레시피북!$C$2:$J$611,MATCH($D4,레시피북!$C$2:$C$611,0),8),"") -> 40g / 45g | M4: *꼬마돈까스: 25g, 중구청 35g | P4: *족발:45g / 55g | S4: *갈비만두 : 성분표기 인당1개 / 식수 인당1.5개
C5: 메인 | D5: 소고기양배추볶음 | E5: 60 | G5: =IFERROR(INDEX(레시피북!$C$2:$H$618,MATCH($D5,레시피북!$C$2:$C$618,0),6),"") -> 소고기(호주산)73%,양배추(국산)12%, 양파, 당근, 대파, 마늘, 간장, , 맛술, 후추, 참기름, 참깨 | H5: =IFERROR(INDEX(레시피북!$D$2:$J$611,MATCH($D5,레시피북!$C$2:$C$611,0),6),"") -> .5.16.21. | I5: 2026-08-06 09:30~ | J5: 2746 | K5: 198965 | L5: =IFERROR(INDEX(레시피북!$C$2:$J$611,MATCH($D5,레시피북!$C$2:$C$611,0),8),"") -> 0 | M5: *오징어볼탕수 : 35g / 45g/ 70g 소스 : 20g | S5: *생선통살탕수 : 40g / 50g / 교사 70g, 소스 25g 개당 12g
C6: 반찬1 | D6: 저염표고강정 | E6: 30 | G6: =IFERROR(INDEX(레시피북!$C$2:$H$618,MATCH($D6,레시피북!$C$2:$C$618,0),6),"") -> 표고탕수[표고버섯채(중국산:46.88%), 밀가루:미국산]78%, 강정소스(케찹, 설탕, 물엿, 참기름) | H6: =IFERROR(INDEX(레시피북!$D$2:$J$611,MATCH($D6,레시피북!$C$2:$C$611,0),6),"") -> .1.5.6.21. | I6: 2026-08-06 09:30~ | J6: 2746 | K6: 95250 | L6: =IFERROR(INDEX(레시피북!$C$2:$J$611,MATCH($D6,레시피북!$C$2:$C$611,0),8),"") -> 딤섬 표고버섯튀김 | M6: *표고강정 : 30g(35g) | P6: *훈제오리 : 40g / 50g | S6: *해물전:1000680205(삼성웰스토리)
C7: 반찬2 | D7: 콘버터 | E7: 30 | G7: =IFERROR(INDEX(레시피북!$C$2:$H$618,MATCH($D7,레시피북!$C$2:$C$618,0),6),"") -> 스위트콘(수입)83%, 파프리카(국산)5%, 양파(국산)5%, 버터, 마요네즈, 소금, 설탕 | H7: =IFERROR(INDEX(레시피북!$D$2:$J$611,MATCH($D7,레시피북!$C$2:$C$611,0),6),"") -> .1.2.5.16. | I7: 2026-08-06 09:30~ | J7: 2746 | K7: 95170 | L7: =IFERROR(INDEX(레시피북!$C$2:$J$611,MATCH($D7,레시피북!$C$2:$C$611,0),8),"") -> 스위트콘(리치스) | M7: *탕수육40g(중구청50g) ,소스25g | P7: *마카로니.콘샐러드 : 30g | S7: *통등심돈까스:50g / 소스 25g
C8: 반찬3 | D8: 깍두기 | E8: 25 | G8: =IFERROR(INDEX(레시피북!$C$2:$H$618,MATCH($D8,레시피북!$C$2:$C$618,0),6),"") -> 무(국산)85.2%, 고추가루(국산), 밀가루풀(국산), 파, 마늘, 새우젓 등 양념(국산) | H8: =IFERROR(INDEX(레시피북!$D$2:$J$611,MATCH($D8,레시피북!$C$2:$C$611,0),6),"") -> .6.9. | I8: 2026-08-06 09:30~ | J8: 2746 | K8: 76880 | L8: =IFERROR(INDEX(레시피북!$C$2:$J$611,MATCH($D8,레시피북!$C$2:$C$611,0),8),"") -> 0 | M8: *건두부무침 : 25g / 35g | P8: *파르펠레냉파스타:30g | S8: *족발부추무침 : 45g, 55g
C9: 보존식 | J9: 1 | K9: 0.25
B10: 글로벌 리더스 . 석식 | C10: 밥 | D10: 흰쌀밥 | E10: 150 | G10: =IFERROR(INDEX(레시피북!$C$2:$H$618,MATCH($D10,레시피북!$C$2:$C$618,0),6),"") -> 쌀(국산)95%, 정제수 | H10: =IFERROR(INDEX(레시피북!$D$2:$J$611,MATCH($D10,레시피북!$C$2:$C$611,0),6),"") -> 0 | I10: 2026-08-06 14:30~ | J10: 21 | K10: 3350 | L10: =IFERROR(INDEX(레시피북!$C$2:$J$611,MATCH($D10,레시피북!$C$2:$C$611,0),8),"") -> 0 | M10: *영양찜닭:85g / 95g | P10: *소고기가지볶음 : 30g | S10: *춘장닭불고기 : 70g / 80g
C11: 국 | D11: 근대된장국 | E11: 160 | G11: =IFERROR(INDEX(레시피북!$C$2:$H$618,MATCH($D11,레시피북!$C$2:$C$618,0),6),"") -> 근대(국산)22.8%, 양파(국산), 정제수, 된장, 대파, 마늘, 멸치육수농축액, 소금 | H11: =IFERROR(INDEX(레시피북!$D$2:$J$611,MATCH($D11,레시피북!$C$2:$C$611,0),6),"") -> .5. | I11: 2026-08-06 14:30~ | J11: 21 | K11: 3360 | L11: =IFERROR(INDEX(레시피북!$C$2:$J$611,MATCH($D11,레시피북!$C$2:$C$611,0),8),"") -> 40g / 45g | M11: *미트볼 : 개당10g | P11: *삼색소고기소보로 : 50g / 70g | S11: *훈제오리잡채 : 55g / 70g
C12: 메인 | D12: 소고기양배추볶음 | E12: 80 | G12: =IFERROR(INDEX(레시피북!$C$2:$H$618,MATCH($D12,레시피북!$C$2:$C$618,0),6),"") -> 소고기(호주산)73%,양배추(국산)12%, 양파, 당근, 대파, 마늘, 간장, , 맛술, 후추, 참기름, 참깨 | H12: =IFERROR(INDEX(레시피북!$D$2:$J$611,MATCH($D12,레시피북!$C$2:$C$611,0),6),"") -> .5.16.21. | I12: 2026-08-06 14:30~ | J12: 21 | K12: 1840 | L12: =IFERROR(INDEX(레시피북!$C$2:$J$611,MATCH($D12,레시피북!$C$2:$C$611,0),8),"") -> 0
C13: 반찬1 | D13: 저염표고강정 | E13: 35 | G13: =IFERROR(INDEX(레시피북!$C$2:$H$618,MATCH($D13,레시피북!$C$2:$C$618,0),6),"") -> 표고탕수[표고버섯채(중국산:46.88%), 밀가루:미국산]78%, 강정소스(케찹, 설탕, 물엿, 참기름) | H13: =IFERROR(INDEX(레시피북!$D$2:$J$611,MATCH($D13,레시피북!$C$2:$C$611,0),6),"") -> .1.5.6.21. | I13: 2026-08-06 14:30~ | J13: 21 | K13: 840 | L13: =IFERROR(INDEX(레시피북!$C$2:$J$611,MATCH($D13,레시피북!$C$2:$C$611,0),8),"") -> 딤섬 표고버섯튀김
C14: 반찬2 | D14: 콘버터 | E14: 35 | G14: =IFERROR(INDEX(레시피북!$C$2:$H$618,MATCH($D14,레시피북!$C$2:$C$618,0),6),"") -> 스위트콘(수입)83%, 파프리카(국산)5%, 양파(국산)5%, 버터, 마요네즈, 소금, 설탕 | H14: =IFERROR(INDEX(레시피북!$D$2:$J$611,MATCH($D14,레시피북!$C$2:$C$611,0),6),"") -> .1.2.5.16. | I14: 2026-08-06 14:30~ | J14: 21 | K14: 735 | L14: =IFERROR(INDEX(레시피북!$C$2:$J$611,MATCH($D14,레시피북!$C$2:$C$611,0),8),"") -> 스위트콘(리치스)
C15: 반찬3 | D15: 깍두기 | E15: 35 | G15: =IFERROR(INDEX(레시피북!$C$2:$H$618,MATCH($D15,레시피북!$C$2:$C$618,0),6),"") -> 무(국산)85.2%, 고추가루(국산), 밀가루풀(국산), 파, 마늘, 새우젓 등 양념(국산) | H15: =IFERROR(INDEX(레시피북!$D$2:$J$611,MATCH($D15,레시피북!$C$2:$C$611,0),6),"") -> .6.9. | I15: 2026-08-06 14:30~ | J15: 21 | K15: 735 | L15: =IFERROR(INDEX(레시피북!$C$2:$J$611,MATCH($D15,레시피북!$C$2:$C$611,0),8),"") -> 0
C16: 신당꿈 특식 | D16: 과일 | G16: =IFERROR(INDEX(레시피북!$C$2:$H$618,MATCH($D16,레시피북!$C$2:$C$618,0),6),"") | H16: =IFERROR(INDEX(레시피북!$D$2:$J$611,MATCH($D16,레시피북!$C$2:$C$611,0),6),"") | I16: 2026-08-06 14:30~ | L16: =IFERROR(INDEX(레시피북!$C$2:$J$611,MATCH($D16,레시피북!$C$2:$C$611,0),8),"")
C17: 보존식 | J17: 1 | K17: 0.25
B18: 강서폴리 소풍 | C18: 밥 | G18: =IFERROR(INDEX(레시피북!$C$2:$H$618,MATCH($D18,레시피북!$C$2:$C$618,0),6),"") | H18: =IFERROR(INDEX(레시피북!$D$2:$J$611,MATCH($D18,레시피북!$C$2:$C$611,0),6),"") | I18: 2026-08-06 09:30~ | L18: =IFERROR(INDEX(레시피북!$C$2:$J$611,MATCH($D18,레시피북!$C$2:$C$611,0),8),"")
C19: 반찬1 | G19: =IFERROR(INDEX(레시피북!$C$2:$H$618,MATCH($D19,레시피북!$C$2:$C$618,0),6),"") | H19: =IFERROR(INDEX(레시피북!$D$2:$J$611,MATCH($D19,레시피북!$C$2:$C$611,0),6),"") | I19: 2026-08-06 09:30~ | L19: =IFERROR(INDEX(레시피북!$C$2:$J$611,MATCH($D19,레시피북!$C$2:$C$611,0),8),"")
G20: =IFERROR(INDEX(레시피북!$C$2:$H$618,MATCH($D20,레시피북!$C$2:$C$618,0),6),"") | H20: =IFERROR(INDEX(레시피북!$D$2:$J$611,MATCH($D20,레시피북!$C$2:$C$611,0),6),"") | I20: 2026-08-06 09:30~ | L20: =IFERROR(INDEX(레시피북!$C$2:$J$611,MATCH($D20,레시피북!$C$2:$C$611,0),8),"")
C21: 반찬2 | G21: =IFERROR(INDEX(레시피북!$C$2:$H$618,MATCH($D21,레시피북!$C$2:$C$618,0),6),"") | H21: =IFERROR(INDEX(레시피북!$D$2:$J$611,MATCH($D21,레시피북!$C$2:$C$611,0),6),"") | I21: 2026-08-06 09:30~ | L21: =IFERROR(INDEX(레시피북!$C$2:$J$611,MATCH($D21,레시피북!$C$2:$C$611,0),8),"")
C22: 반찬3 | G22: =IFERROR(INDEX(레시피북!$C$2:$H$618,MATCH($D22,레시피북!$C$2:$C$618,0),6),"") | H22: =IFERROR(INDEX(레시피북!$D$2:$J$611,MATCH($D22,레시피북!$C$2:$C$611,0),6),"") | I22: 2026-08-06 09:30~ | L22: =IFERROR(INDEX(레시피북!$C$2:$J$611,MATCH($D22,레시피북!$C$2:$C$611,0),8),"")
C23: 반찬4 | G23: =IFERROR(INDEX(레시피북!$C$2:$H$618,MATCH($D23,레시피북!$C$2:$C$618,0),6),"") | H23: =IFERROR(INDEX(레시피북!$D$2:$J$611,MATCH($D23,레시피북!$C$2:$C$611,0),6),"") | I23: 2026-08-06 09:30~ | L23: =IFERROR(INDEX(레시피북!$C$2:$J$611,MATCH($D23,레시피북!$C$2:$C$611,0),8),"")
C24: 보존식 | F24: 1 | J24: 1 | K24: 0.25

Sheet 08-07
B1: 2026-08-07(금) | M1: *한입해쉬브라운 : 9g(개당) | P1: *양송이떡갈비 : 1.5ea, 1.75, 2 | S1: *양배추당근라페 : 20g / 30g
B2: 출고일 | C2: 구분 | D2: 품명 | E2: 중량(g) | F2: 수량(장) | G2: 자재사용내역 | H2: 알러지 표기 | I2: 배송시점 | J2: 제공인원 | K2: 총생산량(Kg) | L2: 메 모 | M2: *샐러드 채소 : 15g, 20g ,25g | P2: *야채고기말이 : 1.1, 1.5, 1.5 | S2: *고구마튀김35g / 45g
B3: 중식 | C3: 밥 | D3: 친환경찰보리쌀밥 | E3: 140 | G3: =IFERROR(INDEX(레시피북!$C$2:$H$618,MATCH($D3,레시피북!$C$2:$C$618,0),6),"") -> 쌀(국산)90%, 찰보리(국산.친환경)5%, 정제수 | H3: =IFERROR(INDEX(레시피북!$D$2:$J$611,MATCH($D3,레시피북!$C$2:$C$611,0),6),"") -> 0 | I3: 2026-08-07 09:30~ | K3: 388280 | L3: =IFERROR(INDEX(레시피북!$C$2:$J$611,MATCH($D3,레시피북!$C$2:$C$611,0),8),"") -> 0 | M3: *웨지감자 : 25g / 30g | O3: *어묵채구이:12g / 15g | S3: 한입새우튀김 : 30g / 40g / 50g (소스15g)
C4: 국 | D4: 맑은아귀국 | E4: 150 | G4: =IFERROR(INDEX(레시피북!$C$2:$H$618,MATCH($D4,레시피북!$C$2:$C$618,0),6),"") -> 아귀(국산)8%, 콩나물(콩:수입산), 무(국내산), 파, 마늘, 정제수, 국간장, 소금 | H4: =IFERROR(INDEX(레시피북!$D$2:$J$611,MATCH($D4,레시피북!$C$2:$C$611,0),6),"") -> .5. | I4: 2026-08-07 09:30~ | K4: 391970 | L4: =IFERROR(INDEX(레시피북!$C$2:$J$611,MATCH($D4,레시피북!$C$2:$C$611,0),8),"") -> 45g / 50g | M4: *꼬마돈까스: 25g, 중구청 35g | P4: *족발:45g / 55g | S4: *갈비만두 : 성분표기 인당1개 / 식수 인당1.5개
C5: 메인 | D5: 돼지갈비양념찜 | E5: 75 | G5: =IFERROR(INDEX(레시피북!$C$2:$H$618,MATCH($D5,레시피북!$C$2:$C$618,0),6),"") -> 돼지사태(국산)54%, 무(국산)12%, 양파, 표고버섯, 파인애플(전처리용), 당근, 대파, 마늘, 생강가루, 월계수잎, 돼지갈비양념장, 정제수, 간장, 설탕, 맛술, 물엿, 참기름, 후추 | H5: =IFERROR(INDEX(레시피북!$D$2:$J$611,MATCH($D5,레시피북!$C$2:$C$611,0),6),"") -> .5.6.10.19.21. | I5: 2026-08-07 09:30~ | K5: 217410 | L5: =IFERROR(INDEX(레시피북!$C$2:$J$611,MATCH($D5,레시피북!$C$2:$C$611,0),8),"") -> 돼지갈비양념장(백설) | M5: *오징어볼탕수 : 35g / 45g/ 70g 소스 : 20g | S5: *생선통살탕수 : 40g / 50g / 교사 70g, 소스 25g 개당 12g
C6: 반찬1 | D6: 메추리알파프리카볶음 | E6: 30 | G6: =IFERROR(INDEX(레시피북!$C$2:$H$618,MATCH($D6,레시피북!$C$2:$C$618,0),6),"") -> 메추리알(국산)82%, 파프리카(국내산)3%, 간장, 물엿, 참기름, 참깨 | H6: =IFERROR(INDEX(레시피북!$D$2:$J$611,MATCH($D6,레시피북!$C$2:$C$611,0),6),"") -> .1.5.6.12.21. | I6: 2026-08-07 09:30~ | K6: 94445 | L6: =IFERROR(INDEX(레시피북!$C$2:$J$611,MATCH($D6,레시피북!$C$2:$C$611,0),8),"") -> 깐메추리알(조인) | M6: *표고강정 : 30g(35g) | P6: *훈제오리 : 40g / 50g | S6: *해물전:1000680205(삼성웰스토리)
C7: 반찬2 | D7: 도시락김 | F7: 1 | G7: =IFERROR(INDEX(레시피북!$C$2:$H$618,MATCH($D7,레시피북!$C$2:$C$618,0),6),"") -> 김(국산), 카놀라유(원료:외국산), 참기름, 정제소금 | H7: =IFERROR(INDEX(레시피북!$D$2:$J$611,MATCH($D7,레시피북!$C$2:$C$611,0),6),"") -> .21. | I7: 2026-08-07 09:30~ | K7: 2775.2 | L7: =IFERROR(INDEX(레시피북!$C$2:$J$611,MATCH($D7,레시피북!$C$2:$C$611,0),8),"") -> 양반김(동원) | M7: *탕수육40g(중구청50g) ,소스25g | P7: *마카로니.콘샐러드 : 30g | S7: *통등심돈까스:50g / 소스 25g
C8: 반찬3 | D8: 배추김치 | E8: 25 | G8: =IFERROR(INDEX(레시피북!$C$2:$H$618,MATCH($D8,레시피북!$C$2:$C$618,0),6),"") -> 절임배추64.0%[배추(국산),무(국산),종가김치전용풀(쌀:국산)], 토마토페이스트(토마토:미국산)2.7%,[멸치액젓, 양파,다시마농축액,고춧가루,마늘,대파,새우액젓,김치유산균발효액,생강양념,호화쌀혼합분말]국산 | H8: =IFERROR(INDEX(레시피북!$D$2:$J$611,MATCH($D8,레시피북!$C$2:$C$611,0),6),"") -> .9.12. | I8: 2026-08-07 09:30~ | K8: 72947.5 | L8: =IFERROR(INDEX(레시피북!$C$2:$J$611,MATCH($D8,레시피북!$C$2:$C$611,0),8),"") -> 토마토김치(종가집) | M8: *건두부무침 : 25g / 35g | P8: *파르펠레냉파스타:30g | S8: *족발부추무침 : 45g, 55g
C9: 보존식 | G9: 포도클럽 : 백김치 ( 60명 / 1,650g ) BIS수내교사, JCS, 위니위니 : 조미김 ( 119aud / 120매 ) | J9: 1 | K9: 0.25 | M9: 388280 | N9: 391970 | O9: 217410 | P9: 94445 | Q9: 2775.2 | R9: 72947.5 | S9: 72947.5
B10: 강서폴리 소풍 | C10: 밥 | D10: 조미밥 | E10: 140 | G10: =IFERROR(INDEX(레시피북!$C$2:$H$618,MATCH($D10,레시피북!$C$2:$C$618,0),6),"") -> 밥(쌀:국산)95%, 후리카케[볶은참깨(참깨:인도산), 밀소맥볼(밀:미국,호주산),조각김(김:국산), 양조간장], 맛소금, 참기름 | H10: =IFERROR(INDEX(레시피북!$D$2:$J$611,MATCH($D10,레시피북!$C$2:$C$611,0),6),"") -> .5.21. | I10: 2026-08-07 09:30~ | J10: 90 | K10: 14220 | L10: =IFERROR(INDEX(레시피북!$C$2:$J$611,MATCH($D10,레시피북!$C$2:$C$611,0),8),"") -> 0
C11: 반찬1 | D11: 용가리치킨너겟 | F11: 3 | G11: =IFERROR(INDEX(레시피북!$C$2:$H$618,MATCH($D11,레시피북!$C$2:$C$618,0),6),"") -> 닭고기(국내산)56.83%, 크루스토브레딩(캐나다산:밀가루,식물성유지,설탕소금). 버터믹스, 정제수, 양파, 마늘, 후추 | H11: =IFERROR(INDEX(레시피북!$D$2:$J$611,MATCH($D11,레시피북!$C$2:$C$611,0),6),"") -> .1.2.5.6.15.16. | I11: 2026-08-07 09:30~ | J11: 90 | K11: 441 | L11: =IFERROR(INDEX(레시피북!$C$2:$J$611,MATCH($D11,레시피북!$C$2:$C$611,0),8),"") -> 43ea까지 / 용가리치킨(하림)
C12: 반찬2 | D12: 새우관자딤섬 | F12: 1 | G12: =IFERROR(INDEX(레시피북!$C$2:$H$618,MATCH($D12,레시피북!$C$2:$C$618,0),6),"") -> 딤섬[(새우살36.62%, 정제수, 밀전분 11.47%, 타피오카전분 7.94%, 관자 5.64%, 대두유)원산지: 베트남산] | H12: =IFERROR(INDEX(레시피북!$D$2:$J$611,MATCH($D12,레시피북!$C$2:$C$611,0),6),"") -> .5.6.9.18. | I12: 2026-08-07 09:30~ | J12: 90 | K12: 95 | L12: =IFERROR(INDEX(레시피북!$C$2:$J$611,MATCH($D12,레시피북!$C$2:$C$611,0),8),"") -> 관자쇼마이(세미원푸드)
C13: 반찬3 | D13: 도라에몽만쥬 | F13: 2 | G13: =IFERROR(INDEX(레시피북!$C$2:$H$618,MATCH($D13,레시피북!$C$2:$C$618,0),6),"") -> 빵류{밀가루(밀:미국산.호주산),카스타드크림[설탕,물엿,카놀라유(외국산),유청분말(외국산),마가린(팜유:말레이시아산),대두유,전란액(국내산)등]} | H13: =IFERROR(INDEX(레시피북!$D$2:$J$611,MATCH($D13,레시피북!$C$2:$C$611,0),6),"") -> .1.2.5.6. | I13: 2026-08-07 09:30~ | J13: 90 | K13: 203 | L13: =IFERROR(INDEX(레시피북!$C$2:$J$611,MATCH($D13,레시피북!$C$2:$C$611,0),8),"") -> 0
C14: 반찬4 | D14: 과일 | F14: 1 | G14: 수박(국내산) | H14: =IFERROR(INDEX(레시피북!$D$2:$J$611,MATCH($D14,레시피북!$C$2:$C$611,0),6),"") | I14: 2026-08-07 09:30~ | J14: 90 | K14: 7185 | L14: =IFERROR(INDEX(레시피북!$C$2:$J$611,MATCH($D14,레시피북!$C$2:$C$611,0),8),"")
C15: 보존식 | F15: 1 | J15: 1 | K15: 0.25
B16: 글로벌 리더스 . 석식 | C16: 밥 | D16: 친환경찰보리쌀밥 | E16: 150 | G16: =IFERROR(INDEX(레시피북!$C$2:$H$618,MATCH($D16,레시피북!$C$2:$C$618,0),6),"") -> 쌀(국산)90%, 찰보리(국산.친환경)5%, 정제수 | H16: =IFERROR(INDEX(레시피북!$D$2:$J$611,MATCH($D16,레시피북!$C$2:$C$611,0),6),"") -> 0 | I16: 2026-08-07 14:30~ | J16: 20 | K16: 3150 | L16: =IFERROR(INDEX(레시피북!$C$2:$J$611,MATCH($D16,레시피북!$C$2:$C$611,0),8),"") -> 0 | M16: *영양찜닭:85g / 95g | P16: *소고기가지볶음 : 30g | S16: *춘장닭불고기 : 70g / 80g
C17: 국 | D17: 맑은아귀국 | E17: 160 | G17: =IFERROR(INDEX(레시피북!$C$2:$H$618,MATCH($D17,레시피북!$C$2:$C$618,0),6),"") -> 아귀(국산)8%, 콩나물(콩:수입산), 무(국내산), 파, 마늘, 정제수, 국간장, 소금 | H17: =IFERROR(INDEX(레시피북!$D$2:$J$611,MATCH($D17,레시피북!$C$2:$C$611,0),6),"") -> .5. | I17: 2026-08-07 14:30~ | J17: 20 | K17: 3360 | L17: =IFERROR(INDEX(레시피북!$C$2:$J$611,MATCH($D17,레시피북!$C$2:$C$611,0),8),"") -> 45g / 50g | M17: *미트볼 : 개당10g | P17: *삼색소고기소보로 : 50g / 70g | S17: *훈제오리잡채 : 55g / 70g
C18: 메인 | D18: 돼지갈비양념찜 | E18: 90 | G18: =IFERROR(INDEX(레시피북!$C$2:$H$618,MATCH($D18,레시피북!$C$2:$C$618,0),6),"") -> 돼지사태(국산)54%, 무(국산)12%, 양파, 표고버섯, 파인애플(전처리용), 당근, 대파, 마늘, 생강가루, 월계수잎, 돼지갈비양념장, 정제수, 간장, 설탕, 맛술, 물엿, 참기름, 후추 | H18: =IFERROR(INDEX(레시피북!$D$2:$J$611,MATCH($D18,레시피북!$C$2:$C$611,0),6),"") -> .5.6.10.19.21. | I18: 2026-08-07 14:30~ | J18: 20 | K18: 2070 | L18: =IFERROR(INDEX(레시피북!$C$2:$J$611,MATCH($D18,레시피북!$C$2:$C$611,0),8),"") -> 돼지갈비양념장(백설)
C19: 반찬1 | D19: 메추리알파프리카볶음 | E19: 40 | G19: =IFERROR(INDEX(레시피북!$C$2:$H$618,MATCH($D19,레시피북!$C$2:$C$618,0),6),"") -> 메추리알(국산)82%, 파프리카(국내산)3%, 간장, 물엿, 참기름, 참깨 | H19: =IFERROR(INDEX(레시피북!$D$2:$J$611,MATCH($D19,레시피북!$C$2:$C$611,0),6),"") -> .1.5.6.12.21. | I19: 2026-08-07 14:30~ | J19: 20 | K19: 840 | L19: =IFERROR(INDEX(레시피북!$C$2:$J$611,MATCH($D19,레시피북!$C$2:$C$611,0),8),"") -> 깐메추리알(조인)
C20: 반찬2 | D20: 도시락김 | F20: 1 | G20: =IFERROR(INDEX(레시피북!$C$2:$H$618,MATCH($D20,레시피북!$C$2:$C$618,0),6),"") -> 김(국산), 카놀라유(원료:외국산), 참기름, 정제소금 | H20: =IFERROR(INDEX(레시피북!$D$2:$J$611,MATCH($D20,레시피북!$C$2:$C$611,0),6),"") -> .21. | I20: 2026-08-07 14:30~ | J20: 20 | K20: 23.1 | L20: =IFERROR(INDEX(레시피북!$C$2:$J$611,MATCH($D20,레시피북!$C$2:$C$611,0),8),"") -> 양반김(동원)
C21: 반찬3 | D21: 배추김치 | E21: 35 | G21: =IFERROR(INDEX(레시피북!$C$2:$H$618,MATCH($D21,레시피북!$C$2:$C$618,0),6),"") -> 절임배추64.0%[배추(국산),무(국산),종가김치전용풀(쌀:국산)], 토마토페이스트(토마토:미국산)2.7%,[멸치액젓, 양파,다시마농축액,고춧가루,마늘,대파,새우액젓,김치유산균발효액,생강양념,호화쌀혼합분말]국산 | H21: =IFERROR(INDEX(레시피북!$D$2:$J$611,MATCH($D21,레시피북!$C$2:$C$611,0),6),"") -> .9.12. | I21: 2026-08-07 14:30~ | J21: 20 | K21: 735 | L21: =IFERROR(INDEX(레시피북!$C$2:$J$611,MATCH($D21,레시피북!$C$2:$C$611,0),8),"") -> 토마토김치(종가집)
C22: 신당꿈 특식 | D22: 크리스피쌀핫도그 | F22: 1 | G22: =IFERROR(INDEX(레시피북!$C$2:$H$618,MATCH($D22,레시피북!$C$2:$C$618,0),6),"") -> 빵류[{소시지(미국산/돼지고기},{핫도그믹스(밀:미국,호주산),혼합탈지분유(네덜란드산)},빵가루{밀가루(밀:미국산,호주산)},대두유,난백액},곡류가공품{찹쌀(국산)100%}] | H22: =IFERROR(INDEX(레시피북!$D$2:$J$611,MATCH($D22,레시피북!$C$2:$C$611,0),6),"") -> 1.2.5.6.10. | I22: 2026-08-07 14:30~ | L22: =IFERROR(INDEX(레시피북!$C$2:$J$611,MATCH($D22,레시피북!$C$2:$C$611,0),8),"") -> 크리스피쌀핫도그(잔슨빌)
C23: 보존식 | J23: 1 | K23: 0.25

Sheet 08-10
B1: 2026-08-10(월) | M1: *한입해쉬브라운 : 9g(개당) | P1: *양송이떡갈비 : 1.5ea, 1.75, 2 | S1: *양배추당근라페 : 20g / 30g
B2: 출고일 | C2: 구분 | D2: 품명 | E2: 중량(g) | F2: 수량(장) | G2: 자재사용내역 | H2: 알러지 표기 | I2: 배송시점 | J2: 제공인원 | K2: 총생산량(Kg) | L2: 메 모 | M2: *샐러드 채소 : 15g, 20g ,25g | P2: *야채고기말이 : 1.1, 1.5, 1.5 | S2: *고구마튀김35g / 45g
B3: 중식 | C3: 밥 | D3: 친환경찰현미쌀밥 | E3: 140 | G3: =IFERROR(INDEX(레시피북!$C$2:$H$618,MATCH($D3,레시피북!$C$2:$C$618,0),6),"") -> 쌀(국산)90%, 현미(국산.친환경)5%, 정제수 | H3: =IFERROR(INDEX(레시피북!$D$2:$J$611,MATCH($D3,레시피북!$C$2:$C$611,0),6),"") -> 0 | I3: 2026-08-10 09:30~ | J3: 2911 | K3: 435920 | L3: =IFERROR(INDEX(레시피북!$C$2:$J$611,MATCH($D3,레시피북!$C$2:$C$611,0),8),"") -> 0 | M3: *웨지감자 : 25g / 30g | O3: *어묵채구이:12g / 15g | S3: 한입새우튀김 : 30g / 40g / 50g (소스15g)
C4: 국 | D4: 유부미소국 | E4: 150 | G4: =IFERROR(INDEX(레시피북!$C$2:$H$618,MATCH($D4,레시피북!$C$2:$C$618,0),6),"") -> 유부(원료수입산)10%, 팽이버섯(국산)2%, 미소된장(국내산), 정제수, 멸치육수농축액, 실파, 마늘, 소금 | H4: =IFERROR(INDEX(레시피북!$D$2:$J$611,MATCH($D4,레시피북!$C$2:$C$611,0),6),"") -> .5. | I4: 2026-08-10 09:30~ | J4: 2911 | K4: 442240 | L4: =IFERROR(INDEX(레시피북!$C$2:$J$611,MATCH($D4,레시피북!$C$2:$C$611,0),8),"") -> 20g / 25g | M4: *꼬마돈까스: 25g, 중구청 35g | P4: *족발:45g / 55g | S4: *갈비만두 : 성분표기 인당1개 / 식수 인당1.5개
C5: 메인 | D5: 갈릭햄버거스테이크 | F5: 1 | G5: =IFERROR(INDEX(레시피북!$C$2:$H$618,MATCH($D5,레시피북!$C$2:$C$618,0),6),"") -> [돼지고기(지방일부사용:국산)47.47%, 소고기(국산)13.39%, 양파, 난백액,설탕,마늘,정제소금, 후추가루]86%, 갈릭소스[양송이(국내산)2%,스테이크소스,데미글라수소스,마늘,생크림,후추]14% | H5: =IFERROR(INDEX(레시피북!$D$2:$J$611,MATCH($D5,레시피북!$C$2:$C$611,0),6),"") -> .1.5.6.10.16.18. | I5: 2026-08-10 09:30~ | J5: 2911 | K5: 3399.3 | L5: =IFERROR(INDEX(레시피북!$C$2:$J$611,MATCH($D5,레시피북!$C$2:$C$611,0),8),"") -> 125921 튼튼스쿨 쥬시햄벅스테이크(튼튼스쿨60g*16입 960g/EA) | M5: *오징어볼탕수 : 35g / 45g/ 70g 소스 : 20g | S5: *생선통살탕수 : 40g / 50g / 교사 70g, 소스 25g 개당 12g
C6: 반찬1 | D6: 계란장조림 | F6: 1 | G6: =IFERROR(INDEX(레시피북!$C$2:$H$618,MATCH($D6,레시피북!$C$2:$C$618,0),6),"") -> 계란(국산)81.8%, 정제수, 간장, 통후추, 맛술, 물엿 | H6: =IFERROR(INDEX(레시피북!$D$2:$J$611,MATCH($D6,레시피북!$C$2:$C$611,0),6),"") -> .1.5. | I6: 2026-08-10 09:30~ | J6: 2911 | K6: 4532.5 | L6: =IFERROR(INDEX(레시피북!$C$2:$J$611,MATCH($D6,레시피북!$C$2:$C$611,0),8),"") -> 깐계란(이츠웰) | M6: *표고강정 : 30g(35g) | P6: *훈제오리 : 40g / 50g | S6: *해물전:1000680205(삼성웰스토리)
C7: 반찬2 | D7: 하와이안마카로니SD | E7: 30 | G7: =IFERROR(INDEX(레시피북!$C$2:$H$618,MATCH($D7,레시피북!$C$2:$C$618,0),6),"") -> 마카로니(듀럼밀100%)75%, 다진파인애플(수입)10%, 오이, 소금, 마요네즈 | H7: =IFERROR(INDEX(레시피북!$D$2:$J$611,MATCH($D7,레시피북!$C$2:$C$611,0),6),"") -> .1.5.6.19. | I7: 2026-08-10 09:30~ | J7: 2911 | K7: 105605 | L7: =IFERROR(INDEX(레시피북!$C$2:$J$611,MATCH($D7,레시피북!$C$2:$C$611,0),8),"") -> 0 | M7: *탕수육40g(중구청50g) ,소스25g | P7: *마카로니.콘샐러드 : 30g | S7: *통등심돈까스:50g / 소스 25g
C8: 반찬3 | D8: 배추김치 | E8: 25 | G8: =IFERROR(INDEX(레시피북!$C$2:$H$618,MATCH($D8,레시피북!$C$2:$C$618,0),6),"") -> 절임배추64.0%[배추(국산),무(국산),종가김치전용풀(쌀:국산)], 토마토페이스트(토마토:미국산)2.7%,[멸치액젓, 양파,다시마농축액,고춧가루,마늘,대파,새우액젓,김치유산균발효액,생강양념,호화쌀혼합분말]국산 | H8: =IFERROR(INDEX(레시피북!$D$2:$J$611,MATCH($D8,레시피북!$C$2:$C$611,0),6),"") -> .9.12. | I8: 2026-08-10 09:30~ | J8: 2911 | K8: 80842.5 | L8: =IFERROR(INDEX(레시피북!$C$2:$J$611,MATCH($D8,레시피북!$C$2:$C$611,0),8),"") -> 토마토김치(종가집) | M8: *건두부무침 : 25g / 35g | P8: *파르펠레냉파스타:30g | S8: *족발부추무침 : 45g, 55g
C9: 보존식 | G9: 서빙고, 샘재, 리비어 대체식 : 닭봉 ( 11명 / 27EA ) | J9: 1 | K9: 0.25
B10: 글로벌 리더스 . 석식 | C10: 밥 | D10: 친환경찰현미쌀밥 | E10: 150 | G10: =IFERROR(INDEX(레시피북!$C$2:$H$618,MATCH($D10,레시피북!$C$2:$C$618,0),6),"") -> 쌀(국산)90%, 현미(국산.친환경)5%, 정제수 | H10: =IFERROR(INDEX(레시피북!$D$2:$J$611,MATCH($D10,레시피북!$C$2:$C$611,0),6),"") -> 0 | I10: 2026-08-10 14:30~ | J10: 46 | K10: 7275 | L10: =IFERROR(INDEX(레시피북!$C$2:$J$611,MATCH($D10,레시피북!$C$2:$C$611,0),8),"") -> 0 | M10: *영양찜닭:85g / 95g | P10: *소고기가지볶음 : 30g | S10: *춘장닭불고기 : 70g / 80g
C11: 국 | D11: 유부미소국 | E11: 160 | G11: =IFERROR(INDEX(레시피북!$C$2:$H$618,MATCH($D11,레시피북!$C$2:$C$618,0),6),"") -> 유부(원료수입산)10%, 팽이버섯(국산)2%, 미소된장(국내산), 정제수, 멸치육수농축액, 실파, 마늘, 소금 | H11: =IFERROR(INDEX(레시피북!$D$2:$J$611,MATCH($D11,레시피북!$C$2:$C$611,0),6),"") -> .5. | I11: 2026-08-10 14:30~ | J11: 46 | K11: 7485 | L11: =IFERROR(INDEX(레시피북!$C$2:$J$611,MATCH($D11,레시피북!$C$2:$C$611,0),8),"") -> 20g / 25g | M11: *미트볼 : 개당10g | P11: *삼색소고기소보로 : 50g / 70g | S11: *훈제오리잡채 : 55g / 70g
C12: 메인 | D12: 갈릭햄버거스테이크 | F12: 1 | G12: =IFERROR(INDEX(레시피북!$C$2:$H$618,MATCH($D12,레시피북!$C$2:$C$618,0),6),"") -> [돼지고기(지방일부사용:국산)47.47%, 소고기(국산)13.39%, 양파, 난백액,설탕,마늘,정제소금, 후추가루]86%, 갈릭소스[양송이(국내산)2%,스테이크소스,데미글라수소스,마늘,생크림,후추]14% | H12: =IFERROR(INDEX(레시피북!$D$2:$J$611,MATCH($D12,레시피북!$C$2:$C$611,0),6),"") -> .1.5.6.10.16.18. | I12: 2026-08-10 14:30~ | J12: 46 | K12: 55.2 | L12: =IFERROR(INDEX(레시피북!$C$2:$J$611,MATCH($D12,레시피북!$C$2:$C$611,0),8),"") -> 125921 튼튼스쿨 쥬시햄벅스테이크(튼튼스쿨60g*16입 960g/EA)
C13: 반찬1 | D13: 꽈리고추계란장조림 | F13: 2 | G13: =IFERROR(INDEX(레시피북!$C$2:$H$618,MATCH($D13,레시피북!$C$2:$C$618,0),6),"") -> 계란(국산)78%, 꽈리고추(국내산)3%, 정제수, 간장, 통후추, 맛술, 물엿 | H13: =IFERROR(INDEX(레시피북!$D$2:$J$611,MATCH($D13,레시피북!$C$2:$C$611,0),6),"") -> .1.5. | I13: 2026-08-10 14:30~ | J13: 46 | K13: 92 | L13: =IFERROR(INDEX(레시피북!$C$2:$J$611,MATCH($D13,레시피북!$C$2:$C$611,0),8),"") -> 0
C14: 반찬2 | D14: 하와이안마카로니SD | E14: 35 | G14: =IFERROR(INDEX(레시피북!$C$2:$H$618,MATCH($D14,레시피북!$C$2:$C$618,0),6),"") -> 마카로니(듀럼밀100%)75%, 다진파인애플(수입)10%, 오이, 소금, 마요네즈 | H14: =IFERROR(INDEX(레시피북!$D$2:$J$611,MATCH($D14,레시피북!$C$2:$C$611,0),6),"") -> .1.5.6.19. | I14: 2026-08-10 14:30~ | J14: 46 | K14: 1610 | L14: =IFERROR(INDEX(레시피북!$C$2:$J$611,MATCH($D14,레시피북!$C$2:$C$611,0),8),"") -> 0
C15: 반찬3 | D15: 배추김치 | E15: 35 | G15: =IFERROR(INDEX(레시피북!$C$2:$H$618,MATCH($D15,레시피북!$C$2:$C$618,0),6),"") -> 절임배추64.0%[배추(국산),무(국산),종가김치전용풀(쌀:국산)], 토마토페이스트(토마토:미국산)2.7%,[멸치액젓, 양파,다시마농축액,고춧가루,마늘,대파,새우액젓,김치유산균발효액,생강양념,호화쌀혼합분말]국산 | H15: =IFERROR(INDEX(레시피북!$D$2:$J$611,MATCH($D15,레시피북!$C$2:$C$611,0),6),"") -> .9.12. | I15: 2026-08-10 14:30~ | J15: 46 | K15: 1610 | L15: =IFERROR(INDEX(레시피북!$C$2:$J$611,MATCH($D15,레시피북!$C$2:$C$611,0),8),"") -> 토마토김치(종가집)
C16: 신당꿈 특식 | D16: 닭날개오븐구이 | F16: 3 | G16: =IFERROR(INDEX(레시피북!$C$2:$H$618,MATCH($D16,레시피북!$C$2:$C$618,0),6),"") -> 닭날개(국산)95%, 맛술, 소금, 후추 | H16: =IFERROR(INDEX(레시피북!$D$2:$J$611,MATCH($D16,레시피북!$C$2:$C$611,0),6),"") -> .15. | I16: 2026-08-10 14:30~ | J16: 25 | K16: 80 | L16: =IFERROR(INDEX(레시피북!$C$2:$J$611,MATCH($D16,레시피북!$C$2:$C$611,0),8),"") -> 0
C17: 보존식 | J17: 1 | K17: 0.25
B18: 강서폴리 소풍 | C18: 밥 | G18: =IFERROR(INDEX(레시피북!$C$2:$H$618,MATCH($D18,레시피북!$C$2:$C$618,0),6),"") | H18: =IFERROR(INDEX(레시피북!$D$2:$J$611,MATCH($D18,레시피북!$C$2:$C$611,0),6),"") | I18: 2026-08-10 09:30~ | L18: =IFERROR(INDEX(레시피북!$C$2:$J$611,MATCH($D18,레시피북!$C$2:$C$611,0),8),"")
C19: 반찬1 | G19: =IFERROR(INDEX(레시피북!$C$2:$H$618,MATCH($D19,레시피북!$C$2:$C$618,0),6),"") | H19: =IFERROR(INDEX(레시피북!$D$2:$J$611,MATCH($D19,레시피북!$C$2:$C$611,0),6),"") | I19: 2026-08-10 09:30~ | L19: =IFERROR(INDEX(레시피북!$C$2:$J$611,MATCH($D19,레시피북!$C$2:$C$611,0),8),"")
G20: =IFERROR(INDEX(레시피북!$C$2:$H$618,MATCH($D20,레시피북!$C$2:$C$618,0),6),"") | H20: =IFERROR(INDEX(레시피북!$D$2:$J$611,MATCH($D20,레시피북!$C$2:$C$611,0),6),"") | I20: 2026-08-10 09:30~ | L20: =IFERROR(INDEX(레시피북!$C$2:$J$611,MATCH($D20,레시피북!$C$2:$C$611,0),8),"")
C21: 반찬2 | G21: =IFERROR(INDEX(레시피북!$C$2:$H$618,MATCH($D21,레시피북!$C$2:$C$618,0),6),"") | H21: =IFERROR(INDEX(레시피북!$D$2:$J$611,MATCH($D21,레시피북!$C$2:$C$611,0),6),"") | I21: 2026-08-10 09:30~ | L21: =IFERROR(INDEX(레시피북!$C$2:$J$611,MATCH($D21,레시피북!$C$2:$C$611,0),8),"")
C22: 반찬3 | G22: =IFERROR(INDEX(레시피북!$C$2:$H$618,MATCH($D22,레시피북!$C$2:$C$618,0),6),"") | H22: =IFERROR(INDEX(레시피북!$D$2:$J$611,MATCH($D22,레시피북!$C$2:$C$611,0),6),"") | I22: 2026-08-10 09:30~ | L22: =IFERROR(INDEX(레시피북!$C$2:$J$611,MATCH($D22,레시피북!$C$2:$C$611,0),8),"")
C23: 반찬4 | G23: =IFERROR(INDEX(레시피북!$C$2:$H$618,MATCH($D23,레시피북!$C$2:$C$618,0),6),"") | H23: =IFERROR(INDEX(레시피북!$D$2:$J$611,MATCH($D23,레시피북!$C$2:$C$611,0),6),"") | I23: 2026-08-10 09:30~ | L23: =IFERROR(INDEX(레시피북!$C$2:$J$611,MATCH($D23,레시피북!$C$2:$C$611,0),8),"")
C24: 보존식 | F24: 1 | J24: 1 | K24: 0.25

Sheet 08-11
B1: 2026-08-11(화) | M1: *한입해쉬브라운 : 9g(개당) | P1: *양송이떡갈비 : 1.5ea, 1.75, 2 | S1: *양배추당근라페 : 20g / 30g
B2: 출고일 | C2: 구분 | D2: 품명 | E2: 중량(g) | F2: 수량(장) | G2: 자재사용내역 | H2: 알러지 표기 | I2: 배송시점 | J2: 제공인원 | K2: 총생산량(Kg) | L2: 메 모 | M2: *샐러드 채소 : 15g, 20g ,25g | P2: *야채고기말이 : 1.1, 1.5, 1.5 | S2: *고구마튀김35g / 45g
B3: 중식 | C3: 밥 | D3: 친환경귀리쌀밥 | E3: 140 | G3: =IFERROR(INDEX(레시피북!$C$2:$H$618,MATCH($D3,레시피북!$C$2:$C$618,0),6),"") -> 쌀(국산)90%, 귀리(국산.친환경)5%, 정제수 | H3: =IFERROR(INDEX(레시피북!$D$2:$J$611,MATCH($D3,레시피북!$C$2:$C$611,0),6),"") -> 0 | I3: 2026-08-11 09:30~ | J3: 2941 | K3: 443625 | L3: =IFERROR(INDEX(레시피북!$C$2:$J$611,MATCH($D3,레시피북!$C$2:$C$611,0),8),"") -> 0 | M3: *웨지감자 : 25g / 30g | O3: *어묵채구이:12g / 15g | S3: 한입새우튀김 : 30g / 40g / 50g (소스15g)
C4: 국 | D4: 오징어콩나물국 | E4: 150 | G4: =IFERROR(INDEX(레시피북!$C$2:$H$618,MATCH($D4,레시피북!$C$2:$C$618,0),6),"") -> 콩나물(원료수입산)13%, 무(국산)10%, 오징어(미국산,국산)5%, 대파, 마늘, 정제수, 멸치육수농축액, 국간장, 소금 | H4: =IFERROR(INDEX(레시피북!$D$2:$J$611,MATCH($D4,레시피북!$C$2:$C$611,0),6),"") -> .5.17. | I4: 2026-08-11 09:30~ | J4: 2931 | K4: 447600 | L4: =IFERROR(INDEX(레시피북!$C$2:$J$611,MATCH($D4,레시피북!$C$2:$C$611,0),8),"") -> 30g / 35g | M4: *꼬마돈까스: 25g, 중구청 35g | P4: *족발:45g / 55g | S4: *갈비만두 : 성분표기 인당1개 / 식수 인당1.5개
C5: 메인 | D5: 중식소고기볶음 | E5: 60 | G5: =IFERROR(INDEX(레시피북!$C$2:$H$618,MATCH($D5,레시피북!$C$2:$C$618,0),6),"") -> 소고기(호주산)60%, 양파(국산)12%, 청경채(국산)6%, 파, 마늘, , 간장, 대두유, 소금, 후추, 전분, 정제수, 참기름 | H5: =IFERROR(INDEX(레시피북!$D$2:$J$611,MATCH($D5,레시피북!$C$2:$C$611,0),6),"") -> .5.16.21. | I5: 2026-08-11 09:30~ | J5: 2941 | K5: 217867.5 | L5: =IFERROR(INDEX(레시피북!$C$2:$J$611,MATCH($D5,레시피북!$C$2:$C$611,0),8),"") -> 0 | M5: *오징어볼탕수 : 35g / 45g/ 70g 소스 : 20g | S5: *생선통살탕수 : 40g / 50g / 교사 70g, 소스 25g 개당 12g
C6: 반찬1 | D6: 볼어묵조림 | E6: 35 | G6: =IFERROR(INDEX(레시피북!$C$2:$H$618,MATCH($D6,레시피북!$C$2:$C$618,0),6),"") -> 볼어묵[연육(:중국산, 베트남산)53.29%, 설탕, 밀가루(밀:미국산, 호주산), 정제소금(국산)]90%, 양파, 마늘, 파, 간장, 참기름, 참깨 | H6: =IFERROR(INDEX(레시피북!$D$2:$J$611,MATCH($D6,레시피북!$C$2:$C$611,0),6),"") -> .5.6.21. | I6: 2026-08-11 09:30~ | J6: 2931 | K6: 117972.5 | L6: =IFERROR(INDEX(레시피북!$C$2:$J$611,MATCH($D6,레시피북!$C$2:$C$611,0),8),"") -> 볼어묵(이츠웰) | M6: *표고강정 : 30g(35g) | P6: *훈제오리 : 40g / 50g | S6: *해물전:1000680205(삼성웰스토리)
C7: 반찬2 | D7: 치커리오이무침 | E7: 25 | G7: =IFERROR(INDEX(레시피북!$C$2:$H$618,MATCH($D7,레시피북!$C$2:$C$618,0),6),"") -> 오이(국산)82%, 치커리(국산)4.5%, 파, 마늘, 고추가루, 소금, 설탕, 식초, 참깨 | H7: =IFERROR(INDEX(레시피북!$D$2:$J$611,MATCH($D7,레시피북!$C$2:$C$611,0),6),"") -> .5.21. | I7: 2026-08-11 09:30~ | J7: 2941 | K7: 93300 | L7: =IFERROR(INDEX(레시피북!$C$2:$J$611,MATCH($D7,레시피북!$C$2:$C$611,0),8),"") -> 0 | M7: *탕수육40g(중구청50g) ,소스25g | P7: *마카로니.콘샐러드 : 30g | S7: *통등심돈까스:50g / 소스 25g
C8: 반찬3 | D8: 깍두기 | E8: 25 | G8: =IFERROR(INDEX(레시피북!$C$2:$H$618,MATCH($D8,레시피북!$C$2:$C$618,0),6),"") -> 무(국산)85.2%, 고추가루(국산), 밀가루풀(국산), 파, 마늘, 새우젓 등 양념(국산) | H8: =IFERROR(INDEX(레시피북!$D$2:$J$611,MATCH($D8,레시피북!$C$2:$C$611,0),6),"") -> .6.9. | I8: 2026-08-11 09:30~ | J8: 2941 | K8: 82891.25 | L8: =IFERROR(INDEX(레시피북!$C$2:$J$611,MATCH($D8,레시피북!$C$2:$C$611,0),8),"") -> 0 | M8: *건두부무침 : 25g / 35g | P8: *파르펠레냉파스타:30g | S8: *족발부추무침 : 45g, 55g
C9: 보존식 | G9: 글로벌리더스 : 매콤오징어콩나물국, 매콤볼어묵조림 리비어, 서빙고초 병설(알러지대체식): 치킨너겟 | J9: 1 | K9: 0.25
B10: 글로벌 리더스 . 석식 | C10: 밥 | D10: 친환경귀리쌀밥 | E10: 150 | G10: =IFERROR(INDEX(레시피북!$C$2:$H$618,MATCH($D10,레시피북!$C$2:$C$618,0),6),"") -> 쌀(국산)90%, 귀리(국산.친환경)5%, 정제수 | H10: =IFERROR(INDEX(레시피북!$D$2:$J$611,MATCH($D10,레시피북!$C$2:$C$611,0),6),"") -> 0 | I10: 2026-08-11 14:30~ | J10: 46 | K10: 7275 | L10: =IFERROR(INDEX(레시피북!$C$2:$J$611,MATCH($D10,레시피북!$C$2:$C$611,0),8),"") -> 0 | M10: *영양찜닭:85g / 95g | P10: *소고기가지볶음 : 30g | S10: *춘장닭불고기 : 70g / 80g
C11: 국 | D11: 매콤오징어콩나물국 | E11: 160 | G11: 콩나물(원료수입산)13%, 무(국산)10%, 오징어(미국산,국산)5%, 대파, 마늘, 정제수, 멸치육수농축액, 국간장, 소금 | H11: .5.17. | I11: 2026-08-11 14:30~ | J11: 56 | K11: 9585 | L11: =IFERROR(INDEX(레시피북!$C$2:$J$611,MATCH($D11,레시피북!$C$2:$C$611,0),8),"") | M11: *미트볼 : 개당10g | P11: *삼색소고기소보로 : 50g / 70g | S11: *훈제오리잡채 : 55g / 70g
C12: 메인 | D12: 중식소고기볶음 | E12: 80 | G12: =IFERROR(INDEX(레시피북!$C$2:$H$618,MATCH($D12,레시피북!$C$2:$C$618,0),6),"") -> 소고기(호주산)60%, 양파(국산)12%, 청경채(국산)6%, 파, 마늘, , 간장, 대두유, 소금, 후추, 전분, 정제수, 참기름 | H12: =IFERROR(INDEX(레시피북!$D$2:$J$611,MATCH($D12,레시피북!$C$2:$C$611,0),6),"") -> .5.16.21. | I12: 2026-08-11 14:30~ | J12: 46 | K12: 4040 | L12: =IFERROR(INDEX(레시피북!$C$2:$J$611,MATCH($D12,레시피북!$C$2:$C$611,0),8),"") -> 0
C13: 반찬1 | D13: 매콤볼어묵조림 | E13: 40 | G13: 볼어묵[연육(:중국산, 베트남산)53.29%, 설탕, 밀가루(밀:미국산, 호주산), 정제소금(국산)]90%, 양파, 마늘, 파, 고춧가루(국내산), 간장, 참기름, 참깨 | H13: .5.6.21. | I13: 2026-08-11 14:30~ | J13: 56 | K13: 2390 | L13: =IFERROR(INDEX(레시피북!$C$2:$J$611,MATCH($D13,레시피북!$C$2:$C$611,0),8),"")
C14: 반찬2 | D14: 치커리오이무침 | E14: 35 | G14: =IFERROR(INDEX(레시피북!$C$2:$H$618,MATCH($D14,레시피북!$C$2:$C$618,0),6),"") -> 오이(국산)82%, 치커리(국산)4.5%, 파, 마늘, 고추가루, 소금, 설탕, 식초, 참깨 | H14: =IFERROR(INDEX(레시피북!$D$2:$J$611,MATCH($D14,레시피북!$C$2:$C$611,0),6),"") -> .5.21. | I14: 2026-08-11 14:30~ | J14: 46 | K14: 1610 | L14: =IFERROR(INDEX(레시피북!$C$2:$J$611,MATCH($D14,레시피북!$C$2:$C$611,0),8),"") -> 0
C15: 반찬3 | D15: 깍두기 | E15: 35 | G15: =IFERROR(INDEX(레시피북!$C$2:$H$618,MATCH($D15,레시피북!$C$2:$C$618,0),6),"") -> 무(국산)85.2%, 고추가루(국산), 밀가루풀(국산), 파, 마늘, 새우젓 등 양념(국산) | H15: =IFERROR(INDEX(레시피북!$D$2:$J$611,MATCH($D15,레시피북!$C$2:$C$611,0),6),"") -> .6.9. | I15: 2026-08-11 14:30~ | J15: 46 | K15: 1610 | L15: =IFERROR(INDEX(레시피북!$C$2:$J$611,MATCH($D15,레시피북!$C$2:$C$611,0),8),"") -> 0
C16: 신당꿈 특식 | D16: 과일 | F16: 1 | G16: 참외(국내산) | H16: =IFERROR(INDEX(레시피북!$D$2:$J$611,MATCH($D16,레시피북!$C$2:$C$611,0),6),"") | I16: 2026-08-11 14:30~ | J16: 27 | K16: 25 | L16: =IFERROR(INDEX(레시피북!$C$2:$J$611,MATCH($D16,레시피북!$C$2:$C$611,0),8),"")
C17: 보존식 | J17: 1 | K17: 0.25
B18: 강서폴리 소풍 | C18: 밥 | G18: =IFERROR(INDEX(레시피북!$C$2:$H$618,MATCH($D18,레시피북!$C$2:$C$618,0),6),"") | H18: =IFERROR(INDEX(레시피북!$D$2:$J$611,MATCH($D18,레시피북!$C$2:$C$611,0),6),"") | I18: 2026-08-11 09:30~ | L18: =IFERROR(INDEX(레시피북!$C$2:$J$611,MATCH($D18,레시피북!$C$2:$C$611,0),8),"")
C19: 반찬1 | G19: =IFERROR(INDEX(레시피북!$C$2:$H$618,MATCH($D19,레시피북!$C$2:$C$618,0),6),"") | H19: =IFERROR(INDEX(레시피북!$D$2:$J$611,MATCH($D19,레시피북!$C$2:$C$611,0),6),"") | I19: 2026-08-11 09:30~ | L19: =IFERROR(INDEX(레시피북!$C$2:$J$611,MATCH($D19,레시피북!$C$2:$C$611,0),8),"")
G20: =IFERROR(INDEX(레시피북!$C$2:$H$618,MATCH($D20,레시피북!$C$2:$C$618,0),6),"") | H20: =IFERROR(INDEX(레시피북!$D$2:$J$611,MATCH($D20,레시피북!$C$2:$C$611,0),6),"") | I20: 2026-08-11 09:30~ | L20: =IFERROR(INDEX(레시피북!$C$2:$J$611,MATCH($D20,레시피북!$C$2:$C$611,0),8),"")
C21: 반찬2 | G21: =IFERROR(INDEX(레시피북!$C$2:$H$618,MATCH($D21,레시피북!$C$2:$C$618,0),6),"") | H21: =IFERROR(INDEX(레시피북!$D$2:$J$611,MATCH($D21,레시피북!$C$2:$C$611,0),6),"") | I21: 2026-08-11 09:30~ | L21: =IFERROR(INDEX(레시피북!$C$2:$J$611,MATCH($D21,레시피북!$C$2:$C$611,0),8),"")
C22: 반찬3 | G22: =IFERROR(INDEX(레시피북!$C$2:$H$618,MATCH($D22,레시피북!$C$2:$C$618,0),6),"") | H22: =IFERROR(INDEX(레시피북!$D$2:$J$611,MATCH($D22,레시피북!$C$2:$C$611,0),6),"") | I22: 2026-08-11 09:30~ | L22: =IFERROR(INDEX(레시피북!$C$2:$J$611,MATCH($D22,레시피북!$C$2:$C$611,0),8),"")
C23: 반찬4 | G23: =IFERROR(INDEX(레시피북!$C$2:$H$618,MATCH($D23,레시피북!$C$2:$C$618,0),6),"") | H23: =IFERROR(INDEX(레시피북!$D$2:$J$611,MATCH($D23,레시피북!$C$2:$C$611,0),6),"") | I23: 2026-08-11 09:30~ | L23: =IFERROR(INDEX(레시피북!$C$2:$J$611,MATCH($D23,레시피북!$C$2:$C$611,0),8),"")
C24: 보존식 | F24: 1 | J24: 1 | K24: 0.25

Sheet 08-12
B1: 2026-08-12(수) | M1: *한입해쉬브라운 : 9g(개당) | P1: *양송이떡갈비 : 1.5ea, 1.75, 2 | S1: *양배추당근라페 : 20g / 30g
B2: 출고일 | C2: 구분 | D2: 품명 | E2: 중량(g) | F2: 수량(장) | G2: 자재사용내역 | H2: 알러지 표기 | I2: 배송시점 | J2: 제공인원 | K2: 총생산량(Kg) | L2: 메 모 | M2: *샐러드 채소 : 15g, 20g ,25g | P2: *야채고기말이 : 1.1, 1.5, 1.5 | S2: *고구마튀김35g / 45g
B3: 중식 | C3: 밥 | D3: 친환경찰흑미쌀밥 | E3: 140 | G3: =IFERROR(INDEX(레시피북!$C$2:$H$618,MATCH($D3,레시피북!$C$2:$C$618,0),6),"") -> 쌀(국산)90%, 찰흑미(국산.친환경)5%, 정제수 | H3: =IFERROR(INDEX(레시피북!$D$2:$J$611,MATCH($D3,레시피북!$C$2:$C$611,0),6),"") -> 0 | I3: 2026-08-12 09:30~ | L3: =IFERROR(INDEX(레시피북!$C$2:$J$611,MATCH($D3,레시피북!$C$2:$C$611,0),8),"") -> 0 | M3: *웨지감자 : 25g / 30g | O3: *어묵채구이:12g / 15g | S3: 한입새우튀김 : 30g / 40g / 50g (소스15g)
C4: 국 | D4: 순두부계란탕 | E4: 150 | G4: =IFERROR(INDEX(레시피북!$C$2:$H$618,MATCH($D4,레시피북!$C$2:$C$618,0),6),"") -> 순두부(원료수입산)42.9%, 계란(국내산)7%, 당근, 파, 마늘, 정제수, 멸치육수농축액, 국간장, 소금 | H4: =IFERROR(INDEX(레시피북!$D$2:$J$611,MATCH($D4,레시피북!$C$2:$C$611,0),6),"") -> .1.5. | I4: 2026-08-12 09:30~ | L4: =IFERROR(INDEX(레시피북!$C$2:$J$611,MATCH($D4,레시피북!$C$2:$C$611,0),8),"") -> 0 | M4: *꼬마돈까스: 25g, 중구청 35g | P4: *족발:45g / 55g | S4: *갈비만두 : 성분표기 인당1개 / 식수 인당1.5개
C5: 메인 | D5: 돈채부추볶음 | E5: 60 | G5: =IFERROR(INDEX(레시피북!$C$2:$H$618,MATCH($D5,레시피북!$C$2:$C$618,0),6),"") -> 돼지고기 (국산)70%, 부추(국내산)5%, ,양파, 당근, 마늘, 대두유, 간장, 설탕, 후추, 참기름, 참깨 | H5: =IFERROR(INDEX(레시피북!$D$2:$J$611,MATCH($D5,레시피북!$C$2:$C$611,0),6),"") -> .5.6.10.21. | I5: 2026-08-12 09:30~ | L5: =IFERROR(INDEX(레시피북!$C$2:$J$611,MATCH($D5,레시피북!$C$2:$C$611,0),8),"") -> 0 | M5: *오징어볼탕수 : 35g / 45g/ 70g 소스 : 20g | S5: *생선통살탕수 : 40g / 50g / 교사 70g, 소스 25g 개당 12g
C6: 반찬1 | D6: 팝콘치킨 | E6: 35 | G6: =IFERROR(INDEX(레시피북!$C$2:$H$618,MATCH($D6,레시피북!$C$2:$C$618,0),6),"") -> {동물복지닭고기(닭가슴살:국산)63.38%, 정제수, 정제소금, 치킨브레더[옥수수전분(옥수수:외국산), 밀가루(밀:미극산,호주산)], 마늘, 양파, 정제소금, 대두유} | H6: =IFERROR(INDEX(레시피북!$D$2:$J$611,MATCH($D6,레시피북!$C$2:$C$611,0),6),"") -> .1.5.6.12.15.16.18. | I6: 2026-08-12 09:30~ | L6: =IFERROR(INDEX(레시피북!$C$2:$J$611,MATCH($D6,레시피북!$C$2:$C$611,0),8),"") -> 0 | M6: *표고강정 : 30g(35g) | P6: *훈제오리 : 40g / 50g | S6: *해물전:1000680205(삼성웰스토리)
C7: 반찬2 | D7: 마늘쫑멸치볶음 | E7: 20 | G7: =IFERROR(INDEX(레시피북!$C$2:$H$618,MATCH($D7,레시피북!$C$2:$C$618,0),6),"") -> 세멸치(국내산)65%, 마늘쫑(중국산)25%, 대두유, 간장, 설탕, 물엿, 참깨 | H7: =IFERROR(INDEX(레시피북!$D$2:$J$611,MATCH($D7,레시피북!$C$2:$C$611,0),6),"") -> .5.21. | I7: 2026-08-12 09:30~ | L7: =IFERROR(INDEX(레시피북!$C$2:$J$611,MATCH($D7,레시피북!$C$2:$C$611,0),8),"") -> 0 | M7: *탕수육40g(중구청50g) ,소스25g | P7: *마카로니.콘샐러드 : 30g | S7: *통등심돈까스:50g / 소스 25g
C8: 반찬3 | D8: 백김치 | E8: 25 | G8: =IFERROR(INDEX(레시피북!$C$2:$H$618,MATCH($D8,레시피북!$C$2:$C$618,0),6),"") -> 배추(국내산)70&, 무(국내산)10%, 마늘, 생강, 양파, 설탕, 정제수, 소금 | H8: =IFERROR(INDEX(레시피북!$D$2:$J$611,MATCH($D8,레시피북!$C$2:$C$611,0),6),"") -> 0 | I8: 2026-08-12 09:30~ | L8: =IFERROR(INDEX(레시피북!$C$2:$J$611,MATCH($D8,레시피북!$C$2:$C$611,0),8),"") -> 백김치(정우식품) | M8: *건두부무침 : 25g / 35g | P8: *파르펠레냉파스타:30g | S8: *족발부추무침 : 45g, 55g
C9: 보존식 | G9: 글로벌리더스 : 열무김치 | J9: 1 | K9: 0.25
B10: 위니위니 소풍 | C10: 밥 | D10: 조미밥 | E10: 140 | G10: =IFERROR(INDEX(레시피북!$C$2:$H$618,MATCH($D10,레시피북!$C$2:$C$618,0),6),"") -> 밥(쌀:국산)95%, 후리카케[볶은참깨(참깨:인도산), 밀소맥볼(밀:미국,호주산),조각김(김:국산), 양조간장], 맛소금, 참기름 | H10: =IFERROR(INDEX(레시피북!$D$2:$J$611,MATCH($D10,레시피북!$C$2:$C$611,0),6),"") -> .5.21. | I10: 2026-08-12 09:30~ | L10: =IFERROR(INDEX(레시피북!$C$2:$J$611,MATCH($D10,레시피북!$C$2:$C$611,0),8),"") -> 0
C11: 반찬1 | D11: 팝콘치킨 | E11: 60 | G11: =IFERROR(INDEX(레시피북!$C$2:$H$618,MATCH($D11,레시피북!$C$2:$C$618,0),6),"") -> {동물복지닭고기(닭가슴살:국산)63.38%, 정제수, 정제소금, 치킨브레더[옥수수전분(옥수수:외국산), 밀가루(밀:미극산,호주산)], 마늘, 양파, 정제소금, 대두유} | H11: =IFERROR(INDEX(레시피북!$D$2:$J$611,MATCH($D11,레시피북!$C$2:$C$611,0),6),"") -> .1.5.6.12.15.16.18. | I11: 2026-08-12 09:30~ | L11: =IFERROR(INDEX(레시피북!$C$2:$J$611,MATCH($D11,레시피북!$C$2:$C$611,0),8),"") -> 0
C12: 반찬2 | D12: 새우관자딤섬 | F12: 1 | G12: =IFERROR(INDEX(레시피북!$C$2:$H$618,MATCH($D12,레시피북!$C$2:$C$618,0),6),"") -> 딤섬[(새우살36.62%, 정제수, 밀전분 11.47%, 타피오카전분 7.94%, 관자 5.64%, 대두유)원산지: 베트남산] | H12: =IFERROR(INDEX(레시피북!$D$2:$J$611,MATCH($D12,레시피북!$C$2:$C$611,0),6),"") -> .5.6.9.18. | I12: 2026-08-12 09:30~ | L12: =IFERROR(INDEX(레시피북!$C$2:$J$611,MATCH($D12,레시피북!$C$2:$C$611,0),8),"") -> 관자쇼마이(세미원푸드)
C13: 반찬3 | D13: 도라에몽만쥬 | F13: 2 | G13: =IFERROR(INDEX(레시피북!$C$2:$H$618,MATCH($D13,레시피북!$C$2:$C$618,0),6),"") -> 빵류{밀가루(밀:미국산.호주산),카스타드크림[설탕,물엿,카놀라유(외국산),유청분말(외국산),마가린(팜유:말레이시아산),대두유,전란액(국내산)등]} | H13: =IFERROR(INDEX(레시피북!$D$2:$J$611,MATCH($D13,레시피북!$C$2:$C$611,0),6),"") -> .1.2.5.6. | I13: 2026-08-12 09:30~ | L13: =IFERROR(INDEX(레시피북!$C$2:$J$611,MATCH($D13,레시피북!$C$2:$C$611,0),8),"") -> 0
C14: 반찬4 | D14: 과일 | E14: 30 | G14: 방울토마토(국내산) | H14: =IFERROR(INDEX(레시피북!$D$2:$J$611,MATCH($D14,레시피북!$C$2:$C$611,0),6),"") | I14: 2026-08-12 09:30~ | L14: =IFERROR(INDEX(레시피북!$C$2:$J$611,MATCH($D14,레시피북!$C$2:$C$611,0),8),"")
C15: 보존식 | F15: 1 | G15: 소풍장소 : 항공대 항공우주박물관 | J15: 1 | K15: 0.25
B16: 글로벌 리더스 . 석식 | C16: 밥 | D16: 친환경찰흑미쌀밥 | E16: 150 | G16: =IFERROR(INDEX(레시피북!$C$2:$H$618,MATCH($D16,레시피북!$C$2:$C$618,0),6),"") -> 쌀(국산)90%, 찰흑미(국산.친환경)5%, 정제수 | H16: =IFERROR(INDEX(레시피북!$D$2:$J$611,MATCH($D16,레시피북!$C$2:$C$611,0),6),"") -> 0 | I16: 2026-08-12 14:30~ | L16: =IFERROR(INDEX(레시피북!$C$2:$J$611,MATCH($D16,레시피북!$C$2:$C$611,0),8),"") -> 0 | M16: *영양찜닭:85g / 95g | P16: *소고기가지볶음 : 30g | S16: *춘장닭불고기 : 70g / 80g
C17: 국 | D17: 순두부계란탕 | E17: 160 | G17: =IFERROR(INDEX(레시피북!$C$2:$H$618,MATCH($D17,레시피북!$C$2:$C$618,0),6),"") -> 순두부(원료수입산)42.9%, 계란(국내산)7%, 당근, 파, 마늘, 정제수, 멸치육수농축액, 국간장, 소금 | H17: =IFERROR(INDEX(레시피북!$D$2:$J$611,MATCH($D17,레시피북!$C$2:$C$611,0),6),"") -> .1.5. | I17: 2026-08-12 14:30~ | L17: =IFERROR(INDEX(레시피북!$C$2:$J$611,MATCH($D17,레시피북!$C$2:$C$611,0),8),"") -> 0 | M17: *미트볼 : 개당10g | P17: *삼색소고기소보로 : 50g / 70g | S17: *훈제오리잡채 : 55g / 70g
C18: 메인 | D18: 돈채부추볶음 | E18: 80 | G18: =IFERROR(INDEX(레시피북!$C$2:$H$618,MATCH($D18,레시피북!$C$2:$C$618,0),6),"") -> 돼지고기 (국산)70%, 부추(국내산)5%, ,양파, 당근, 마늘, 대두유, 간장, 설탕, 후추, 참기름, 참깨 | H18: =IFERROR(INDEX(레시피북!$D$2:$J$611,MATCH($D18,레시피북!$C$2:$C$611,0),6),"") -> .5.6.10.21. | I18: 2026-08-12 14:30~ | L18: =IFERROR(INDEX(레시피북!$C$2:$J$611,MATCH($D18,레시피북!$C$2:$C$611,0),8),"") -> 0
C19: 반찬1 | D19: 팝콘치킨 | E19: 40 | G19: =IFERROR(INDEX(레시피북!$C$2:$H$618,MATCH($D19,레시피북!$C$2:$C$618,0),6),"") -> {동물복지닭고기(닭가슴살:국산)63.38%, 정제수, 정제소금, 치킨브레더[옥수수전분(옥수수:외국산), 밀가루(밀:미극산,호주산)], 마늘, 양파, 정제소금, 대두유} | H19: =IFERROR(INDEX(레시피북!$D$2:$J$611,MATCH($D19,레시피북!$C$2:$C$611,0),6),"") -> .1.5.6.12.15.16.18. | I19: 2026-08-12 14:30~ | L19: =IFERROR(INDEX(레시피북!$C$2:$J$611,MATCH($D19,레시피북!$C$2:$C$611,0),8),"") -> 0
C20: 반찬2 | D20: 마늘쫑멸치볶음 | E20: 23 | G20: =IFERROR(INDEX(레시피북!$C$2:$H$618,MATCH($D20,레시피북!$C$2:$C$618,0),6),"") -> 세멸치(국내산)65%, 마늘쫑(중국산)25%, 대두유, 간장, 설탕, 물엿, 참깨 | H20: =IFERROR(INDEX(레시피북!$D$2:$J$611,MATCH($D20,레시피북!$C$2:$C$611,0),6),"") -> .5.21. | I20: 2026-08-12 14:30~ | L20: =IFERROR(INDEX(레시피북!$C$2:$J$611,MATCH($D20,레시피북!$C$2:$C$611,0),8),"") -> 0
C21: 반찬3 | D21: 백김치 | E21: 35 | G21: =IFERROR(INDEX(레시피북!$C$2:$H$618,MATCH($D21,레시피북!$C$2:$C$618,0),6),"") -> 배추(국내산)70&, 무(국내산)10%, 마늘, 생강, 양파, 설탕, 정제수, 소금 | H21: =IFERROR(INDEX(레시피북!$D$2:$J$611,MATCH($D21,레시피북!$C$2:$C$611,0),6),"") -> 0 | I21: 2026-08-12 14:30~ | L21: =IFERROR(INDEX(레시피북!$C$2:$J$611,MATCH($D21,레시피북!$C$2:$C$611,0),8),"") -> 백김치(정우식품)
C22: 신당꿈 특식 | D22: 마라떡볶이 | E22: 100 | G22: =IFERROR(INDEX(레시피북!$C$2:$H$618,MATCH($D22,레시피북!$C$2:$C$618,0),6),"") -> 밀떡(밀:원료수입산), 어묵(연육(베트남산.중국산),소시지(돼지고기.닭고기:국내산), 대파, 정제수, 마라로제소스[우유(국산).고춧가루(중국산.베트남산)] | H22: =IFERROR(INDEX(레시피북!$D$2:$J$611,MATCH($D22,레시피북!$C$2:$C$611,0),6),"") -> .2.5.6.15.16. | I22: 2026-08-12 14:30~ | L22: =IFERROR(INDEX(레시피북!$C$2:$J$611,MATCH($D22,레시피북!$C$2:$C$611,0),8),"") -> 마라로제소스(이츠웰)
C23: 보존식 | J23: 1 | K23: 0.25

Sheet 08-13
B1: 2026-08-13(목) | M1: *한입해쉬브라운 : 9g(개당) | P1: *양송이떡갈비 : 1.5ea, 1.75, 2 | S1: *양배추당근라페 : 20g / 30g
B2: 출고일 | C2: 구분 | D2: 품명 | E2: 중량(g) | F2: 수량(장) | G2: 자재사용내역 | H2: 알러지 표기 | I2: 배송시점 | J2: 제공인원 | K2: 총생산량(Kg) | L2: 메 모 | M2: *샐러드 채소 : 15g, 20g ,25g | P2: *야채고기말이 : 1.1, 1.5, 1.5 | S2: *고구마튀김35g / 45g
B3: 중식 | C3: 밥 | D3: 흰쌀밥 | E3: 140 | G3: =IFERROR(INDEX(레시피북!$C$2:$H$618,MATCH($D3,레시피북!$C$2:$C$618,0),6),"") -> 쌀(국산)95%, 정제수 | H3: =IFERROR(INDEX(레시피북!$D$2:$J$611,MATCH($D3,레시피북!$C$2:$C$611,0),6),"") -> 0 | I3: 2026-08-13 09:30~ | L3: =IFERROR(INDEX(레시피북!$C$2:$J$611,MATCH($D3,레시피북!$C$2:$C$611,0),8),"") -> 0 | M3: *웨지감자 : 25g / 30g | O3: *어묵채구이:12g / 15g | S3: 한입새우튀김 : 30g / 40g / 50g (소스15g)
C4: 국 | D4: 소고기장국 | E4: 150 | G4: =IFERROR(INDEX(레시피북!$C$2:$H$618,MATCH($D4,레시피북!$C$2:$C$618,0),6),"") -> 열갈이(국산)10%, 소고기(호주산)7%, 무(국산)5%, 콩나물(원료수입산)5%, 정제수, 된장, 대파, 마늘, 국간장, 멸치육수농축액, 소금 | H4: =IFERROR(INDEX(레시피북!$D$2:$J$611,MATCH($D4,레시피북!$C$2:$C$611,0),6),"") -> .5.16. | I4: 2026-08-13 09:30~ | L4: =IFERROR(INDEX(레시피북!$C$2:$J$611,MATCH($D4,레시피북!$C$2:$C$611,0),8),"") -> 멸치육수농축액(면사랑) 40g / 45g ) | M4: *꼬마돈까스: 25g, 중구청 35g | P4: *족발:45g / 55g | S4: *갈비만두 : 성분표기 인당1개 / 식수 인당1.5개
C5: 메인 | D5: 영양찜닭 | E5: 70 | G5: =IFERROR(INDEX(레시피북!$C$2:$H$618,MATCH($D5,레시피북!$C$2:$C$618,0),6),"") -> 닭(닭가슴살,닭다리살:국산)70%, 표고버섯(국산), 대추채(국산), 연근(중국산), 양파, 당근, 파, 마늘, 정제수, 물엿, 맛술, 간장, 후추, 소금, 참기름, 참깨 | H5: =IFERROR(INDEX(레시피북!$D$2:$J$611,MATCH($D5,레시피북!$C$2:$C$611,0),6),"") -> .5.6.15.21. | I5: 2026-08-13 09:30~ | L5: =IFERROR(INDEX(레시피북!$C$2:$J$611,MATCH($D5,레시피북!$C$2:$C$611,0),8),"") -> 0 | M5: *오징어볼탕수 : 35g / 45g/ 70g 소스 : 20g | S5: *생선통살탕수 : 40g / 50g / 교사 70g, 소스 25g 개당 12g
C6: 반찬1 | D6: 소세지채소볶음 | E6: 50 | G6: =IFERROR(INDEX(레시피북!$C$2:$H$618,MATCH($D6,레시피북!$C$2:$C$618,0),6),"") -> 소시지 [돼지고기(국산)50.31%, 닭고기(국산)31.43%]75%, 양파, 청피망, 케찹, 참기름, 참깨 | H6: =IFERROR(INDEX(레시피북!$D$2:$J$611,MATCH($D6,레시피북!$C$2:$C$611,0),6),"") -> .5.6.10.12.16.21. | I6: 2026-08-13 09:30~ | L6: =IFERROR(INDEX(레시피북!$C$2:$J$611,MATCH($D6,레시피북!$C$2:$C$611,0),8),"") -> 칼집비엔나소시지(이츠웰) | M6: *표고강정 : 30g(35g) | P6: *훈제오리 : 40g / 50g | S6: *해물전:1000680205(삼성웰스토리)
C7: 반찬2 | D7: 올방개묵무침 | E7: 35 | G7: =IFERROR(INDEX(레시피북!$C$2:$H$618,MATCH($D7,레시피북!$C$2:$C$618,0),6),"") -> 올방개묵(원료수입산)90%, 김가루(김:국산), 소금, 간장, 참기름, 참깨 | H7: =IFERROR(INDEX(레시피북!$D$2:$J$611,MATCH($D7,레시피북!$C$2:$C$611,0),6),"") -> .5.21. | I7: 2026-08-13 09:30~ | L7: =IFERROR(INDEX(레시피북!$C$2:$J$611,MATCH($D7,레시피북!$C$2:$C$611,0),8),"") -> 0 | M7: *탕수육40g(중구청50g) ,소스25g | P7: *마카로니.콘샐러드 : 30g | S7: *통등심돈까스:50g / 소스 25g
C8: 반찬3 | D8: 깍두기 | E8: 25 | G8: =IFERROR(INDEX(레시피북!$C$2:$H$618,MATCH($D8,레시피북!$C$2:$C$618,0),6),"") -> 무(국산)85.2%, 고추가루(국산), 밀가루풀(국산), 파, 마늘, 새우젓 등 양념(국산) | H8: =IFERROR(INDEX(레시피북!$D$2:$J$611,MATCH($D8,레시피북!$C$2:$C$611,0),6),"") -> .6.9. | I8: 2026-08-13 09:30~ | L8: =IFERROR(INDEX(레시피북!$C$2:$J$611,MATCH($D8,레시피북!$C$2:$C$611,0),8),"") -> 0 | M8: *건두부무침 : 25g / 35g | P8: *파르펠레냉파스타:30g | S8: *족발부추무침 : 45g, 55g
C9: 보존식 | G9: 글로벌리더스 : 매콤영양찜닭 | J9: 1 | K9: 0.25
B10: 위니위니 생파 | C10: 밥 | D10: 주먹밥 | F10: 2 | G10: =IFERROR(INDEX(레시피북!$C$2:$H$618,MATCH($D10,레시피북!$C$2:$C$618,0),6),"") -> 밥(쌀:국산)95%, 후리카케[볶은참깨(참깨:인도산), 밀소맥볼(밀:미국,호주산),조각김(김:국산), 양조간장], 맛소금, 참기름 | H10: =IFERROR(INDEX(레시피북!$D$2:$J$611,MATCH($D10,레시피북!$C$2:$C$611,0),6),"") -> .5.21. | I10: 2026-08-13 09:30~ | L10: =IFERROR(INDEX(레시피북!$C$2:$J$611,MATCH($D10,레시피북!$C$2:$C$611,0),8),"") -> 노리풍후리가케(이엔푸드)
C11: 반찬1 | D11: 스파게티면 | E11: 100 | G11: =IFERROR(INDEX(레시피북!$C$2:$H$618,MATCH($D11,레시피북!$C$2:$C$618,0),6),"") -> 스파게티면(듀럼밀100%)97%, 올리브오일3% | H11: =IFERROR(INDEX(레시피북!$D$2:$J$611,MATCH($D11,레시피북!$C$2:$C$611,0),6),"") -> .6. | I11: 2026-08-13 09:30~ | L11: =IFERROR(INDEX(레시피북!$C$2:$J$611,MATCH($D11,레시피북!$C$2:$C$611,0),8),"") -> 0
D12: & 토마토소스 | E12: 120 | G12: =IFERROR(INDEX(레시피북!$C$2:$H$618,MATCH($D12,레시피북!$C$2:$C$618,0),6),"") -> 양파, 피망, 토마토소스[과채가공품(토마토:이탈리아산),토마토페이스트(토마토:중국산)], 올리브오일, 후추, 파슬리가루 | H12: =IFERROR(INDEX(레시피북!$D$2:$J$611,MATCH($D12,레시피북!$C$2:$C$611,0),6),"") -> .5.12. | I12: 2026-08-13 09:30~ | L12: =IFERROR(INDEX(레시피북!$C$2:$J$611,MATCH($D12,레시피북!$C$2:$C$611,0),8),"") -> 토마토소스(이츠웰)
C13: 반찬2 | D13: 불고기피자 | F13: 1 | G13: =IFERROR(INDEX(레시피북!$C$2:$H$618,MATCH($D13,레시피북!$C$2:$C$618,0),6),"") -> 소불고기(소고기:미국.호주산), 밀가루(밀:미국,호주산), 옥수수전분, 토마토케찹, 백설탕, 물엿, 치즈22.7%(우유:프랑스산), 버터, 계란, 슈크림우유(국산), 자연산치즈(수입산), 정제식염, 버터, 계란, 고추가루, 물엿, 양파, 샐러드, 양배추, 피망 | H13: =IFERROR(INDEX(레시피북!$D$2:$J$611,MATCH($D13,레시피북!$C$2:$C$611,0),6),"") -> .1.2.5.6.12.16. | I13: 2026-08-13 09:30~ | L13: =IFERROR(INDEX(레시피북!$C$2:$J$611,MATCH($D13,레시피북!$C$2:$C$611,0),8),"") -> 과드라불고기피자(M&F)
C14: 반찬3 | D14: 치킨너겟 | F14: 2 | G14: =IFERROR(INDEX(레시피북!$C$2:$H$618,MATCH($D14,레시피북!$C$2:$C$618,0),6),"") -> 치킨너겟{닭고기(닭:국산100%)74.65%, 브레더[밀가루(밀:호주산, 미극산),전분(옥수수:외국산)], 대두단백, 정제소금, 백설탕 등} | H14: =IFERROR(INDEX(레시피북!$D$2:$J$611,MATCH($D14,레시피북!$C$2:$C$611,0),6),"") -> .1.2.5.6.15.16. | I14: 2026-08-13 09:30~ | L14: =IFERROR(INDEX(레시피북!$C$2:$J$611,MATCH($D14,레시피북!$C$2:$C$611,0),8),"") -> 치킨너겟(하림)
C15: 반찬4 | D15: 오이피클 | E15: 25 | G15: =IFERROR(INDEX(레시피북!$C$2:$H$618,MATCH($D15,레시피북!$C$2:$C$618,0),6),"") -> 절임오이(오이:중국산, 정제염, 정제수, 화이트식초) | H15: =IFERROR(INDEX(레시피북!$D$2:$J$611,MATCH($D15,레시피북!$C$2:$C$611,0),6),"") -> 0 | I15: 2026-08-13 09:30~ | L15: =IFERROR(INDEX(레시피북!$C$2:$J$611,MATCH($D15,레시피북!$C$2:$C$611,0),8),"") -> 오이피클(이츠웰)
C16: 보존식 | F16: 1 | J16: 1 | K16: 0.25
B17: 글로벌 리더스 . 석식 | C17: 밥 | D17: 흰쌀밥 | E17: 150 | G17: =IFERROR(INDEX(레시피북!$C$2:$H$618,MATCH($D17,레시피북!$C$2:$C$618,0),6),"") -> 쌀(국산)95%, 정제수 | H17: =IFERROR(INDEX(레시피북!$D$2:$J$611,MATCH($D17,레시피북!$C$2:$C$611,0),6),"") -> 0 | I17: 2026-08-13 14:30~ | L17: =IFERROR(INDEX(레시피북!$C$2:$J$611,MATCH($D17,레시피북!$C$2:$C$611,0),8),"") -> 0 | M17: *영양찜닭:85g / 95g | P17: *소고기가지볶음 : 30g | S17: *춘장닭불고기 : 70g / 80g
C18: 국 | D18: 소고기장국 | E18: 160 | G18: =IFERROR(INDEX(레시피북!$C$2:$H$618,MATCH($D18,레시피북!$C$2:$C$618,0),6),"") -> 열갈이(국산)10%, 소고기(호주산)7%, 무(국산)5%, 콩나물(원료수입산)5%, 정제수, 된장, 대파, 마늘, 국간장, 멸치육수농축액, 소금 | H18: =IFERROR(INDEX(레시피북!$D$2:$J$611,MATCH($D18,레시피북!$C$2:$C$611,0),6),"") -> .5.16. | I18: 2026-08-13 14:30~ | L18: =IFERROR(INDEX(레시피북!$C$2:$J$611,MATCH($D18,레시피북!$C$2:$C$611,0),8),"") -> 멸치육수농축액(면사랑) 40g / 45g ) | M18: *미트볼 : 개당10g | P18: *삼색소고기소보로 : 50g / 70g | S18: *훈제오리잡채 : 55g / 70g
C19: 메인 | D19: 매콤영양찜닭 | E19: 90 | G19: 닭(닭가슴살,닭다리살:국산)70%, 표고버섯(국산), 대추채(국산), 연근(중국산), 양파, 당근, 파, 마늘, 정제수, 고춧가루(국내산), 물엿, 맛술, 간장, 후추, 소금, 참기름, 참깨 | H19: .5.6.15.21. | I19: 2026-08-13 14:30~ | L19: =IFERROR(INDEX(레시피북!$C$2:$J$611,MATCH($D19,레시피북!$C$2:$C$611,0),8),"")
C20: 반찬1 | D20: 소세지채소볶음 | E20: 60 | G20: =IFERROR(INDEX(레시피북!$C$2:$H$618,MATCH($D20,레시피북!$C$2:$C$618,0),6),"") -> 소시지 [돼지고기(국산)50.31%, 닭고기(국산)31.43%]75%, 양파, 청피망, 케찹, 참기름, 참깨 | H20: =IFERROR(INDEX(레시피북!$D$2:$J$611,MATCH($D20,레시피북!$C$2:$C$611,0),6),"") -> .5.6.10.12.16.21. | I20: 2026-08-13 14:30~ | L20: =IFERROR(INDEX(레시피북!$C$2:$J$611,MATCH($D20,레시피북!$C$2:$C$611,0),8),"") -> 칼집비엔나소시지(이츠웰)
C21: 반찬2 | D21: 올방개묵무침 | E21: 40 | G21: =IFERROR(INDEX(레시피북!$C$2:$H$618,MATCH($D21,레시피북!$C$2:$C$618,0),6),"") -> 올방개묵(원료수입산)90%, 김가루(김:국산), 소금, 간장, 참기름, 참깨 | H21: =IFERROR(INDEX(레시피북!$D$2:$J$611,MATCH($D21,레시피북!$C$2:$C$611,0),6),"") -> .5.21. | I21: 2026-08-13 14:30~ | L21: =IFERROR(INDEX(레시피북!$C$2:$J$611,MATCH($D21,레시피북!$C$2:$C$611,0),8),"") -> 0
C22: 반찬3 | D22: 깍두기 | E22: 35 | G22: =IFERROR(INDEX(레시피북!$C$2:$H$618,MATCH($D22,레시피북!$C$2:$C$618,0),6),"") -> 무(국산)85.2%, 고추가루(국산), 밀가루풀(국산), 파, 마늘, 새우젓 등 양념(국산) | H22: =IFERROR(INDEX(레시피북!$D$2:$J$611,MATCH($D22,레시피북!$C$2:$C$611,0),6),"") -> .6.9. | I22: 2026-08-13 14:30~ | L22: =IFERROR(INDEX(레시피북!$C$2:$J$611,MATCH($D22,레시피북!$C$2:$C$611,0),8),"") -> 0
C23: 신당꿈 특식 | D23: 과일 | G23: =IFERROR(INDEX(레시피북!$C$2:$H$618,MATCH($D23,레시피북!$C$2:$C$618,0),6),"") | H23: =IFERROR(INDEX(레시피북!$D$2:$J$611,MATCH($D23,레시피북!$C$2:$C$611,0),6),"") | I23: 2026-08-13 14:30~ | L23: =IFERROR(INDEX(레시피북!$C$2:$J$611,MATCH($D23,레시피북!$C$2:$C$611,0),8),"")
C24: 보존식 | J24: 1 | K24: 0.25

Sheet 08-14
B1: 2026-08-14(금) | M1: *한입해쉬브라운 : 9g(개당) | P1: *양송이떡갈비 : 1.5ea, 1.75, 2 | S1: *양배추당근라페 : 20g / 30g
B2: 출고일 | C2: 구분 | D2: 품명 | E2: 중량(g) | F2: 수량(장) | G2: 자재사용내역 | H2: 알러지 표기 | I2: 배송시점 | J2: 제공인원 | K2: 총생산량(Kg) | L2: 메 모 | M2: *샐러드 채소 : 15g, 20g ,25g | P2: *야채고기말이 : 1.1, 1.5, 1.5 | S2: *고구마튀김35g / 45g
B3: 중식 | C3: 밥 | D3: 친환경찰보리쌀밥 | E3: 140 | G3: =IFERROR(INDEX(레시피북!$C$2:$H$618,MATCH($D3,레시피북!$C$2:$C$618,0),6),"") -> 쌀(국산)90%, 찰보리(국산.친환경)5%, 정제수 | H3: =IFERROR(INDEX(레시피북!$D$2:$J$611,MATCH($D3,레시피북!$C$2:$C$611,0),6),"") -> 0 | I3: 2026-08-14 09:30~ | L3: =IFERROR(INDEX(레시피북!$C$2:$J$611,MATCH($D3,레시피북!$C$2:$C$611,0),8),"") -> 0 | M3: *웨지감자 : 25g / 30g | O3: *어묵채구이:12g / 15g | S3: 한입새우튀김 : 30g / 40g / 50g (소스15g)
C4: 국 | D4: 순살삼계탕 | E4: 150 | G4: =IFERROR(INDEX(레시피북!$C$2:$H$618,MATCH($D4,레시피북!$C$2:$C$618,0),6),"") -> 닭고기(국산)12%, 무(국산)10%, 곰탕육수(정제수, 황기, 대추, 당귀, 헛개나무, 엄나무, 오가피:국산), 파, 마늘, 소금 | H4: =IFERROR(INDEX(레시피북!$D$2:$J$611,MATCH($D4,레시피북!$C$2:$C$611,0),6),"") -> .5.15. | I4: 2026-08-14 09:30~ | L4: =IFERROR(INDEX(레시피북!$C$2:$J$611,MATCH($D4,레시피북!$C$2:$C$611,0),8),"") -> 40g / 50g | M4: *꼬마돈까스: 25g, 중구청 35g | P4: *족발:45g / 55g | S4: *갈비만두 : 성분표기 인당1개 / 식수 인당1.5개
C5: 메인 | D5: 미트볼우스터소스조림 | E5: 60 | G5: =IFERROR(INDEX(레시피북!$C$2:$H$618,MATCH($D5,레시피북!$C$2:$C$618,0),6),"") -> 미트볼[돼지고기(국내산)45.45%,소고기(호주산,뉴질랜드산)20.61%]80%, 양파, 피망, 우스터소스, 간장, 맛술, 후추, 파슬리가루 | H5: =IFERROR(INDEX(레시피북!$D$2:$J$611,MATCH($D5,레시피북!$C$2:$C$611,0),6),"") -> .1.2.5.6.10.12.15.16. | I5: 2026-08-14 09:30~ | L5: =IFERROR(INDEX(레시피북!$C$2:$J$611,MATCH($D5,레시피북!$C$2:$C$611,0),8),"") -> 미트볼골드(선진),우스터소스(오뚜기) | M5: *오징어볼탕수 : 35g / 45g/ 70g 소스 : 20g | S5: *생선통살탕수 : 40g / 50g / 교사 70g, 소스 25g 개당 12g
C6: 반찬1 | D6: 불고기누들떡잡채 | E6: 45 | G6: =IFERROR(INDEX(레시피북!$C$2:$H$618,MATCH($D6,레시피북!$C$2:$C$618,0),6),"") -> 누들떡(밀:미국산.호주산)70%, 소고기(호주산)12%, 표고버섯, 양파, 당근, 부추, 맛술, 간장, 설탕, 참기름, 참깨 | H6: =IFERROR(INDEX(레시피북!$D$2:$J$611,MATCH($D6,레시피북!$C$2:$C$611,0),6),"") -> .5.6.16.21. | I6: 2026-08-14 09:30~ | L6: =IFERROR(INDEX(레시피북!$C$2:$J$611,MATCH($D6,레시피북!$C$2:$C$611,0),8),"") -> 누들떡(토담) | M6: *표고강정 : 30g(35g) | P6: *훈제오리 : 40g / 50g | S6: *해물전:1000680205(삼성웰스토리)
C7: 반찬2 | D7: 비트무생채 | E7: 25 | G7: =IFERROR(INDEX(레시피북!$C$2:$H$618,MATCH($D7,레시피북!$C$2:$C$618,0),6),"") -> 무(국산)93%, 비트(국산)2%, 설탕, 소금, 식초 | H7: =IFERROR(INDEX(레시피북!$D$2:$J$611,MATCH($D7,레시피북!$C$2:$C$611,0),6),"") -> 0 | I7: 2026-08-14 09:30~ | L7: =IFERROR(INDEX(레시피북!$C$2:$J$611,MATCH($D7,레시피북!$C$2:$C$611,0),8),"") -> 0 | M7: *탕수육40g(중구청50g) ,소스25g | P7: *마카로니.콘샐러드 : 30g | S7: *통등심돈까스:50g / 소스 25g
C8: 반찬3 | D8: 배추김치 | E8: 25 | G8: =IFERROR(INDEX(레시피북!$C$2:$H$618,MATCH($D8,레시피북!$C$2:$C$618,0),6),"") -> 절임배추64.0%[배추(국산),무(국산),종가김치전용풀(쌀:국산)], 토마토페이스트(토마토:미국산)2.7%,[멸치액젓, 양파,다시마농축액,고춧가루,마늘,대파,새우액젓,김치유산균발효액,생강양념,호화쌀혼합분말]국산 | H8: =IFERROR(INDEX(레시피북!$D$2:$J$611,MATCH($D8,레시피북!$C$2:$C$611,0),6),"") -> .9.12. | I8: 2026-08-14 09:30~ | L8: =IFERROR(INDEX(레시피북!$C$2:$J$611,MATCH($D8,레시피북!$C$2:$C$611,0),8),"") -> 토마토김치(종가집) | M8: *건두부무침 : 25g / 35g | P8: *파르펠레냉파스타:30g | S8: *족발부추무침 : 45g, 55g
C9: 보존식 | G9: 글로벌리더스 : 돈육고추장찌개 포도클럽 : 백김치 | J9: 1 | K9: 0.25
B10: 글로벌 리더스 . 석식 | C10: 밥 | D10: 친환경찰보리쌀밥 | E10: 150 | G10: =IFERROR(INDEX(레시피북!$C$2:$H$618,MATCH($D10,레시피북!$C$2:$C$618,0),6),"") -> 쌀(국산)90%, 찰보리(국산.친환경)5%, 정제수 | H10: =IFERROR(INDEX(레시피북!$D$2:$J$611,MATCH($D10,레시피북!$C$2:$C$611,0),6),"") -> 0 | I10: 2026-08-14 14:30~ | L10: =IFERROR(INDEX(레시피북!$C$2:$J$611,MATCH($D10,레시피북!$C$2:$C$611,0),8),"") -> 0 | M10: *영양찜닭:70g / 90g | P10: *소고기가지볶음 : 30g | S10: *춘장닭불고기 : 70g / 80g
C11: 국 | D11: 돈육고추장찌개 | E11: 160 | G11: =IFERROR(INDEX(레시피북!$C$2:$H$618,MATCH($D11,레시피북!$C$2:$C$618,0),6),"") -> 돈육(국산)8%, 두부(원료수입산)7%, 애호박, 양파, 파, 마늘, 고추장, 고추가루, 국간장, 소금 | H11: =IFERROR(INDEX(레시피북!$D$2:$J$611,MATCH($D11,레시피북!$C$2:$C$611,0),6),"") -> .5.6.10. | I11: 2026-08-14 14:30~ | L11: =IFERROR(INDEX(레시피북!$C$2:$J$611,MATCH($D11,레시피북!$C$2:$C$611,0),8),"") -> 70g | M11: *미트볼 : 개당10g | P11: *삼색소고기소보로 : 50g / 70g | S11: *훈제오리잡채 : 55g / 70g
C12: 메인 | D12: 미트볼우스터소스조림 | E12: 80 | G12: =IFERROR(INDEX(레시피북!$C$2:$H$618,MATCH($D12,레시피북!$C$2:$C$618,0),6),"") -> 미트볼[돼지고기(국내산)45.45%,소고기(호주산,뉴질랜드산)20.61%]80%, 양파, 피망, 우스터소스, 간장, 맛술, 후추, 파슬리가루 | H12: =IFERROR(INDEX(레시피북!$D$2:$J$611,MATCH($D12,레시피북!$C$2:$C$611,0),6),"") -> .1.2.5.6.10.12.15.16. | I12: 2026-08-14 14:30~ | L12: =IFERROR(INDEX(레시피북!$C$2:$J$611,MATCH($D12,레시피북!$C$2:$C$611,0),8),"") -> 미트볼골드(선진),우스터소스(오뚜기)
C13: 반찬1 | D13: 불고기누들떡잡채 | E13: 50 | G13: =IFERROR(INDEX(레시피북!$C$2:$H$618,MATCH($D13,레시피북!$C$2:$C$618,0),6),"") -> 누들떡(밀:미국산.호주산)70%, 소고기(호주산)12%, 표고버섯, 양파, 당근, 부추, 맛술, 간장, 설탕, 참기름, 참깨 | H13: =IFERROR(INDEX(레시피북!$D$2:$J$611,MATCH($D13,레시피북!$C$2:$C$611,0),6),"") -> .5.6.16.21. | I13: 2026-08-14 14:30~ | L13: =IFERROR(INDEX(레시피북!$C$2:$J$611,MATCH($D13,레시피북!$C$2:$C$611,0),8),"") -> 누들떡(토담)
C14: 반찬2 | D14: 비트무생채 | E14: 35 | G14: =IFERROR(INDEX(레시피북!$C$2:$H$618,MATCH($D14,레시피북!$C$2:$C$618,0),6),"") -> 무(국산)93%, 비트(국산)2%, 설탕, 소금, 식초 | H14: =IFERROR(INDEX(레시피북!$D$2:$J$611,MATCH($D14,레시피북!$C$2:$C$611,0),6),"") -> 0 | I14: 2026-08-14 14:30~ | L14: =IFERROR(INDEX(레시피북!$C$2:$J$611,MATCH($D14,레시피북!$C$2:$C$611,0),8),"") -> 0
C15: 반찬3 | D15: 배추김치 | E15: 35 | G15: =IFERROR(INDEX(레시피북!$C$2:$H$618,MATCH($D15,레시피북!$C$2:$C$618,0),6),"") -> 절임배추64.0%[배추(국산),무(국산),종가김치전용풀(쌀:국산)], 토마토페이스트(토마토:미국산)2.7%,[멸치액젓, 양파,다시마농축액,고춧가루,마늘,대파,새우액젓,김치유산균발효액,생강양념,호화쌀혼합분말]국산 | H15: =IFERROR(INDEX(레시피북!$D$2:$J$611,MATCH($D15,레시피북!$C$2:$C$611,0),6),"") -> .9.12. | I15: 2026-08-14 14:30~ | L15: =IFERROR(INDEX(레시피북!$C$2:$J$611,MATCH($D15,레시피북!$C$2:$C$611,0),8),"") -> 토마토김치(종가집)
C16: 신당꿈 특식 | D16: 임연수구이 | F16: 1 | G16: =IFERROR(INDEX(레시피북!$C$2:$H$618,MATCH($D16,레시피북!$C$2:$C$618,0),6),"") -> 임연수(미국산)95%, 대두유, 밀가루, 소금 | H16: =IFERROR(INDEX(레시피북!$D$2:$J$611,MATCH($D16,레시피북!$C$2:$C$611,0),6),"") -> .5.7. | I16: 2026-08-14 14:30~ | L16: =IFERROR(INDEX(레시피북!$C$2:$J$611,MATCH($D16,레시피북!$C$2:$C$611,0),8),"") -> 0
C17: 보존식 | J17: 1 | K17: 0.25
B18: 강서폴리 소풍 | C18: 밥 | G18: =IFERROR(INDEX(레시피북!$C$2:$H$618,MATCH($D18,레시피북!$C$2:$C$618,0),6),"") | H18: =IFERROR(INDEX(레시피북!$D$2:$J$611,MATCH($D18,레시피북!$C$2:$C$611,0),6),"") | I18: 2026-08-14 09:30~ | L18: =IFERROR(INDEX(레시피북!$C$2:$J$611,MATCH($D18,레시피북!$C$2:$C$611,0),8),"")
C19: 반찬1 | G19: =IFERROR(INDEX(레시피북!$C$2:$H$618,MATCH($D19,레시피북!$C$2:$C$618,0),6),"") | H19: =IFERROR(INDEX(레시피북!$D$2:$J$611,MATCH($D19,레시피북!$C$2:$C$611,0),6),"") | I19: 2026-08-14 09:30~ | L19: =IFERROR(INDEX(레시피북!$C$2:$J$611,MATCH($D19,레시피북!$C$2:$C$611,0),8),"")
G20: =IFERROR(INDEX(레시피북!$C$2:$H$618,MATCH($D20,레시피북!$C$2:$C$618,0),6),"") | H20: =IFERROR(INDEX(레시피북!$D$2:$J$611,MATCH($D20,레시피북!$C$2:$C$611,0),6),"") | I20: 2026-08-14 09:30~ | L20: =IFERROR(INDEX(레시피북!$C$2:$J$611,MATCH($D20,레시피북!$C$2:$C$611,0),8),"")
C21: 반찬2 | G21: =IFERROR(INDEX(레시피북!$C$2:$H$618,MATCH($D21,레시피북!$C$2:$C$618,0),6),"") | H21: =IFERROR(INDEX(레시피북!$D$2:$J$611,MATCH($D21,레시피북!$C$2:$C$611,0),6),"") | I21: 2026-08-14 09:30~ | L21: =IFERROR(INDEX(레시피북!$C$2:$J$611,MATCH($D21,레시피북!$C$2:$C$611,0),8),"")
C22: 반찬3 | G22: =IFERROR(INDEX(레시피북!$C$2:$H$618,MATCH($D22,레시피북!$C$2:$C$618,0),6),"") | H22: =IFERROR(INDEX(레시피북!$D$2:$J$611,MATCH($D22,레시피북!$C$2:$C$611,0),6),"") | I22: 2026-08-14 09:30~ | L22: =IFERROR(INDEX(레시피북!$C$2:$J$611,MATCH($D22,레시피북!$C$2:$C$611,0),8),"")
C23: 반찬4 | G23: =IFERROR(INDEX(레시피북!$C$2:$H$618,MATCH($D23,레시피북!$C$2:$C$618,0),6),"") | H23: =IFERROR(INDEX(레시피북!$D$2:$J$611,MATCH($D23,레시피북!$C$2:$C$611,0),6),"") | I23: 2026-08-14 09:30~ | L23: =IFERROR(INDEX(레시피북!$C$2:$J$611,MATCH($D23,레시피북!$C$2:$C$611,0),8),"")
C24: 보존식 | F24: 1 | J24: 1 | K24: 0.25

Sheet 08-18
B1: 2026-08-18(화) | M1: *한입해쉬브라운 : 9g(개당) | P1: *양송이떡갈비 : 1.5ea, 1.75, 2 | S1: *양배추당근라페 : 20g / 30g
B2: 출고일 | C2: 구분 | D2: 품명 | E2: 중량(g) | F2: 수량(장) | G2: 자재사용내역 | H2: 알러지 표기 | I2: 배송시점 | J2: 제공인원 | K2: 총생산량(Kg) | L2: 메 모 | M2: *샐러드 채소 : 15g, 20g ,25g | P2: *야채고기말이 : 1.1, 1.5, 1.5 | S2: *고구마튀김35g / 45g
B3: 중식 | C3: 밥 | D3: 친환경귀리쌀밥 | E3: 140 | G3: =IFERROR(INDEX(레시피북!$C$2:$H$618,MATCH($D3,레시피북!$C$2:$C$618,0),6),"") -> 쌀(국산)90%, 귀리(국산.친환경)5%, 정제수 | H3: =IFERROR(INDEX(레시피북!$D$2:$J$611,MATCH($D3,레시피북!$C$2:$C$611,0),6),"") -> 0 | I3: 2026-08-18 09:30~ | L3: =IFERROR(INDEX(레시피북!$C$2:$J$611,MATCH($D3,레시피북!$C$2:$C$611,0),8),"") -> 0 | M3: *웨지감자 : 25g / 30g | O3: *어묵채구이:12g / 15g | S3: 한입새우튀김 : 30g / 40g / 50g (소스15g)
C4: 국 | D4: 양배추두부된장국 | E4: 150 | G4: =IFERROR(INDEX(레시피북!$C$2:$H$618,MATCH($D4,레시피북!$C$2:$C$618,0),6),"") -> 양배추(국내산)20%, 두부(대두:외국산)7%, 정제수, 파, 마늘, 국간장, 멸치육수농축액, 소금 | H4: =IFERROR(INDEX(레시피북!$D$2:$J$611,MATCH($D4,레시피북!$C$2:$C$611,0),6),"") -> .5. | I4: 2026-08-18 09:30~ | L4: =IFERROR(INDEX(레시피북!$C$2:$J$611,MATCH($D4,레시피북!$C$2:$C$611,0),8),"") -> 40g / 45g | M4: *꼬마돈까스: 25g, 중구청 35g | P4: *족발:45g / 55g | S4: *갈비만두 : 성분표기 인당1개 / 식수 인당1.5개
C5: 메인 | D5: 코코넛커리소스 | E5: 110 | G5: =IFERROR(INDEX(레시피북!$C$2:$H$618,MATCH($D5,레시피북!$C$2:$C$618,0),6),"") -> 닭고기(국산)14.5%, 양파(국산)20.8%, 감자, 당근, 코코넛밀크(코코넛75%, 정제수)20%, 카레분말11.1%, 정제수, 대두유 | H5: =IFERROR(INDEX(레시피북!$D$2:$J$611,MATCH($D5,레시피북!$C$2:$C$611,0),6),"") -> .2.5.6.12.15.16.18. | I5: 2026-08-18 09:30~ | L5: =IFERROR(INDEX(레시피북!$C$2:$J$611,MATCH($D5,레시피북!$C$2:$C$611,0),8),"") -> 코코넛밀크(몬), 카레분말(오뚜기) | M5: *오징어볼탕수 : 35g / 45g/ 70g 소스 : 20g | S5: *생선통살탕수 : 40g / 50g / 교사 70g, 소스 25g 개당 12g
C6: 반찬1 | D6: 새우튀김 | F6: 2 | G6: =IFERROR(INDEX(레시피북!$C$2:$H$618,MATCH($D6,레시피북!$C$2:$C$618,0),6),"") -> 새우튀김[흰다리새우30%, 빵가루(밀가루.쇼트닝.설탕.효모.옥수수전분.정제소금 등)베트남산 | H6: =IFERROR(INDEX(레시피북!$D$2:$J$611,MATCH($D6,레시피북!$C$2:$C$611,0),6),"") -> .1.5.6.9. | I6: 2026-08-18 09:30~ | L6: =IFERROR(INDEX(레시피북!$C$2:$J$611,MATCH($D6,레시피북!$C$2:$C$611,0),8),"") -> 새우튀김(이츠웰)/개당20g | M6: *표고강정 : 30g(35g) | P6: *훈제오리 : 40g / 50g | S6: *해물전:1000680205(삼성웰스토리)
C7: 반찬2 | D7: 보코치니샐러드 | E7: 40 | G7: =IFERROR(INDEX(레시피북!$C$2:$H$618,MATCH($D7,레시피북!$C$2:$C$618,0),6),"") -> 방울토마토(국산)30%, 보코치니치즈(모짜렐라치즈:미국산)25%, 파인애플청크(수입산), 바질페스토(캐슈넛미량함유), 올리브오일, 소금, 레몬 | H7: =IFERROR(INDEX(레시피북!$D$2:$J$611,MATCH($D7,레시피북!$C$2:$C$611,0),6),"") -> .2.4.12. | I7: 2026-08-18 09:30~ | L7: =IFERROR(INDEX(레시피북!$C$2:$J$611,MATCH($D7,레시피북!$C$2:$C$611,0),8),"") -> 바질페스토(몬티) | M7: *탕수육40g(중구청50g) ,소스25g | P7: *마카로니.콘샐러드 : 30g | S7: *통등심돈까스:50g / 소스 25g
C8: 반찬3 | D8: 깍두기 | E8: 25 | G8: =IFERROR(INDEX(레시피북!$C$2:$H$618,MATCH($D8,레시피북!$C$2:$C$618,0),6),"") -> 무(국산)85.2%, 고추가루(국산), 밀가루풀(국산), 파, 마늘, 새우젓 등 양념(국산) | H8: =IFERROR(INDEX(레시피북!$D$2:$J$611,MATCH($D8,레시피북!$C$2:$C$611,0),6),"") -> .6.9. | I8: 2026-08-18 09:30~ | L8: =IFERROR(INDEX(레시피북!$C$2:$J$611,MATCH($D8,레시피북!$C$2:$C$611,0),8),"") -> 0 | M8: *건두부무침 : 25g / 35g | P8: *파르펠레냉파스타:30g | S8: *족발부추무침 : 45g, 55g
C9: 보존식 | J9: 1 | K9: 0.25
B10: 글로벌 리더스 . 석식 | C10: 밥 | D10: 친환경귀리쌀밥 | E10: 150 | G10: =IFERROR(INDEX(레시피북!$C$2:$H$618,MATCH($D10,레시피북!$C$2:$C$618,0),6),"") -> 쌀(국산)90%, 귀리(국산.친환경)5%, 정제수 | H10: =IFERROR(INDEX(레시피북!$D$2:$J$611,MATCH($D10,레시피북!$C$2:$C$611,0),6),"") -> 0 | I10: 2026-08-18 14:30~ | L10: =IFERROR(INDEX(레시피북!$C$2:$J$611,MATCH($D10,레시피북!$C$2:$C$611,0),8),"") -> 0 | M10: *영양찜닭:85g / 95g | P10: *소고기가지볶음 : 30g | S10: *춘장닭불고기 : 70g / 80g
C11: 국 | D11: 양배추두부된장국 | E11: 160 | G11: =IFERROR(INDEX(레시피북!$C$2:$H$618,MATCH($D11,레시피북!$C$2:$C$618,0),6),"") -> 양배추(국내산)20%, 두부(대두:외국산)7%, 정제수, 파, 마늘, 국간장, 멸치육수농축액, 소금 | H11: =IFERROR(INDEX(레시피북!$D$2:$J$611,MATCH($D11,레시피북!$C$2:$C$611,0),6),"") -> .5. | I11: 2026-08-18 14:30~ | L11: =IFERROR(INDEX(레시피북!$C$2:$J$611,MATCH($D11,레시피북!$C$2:$C$611,0),8),"") -> 40g / 45g | M11: *미트볼 : 개당10g | P11: *삼색소고기소보로 : 50g / 70g | S11: *훈제오리잡채 : 55g / 70g
C12: 메인 | D12: 코코넛커리소스 | E12: 120 | G12: =IFERROR(INDEX(레시피북!$C$2:$H$618,MATCH($D12,레시피북!$C$2:$C$618,0),6),"") -> 닭고기(국산)14.5%, 양파(국산)20.8%, 감자, 당근, 코코넛밀크(코코넛75%, 정제수)20%, 카레분말11.1%, 정제수, 대두유 | H12: =IFERROR(INDEX(레시피북!$D$2:$J$611,MATCH($D12,레시피북!$C$2:$C$611,0),6),"") -> .2.5.6.12.15.16.18. | I12: 2026-08-18 14:30~ | L12: =IFERROR(INDEX(레시피북!$C$2:$J$611,MATCH($D12,레시피북!$C$2:$C$611,0),8),"") -> 코코넛밀크(몬), 카레분말(오뚜기)
C13: 반찬1 | D13: 새우튀김 | F13: 3 | G13: =IFERROR(INDEX(레시피북!$C$2:$H$618,MATCH($D13,레시피북!$C$2:$C$618,0),6),"") -> 새우튀김[흰다리새우30%, 빵가루(밀가루.쇼트닝.설탕.효모.옥수수전분.정제소금 등)베트남산 | H13: =IFERROR(INDEX(레시피북!$D$2:$J$611,MATCH($D13,레시피북!$C$2:$C$611,0),6),"") -> .1.5.6.9. | I13: 2026-08-18 14:30~ | L13: =IFERROR(INDEX(레시피북!$C$2:$J$611,MATCH($D13,레시피북!$C$2:$C$611,0),8),"") -> 새우튀김(이츠웰)/개당20g
C14: 반찬2 | D14: 보코치니샐러드 | E14: 45 | G14: =IFERROR(INDEX(레시피북!$C$2:$H$618,MATCH($D14,레시피북!$C$2:$C$618,0),6),"") -> 방울토마토(국산)30%, 보코치니치즈(모짜렐라치즈:미국산)25%, 파인애플청크(수입산), 바질페스토(캐슈넛미량함유), 올리브오일, 소금, 레몬 | H14: =IFERROR(INDEX(레시피북!$D$2:$J$611,MATCH($D14,레시피북!$C$2:$C$611,0),6),"") -> .2.4.12. | I14: 2026-08-18 14:30~ | L14: =IFERROR(INDEX(레시피북!$C$2:$J$611,MATCH($D14,레시피북!$C$2:$C$611,0),8),"") -> 바질페스토(몬티)
C15: 반찬3 | D15: 깍두기 | E15: 35 | G15: =IFERROR(INDEX(레시피북!$C$2:$H$618,MATCH($D15,레시피북!$C$2:$C$618,0),6),"") -> 무(국산)85.2%, 고추가루(국산), 밀가루풀(국산), 파, 마늘, 새우젓 등 양념(국산) | H15: =IFERROR(INDEX(레시피북!$D$2:$J$611,MATCH($D15,레시피북!$C$2:$C$611,0),6),"") -> .6.9. | I15: 2026-08-18 14:30~ | L15: =IFERROR(INDEX(레시피북!$C$2:$J$611,MATCH($D15,레시피북!$C$2:$C$611,0),8),"") -> 0
C16: 신당꿈 특식 | D16: 과일 | G16: =IFERROR(INDEX(레시피북!$C$2:$H$618,MATCH($D16,레시피북!$C$2:$C$618,0),6),"") | H16: =IFERROR(INDEX(레시피북!$D$2:$J$611,MATCH($D16,레시피북!$C$2:$C$611,0),6),"") | I16: 2026-08-18 14:30~ | L16: =IFERROR(INDEX(레시피북!$C$2:$J$611,MATCH($D16,레시피북!$C$2:$C$611,0),8),"")
C17: 보존식 | J17: 1 | K17: 0.25
B18: 강서폴리 소풍 | C18: 밥 | G18: =IFERROR(INDEX(레시피북!$C$2:$H$618,MATCH($D18,레시피북!$C$2:$C$618,0),6),"") | H18: =IFERROR(INDEX(레시피북!$D$2:$J$611,MATCH($D18,레시피북!$C$2:$C$611,0),6),"") | I18: 2026-08-18 09:30~ | L18: =IFERROR(INDEX(레시피북!$C$2:$J$611,MATCH($D18,레시피북!$C$2:$C$611,0),8),"")
C19: 반찬1 | G19: =IFERROR(INDEX(레시피북!$C$2:$H$618,MATCH($D19,레시피북!$C$2:$C$618,0),6),"") | H19: =IFERROR(INDEX(레시피북!$D$2:$J$611,MATCH($D19,레시피북!$C$2:$C$611,0),6),"") | I19: 2026-08-18 09:30~ | L19: =IFERROR(INDEX(레시피북!$C$2:$J$611,MATCH($D19,레시피북!$C$2:$C$611,0),8),"")
G20: =IFERROR(INDEX(레시피북!$C$2:$H$618,MATCH($D20,레시피북!$C$2:$C$618,0),6),"") | H20: =IFERROR(INDEX(레시피북!$D$2:$J$611,MATCH($D20,레시피북!$C$2:$C$611,0),6),"") | I20: 2026-08-18 09:30~ | L20: =IFERROR(INDEX(레시피북!$C$2:$J$611,MATCH($D20,레시피북!$C$2:$C$611,0),8),"")
C21: 반찬2 | G21: =IFERROR(INDEX(레시피북!$C$2:$H$618,MATCH($D21,레시피북!$C$2:$C$618,0),6),"") | H21: =IFERROR(INDEX(레시피북!$D$2:$J$611,MATCH($D21,레시피북!$C$2:$C$611,0),6),"") | I21: 2026-08-18 09:30~ | L21: =IFERROR(INDEX(레시피북!$C$2:$J$611,MATCH($D21,레시피북!$C$2:$C$611,0),8),"")
C22: 반찬3 | G22: =IFERROR(INDEX(레시피북!$C$2:$H$618,MATCH($D22,레시피북!$C$2:$C$618,0),6),"") | H22: =IFERROR(INDEX(레시피북!$D$2:$J$611,MATCH($D22,레시피북!$C$2:$C$611,0),6),"") | I22: 2026-08-18 09:30~ | L22: =IFERROR(INDEX(레시피북!$C$2:$J$611,MATCH($D22,레시피북!$C$2:$C$611,0),8),"")
C23: 반찬4 | G23: =IFERROR(INDEX(레시피북!$C$2:$H$618,MATCH($D23,레시피북!$C$2:$C$618,0),6),"") | H23: =IFERROR(INDEX(레시피북!$D$2:$J$611,MATCH($D23,레시피북!$C$2:$C$611,0),6),"") | I23: 2026-08-18 09:30~ | L23: =IFERROR(INDEX(레시피북!$C$2:$J$611,MATCH($D23,레시피북!$C$2:$C$611,0),8),"")
C24: 보존식 | F24: 1 | J24: 1 | K24: 0.25

Sheet 08-19
B1: 2026-08-19(수) | M1: *한입해쉬브라운 : 9g(개당) | P1: *양송이떡갈비 : 1.5ea, 1.75, 2 | S1: *양배추당근라페 : 20g / 30g
B2: 출고일 | C2: 구분 | D2: 품명 | E2: 중량(g) | F2: 수량(장) | G2: 자재사용내역 | H2: 알러지 표기 | I2: 배송시점 | J2: 제공인원 | K2: 총생산량(Kg) | L2: 메 모 | M2: *샐러드 채소 : 15g, 20g ,25g | P2: *야채고기말이 : 1.1, 1.5, 1.5 | S2: *고구마튀김35g / 45g
B3: 중식 | C3: 밥 | D3: 친환경찰흑미쌀밥 | E3: 140 | G3: =IFERROR(INDEX(레시피북!$C$2:$H$618,MATCH($D3,레시피북!$C$2:$C$618,0),6),"") -> 쌀(국산)90%, 찰흑미(국산.친환경)5%, 정제수 | H3: =IFERROR(INDEX(레시피북!$D$2:$J$611,MATCH($D3,레시피북!$C$2:$C$611,0),6),"") -> 0 | I3: 2026-08-19 09:30~ | L3: =IFERROR(INDEX(레시피북!$C$2:$J$611,MATCH($D3,레시피북!$C$2:$C$611,0),8),"") -> 0 | M3: *웨지감자 : 25g / 30g | O3: *어묵채구이:12g / 15g | S3: 한입새우튀김 : 30g / 40g / 50g (소스15g)
C4: 국 | D4: 황태무채국 | E4: 150 | G4: =IFERROR(INDEX(레시피북!$C$2:$H$618,MATCH($D4,레시피북!$C$2:$C$618,0),6),"") -> 무(국산)20%, 황태(러시아산)5%, 두부(콩:미국,호주,캐나다등), 대파, 마늘, 멸치육수농축액, 정제수, 소금 | H4: =IFERROR(INDEX(레시피북!$D$2:$J$611,MATCH($D4,레시피북!$C$2:$C$611,0),6),"") -> .5. | I4: 2026-08-19 09:30~ | L4: =IFERROR(INDEX(레시피북!$C$2:$J$611,MATCH($D4,레시피북!$C$2:$C$611,0),8),"") -> 0 | M4: *꼬마돈까스: 25g, 중구청 35g | P4: *족발:45g / 55g | S4: *갈비만두 : 성분표기 인당1개 / 식수 인당1.5개
C5: 메인 | D5: 돈갈비양념구이 | E5: 60 | G5: =IFERROR(INDEX(레시피북!$C$2:$H$618,MATCH($D5,레시피북!$C$2:$C$618,0),6),"") -> 돈후지(국산)85%, 갈비양념, 간장, 설탕, 양파, 파, 마늘, 후추, 참기름 | H5: =IFERROR(INDEX(레시피북!$D$2:$J$611,MATCH($D5,레시피북!$C$2:$C$611,0),6),"") -> .5.6.10.21. | I5: 2026-08-19 09:30~ | L5: =IFERROR(INDEX(레시피북!$C$2:$J$611,MATCH($D5,레시피북!$C$2:$C$611,0),8),"") -> 돼지갈비양념장(백설) | M5: *오징어볼탕수 : 35g / 45g/ 70g 소스 : 20g | S5: *생선통살탕수 : 40g / 50g / 교사 70g, 소스 25g 개당 12g
C6: 반찬1 | D6: 채소계란찜 | F6: 1 | G6: =IFERROR(INDEX(레시피북!$C$2:$H$618,MATCH($D6,레시피북!$C$2:$C$618,0),6),"") -> 계란(국산)46.2%, 쪽파, 당근, 정제수, 우유, 소금 | H6: =IFERROR(INDEX(레시피북!$D$2:$J$611,MATCH($D6,레시피북!$C$2:$C$611,0),6),"") -> .1.2. | I6: 2026-08-19 09:30~ | L6: =IFERROR(INDEX(레시피북!$C$2:$J$611,MATCH($D6,레시피북!$C$2:$C$611,0),8),"") -> 1판에 64조각 | M6: *표고강정 : 30g(35g) | P6: *훈제오리 : 40g / 50g | S6: *해물전:1000680205(삼성웰스토리)
C7: 반찬2 | D7: 고사리당근나물 | E7: 25 | G7: =IFERROR(INDEX(레시피북!$C$2:$H$618,MATCH($D7,레시피북!$C$2:$C$618,0),6),"") -> 고사리(중국산)85.6%, 당근, 마늘, 대파, 대두유, 국간장, 소금, 참기름, 참깨 | H7: =IFERROR(INDEX(레시피북!$D$2:$J$611,MATCH($D7,레시피북!$C$2:$C$611,0),6),"") -> .5.21. | I7: 2026-08-19 09:30~ | L7: =IFERROR(INDEX(레시피북!$C$2:$J$611,MATCH($D7,레시피북!$C$2:$C$611,0),8),"") -> 0 | M7: *탕수육40g(중구청50g) ,소스25g | P7: *마카로니.콘샐러드 : 30g | S7: *통등심돈까스:50g / 소스 25g
C8: 반찬3 | D8: 백김치 | E8: 25 | G8: =IFERROR(INDEX(레시피북!$C$2:$H$618,MATCH($D8,레시피북!$C$2:$C$618,0),6),"") -> 배추(국내산)70&, 무(국내산)10%, 마늘, 생강, 양파, 설탕, 정제수, 소금 | H8: =IFERROR(INDEX(레시피북!$D$2:$J$611,MATCH($D8,레시피북!$C$2:$C$611,0),6),"") -> 0 | I8: 2026-08-19 09:30~ | L8: =IFERROR(INDEX(레시피북!$C$2:$J$611,MATCH($D8,레시피북!$C$2:$C$611,0),8),"") -> 백김치(정우식품) | M8: *건두부무침 : 25g / 35g | P8: *파르펠레냉파스타:30g | S8: *족발부추무침 : 45g, 55g
C9: 보존식 | G9: 글로벌리더스 : 매콤양념불백 | J9: 1 | K9: 0.25
B10: 글로벌 리더스 . 석식 | C10: 밥 | D10: 친환경찰흑미쌀밥 | E10: 150 | G10: =IFERROR(INDEX(레시피북!$C$2:$H$618,MATCH($D10,레시피북!$C$2:$C$618,0),6),"") -> 쌀(국산)90%, 찰흑미(국산.친환경)5%, 정제수 | H10: =IFERROR(INDEX(레시피북!$D$2:$J$611,MATCH($D10,레시피북!$C$2:$C$611,0),6),"") -> 0 | I10: 2026-08-19 14:30~ | L10: =IFERROR(INDEX(레시피북!$C$2:$J$611,MATCH($D10,레시피북!$C$2:$C$611,0),8),"") -> 0 | M10: *영양찜닭:85g / 95g | P10: *소고기가지볶음 : 30g | S10: *춘장닭불고기 : 70g / 80g
C11: 국 | D11: 황태무채국 | E11: 160 | G11: =IFERROR(INDEX(레시피북!$C$2:$H$618,MATCH($D11,레시피북!$C$2:$C$618,0),6),"") -> 무(국산)20%, 황태(러시아산)5%, 두부(콩:미국,호주,캐나다등), 대파, 마늘, 멸치육수농축액, 정제수, 소금 | H11: =IFERROR(INDEX(레시피북!$D$2:$J$611,MATCH($D11,레시피북!$C$2:$C$611,0),6),"") -> .5. | I11: 2026-08-19 14:30~ | L11: =IFERROR(INDEX(레시피북!$C$2:$J$611,MATCH($D11,레시피북!$C$2:$C$611,0),8),"") -> 0 | M11: *미트볼 : 개당10g | P11: *삼색소고기소보로 : 50g / 70g | S11: *훈제오리잡채 : 55g / 70g
C12: 메인 | D12: 돈갈비양념구이 | E12: 80 | G12: =IFERROR(INDEX(레시피북!$C$2:$H$618,MATCH($D12,레시피북!$C$2:$C$618,0),6),"") -> 돈후지(국산)85%, 갈비양념, 간장, 설탕, 양파, 파, 마늘, 후추, 참기름 | H12: =IFERROR(INDEX(레시피북!$D$2:$J$611,MATCH($D12,레시피북!$C$2:$C$611,0),6),"") -> .5.6.10.21. | I12: 2026-08-19 14:30~ | L12: =IFERROR(INDEX(레시피북!$C$2:$J$611,MATCH($D12,레시피북!$C$2:$C$611,0),8),"") -> 돼지갈비양념장(백설)
C13: 반찬1 | D13: 채소계란찜 | F13: 2 | G13: =IFERROR(INDEX(레시피북!$C$2:$H$618,MATCH($D13,레시피북!$C$2:$C$618,0),6),"") -> 계란(국산)46.2%, 쪽파, 당근, 정제수, 우유, 소금 | H13: =IFERROR(INDEX(레시피북!$D$2:$J$611,MATCH($D13,레시피북!$C$2:$C$611,0),6),"") -> .1.2. | I13: 2026-08-19 14:30~ | L13: =IFERROR(INDEX(레시피북!$C$2:$J$611,MATCH($D13,레시피북!$C$2:$C$611,0),8),"") -> 1판에 64조각
C14: 반찬2 | D14: 고사리당근나물 | E14: 35 | G14: =IFERROR(INDEX(레시피북!$C$2:$H$618,MATCH($D14,레시피북!$C$2:$C$618,0),6),"") -> 고사리(중국산)85.6%, 당근, 마늘, 대파, 대두유, 국간장, 소금, 참기름, 참깨 | H14: =IFERROR(INDEX(레시피북!$D$2:$J$611,MATCH($D14,레시피북!$C$2:$C$611,0),6),"") -> .5.21. | I14: 2026-08-19 14:30~ | L14: =IFERROR(INDEX(레시피북!$C$2:$J$611,MATCH($D14,레시피북!$C$2:$C$611,0),8),"") -> 0
C15: 반찬3 | D15: 백김치 | E15: 35 | G15: =IFERROR(INDEX(레시피북!$C$2:$H$618,MATCH($D15,레시피북!$C$2:$C$618,0),6),"") -> 배추(국내산)70&, 무(국내산)10%, 마늘, 생강, 양파, 설탕, 정제수, 소금 | H15: =IFERROR(INDEX(레시피북!$D$2:$J$611,MATCH($D15,레시피북!$C$2:$C$611,0),6),"") -> 0 | I15: 2026-08-19 14:30~ | L15: =IFERROR(INDEX(레시피북!$C$2:$J$611,MATCH($D15,레시피북!$C$2:$C$611,0),8),"") -> 백김치(정우식품)
C16: 신당꿈 특식 | D16: 삼치데리야끼구이 | F16: 1 | G16: =IFERROR(INDEX(레시피북!$C$2:$H$618,MATCH($D16,레시피북!$C$2:$C$618,0),6),"") -> 삼치(국산)94%, 대두유, 소금, 데리야끼소스 | H16: =IFERROR(INDEX(레시피북!$D$2:$J$611,MATCH($D16,레시피북!$C$2:$C$611,0),6),"") -> .5.6. | I16: 2026-08-19 14:30~ | L16: =IFERROR(INDEX(레시피북!$C$2:$J$611,MATCH($D16,레시피북!$C$2:$C$611,0),8),"") -> 0
C17: 보존식 | J17: 1 | K17: 0.25
B18: 강서폴리 소풍 | C18: 밥 | G18: =IFERROR(INDEX(레시피북!$C$2:$H$618,MATCH($D18,레시피북!$C$2:$C$618,0),6),"") | H18: =IFERROR(INDEX(레시피북!$D$2:$J$611,MATCH($D18,레시피북!$C$2:$C$611,0),6),"") | I18: 2026-08-19 09:30~ | L18: =IFERROR(INDEX(레시피북!$C$2:$J$611,MATCH($D18,레시피북!$C$2:$C$611,0),8),"")
C19: 반찬1 | G19: =IFERROR(INDEX(레시피북!$C$2:$H$618,MATCH($D19,레시피북!$C$2:$C$618,0),6),"") | H19: =IFERROR(INDEX(레시피북!$D$2:$J$611,MATCH($D19,레시피북!$C$2:$C$611,0),6),"") | I19: 2026-08-19 09:30~ | L19: =IFERROR(INDEX(레시피북!$C$2:$J$611,MATCH($D19,레시피북!$C$2:$C$611,0),8),"")
G20: =IFERROR(INDEX(레시피북!$C$2:$H$618,MATCH($D20,레시피북!$C$2:$C$618,0),6),"") | H20: =IFERROR(INDEX(레시피북!$D$2:$J$611,MATCH($D20,레시피북!$C$2:$C$611,0),6),"") | I20: 2026-08-19 09:30~ | L20: =IFERROR(INDEX(레시피북!$C$2:$J$611,MATCH($D20,레시피북!$C$2:$C$611,0),8),"")
C21: 반찬2 | G21: =IFERROR(INDEX(레시피북!$C$2:$H$618,MATCH($D21,레시피북!$C$2:$C$618,0),6),"") | H21: =IFERROR(INDEX(레시피북!$D$2:$J$611,MATCH($D21,레시피북!$C$2:$C$611,0),6),"") | I21: 2026-08-19 09:30~ | L21: =IFERROR(INDEX(레시피북!$C$2:$J$611,MATCH($D21,레시피북!$C$2:$C$611,0),8),"")
C22: 반찬3 | G22: =IFERROR(INDEX(레시피북!$C$2:$H$618,MATCH($D22,레시피북!$C$2:$C$618,0),6),"") | H22: =IFERROR(INDEX(레시피북!$D$2:$J$611,MATCH($D22,레시피북!$C$2:$C$611,0),6),"") | I22: 2026-08-19 09:30~ | L22: =IFERROR(INDEX(레시피북!$C$2:$J$611,MATCH($D22,레시피북!$C$2:$C$611,0),8),"")
C23: 반찬4 | G23: =IFERROR(INDEX(레시피북!$C$2:$H$618,MATCH($D23,레시피북!$C$2:$C$618,0),6),"") | H23: =IFERROR(INDEX(레시피북!$D$2:$J$611,MATCH($D23,레시피북!$C$2:$C$611,0),6),"") | I23: 2026-08-19 09:30~ | L23: =IFERROR(INDEX(레시피북!$C$2:$J$611,MATCH($D23,레시피북!$C$2:$C$611,0),8),"")
C24: 보존식 | F24: 1 | J24: 1 | K24: 0.25

Sheet 08-20
B1: 2026-08-20(목) | M1: *한입해쉬브라운 : 9g(개당) | P1: *양송이떡갈비 : 1.5ea, 1.75, 2 | S1: *양배추당근라페 : 20g / 30g
B2: 출고일 | C2: 구분 | D2: 품명 | E2: 중량(g) | F2: 수량(장) | G2: 자재사용내역 | H2: 알러지 표기 | I2: 배송시점 | J2: 제공인원 | K2: 총생산량(Kg) | L2: 메 모 | M2: *샐러드 채소 : 15g, 20g ,25g | P2: *야채고기말이 : 1.1, 1.5, 1.5 | S2: *고구마튀김35g / 45g
B3: 중식 | C3: 밥 | D3: 흰쌀밥 | E3: 140 | G3: =IFERROR(INDEX(레시피북!$C$2:$H$618,MATCH($D3,레시피북!$C$2:$C$618,0),6),"") -> 쌀(국산)95%, 정제수 | H3: =IFERROR(INDEX(레시피북!$D$2:$J$611,MATCH($D3,레시피북!$C$2:$C$611,0),6),"") -> 0 | I3: 2026-08-20 09:30~ | L3: =IFERROR(INDEX(레시피북!$C$2:$J$611,MATCH($D3,레시피북!$C$2:$C$611,0),8),"") -> 0 | M3: *웨지감자 : 25g / 30g | O3: *어묵채구이:12g / 15g | S3: 한입새우튀김 : 30g / 40g / 50g (소스15g)
C4: 국 | D4: 얼갈이된장국 | E4: 150 | G4: =IFERROR(INDEX(레시피북!$C$2:$H$618,MATCH($D4,레시피북!$C$2:$C$618,0),6),"") -> 얼갈이(국산) 23%, 된장(콩:원료수입산), 파, 마늘, 양파, 정제수, 멸치육수농축액, 국간장, 소금, | H4: =IFERROR(INDEX(레시피북!$D$2:$J$611,MATCH($D4,레시피북!$C$2:$C$611,0),6),"") -> .5. | I4: 2026-08-20 09:30~ | L4: =IFERROR(INDEX(레시피북!$C$2:$J$611,MATCH($D4,레시피북!$C$2:$C$611,0),8),"") -> 30g / 35g | M4: *꼬마돈까스: 25g, 중구청 35g | P4: *족발:45g / 55g | S4: *갈비만두 : 성분표기 인당1개 / 식수 인당1.5개
C5: 메인 | D5: 소고기우엉조림 | E5: 60 | G5: =IFERROR(INDEX(레시피북!$C$2:$H$618,MATCH($D5,레시피북!$C$2:$C$618,0),6),"") -> 소고기(호주산)70%, 우엉(국산)5%, 정제수, 맛술, 통후추, 월계수잎, 간장, 설탕, 물엿, 참기름, 참깨 | H5: =IFERROR(INDEX(레시피북!$D$2:$J$611,MATCH($D5,레시피북!$C$2:$C$611,0),6),"") -> .5.10.21. | I5: 2026-08-20 09:30~ | L5: =IFERROR(INDEX(레시피북!$C$2:$J$611,MATCH($D5,레시피북!$C$2:$C$611,0),8),"") -> 0 | M5: *오징어볼탕수 : 35g / 45g/ 70g 소스 : 20g | S5: *생선통살탕수 : 40g / 50g / 교사 70g, 소스 25g 개당 12g
C6: 반찬1 | D6: 문어볼오븐구이 | F6: 2 | G6: =IFERROR(INDEX(레시피북!$C$2:$H$618,MATCH($D6,레시피북!$C$2:$C$618,0),6),"") -> 타코야끼[밀가루(밀)13.6%, 양배추9.98%, 문어8.31%, 대두유(대두)7%, 계란6.68%, 정제소금, 생강]중국산 | H6: =IFERROR(INDEX(레시피북!$D$2:$J$611,MATCH($D6,레시피북!$C$2:$C$611,0),6),"") -> .1.5.6. | I6: 2026-08-20 09:30~ | L6: =IFERROR(INDEX(레시피북!$C$2:$J$611,MATCH($D6,레시피북!$C$2:$C$611,0),8),"") -> 타코야끼(세미원) | M6: *표고강정 : 30g(35g) | P6: *훈제오리 : 40g / 50g | S6: *해물전:1000680205(삼성웰스토리)
C7: 반찬2 | D7: 오색콩나물냉채 | E7: 30 | G7: =IFERROR(INDEX(레시피북!$C$2:$H$618,MATCH($D7,레시피북!$C$2:$C$618,0),6),"") -> 콩나물(원료수입산)80%, 크래미[명태연육80.26%(미국산), 난백액(국내산), 게엑기스1.36%(국내산)]10%, 당근, 부추, 적채, 마늘, 허니머스터드, 식초, 설탕, 참기름, 참깨 | H7: =IFERROR(INDEX(레시피북!$D$2:$J$611,MATCH($D7,레시피북!$C$2:$C$611,0),6),"") -> .1.2.5.6.8.12.21. | I7: 2026-08-20 09:30~ | L7: =IFERROR(INDEX(레시피북!$C$2:$J$611,MATCH($D7,레시피북!$C$2:$C$611,0),8),"") -> 크라비아(사조대림) | M7: *탕수육40g(중구청50g) ,소스25g | P7: *마카로니.콘샐러드 : 30g | S7: *통등심돈까스:50g / 소스 25g
C8: 반찬3 | D8: 깍두기 | E8: 25 | G8: =IFERROR(INDEX(레시피북!$C$2:$H$618,MATCH($D8,레시피북!$C$2:$C$618,0),6),"") -> 무(국산)85.2%, 고추가루(국산), 밀가루풀(국산), 파, 마늘, 새우젓 등 양념(국산) | H8: =IFERROR(INDEX(레시피북!$D$2:$J$611,MATCH($D8,레시피북!$C$2:$C$611,0),6),"") -> .6.9. | I8: 2026-08-20 09:30~ | L8: =IFERROR(INDEX(레시피북!$C$2:$J$611,MATCH($D8,레시피북!$C$2:$C$611,0),8),"") -> 0 | M8: *건두부무침 : 25g / 35g | P8: *파르펠레냉파스타:30g | S8: *족발부추무침 : 45g, 55g
C9: 보존식 | G9: 글로벌리더스 : 매콤콩나물무침 | J9: 1 | K9: 0.25
B10: 글로벌 리더스 . 석식 | C10: 밥 | D10: 흰쌀밥 | E10: 150 | G10: =IFERROR(INDEX(레시피북!$C$2:$H$618,MATCH($D10,레시피북!$C$2:$C$618,0),6),"") -> 쌀(국산)95%, 정제수 | H10: =IFERROR(INDEX(레시피북!$D$2:$J$611,MATCH($D10,레시피북!$C$2:$C$611,0),6),"") -> 0 | I10: 2026-08-20 14:30~ | L10: =IFERROR(INDEX(레시피북!$C$2:$J$611,MATCH($D10,레시피북!$C$2:$C$611,0),8),"") -> 0 | M10: *영양찜닭:85g / 95g | P10: *소고기가지볶음 : 30g | S10: *춘장닭불고기 : 70g / 80g
C11: 국 | D11: 얼갈이된장국 | E11: 160 | G11: =IFERROR(INDEX(레시피북!$C$2:$H$618,MATCH($D11,레시피북!$C$2:$C$618,0),6),"") -> 얼갈이(국산) 23%, 된장(콩:원료수입산), 파, 마늘, 양파, 정제수, 멸치육수농축액, 국간장, 소금, | H11: =IFERROR(INDEX(레시피북!$D$2:$J$611,MATCH($D11,레시피북!$C$2:$C$611,0),6),"") -> .5. | I11: 2026-08-20 14:30~ | L11: =IFERROR(INDEX(레시피북!$C$2:$J$611,MATCH($D11,레시피북!$C$2:$C$611,0),8),"") -> 30g / 35g | M11: *미트볼 : 개당10g | P11: *삼색소고기소보로 : 50g / 70g | S11: *훈제오리잡채 : 55g / 70g
C12: 메인 | D12: 소고기우엉조림 | E12: 80 | G12: =IFERROR(INDEX(레시피북!$C$2:$H$618,MATCH($D12,레시피북!$C$2:$C$618,0),6),"") -> 소고기(호주산)70%, 우엉(국산)5%, 정제수, 맛술, 통후추, 월계수잎, 간장, 설탕, 물엿, 참기름, 참깨 | H12: =IFERROR(INDEX(레시피북!$D$2:$J$611,MATCH($D12,레시피북!$C$2:$C$611,0),6),"") -> .5.10.21. | I12: 2026-08-20 14:30~ | L12: =IFERROR(INDEX(레시피북!$C$2:$J$611,MATCH($D12,레시피북!$C$2:$C$611,0),8),"") -> 0
C13: 반찬1 | D13: 문어볼오븐구이 | F13: 3 | G13: =IFERROR(INDEX(레시피북!$C$2:$H$618,MATCH($D13,레시피북!$C$2:$C$618,0),6),"") -> 타코야끼[밀가루(밀)13.6%, 양배추9.98%, 문어8.31%, 대두유(대두)7%, 계란6.68%, 정제소금, 생강]중국산 | H13: =IFERROR(INDEX(레시피북!$D$2:$J$611,MATCH($D13,레시피북!$C$2:$C$611,0),6),"") -> .1.5.6. | I13: 2026-08-20 14:30~ | L13: =IFERROR(INDEX(레시피북!$C$2:$J$611,MATCH($D13,레시피북!$C$2:$C$611,0),8),"") -> 타코야끼(세미원)
C14: 반찬2 | D14: 매콤콩나물무침 | E14: 40 | G14: =IFERROR(INDEX(레시피북!$C$2:$H$618,MATCH($D14,레시피북!$C$2:$C$618,0),6),"") -> 콩나물(원료수입산)92%, 당근, 마늘, 대파, 고추가루, 참치액, 소금, 참기름, 참깨 | H14: =IFERROR(INDEX(레시피북!$D$2:$J$611,MATCH($D14,레시피북!$C$2:$C$611,0),6),"") -> .5.21. | I14: 2026-08-20 14:30~ | L14: =IFERROR(INDEX(레시피북!$C$2:$J$611,MATCH($D14,레시피북!$C$2:$C$611,0),8),"") -> 0
C15: 반찬3 | D15: 깍두기 | E15: 35 | G15: =IFERROR(INDEX(레시피북!$C$2:$H$618,MATCH($D15,레시피북!$C$2:$C$618,0),6),"") -> 무(국산)85.2%, 고추가루(국산), 밀가루풀(국산), 파, 마늘, 새우젓 등 양념(국산) | H15: =IFERROR(INDEX(레시피북!$D$2:$J$611,MATCH($D15,레시피북!$C$2:$C$611,0),6),"") -> .6.9. | I15: 2026-08-20 14:30~ | L15: =IFERROR(INDEX(레시피북!$C$2:$J$611,MATCH($D15,레시피북!$C$2:$C$611,0),8),"") -> 0
C16: 신당꿈 특식 | D16: 과일 | G16: =IFERROR(INDEX(레시피북!$C$2:$H$618,MATCH($D16,레시피북!$C$2:$C$618,0),6),"") | H16: =IFERROR(INDEX(레시피북!$D$2:$J$611,MATCH($D16,레시피북!$C$2:$C$611,0),6),"") | I16: 2026-08-20 14:30~ | L16: =IFERROR(INDEX(레시피북!$C$2:$J$611,MATCH($D16,레시피북!$C$2:$C$611,0),8),"")
C17: 보존식 | J17: 1 | K17: 0.25
B18: 강서폴리 소풍 | C18: 밥 | G18: =IFERROR(INDEX(레시피북!$C$2:$H$618,MATCH($D18,레시피북!$C$2:$C$618,0),6),"") | H18: =IFERROR(INDEX(레시피북!$D$2:$J$611,MATCH($D18,레시피북!$C$2:$C$611,0),6),"") | I18: 2026-08-20 09:30~ | L18: =IFERROR(INDEX(레시피북!$C$2:$J$611,MATCH($D18,레시피북!$C$2:$C$611,0),8),"")
C19: 반찬1 | G19: =IFERROR(INDEX(레시피북!$C$2:$H$618,MATCH($D19,레시피북!$C$2:$C$618,0),6),"") | H19: =IFERROR(INDEX(레시피북!$D$2:$J$611,MATCH($D19,레시피북!$C$2:$C$611,0),6),"") | I19: 2026-08-20 09:30~ | L19: =IFERROR(INDEX(레시피북!$C$2:$J$611,MATCH($D19,레시피북!$C$2:$C$611,0),8),"")
G20: =IFERROR(INDEX(레시피북!$C$2:$H$618,MATCH($D20,레시피북!$C$2:$C$618,0),6),"") | H20: =IFERROR(INDEX(레시피북!$D$2:$J$611,MATCH($D20,레시피북!$C$2:$C$611,0),6),"") | I20: 2026-08-20 09:30~ | L20: =IFERROR(INDEX(레시피북!$C$2:$J$611,MATCH($D20,레시피북!$C$2:$C$611,0),8),"")
C21: 반찬2 | G21: =IFERROR(INDEX(레시피북!$C$2:$H$618,MATCH($D21,레시피북!$C$2:$C$618,0),6),"") | H21: =IFERROR(INDEX(레시피북!$D$2:$J$611,MATCH($D21,레시피북!$C$2:$C$611,0),6),"") | I21: 2026-08-20 09:30~ | L21: =IFERROR(INDEX(레시피북!$C$2:$J$611,MATCH($D21,레시피북!$C$2:$C$611,0),8),"")
C22: 반찬3 | G22: =IFERROR(INDEX(레시피북!$C$2:$H$618,MATCH($D22,레시피북!$C$2:$C$618,0),6),"") | H22: =IFERROR(INDEX(레시피북!$D$2:$J$611,MATCH($D22,레시피북!$C$2:$C$611,0),6),"") | I22: 2026-08-20 09:30~ | L22: =IFERROR(INDEX(레시피북!$C$2:$J$611,MATCH($D22,레시피북!$C$2:$C$611,0),8),"")
C23: 반찬4 | G23: =IFERROR(INDEX(레시피북!$C$2:$H$618,MATCH($D23,레시피북!$C$2:$C$618,0),6),"") | H23: =IFERROR(INDEX(레시피북!$D$2:$J$611,MATCH($D23,레시피북!$C$2:$C$611,0),6),"") | I23: 2026-08-20 09:30~ | L23: =IFERROR(INDEX(레시피북!$C$2:$J$611,MATCH($D23,레시피북!$C$2:$C$611,0),8),"")
C24: 보존식 | F24: 1 | J24: 1 | K24: 0.25

Sheet 08-21
B1: 2026-08-21(금) | M1: *한입해쉬브라운 : 9g(개당) | P1: *양송이떡갈비 : 1.5ea, 1.75, 2 | S1: *양배추당근라페 : 20g / 30g
B2: 출고일 | C2: 구분 | D2: 품명 | E2: 중량(g) | F2: 수량(장) | G2: 자재사용내역 | H2: 알러지 표기 | I2: 배송시점 | J2: 제공인원 | K2: 총생산량(Kg) | L2: 메 모 | M2: *샐러드 채소 : 15g, 20g ,25g | P2: *야채고기말이 : 1.1, 1.5, 1.5 | S2: *고구마튀김35g / 45g
B3: 중식 | C3: 밥 | D3: 친환경찰보리쌀밥 | G3: =IFERROR(INDEX(레시피북!$C$2:$H$618,MATCH($D3,레시피북!$C$2:$C$618,0),6),"") -> 쌀(국산)90%, 찰보리(국산.친환경)5%, 정제수 | H3: =IFERROR(INDEX(레시피북!$D$2:$J$611,MATCH($D3,레시피북!$C$2:$C$611,0),6),"") -> 0 | I3: 2026-08-21 09:30~ | L3: =IFERROR(INDEX(레시피북!$C$2:$J$611,MATCH($D3,레시피북!$C$2:$C$611,0),8),"") -> 0 | M3: *웨지감자 : 25g / 30g | O3: *어묵채구이:12g / 15g | S3: 한입새우튀김 : 30g / 40g / 50g (소스15g)
C4: 국 | D4: 소고기미역국 | G4: =IFERROR(INDEX(레시피북!$C$2:$H$618,MATCH($D4,레시피북!$C$2:$C$618,0),6),"") -> 불린미역(미역:국산)18.3%, 소고기(호주산)5%, 마늘, 정제수, 밥새우, 멸치육수농축액, 소금, 국간장 | H4: =IFERROR(INDEX(레시피북!$D$2:$J$611,MATCH($D4,레시피북!$C$2:$C$611,0),6),"") -> .5.9.16. | I4: 2026-08-21 09:30~ | L4: =IFERROR(INDEX(레시피북!$C$2:$J$611,MATCH($D4,레시피북!$C$2:$C$611,0),8),"") -> 40g / 50g 멸치육수농축액(면사랑) | M4: *꼬마돈까스: 25g, 중구청 35g | P4: *족발:45g / 55g | S4: *갈비만두 : 성분표기 인당1개 / 식수 인당1.5개
C5: 메인 | D5: 허니양념치킨 | G5: =IFERROR(INDEX(레시피북!$C$2:$H$618,MATCH($D5,레시피북!$C$2:$C$618,0),6),"") -> 순살치킨[닭고기(닭다리살:브라질산)64.76%,밀가루(밀:호주산,미국산),옥수수전분(옥수수:외국산), 대두유]85%,양념소스[사양벌꿀(국산)2%, 케찹, 물엿, 참기름]15% | H5: =IFERROR(INDEX(레시피북!$D$2:$J$611,MATCH($D5,레시피북!$C$2:$C$611,0),6),"") -> .1.2.5.6.12.15.16.21. | I5: 2026-08-21 09:30~ | L5: =IFERROR(INDEX(레시피북!$C$2:$J$611,MATCH($D5,레시피북!$C$2:$C$611,0),8),"") -> 0 | M5: *오징어볼탕수 : 35g / 45g/ 70g 소스 : 20g | S5: *생선통살탕수 : 40g / 50g / 교사 70g, 소스 25g 개당 12g
C6: 반찬1 | D6: 감자크림뇨끼 | G6: =IFERROR(INDEX(레시피북!$C$2:$H$618,MATCH($D6,레시피북!$C$2:$C$618,0),6),"") -> 뇨끼(이탈리아산)75%, 베이컨(돼지고기:수입산)3%, 크림소스, 우유, 후추, 소금, 파슬리가루 | H6: =IFERROR(INDEX(레시피북!$D$2:$J$611,MATCH($D6,레시피북!$C$2:$C$611,0),6),"") -> .1.2.5.6.10.15.16. | I6: 2026-08-21 09:30~ | L6: =IFERROR(INDEX(레시피북!$C$2:$J$611,MATCH($D6,레시피북!$C$2:$C$611,0),8),"") -> 0 | M6: *표고강정 : 30g(35g) | P6: *훈제오리 : 40g / 50g | S6: *해물전:1000680205(삼성웰스토리)
C7: 반찬2 | D7: 과일샐러드 | G7: =IFERROR(INDEX(레시피북!$C$2:$H$618,MATCH($D7,레시피북!$C$2:$C$618,0),6),"") -> 모둠과일[사과(국산), 방울토마토(국산), 파인애플(청크/필리핀산), 오이, 당근]80%, 건포도, 마요네즈, 설탕, 소금 | H7: =IFERROR(INDEX(레시피북!$D$2:$J$611,MATCH($D7,레시피북!$C$2:$C$611,0),6),"") -> .1.12.19. | I7: 2026-08-21 09:30~ | L7: =IFERROR(INDEX(레시피북!$C$2:$J$611,MATCH($D7,레시피북!$C$2:$C$611,0),8),"") -> 0 | M7: *탕수육40g(중구청50g) ,소스25g | P7: *마카로니.콘샐러드 : 30g | S7: *통등심돈까스:50g / 소스 25g
C8: 반찬3 | D8: 배추김치 | G8: =IFERROR(INDEX(레시피북!$C$2:$H$618,MATCH($D8,레시피북!$C$2:$C$618,0),6),"") -> 절임배추64.0%[배추(국산),무(국산),종가김치전용풀(쌀:국산)], 토마토페이스트(토마토:미국산)2.7%,[멸치액젓, 양파,다시마농축액,고춧가루,마늘,대파,새우액젓,김치유산균발효액,생강양념,호화쌀혼합분말]국산 | H8: =IFERROR(INDEX(레시피북!$D$2:$J$611,MATCH($D8,레시피북!$C$2:$C$611,0),6),"") -> .9.12. | I8: 2026-08-21 09:30~ | L8: =IFERROR(INDEX(레시피북!$C$2:$J$611,MATCH($D8,레시피북!$C$2:$C$611,0),8),"") -> 토마토김치(종가집) | M8: *건두부무침 : 25g / 35g | P8: *파르펠레냉파스타:30g | S8: *족발부추무침 : 45g, 55g
C9: 보존식 | G9: 포도클럽 : 백김치 강서폴리 셋팅메뉴 : 허니양념치킨, 과일샐러드, 바나나 | J9: 1 | K9: 0.25
B10: 글로벌 리더스 . 석식 | C10: 밥 | D10: 친환경찰보리쌀밥 | G10: =IFERROR(INDEX(레시피북!$C$2:$H$618,MATCH($D10,레시피북!$C$2:$C$618,0),6),"") -> 쌀(국산)90%, 찰보리(국산.친환경)5%, 정제수 | H10: =IFERROR(INDEX(레시피북!$D$2:$J$611,MATCH($D10,레시피북!$C$2:$C$611,0),6),"") -> 0 | I10: 2026-08-21 14:30~ | L10: =IFERROR(INDEX(레시피북!$C$2:$J$611,MATCH($D10,레시피북!$C$2:$C$611,0),8),"") -> 0 | M10: *영양찜닭:85g / 95g | P10: *소고기가지볶음 : 30g | S10: *춘장닭불고기 : 70g / 80g
C11: 국 | D11: 소고기미역국 | G11: =IFERROR(INDEX(레시피북!$C$2:$H$618,MATCH($D11,레시피북!$C$2:$C$618,0),6),"") -> 불린미역(미역:국산)18.3%, 소고기(호주산)5%, 마늘, 정제수, 밥새우, 멸치육수농축액, 소금, 국간장 | H11: =IFERROR(INDEX(레시피북!$D$2:$J$611,MATCH($D11,레시피북!$C$2:$C$611,0),6),"") -> .5.9.16. | I11: 2026-08-21 14:30~ | L11: =IFERROR(INDEX(레시피북!$C$2:$J$611,MATCH($D11,레시피북!$C$2:$C$611,0),8),"") -> 40g / 50g 멸치육수농축액(면사랑) | M11: *미트볼 : 개당10g | P11: *삼색소고기소보로 : 50g / 70g | S11: *훈제오리잡채 : 55g / 70g
C12: 메인 | D12: 허니양념치킨 | G12: =IFERROR(INDEX(레시피북!$C$2:$H$618,MATCH($D12,레시피북!$C$2:$C$618,0),6),"") -> 순살치킨[닭고기(닭다리살:브라질산)64.76%,밀가루(밀:호주산,미국산),옥수수전분(옥수수:외국산), 대두유]85%,양념소스[사양벌꿀(국산)2%, 케찹, 물엿, 참기름]15% | H12: =IFERROR(INDEX(레시피북!$D$2:$J$611,MATCH($D12,레시피북!$C$2:$C$611,0),6),"") -> .1.2.5.6.12.15.16.21. | I12: 2026-08-21 14:30~ | L12: =IFERROR(INDEX(레시피북!$C$2:$J$611,MATCH($D12,레시피북!$C$2:$C$611,0),8),"") -> 0
C13: 반찬1 | D13: 감자크림뇨끼 | G13: =IFERROR(INDEX(레시피북!$C$2:$H$618,MATCH($D13,레시피북!$C$2:$C$618,0),6),"") -> 뇨끼(이탈리아산)75%, 베이컨(돼지고기:수입산)3%, 크림소스, 우유, 후추, 소금, 파슬리가루 | H13: =IFERROR(INDEX(레시피북!$D$2:$J$611,MATCH($D13,레시피북!$C$2:$C$611,0),6),"") -> .1.2.5.6.10.15.16. | I13: 2026-08-21 14:30~ | L13: =IFERROR(INDEX(레시피북!$C$2:$J$611,MATCH($D13,레시피북!$C$2:$C$611,0),8),"") -> 0
C14: 반찬2 | D14: 과일샐러드 | G14: =IFERROR(INDEX(레시피북!$C$2:$H$618,MATCH($D14,레시피북!$C$2:$C$618,0),6),"") -> 모둠과일[사과(국산), 방울토마토(국산), 파인애플(청크/필리핀산), 오이, 당근]80%, 건포도, 마요네즈, 설탕, 소금 | H14: =IFERROR(INDEX(레시피북!$D$2:$J$611,MATCH($D14,레시피북!$C$2:$C$611,0),6),"") -> .1.12.19. | I14: 2026-08-21 14:30~ | L14: =IFERROR(INDEX(레시피북!$C$2:$J$611,MATCH($D14,레시피북!$C$2:$C$611,0),8),"") -> 0
C15: 반찬3 | D15: 배추김치 | G15: =IFERROR(INDEX(레시피북!$C$2:$H$618,MATCH($D15,레시피북!$C$2:$C$618,0),6),"") -> 절임배추64.0%[배추(국산),무(국산),종가김치전용풀(쌀:국산)], 토마토페이스트(토마토:미국산)2.7%,[멸치액젓, 양파,다시마농축액,고춧가루,마늘,대파,새우액젓,김치유산균발효액,생강양념,호화쌀혼합분말]국산 | H15: =IFERROR(INDEX(레시피북!$D$2:$J$611,MATCH($D15,레시피북!$C$2:$C$611,0),6),"") -> .9.12. | I15: 2026-08-21 14:30~ | L15: =IFERROR(INDEX(레시피북!$C$2:$J$611,MATCH($D15,레시피북!$C$2:$C$611,0),8),"") -> 토마토김치(종가집)
C16: 신당꿈 특식 | D16: 족발냉채 | G16: =IFERROR(INDEX(레시피북!$C$2:$H$618,MATCH($D16,레시피북!$C$2:$C$618,0),6),"") -> 족발[돼지고기(뒷다리:국산)97.6%, 양파(국산), 마늘(국산), 참당귀, 생강, 감초, 설탕, 대파, 정제소금, 계피, 치자]70%, 곤약분모자(곤약분말:외국산)양배추, 적채, 당근, 부추, 마늘, 허니머스터드, 식초 설탕, 참기름, 참깨 | H16: =IFERROR(INDEX(레시피북!$D$2:$J$611,MATCH($D16,레시피북!$C$2:$C$611,0),6),"") -> .1.2.5.6.10.21. | I16: 2026-08-21 14:30~ | L16: =IFERROR(INDEX(레시피북!$C$2:$J$611,MATCH($D16,레시피북!$C$2:$C$611,0),8),"") -> 족발(미쓰족발&이츠웰), 발효곤약분모자(마틴조)
C17: 보존식 | J17: 1 | K17: 0.25
B18: 강서폴리 소풍 | C18: 밥 | G18: =IFERROR(INDEX(레시피북!$C$2:$H$618,MATCH($D18,레시피북!$C$2:$C$618,0),6),"") | H18: =IFERROR(INDEX(레시피북!$D$2:$J$611,MATCH($D18,레시피북!$C$2:$C$611,0),6),"") | I18: 2026-08-21 09:30~ | L18: =IFERROR(INDEX(레시피북!$C$2:$J$611,MATCH($D18,레시피북!$C$2:$C$611,0),8),"")
C19: 반찬1 | G19: =IFERROR(INDEX(레시피북!$C$2:$H$618,MATCH($D19,레시피북!$C$2:$C$618,0),6),"") | H19: =IFERROR(INDEX(레시피북!$D$2:$J$611,MATCH($D19,레시피북!$C$2:$C$611,0),6),"") | I19: 2026-08-21 09:30~ | L19: =IFERROR(INDEX(레시피북!$C$2:$J$611,MATCH($D19,레시피북!$C$2:$C$611,0),8),"")
G20: =IFERROR(INDEX(레시피북!$C$2:$H$618,MATCH($D20,레시피북!$C$2:$C$618,0),6),"") | H20: =IFERROR(INDEX(레시피북!$D$2:$J$611,MATCH($D20,레시피북!$C$2:$C$611,0),6),"") | I20: 2026-08-21 09:30~ | L20: =IFERROR(INDEX(레시피북!$C$2:$J$611,MATCH($D20,레시피북!$C$2:$C$611,0),8),"")
C21: 반찬2 | G21: =IFERROR(INDEX(레시피북!$C$2:$H$618,MATCH($D21,레시피북!$C$2:$C$618,0),6),"") | H21: =IFERROR(INDEX(레시피북!$D$2:$J$611,MATCH($D21,레시피북!$C$2:$C$611,0),6),"") | I21: 2026-08-21 09:30~ | L21: =IFERROR(INDEX(레시피북!$C$2:$J$611,MATCH($D21,레시피북!$C$2:$C$611,0),8),"")
C22: 반찬3 | G22: =IFERROR(INDEX(레시피북!$C$2:$H$618,MATCH($D22,레시피북!$C$2:$C$618,0),6),"") | H22: =IFERROR(INDEX(레시피북!$D$2:$J$611,MATCH($D22,레시피북!$C$2:$C$611,0),6),"") | I22: 2026-08-21 09:30~ | L22: =IFERROR(INDEX(레시피북!$C$2:$J$611,MATCH($D22,레시피북!$C$2:$C$611,0),8),"")
C23: 반찬4 | G23: =IFERROR(INDEX(레시피북!$C$2:$H$618,MATCH($D23,레시피북!$C$2:$C$618,0),6),"") | H23: =IFERROR(INDEX(레시피북!$D$2:$J$611,MATCH($D23,레시피북!$C$2:$C$611,0),6),"") | I23: 2026-08-21 09:30~ | L23: =IFERROR(INDEX(레시피북!$C$2:$J$611,MATCH($D23,레시피북!$C$2:$C$611,0),8),"")
C24: 보존식 | F24: 1 | J24: 1 | K24: 0.25

Sheet 08-24
B1: 2026-08-24(월) | M1: *한입해쉬브라운 : 9g(개당) | P1: *양송이떡갈비 : 1.5ea, 1.75, 2 | S1: *양배추당근라페 : 20g / 30g
B2: 출고일 | C2: 구분 | D2: 품명 | E2: 중량(g) | F2: 수량(장) | G2: 자재사용내역 | H2: 알러지 표기 | I2: 배송시점 | J2: 제공인원 | K2: 총생산량(Kg) | L2: 메 모 | M2: *샐러드 채소 : 15g, 20g ,25g | P2: *야채고기말이 : 1.1, 1.5, 1.5 | S2: *고구마튀김35g / 45g
B3: 중식 | C3: 밥 | D3: 친환경찰현미쌀밥 | E3: 140 | G3: =IFERROR(INDEX(레시피북!$C$2:$H$618,MATCH($D3,레시피북!$C$2:$C$618,0),6),"") -> 쌀(국산)90%, 현미(국산.친환경)5%, 정제수 | H3: =IFERROR(INDEX(레시피북!$D$2:$J$611,MATCH($D3,레시피북!$C$2:$C$611,0),6),"") -> 0 | I3: 2026-08-24 09:30~ | L3: =IFERROR(INDEX(레시피북!$C$2:$J$611,MATCH($D3,레시피북!$C$2:$C$611,0),8),"") -> 0 | M3: *웨지감자 : 25g / 30g | O3: *어묵채구이:12g / 15g | S3: 한입새우튀김 : 30g / 40g / 50g (소스15g)
C4: 국 | D4: 니모어묵국 | E4: 150 | G4: =IFERROR(INDEX(레시피북!$C$2:$H$618,MATCH($D4,레시피북!$C$2:$C$618,0),6),"") -> 어묵[태국산(동방실꼬리돔(47.3%), 밀전분, 정제소금,계란]12.6%, 무(국산)7%, 대파, 마늘, 정제수, 국간장, 소금 | H4: =IFERROR(INDEX(레시피북!$D$2:$J$611,MATCH($D4,레시피북!$C$2:$C$611,0),6),"") -> .1.5.6. | I4: 2026-08-24 09:30~ | L4: =IFERROR(INDEX(레시피북!$C$2:$J$611,MATCH($D4,레시피북!$C$2:$C$611,0),8),"") -> 피쉬볼(랜쉬푸드) | M4: *꼬마돈까스: 25g, 중구청 35g | P4: *족발:45g / 55g | S4: *갈비만두 : 성분표기 인당1개 / 식수 인당1.5개
C5: 메인 | D5: 목화솜탕수육 | E5: 40 | G5: =IFERROR(INDEX(레시피북!$C$2:$H$618,MATCH($D5,레시피북!$C$2:$C$618,0),6),"") -> {돼지고기(국산/등심), 전분가공품[소맥전분(밀:호주,프랑스,리투아니아 등), 탕수베이스(찰옥수수:미국산),찰옥수수전분,밀가루,난맥분],대두유[대두:아르헨티나,미국,브라질 등)], 정제수, 아쿠아민에프(영국산/해조100%)0.31%} | H5: =IFERROR(INDEX(레시피북!$D$2:$J$611,MATCH($D5,레시피북!$C$2:$C$611,0),6),"") -> .1.5.6.10. | I5: 2026-08-24 09:30~ | L5: =IFERROR(INDEX(레시피북!$C$2:$J$611,MATCH($D5,레시피북!$C$2:$C$611,0),8),"") -> 450g/900g/목화솜 등심탕수육(이츠웰.하늘푸드) | M5: *오징어볼탕수 : 35g / 45g/ 70g 소스 : 20g | S5: *생선통살탕수 : 40g / 50g / 교사 70g, 소스 25g 개당 12g
D6: & 탕수소스 | E6: 20 | G6: =IFERROR(INDEX(레시피북!$C$2:$H$618,MATCH($D6,레시피북!$C$2:$C$618,0),6),"") -> 후르츠칵테일(과채가공품:필리핀산)11%, 식초, 간장, 설탕, 전분, 정제수 | H6: =IFERROR(INDEX(레시피북!$D$2:$J$611,MATCH($D6,레시피북!$C$2:$C$611,0),6),"") -> .5. | I6: 2026-08-24 09:30~ | L6: =IFERROR(INDEX(레시피북!$C$2:$J$611,MATCH($D6,레시피북!$C$2:$C$611,0),8),"") -> 후르츠칵테일(리치스)
C7: 반찬1 | D7: 메추리알짜장볶이 | E7: 40 | G7: =IFERROR(INDEX(레시피북!$C$2:$H$618,MATCH($D7,레시피북!$C$2:$C$618,0),6),"") -> 메추리알(국산)65%, 어묵(연육:베트남산.중국산)15%, 짜장분말, 춘장, 대두유, 설탕, 정제수, 물엿 | H7: =IFERROR(INDEX(레시피북!$D$2:$J$611,MATCH($D7,레시피북!$C$2:$C$611,0),6),"") -> .1.5.6.10.15.16. | I7: 2026-08-24 09:30~ | L7: =IFERROR(INDEX(레시피북!$C$2:$J$611,MATCH($D7,레시피북!$C$2:$C$611,0),8),"") -> 0 | M7: *표고강정 : 30g(35g) | P7: *훈제오리 : 40g / 50g | S7: *해물전:1000680205(삼성웰스토리)
C8: 반찬2 | D8: 오이부추무침 | E8: 25 | G8: =IFERROR(INDEX(레시피북!$C$2:$H$618,MATCH($D8,레시피북!$C$2:$C$618,0),6),"") -> 오이(국산)87%, 부추(국산)3%, 파, 마늘, 고추가루, 소금, 설탕, 식초, 참깨 | H8: =IFERROR(INDEX(레시피북!$D$2:$J$611,MATCH($D8,레시피북!$C$2:$C$611,0),6),"") -> .5.21. | I8: 2026-08-24 09:30~ | L8: =IFERROR(INDEX(레시피북!$C$2:$J$611,MATCH($D8,레시피북!$C$2:$C$611,0),8),"") -> 0 | M8: *탕수육40g(중구청50g) ,소스25g | P8: *마카로니.콘샐러드 : 30g | S8: *통등심돈까스:50g / 소스 25g
C9: 반찬3 | D9: 배추김치 | E9: 25 | G9: =IFERROR(INDEX(레시피북!$C$2:$H$618,MATCH($D9,레시피북!$C$2:$C$618,0),6),"") -> 절임배추64.0%[배추(국산),무(국산),종가김치전용풀(쌀:국산)], 토마토페이스트(토마토:미국산)2.7%,[멸치액젓, 양파,다시마농축액,고춧가루,마늘,대파,새우액젓,김치유산균발효액,생강양념,호화쌀혼합분말]국산 | H9: =IFERROR(INDEX(레시피북!$D$2:$J$611,MATCH($D9,레시피북!$C$2:$C$611,0),6),"") -> .9.12. | I9: 2026-08-24 09:30~ | L9: =IFERROR(INDEX(레시피북!$C$2:$J$611,MATCH($D9,레시피북!$C$2:$C$611,0),8),"") -> 토마토김치(종가집) | M9: *건두부무침 : 25g / 35g | P9: *파르펠레냉파스타:30g | S9: *족발부추무침 : 45g, 55g
C10: 보존식 | G10: 글로벌리더스 : 매콤오이부추무침, 부대찌개 포도클럽 : 백김치 | J10: 1 | K10: 0.25
B11: 글로벌 리더스 . 석식 | C11: 밥 | D11: 친환경찰현미쌀밥 | E11: 150 | G11: =IFERROR(INDEX(레시피북!$C$2:$H$618,MATCH($D11,레시피북!$C$2:$C$618,0),6),"") -> 쌀(국산)90%, 현미(국산.친환경)5%, 정제수 | H11: =IFERROR(INDEX(레시피북!$D$2:$J$611,MATCH($D11,레시피북!$C$2:$C$611,0),6),"") -> 0 | I11: 2026-08-24 14:30~ | L11: =IFERROR(INDEX(레시피북!$C$2:$J$611,MATCH($D11,레시피북!$C$2:$C$611,0),8),"") -> 0 | M11: *영양찜닭:85g / 95g | P11: *소고기가지볶음 : 30g | S11: *춘장닭불고기 : 70g / 80g
C12: 국 | D12: 부대찌개 | E12: 160 | G12: =IFERROR(INDEX(레시피북!$C$2:$H$618,MATCH($D12,레시피북!$C$2:$C$618,0),6),"") -> 모둠햄{켄터키후랑크[닭고기(국산)20%,돼지고기(국산)],스모크햄[돼지고기(국산),닭고기(국산)]}18%, 카보트후랑크소세지(미국산)7%, 베이키드빈스[강낭콩(중국산),토마토페이스트(중국산)]2%, 배추김치[배추(국내산),고춧가루(국내산)]5%, 사골액기스,양파, 파, 마늘, 정제수, 고춧가루(국내산), 국간장, 소금, 후추 | H12: =IFERROR(INDEX(레시피북!$D$2:$J$611,MATCH($D12,레시피북!$C$2:$C$611,0),6),"") -> .2.5.6.10.15.16. | I12: 2026-08-24 14:30~ | L12: =IFERROR(INDEX(레시피북!$C$2:$J$611,MATCH($D12,레시피북!$C$2:$C$611,0),8),"") -> 사골엑기스(이츠웰), 모둠햄(대림선) | M12: *미트볼 : 개당10g | P12: *삼색소고기소보로 : 50g / 70g | S12: *훈제오리잡채 : 55g / 70g
C13: 메인 | D13: 목화솜탕수육 | E13: 55 | G13: =IFERROR(INDEX(레시피북!$C$2:$H$618,MATCH($D13,레시피북!$C$2:$C$618,0),6),"") -> {돼지고기(국산/등심), 전분가공품[소맥전분(밀:호주,프랑스,리투아니아 등), 탕수베이스(찰옥수수:미국산),찰옥수수전분,밀가루,난맥분],대두유[대두:아르헨티나,미국,브라질 등)], 정제수, 아쿠아민에프(영국산/해조100%)0.31%} | H13: =IFERROR(INDEX(레시피북!$D$2:$J$611,MATCH($D13,레시피북!$C$2:$C$611,0),6),"") -> .1.5.6.10. | I13: 2026-08-24 14:30~ | L13: =IFERROR(INDEX(레시피북!$C$2:$J$611,MATCH($D13,레시피북!$C$2:$C$611,0),8),"") -> 450g/900g/목화솜 등심탕수육(이츠웰.하늘푸드)
D14: & 탕수소스 | E14: 25 | G14: =IFERROR(INDEX(레시피북!$C$2:$H$618,MATCH($D14,레시피북!$C$2:$C$618,0),6),"") -> 후르츠칵테일(과채가공품:필리핀산)11%, 식초, 간장, 설탕, 전분, 정제수 | H14: =IFERROR(INDEX(레시피북!$D$2:$J$611,MATCH($D14,레시피북!$C$2:$C$611,0),6),"") -> .5. | I14: 2026-08-24 14:30~ | L14: =IFERROR(INDEX(레시피북!$C$2:$J$611,MATCH($D14,레시피북!$C$2:$C$611,0),8),"") -> 후르츠칵테일(리치스)
C15: 반찬1 | D15: 메추리알짜장볶이 | E15: 50 | G15: =IFERROR(INDEX(레시피북!$C$2:$H$618,MATCH($D15,레시피북!$C$2:$C$618,0),6),"") -> 메추리알(국산)65%, 어묵(연육:베트남산.중국산)15%, 짜장분말, 춘장, 대두유, 설탕, 정제수, 물엿 | H15: =IFERROR(INDEX(레시피북!$D$2:$J$611,MATCH($D15,레시피북!$C$2:$C$611,0),6),"") -> .1.5.6.10.15.16. | I15: 2026-08-24 14:30~ | L15: =IFERROR(INDEX(레시피북!$C$2:$J$611,MATCH($D15,레시피북!$C$2:$C$611,0),8),"") -> 0
C16: 반찬2 | D16: 매콤오이무침 | E16: 35 | G16: 오이(국산)87%, 부추(국산)3%, 파, 마늘, 고추가루, 소금, 설탕, 식초, 참깨 | H16: .5.21. | I16: 2026-08-24 14:30~ | L16: =IFERROR(INDEX(레시피북!$C$2:$J$611,MATCH($D16,레시피북!$C$2:$C$611,0),8),"")
C17: 반찬3 | D17: 배추김치 | E17: 35 | G17: =IFERROR(INDEX(레시피북!$C$2:$H$618,MATCH($D17,레시피북!$C$2:$C$618,0),6),"") -> 절임배추64.0%[배추(국산),무(국산),종가김치전용풀(쌀:국산)], 토마토페이스트(토마토:미국산)2.7%,[멸치액젓, 양파,다시마농축액,고춧가루,마늘,대파,새우액젓,김치유산균발효액,생강양념,호화쌀혼합분말]국산 | H17: =IFERROR(INDEX(레시피북!$D$2:$J$611,MATCH($D17,레시피북!$C$2:$C$611,0),6),"") -> .9.12. | I17: 2026-08-24 14:30~ | L17: =IFERROR(INDEX(레시피북!$C$2:$J$611,MATCH($D17,레시피북!$C$2:$C$611,0),8),"") -> 토마토김치(종가집)
C18: 신당꿈 특식 | D18: 차돌숙주볶음 | E18: 70 | G18: =IFERROR(INDEX(레시피북!$C$2:$H$618,MATCH($D18,레시피북!$C$2:$C$618,0),6),"") -> 차돌(소고기:미국산)35%, 숙주(녹두:외국산)40%, 양파, 대파, 마늘, 대두유, 소금, 굴소스, 간장, 맛술, 참기름, 참깨 | H18: =IFERROR(INDEX(레시피북!$D$2:$J$611,MATCH($D18,레시피북!$C$2:$C$611,0),6),"") -> .5.6.16.18.21. | I18: 2026-08-24 14:30~ | L18: =IFERROR(INDEX(레시피북!$C$2:$J$611,MATCH($D18,레시피북!$C$2:$C$611,0),8),"") -> 0
C19: 보존식 | J19: 1 | K19: 0.25
B20: 강서폴리 소풍 | C20: 밥 | G20: =IFERROR(INDEX(레시피북!$C$2:$H$618,MATCH($D20,레시피북!$C$2:$C$618,0),6),"") | H20: =IFERROR(INDEX(레시피북!$D$2:$J$611,MATCH($D20,레시피북!$C$2:$C$611,0),6),"") | I20: 2026-08-24 09:30~ | L20: =IFERROR(INDEX(레시피북!$C$2:$J$611,MATCH($D20,레시피북!$C$2:$C$611,0),8),"")
C21: 반찬1 | G21: =IFERROR(INDEX(레시피북!$C$2:$H$618,MATCH($D21,레시피북!$C$2:$C$618,0),6),"") | H21: =IFERROR(INDEX(레시피북!$D$2:$J$611,MATCH($D21,레시피북!$C$2:$C$611,0),6),"") | I21: 2026-08-24 09:30~ | L21: =IFERROR(INDEX(레시피북!$C$2:$J$611,MATCH($D21,레시피북!$C$2:$C$611,0),8),"")
G22: =IFERROR(INDEX(레시피북!$C$2:$H$618,MATCH($D22,레시피북!$C$2:$C$618,0),6),"") | H22: =IFERROR(INDEX(레시피북!$D$2:$J$611,MATCH($D22,레시피북!$C$2:$C$611,0),6),"") | I22: 2026-08-24 09:30~ | L22: =IFERROR(INDEX(레시피북!$C$2:$J$611,MATCH($D22,레시피북!$C$2:$C$611,0),8),"")
C23: 반찬2 | G23: =IFERROR(INDEX(레시피북!$C$2:$H$618,MATCH($D23,레시피북!$C$2:$C$618,0),6),"") | H23: =IFERROR(INDEX(레시피북!$D$2:$J$611,MATCH($D23,레시피북!$C$2:$C$611,0),6),"") | I23: 2026-08-24 09:30~ | L23: =IFERROR(INDEX(레시피북!$C$2:$J$611,MATCH($D23,레시피북!$C$2:$C$611,0),8),"")
C24: 반찬3 | G24: =IFERROR(INDEX(레시피북!$C$2:$H$618,MATCH($D24,레시피북!$C$2:$C$618,0),6),"") | H24: =IFERROR(INDEX(레시피북!$D$2:$J$611,MATCH($D24,레시피북!$C$2:$C$611,0),6),"") | I24: 2026-08-24 09:30~ | L24: =IFERROR(INDEX(레시피북!$C$2:$J$611,MATCH($D24,레시피북!$C$2:$C$611,0),8),"")
C25: 반찬4 | G25: =IFERROR(INDEX(레시피북!$C$2:$H$618,MATCH($D25,레시피북!$C$2:$C$618,0),6),"") | H25: =IFERROR(INDEX(레시피북!$D$2:$J$611,MATCH($D25,레시피북!$C$2:$C$611,0),6),"") | I25: 2026-08-24 09:30~ | L25: =IFERROR(INDEX(레시피북!$C$2:$J$611,MATCH($D25,레시피북!$C$2:$C$611,0),8),"")
C26: 보존식 | F26: 1 | J26: 1 | K26: 0.25

Sheet 08-25
B1: 2026-08-25(화) | M1: *한입해쉬브라운 : 9g(개당) | P1: *양송이떡갈비 : 1.5ea, 1.75, 2 | S1: *양배추당근라페 : 20g / 30g
B2: 출고일 | C2: 구분 | D2: 품명 | E2: 중량(g) | F2: 수량(장) | G2: 자재사용내역 | H2: 알러지 표기 | I2: 배송시점 | J2: 제공인원 | K2: 총생산량(Kg) | L2: 메 모 | M2: *샐러드 채소 : 15g, 20g ,25g | P2: *야채고기말이 : 1.1, 1.5, 1.5 | S2: *고구마튀김35g / 45g
B3: 중식 | C3: 밥 | D3: 친환경귀리쌀밥 | E3: 140 | G3: =IFERROR(INDEX(레시피북!$C$2:$H$618,MATCH($D3,레시피북!$C$2:$C$618,0),6),"") -> 쌀(국산)90%, 귀리(국산.친환경)5%, 정제수 | H3: =IFERROR(INDEX(레시피북!$D$2:$J$611,MATCH($D3,레시피북!$C$2:$C$611,0),6),"") -> 0 | I3: 2026-08-25 09:30~ | L3: =IFERROR(INDEX(레시피북!$C$2:$J$611,MATCH($D3,레시피북!$C$2:$C$611,0),8),"") -> 0 | M3: *웨지감자 : 25g / 30g | O3: *어묵채구이:12g / 15g | S3: 한입새우튀김 : 30g / 40g / 50g (소스15g)
C4: 국 | D4: 소고기무국 | E4: 150 | G4: =IFERROR(INDEX(레시피북!$C$2:$H$618,MATCH($D4,레시피북!$C$2:$C$618,0),6),"") -> 무(국산)18.3%, 소고기(호주산)10.7%, 양파, 대파, 마늘, 정제수, 소금, 멸치육수농축액, 국간장, 후추 | H4: =IFERROR(INDEX(레시피북!$D$2:$J$611,MATCH($D4,레시피북!$C$2:$C$611,0),6),"") -> .5.16. | I4: 2026-08-25 09:30~ | L4: =IFERROR(INDEX(레시피북!$C$2:$J$611,MATCH($D4,레시피북!$C$2:$C$611,0),8),"") -> 40g | M4: *꼬마돈까스: 25g, 중구청 35g | P4: *족발:45g / 55g | S4: *갈비만두 : 성분표기 인당1개 / 식수 인당1.5개
C5: 메인 | D5: 치즈닭갈비 | E5: 75 | G5: =IFERROR(INDEX(레시피북!$C$2:$H$618,MATCH($D5,레시피북!$C$2:$C$618,0),6),"") -> 닭정육(닭가슴살, 닭다리살:국산)54%, ,모짜렐라치즈(원유:외국산)5%, 모양떡(쌀:외국산), 양배추, 양파, 당근, 대파, 마늘, 생강가루, 간장, 후추, 참기름, 참깨 | H5: =IFERROR(INDEX(레시피북!$D$2:$J$611,MATCH($D5,레시피북!$C$2:$C$611,0),6),"") -> .2.5.6.15.21. | I5: 2026-08-25 09:30~ | L5: =IFERROR(INDEX(레시피북!$C$2:$J$611,MATCH($D5,레시피북!$C$2:$C$611,0),8),"") -> 0 | M5: *오징어볼탕수 : 35g / 45g/ 70g 소스 : 20g | S5: *생선통살탕수 : 40g / 50g / 교사 70g, 소스 25g 개당 12g
C6: 반찬1 | D6: 오믈렛 | F6: 1 | G6: =IFERROR(INDEX(레시피북!$C$2:$H$618,MATCH($D6,레시피북!$C$2:$C$618,0),6),"") -> 계란(국산)72%, 전분, 소금, 물엿, 대두유 | H6: =IFERROR(INDEX(레시피북!$D$2:$J$611,MATCH($D6,레시피북!$C$2:$C$611,0),6),"") -> .1.2.5.6.15.16.18. | I6: 2026-08-25 09:30~ | L6: =IFERROR(INDEX(레시피북!$C$2:$J$611,MATCH($D6,레시피북!$C$2:$C$611,0),8),"") -> 풍림푸드 | M6: *표고강정 : 30g(35g) | P6: *훈제오리 : 40g / 50g | S6: *해물전:1000680205(삼성웰스토리)
C7: 반찬2 | D7: 김자반 | E7: 8 | G7: =IFERROR(INDEX(레시피북!$C$2:$H$618,MATCH($D7,레시피북!$C$2:$C$618,0),6),"") -> 건파래김(국산)85.4%, 대두유, 들기름, 설탕, 맛소금, 참깨 | H7: =IFERROR(INDEX(레시피북!$D$2:$J$611,MATCH($D7,레시피북!$C$2:$C$611,0),6),"") -> .5.21.22. | I7: 2026-08-25 09:30~ | L7: =IFERROR(INDEX(레시피북!$C$2:$J$611,MATCH($D7,레시피북!$C$2:$C$611,0),8),"") -> 유아8g / 중구청10g | M7: *탕수육40g(중구청50g) ,소스25g | P7: *마카로니.콘샐러드 : 30g | S7: *통등심돈까스:50g / 소스 25g
C8: 반찬3 | D8: 깍두기 | E8: 25 | G8: =IFERROR(INDEX(레시피북!$C$2:$H$618,MATCH($D8,레시피북!$C$2:$C$618,0),6),"") -> 무(국산)85.2%, 고추가루(국산), 밀가루풀(국산), 파, 마늘, 새우젓 등 양념(국산) | H8: =IFERROR(INDEX(레시피북!$D$2:$J$611,MATCH($D8,레시피북!$C$2:$C$611,0),6),"") -> .6.9. | I8: 2026-08-25 09:30~ | L8: =IFERROR(INDEX(레시피북!$C$2:$J$611,MATCH($D8,레시피북!$C$2:$C$611,0),8),"") -> 0 | M8: *건두부무침 : 25g / 35g | P8: *파르펠레냉파스타:30g | S8: *족발부추무침 : 45g, 55g
C9: 보존식 | G9: 글로벌리더스 : 매콤치즈닭갈비 | J9: 1 | K9: 0.25
B10: 글로벌 리더스 . 석식 | C10: 밥 | D10: 친환경귀리쌀밥 | E10: 150 | G10: =IFERROR(INDEX(레시피북!$C$2:$H$618,MATCH($D10,레시피북!$C$2:$C$618,0),6),"") -> 쌀(국산)90%, 귀리(국산.친환경)5%, 정제수 | H10: =IFERROR(INDEX(레시피북!$D$2:$J$611,MATCH($D10,레시피북!$C$2:$C$611,0),6),"") -> 0 | I10: 2026-08-25 14:30~ | L10: =IFERROR(INDEX(레시피북!$C$2:$J$611,MATCH($D10,레시피북!$C$2:$C$611,0),8),"") -> 0 | M10: *영양찜닭:85g / 95g | P10: *소고기가지볶음 : 30g | S10: *춘장닭불고기 : 70g / 80g
C11: 국 | D11: 소고기무국 | E11: 160 | G11: =IFERROR(INDEX(레시피북!$C$2:$H$618,MATCH($D11,레시피북!$C$2:$C$618,0),6),"") -> 무(국산)18.3%, 소고기(호주산)10.7%, 양파, 대파, 마늘, 정제수, 소금, 멸치육수농축액, 국간장, 후추 | H11: =IFERROR(INDEX(레시피북!$D$2:$J$611,MATCH($D11,레시피북!$C$2:$C$611,0),6),"") -> .5.16. | I11: 2026-08-25 14:30~ | L11: =IFERROR(INDEX(레시피북!$C$2:$J$611,MATCH($D11,레시피북!$C$2:$C$611,0),8),"") -> 40g | M11: *미트볼 : 개당10g | P11: *삼색소고기소보로 : 50g / 70g | S11: *훈제오리잡채 : 55g / 70g
C12: 메인 | D12: 매콤치즈닭갈비 | E12: 90 | G12: 닭정육(닭가슴살, 닭다리살:국산)54%, ,모짜렐라치즈(원유:외국산)5%, 모양떡(쌀:외국산), 양배추, 양파, 당근, 대파, 마늘, 고춧가루(국내산), 생강가루, 간장, 후추, 참기름, 참깨 | H12: .2.5.6.15.21. | I12: 2026-08-25 14:30~ | L12: =IFERROR(INDEX(레시피북!$C$2:$J$611,MATCH($D12,레시피북!$C$2:$C$611,0),8),"")
C13: 반찬1 | D13: 오믈렛 | F13: 2 | G13: =IFERROR(INDEX(레시피북!$C$2:$H$618,MATCH($D13,레시피북!$C$2:$C$618,0),6),"") -> 계란(국산)72%, 전분, 소금, 물엿, 대두유 | H13: =IFERROR(INDEX(레시피북!$D$2:$J$611,MATCH($D13,레시피북!$C$2:$C$611,0),6),"") -> .1.2.5.6.15.16.18. | I13: 2026-08-25 14:30~ | L13: =IFERROR(INDEX(레시피북!$C$2:$J$611,MATCH($D13,레시피북!$C$2:$C$611,0),8),"") -> 풍림푸드
C14: 반찬2 | D14: 김자반 | E14: 10 | G14: =IFERROR(INDEX(레시피북!$C$2:$H$618,MATCH($D14,레시피북!$C$2:$C$618,0),6),"") -> 건파래김(국산)85.4%, 대두유, 들기름, 설탕, 맛소금, 참깨 | H14: =IFERROR(INDEX(레시피북!$D$2:$J$611,MATCH($D14,레시피북!$C$2:$C$611,0),6),"") -> .5.21.22. | I14: 2026-08-25 14:30~ | L14: =IFERROR(INDEX(레시피북!$C$2:$J$611,MATCH($D14,레시피북!$C$2:$C$611,0),8),"") -> 유아8g / 중구청10g
C15: 반찬3 | D15: 깍두기 | E15: 35 | G15: =IFERROR(INDEX(레시피북!$C$2:$H$618,MATCH($D15,레시피북!$C$2:$C$618,0),6),"") -> 무(국산)85.2%, 고추가루(국산), 밀가루풀(국산), 파, 마늘, 새우젓 등 양념(국산) | H15: =IFERROR(INDEX(레시피북!$D$2:$J$611,MATCH($D15,레시피북!$C$2:$C$611,0),6),"") -> .6.9. | I15: 2026-08-25 14:30~ | L15: =IFERROR(INDEX(레시피북!$C$2:$J$611,MATCH($D15,레시피북!$C$2:$C$611,0),8),"") -> 0
C16: 신당꿈 특식 | D16: 과일 | G16: =IFERROR(INDEX(레시피북!$C$2:$H$618,MATCH($D16,레시피북!$C$2:$C$618,0),6),"") | H16: =IFERROR(INDEX(레시피북!$D$2:$J$611,MATCH($D16,레시피북!$C$2:$C$611,0),6),"") | I16: 2026-08-25 14:30~ | L16: =IFERROR(INDEX(레시피북!$C$2:$J$611,MATCH($D16,레시피북!$C$2:$C$611,0),8),"")
C17: 보존식 | J17: 1 | K17: 0.25
B18: 강서폴리 소풍 | C18: 밥 | G18: =IFERROR(INDEX(레시피북!$C$2:$H$618,MATCH($D18,레시피북!$C$2:$C$618,0),6),"") | H18: =IFERROR(INDEX(레시피북!$D$2:$J$611,MATCH($D18,레시피북!$C$2:$C$611,0),6),"") | I18: 2026-08-25 09:30~ | L18: =IFERROR(INDEX(레시피북!$C$2:$J$611,MATCH($D18,레시피북!$C$2:$C$611,0),8),"")
C19: 반찬1 | G19: =IFERROR(INDEX(레시피북!$C$2:$H$618,MATCH($D19,레시피북!$C$2:$C$618,0),6),"") | H19: =IFERROR(INDEX(레시피북!$D$2:$J$611,MATCH($D19,레시피북!$C$2:$C$611,0),6),"") | I19: 2026-08-25 09:30~ | L19: =IFERROR(INDEX(레시피북!$C$2:$J$611,MATCH($D19,레시피북!$C$2:$C$611,0),8),"")
G20: =IFERROR(INDEX(레시피북!$C$2:$H$618,MATCH($D20,레시피북!$C$2:$C$618,0),6),"") | H20: =IFERROR(INDEX(레시피북!$D$2:$J$611,MATCH($D20,레시피북!$C$2:$C$611,0),6),"") | I20: 2026-08-25 09:30~ | L20: =IFERROR(INDEX(레시피북!$C$2:$J$611,MATCH($D20,레시피북!$C$2:$C$611,0),8),"")
C21: 반찬2 | G21: =IFERROR(INDEX(레시피북!$C$2:$H$618,MATCH($D21,레시피북!$C$2:$C$618,0),6),"") | H21: =IFERROR(INDEX(레시피북!$D$2:$J$611,MATCH($D21,레시피북!$C$2:$C$611,0),6),"") | I21: 2026-08-25 09:30~ | L21: =IFERROR(INDEX(레시피북!$C$2:$J$611,MATCH($D21,레시피북!$C$2:$C$611,0),8),"")
C22: 반찬3 | G22: =IFERROR(INDEX(레시피북!$C$2:$H$618,MATCH($D22,레시피북!$C$2:$C$618,0),6),"") | H22: =IFERROR(INDEX(레시피북!$D$2:$J$611,MATCH($D22,레시피북!$C$2:$C$611,0),6),"") | I22: 2026-08-25 09:30~ | L22: =IFERROR(INDEX(레시피북!$C$2:$J$611,MATCH($D22,레시피북!$C$2:$C$611,0),8),"")
C23: 반찬4 | G23: =IFERROR(INDEX(레시피북!$C$2:$H$618,MATCH($D23,레시피북!$C$2:$C$618,0),6),"") | H23: =IFERROR(INDEX(레시피북!$D$2:$J$611,MATCH($D23,레시피북!$C$2:$C$611,0),6),"") | I23: 2026-08-25 09:30~ | L23: =IFERROR(INDEX(레시피북!$C$2:$J$611,MATCH($D23,레시피북!$C$2:$C$611,0),8),"")
C24: 보존식 | F24: 1 | J24: 1 | K24: 0.25

Sheet 08-26
B1: 2026-08-26(수) | M1: *한입해쉬브라운 : 9g(개당) | P1: *양송이떡갈비 : 1.5ea, 1.75, 2 | S1: *양배추당근라페 : 20g / 30g
B2: 출고일 | C2: 구분 | D2: 품명 | E2: 중량(g) | F2: 수량(장) | G2: 자재사용내역 | H2: 알러지 표기 | I2: 배송시점 | J2: 제공인원 | K2: 총생산량(Kg) | L2: 메 모 | M2: *샐러드 채소 : 15g, 20g ,25g | P2: *야채고기말이 : 1.1, 1.5, 1.5 | S2: *고구마튀김35g / 45g
B3: 중식 | C3: 밥 | D3: 친환경찰흑미쌀밥 | G3: =IFERROR(INDEX(레시피북!$C$2:$H$618,MATCH($D3,레시피북!$C$2:$C$618,0),6),"") -> 쌀(국산)90%, 찰흑미(국산.친환경)5%, 정제수 | H3: =IFERROR(INDEX(레시피북!$D$2:$J$611,MATCH($D3,레시피북!$C$2:$C$611,0),6),"") -> 0 | I3: 2026-08-26 09:30~ | L3: =IFERROR(INDEX(레시피북!$C$2:$J$611,MATCH($D3,레시피북!$C$2:$C$611,0),8),"") -> 0 | M3: *웨지감자 : 25g / 30g | O3: *어묵채구이:12g / 15g | S3: 한입새우튀김 : 30g / 40g / 50g (소스15g)
C4: 국 | D4: 게살계란탕 | G4: =IFERROR(INDEX(레시피북!$C$2:$H$618,MATCH($D4,레시피북!$C$2:$C$618,0),6),"") -> 계란(국산)18.7%, 게살(국산)3.5%, 팽이버섯, 파, 마늘, 멸치육수농축액, 정제수, 녹말가루, 소금, 참기름 | H4: =IFERROR(INDEX(레시피북!$D$2:$J$611,MATCH($D4,레시피북!$C$2:$C$611,0),6),"") -> .1.2.5.8.21. | I4: 2026-08-26 09:30~ | L4: =IFERROR(INDEX(레시피북!$C$2:$J$611,MATCH($D4,레시피북!$C$2:$C$611,0),8),"") -> 0 | M4: *꼬마돈까스: 25g, 중구청 35g | P4: *족발:45g / 55g | S4: *갈비만두 : 성분표기 인당1개 / 식수 인당1.5개
C5: 메인 | D5: 폭찹스테이크 | G5: =IFERROR(INDEX(레시피북!$C$2:$H$618,MATCH($D5,레시피북!$C$2:$C$618,0),6),"") -> 돼지고기(미국산)83%, 피망(국산)2%, 파프리카(국산)3%, 양파(국산)2%, 당근, 스테이크소스, 후추, 참기름 | H5: =IFERROR(INDEX(레시피북!$D$2:$J$611,MATCH($D5,레시피북!$C$2:$C$611,0),6),"") -> .5.10.12.13.21. | I5: 2026-08-26 09:30~ | L5: =IFERROR(INDEX(레시피북!$C$2:$J$611,MATCH($D5,레시피북!$C$2:$C$611,0),8),"") -> 스테이크소스(오뚜기) | M5: *오징어볼탕수 : 35g / 45g/ 70g 소스 : 20g | S5: *생선통살탕수 : 40g / 50g / 교사 70g, 소스 25g 개당 12g
C6: 반찬1 | D6: 크랜베리멸치볶음 | G6: =IFERROR(INDEX(레시피북!$C$2:$H$618,MATCH($D6,레시피북!$C$2:$C$618,0),6),"") -> 멸치(국산)75%, 건크랜베리(크랜배리62%:미국산)5%, 대두유, 간장, 물엿, 참기름, 참깨 | H6: =IFERROR(INDEX(레시피북!$D$2:$J$611,MATCH($D6,레시피북!$C$2:$C$611,0),6),"") -> .5.21. | I6: 2026-08-26 09:30~ | L6: =IFERROR(INDEX(레시피북!$C$2:$J$611,MATCH($D6,레시피북!$C$2:$C$611,0),8),"") -> 0 | M6: *표고강정 : 30g(35g) | P6: *훈제오리 : 40g / 50g | S6: *해물전:1000680205(삼성웰스토리)
C7: 반찬2 | D7: 코울슬로 | G7: =IFERROR(INDEX(레시피북!$C$2:$H$618,MATCH($D7,레시피북!$C$2:$C$618,0),6),"") -> 스위트콘[옥수수62.71%(원산지:태국)]50%, 양배추(국산)30%, 파프리카, 당근, 적채, 마요네즈, 식초, 설탕, 소금 | H7: =IFERROR(INDEX(레시피북!$D$2:$J$611,MATCH($D7,레시피북!$C$2:$C$611,0),6),"") -> .1.5.16. | I7: 2026-08-26 09:30~ | L7: =IFERROR(INDEX(레시피북!$C$2:$J$611,MATCH($D7,레시피북!$C$2:$C$611,0),8),"") -> 마요네즈(오뚜기) | M7: *탕수육40g(중구청50g) ,소스25g | P7: *마카로니.콘샐러드 : 30g | S7: *통등심돈까스:50g / 소스 25g
C8: 반찬3 | D8: 백김치 | G8: =IFERROR(INDEX(레시피북!$C$2:$H$618,MATCH($D8,레시피북!$C$2:$C$618,0),6),"") -> 배추(국내산)70&, 무(국내산)10%, 마늘, 생강, 양파, 설탕, 정제수, 소금 | H8: =IFERROR(INDEX(레시피북!$D$2:$J$611,MATCH($D8,레시피북!$C$2:$C$611,0),6),"") -> 0 | I8: 2026-08-26 09:30~ | L8: =IFERROR(INDEX(레시피북!$C$2:$J$611,MATCH($D8,레시피북!$C$2:$C$611,0),8),"") -> 백김치(정우식품) | M8: *건두부무침 : 25g / 35g | P8: *파르펠레냉파스타:30g | S8: *족발부추무침 : 45g, 55g
C9: 보존식 | G9: 글로벌리더스 : 양념멸치볶음, 열무김치 | J9: 1 | K9: 0.25
B10: 글로벌 리더스 . 석식 | C10: 밥 | D10: 친환경찰흑미쌀밥 | G10: =IFERROR(INDEX(레시피북!$C$2:$H$618,MATCH($D10,레시피북!$C$2:$C$618,0),6),"") -> 쌀(국산)90%, 찰흑미(국산.친환경)5%, 정제수 | H10: =IFERROR(INDEX(레시피북!$D$2:$J$611,MATCH($D10,레시피북!$C$2:$C$611,0),6),"") -> 0 | I10: 2026-08-26 14:30~ | L10: =IFERROR(INDEX(레시피북!$C$2:$J$611,MATCH($D10,레시피북!$C$2:$C$611,0),8),"") -> 0 | M10: *영양찜닭:85g / 95g | P10: *소고기가지볶음 : 30g | S10: *춘장닭불고기 : 70g / 80g
C11: 국 | D11: 게살계란탕 | G11: =IFERROR(INDEX(레시피북!$C$2:$H$618,MATCH($D11,레시피북!$C$2:$C$618,0),6),"") -> 계란(국산)18.7%, 게살(국산)3.5%, 팽이버섯, 파, 마늘, 멸치육수농축액, 정제수, 녹말가루, 소금, 참기름 | H11: =IFERROR(INDEX(레시피북!$D$2:$J$611,MATCH($D11,레시피북!$C$2:$C$611,0),6),"") -> .1.2.5.8.21. | I11: 2026-08-26 14:30~ | L11: =IFERROR(INDEX(레시피북!$C$2:$J$611,MATCH($D11,레시피북!$C$2:$C$611,0),8),"") -> 0 | M11: *미트볼 : 개당10g | P11: *삼색소고기소보로 : 50g / 70g | S11: *훈제오리잡채 : 55g / 70g
C12: 메인 | D12: 폭찹스테이크 | G12: =IFERROR(INDEX(레시피북!$C$2:$H$618,MATCH($D12,레시피북!$C$2:$C$618,0),6),"") -> 돼지고기(미국산)83%, 피망(국산)2%, 파프리카(국산)3%, 양파(국산)2%, 당근, 스테이크소스, 후추, 참기름 | H12: =IFERROR(INDEX(레시피북!$D$2:$J$611,MATCH($D12,레시피북!$C$2:$C$611,0),6),"") -> .5.10.12.13.21. | I12: 2026-08-26 14:30~ | L12: =IFERROR(INDEX(레시피북!$C$2:$J$611,MATCH($D12,레시피북!$C$2:$C$611,0),8),"") -> 스테이크소스(오뚜기)
C13: 반찬1 | D13: 양념멸치볶음 | G13: =IFERROR(INDEX(레시피북!$C$2:$H$618,MATCH($D13,레시피북!$C$2:$C$618,0),6),"") -> 멸치(국산)76%, 대두유, 고추장, 간장, 설탕, 물엿, 참기름, 참깨 | H13: =IFERROR(INDEX(레시피북!$D$2:$J$611,MATCH($D13,레시피북!$C$2:$C$611,0),6),"") -> .5.6.21. | I13: 2026-08-26 14:30~ | L13: =IFERROR(INDEX(레시피북!$C$2:$J$611,MATCH($D13,레시피북!$C$2:$C$611,0),8),"") -> 0
C14: 반찬2 | D14: 코울슬로 | G14: =IFERROR(INDEX(레시피북!$C$2:$H$618,MATCH($D14,레시피북!$C$2:$C$618,0),6),"") -> 스위트콘[옥수수62.71%(원산지:태국)]50%, 양배추(국산)30%, 파프리카, 당근, 적채, 마요네즈, 식초, 설탕, 소금 | H14: =IFERROR(INDEX(레시피북!$D$2:$J$611,MATCH($D14,레시피북!$C$2:$C$611,0),6),"") -> .1.5.16. | I14: 2026-08-26 14:30~ | L14: =IFERROR(INDEX(레시피북!$C$2:$J$611,MATCH($D14,레시피북!$C$2:$C$611,0),8),"") -> 마요네즈(오뚜기)
C15: 반찬3 | D15: 열무김치 | G15: =IFERROR(INDEX(레시피북!$C$2:$H$618,MATCH($D15,레시피북!$C$2:$C$618,0),6),"") -> 절임열무51%(열무,식염, 고춧가루, 양파, 대파, 전용풀. 마늘, 다시마농축액.새우액젓.생강:국산) | H15: =IFERROR(INDEX(레시피북!$D$2:$J$611,MATCH($D15,레시피북!$C$2:$C$611,0),6),"") -> .9. | I15: 2026-08-26 14:30~ | L15: =IFERROR(INDEX(레시피북!$C$2:$J$611,MATCH($D15,레시피북!$C$2:$C$611,0),8),"") -> 열무김치(종가김치)
C16: 신당꿈 특식 | D16: 쉬림프콥샐러드 | G16: =IFERROR(INDEX(레시피북!$C$2:$H$618,MATCH($D16,레시피북!$C$2:$C$618,0),6),"") -> [새우살(베트남산), 메추리알(국내산), 보코치니치즈(모짜렐라치즈:미국산), 방울토마토(국내산), 스위트콘(태국산), 오이(국산]75%, 렌치드레싱[대두유(대두:외국산), 가공유크림(독일산), 난황액(계란:국산) 등] | H16: =IFERROR(INDEX(레시피북!$D$2:$J$611,MATCH($D16,레시피북!$C$2:$C$611,0),6),"") -> .1.2.5.9.12. | I16: 2026-08-26 14:30~ | L16: =IFERROR(INDEX(레시피북!$C$2:$J$611,MATCH($D16,레시피북!$C$2:$C$611,0),8),"") -> 렌치드레싱(이츠웰)
C17: 보존식 | J17: 1 | K17: 0.25
B18: 강서폴리 소풍 | C18: 밥 | G18: =IFERROR(INDEX(레시피북!$C$2:$H$618,MATCH($D18,레시피북!$C$2:$C$618,0),6),"") | H18: =IFERROR(INDEX(레시피북!$D$2:$J$611,MATCH($D18,레시피북!$C$2:$C$611,0),6),"") | I18: 2026-08-26 09:30~ | L18: =IFERROR(INDEX(레시피북!$C$2:$J$611,MATCH($D18,레시피북!$C$2:$C$611,0),8),"")
C19: 반찬1 | G19: =IFERROR(INDEX(레시피북!$C$2:$H$618,MATCH($D19,레시피북!$C$2:$C$618,0),6),"") | H19: =IFERROR(INDEX(레시피북!$D$2:$J$611,MATCH($D19,레시피북!$C$2:$C$611,0),6),"") | I19: 2026-08-26 09:30~ | L19: =IFERROR(INDEX(레시피북!$C$2:$J$611,MATCH($D19,레시피북!$C$2:$C$611,0),8),"")
G20: =IFERROR(INDEX(레시피북!$C$2:$H$618,MATCH($D20,레시피북!$C$2:$C$618,0),6),"") | H20: =IFERROR(INDEX(레시피북!$D$2:$J$611,MATCH($D20,레시피북!$C$2:$C$611,0),6),"") | I20: 2026-08-26 09:30~ | L20: =IFERROR(INDEX(레시피북!$C$2:$J$611,MATCH($D20,레시피북!$C$2:$C$611,0),8),"")
C21: 반찬2 | G21: =IFERROR(INDEX(레시피북!$C$2:$H$618,MATCH($D21,레시피북!$C$2:$C$618,0),6),"") | H21: =IFERROR(INDEX(레시피북!$D$2:$J$611,MATCH($D21,레시피북!$C$2:$C$611,0),6),"") | I21: 2026-08-26 09:30~ | L21: =IFERROR(INDEX(레시피북!$C$2:$J$611,MATCH($D21,레시피북!$C$2:$C$611,0),8),"")
C22: 반찬3 | G22: =IFERROR(INDEX(레시피북!$C$2:$H$618,MATCH($D22,레시피북!$C$2:$C$618,0),6),"") | H22: =IFERROR(INDEX(레시피북!$D$2:$J$611,MATCH($D22,레시피북!$C$2:$C$611,0),6),"") | I22: 2026-08-26 09:30~ | L22: =IFERROR(INDEX(레시피북!$C$2:$J$611,MATCH($D22,레시피북!$C$2:$C$611,0),8),"")
C23: 반찬4 | G23: =IFERROR(INDEX(레시피북!$C$2:$H$618,MATCH($D23,레시피북!$C$2:$C$618,0),6),"") | H23: =IFERROR(INDEX(레시피북!$D$2:$J$611,MATCH($D23,레시피북!$C$2:$C$611,0),6),"") | I23: 2026-08-26 09:30~ | L23: =IFERROR(INDEX(레시피북!$C$2:$J$611,MATCH($D23,레시피북!$C$2:$C$611,0),8),"")
C24: 보존식 | F24: 1 | J24: 1 | K24: 0.25

Sheet 08-27
B1: 2026-08-27(목) | M1: *한입해쉬브라운 : 9g(개당) | P1: *양송이떡갈비 : 1.5ea, 1.75, 2 | S1: *양배추당근라페 : 20g / 30g
B2: 출고일 | C2: 구분 | D2: 품명 | E2: 중량(g) | F2: 수량(장) | G2: 자재사용내역 | H2: 알러지 표기 | I2: 배송시점 | J2: 제공인원 | K2: 총생산량(Kg) | L2: 메 모 | M2: *샐러드 채소 : 15g, 20g ,25g | P2: *야채고기말이 : 1.1, 1.5, 1.5 | S2: *고구마튀김35g / 45g
B3: 중식 | C3: 밥 | D3: 흰쌀밥 | E3: 140 | G3: =IFERROR(INDEX(레시피북!$C$2:$H$618,MATCH($D3,레시피북!$C$2:$C$618,0),6),"") -> 쌀(국산)95%, 정제수 | H3: =IFERROR(INDEX(레시피북!$D$2:$J$611,MATCH($D3,레시피북!$C$2:$C$611,0),6),"") -> 0 | I3: 2026-08-27 09:30~ | L3: =IFERROR(INDEX(레시피북!$C$2:$J$611,MATCH($D3,레시피북!$C$2:$C$611,0),8),"") -> 0 | M3: *웨지감자 : 25g / 30g | O3: *어묵채구이:12g / 15g | S3: 한입새우튀김 : 30g / 40g / 50g (소스15g)
